index,가게명,가성비가 좋아요,건강한 맛이에요,고기 질이 좋아요,기본 안주가 좋아요,단체모임 하기 좋아요,대화하기 좋아요,디저트가 맛있어요,룸이 잘 되어있어요,매장이 넓어요,매장이 청결해요,메뉴 구성이 알차요,반려동물과 가기 좋아요,반찬이 잘 나와요,뷰가 좋아요,비싼 만큼 가치있어요,빵이 맛있어요,사진이 잘 나와요,샐러드바가 잘 되어있어요,선물하기 좋아요,술이 다양해요,아늑해요,아이와 가기 좋아요,야외공간이 멋져요,양이 많아요,오래 머무르기 좋아요,음료가 맛있어요,음식이 맛있어요,음식이 빨리 나와요,음식종류,음악이 좋아요,인테리어가 멋져요,잡내가 적어요,재료가 신선해요,종류가 다양해요,좌석이 편해요,주문제작을 잘해줘요,주차하기 편해요,직접 잘 구워줘요,집중하기 좋아요,차가 맛있어요,차분한 분위기에요,친절해요,커피가 맛있어요,컨셉이 독특해요,코스요리가 알차요,태그 총합,특별한 날 가기 좋아요,특별한 메뉴가 있어요,포장이 깔끔해요,향신료가 강하지 않아요,현지 맛에 가까워요,혼밥하기 좋아요,혼술하기 좋아요,화장실이 깨끗해요,환기가 잘 돼요
0,육쌈냉면 숙대점,165.0,0.0,0.0,0.0,6.0,0.0,0.0,1.0,29.0,17.0,3.0,1.0,0.0,2.0,0.0,0.0,0.0,0.0,,0.0,2.0,1.0,0.0,64.0,1.0,1.0,419.0,2.0,냉면,0.0,9.0,1.0,44.0,,0.0,,2.0,0.0,0.0,,0.0,64.0,0.0,0.0,0.0,2000.0,6.0,32.0,0.0,0.0,0.0,125.0,0.0,2.0,1.0
1,장재근초밥,24.0,1.0,0.0,0.0,8.0,1.0,0.0,2.0,3.0,26.0,2.0,0.0,1.0,0.0,2.0,0.0,0.0,0.0,,0.0,0.0,0.0,0.0,13.0,0.0,0.0,96.0,0.0,"초밥,롤",0.0,2.0,0.0,56.0,,0.0,,3.0,0.0,0.0,,3.0,40.0,0.0,0.0,2.0,674.0,10.0,21.0,0.0,0.0,0.0,16.0,0.0,4.0,0.0
2,면식당 숙명여대점,126.0,5.0,2.0,0.0,9.0,11.0,0.0,0.0,157.0,131.0,48.0,0.0,7.0,1.0,1.0,0.0,3.0,2.0,,0.0,11.0,2.0,0.0,151.0,1.0,0.0,373.0,14.0,일식당,5.0,96.0,3.0,153.0,,4.0,,0.0,0.0,0.0,,9.0,128.0,0.0,0.0,0.0,3450.0,0.0,68.0,0.0,1.0,2.0,188.0,1.0,10.0,0.0
3,포라임 숙대본점,307.0,21.0,0.0,0.0,23.0,0.0,0.0,1.0,128.0,178.0,85.0,0.0,0.0,16.0,0.0,0.0,0.0,0.0,,0.0,33.0,4.0,1.0,276.0,1.0,0.0,869.0,23.0,베트남음식,0.0,76.0,0.0,327.0,,7.0,,2.0,0.0,0.0,,10.0,328.0,0.0,0.0,0.0,6552.0,3.0,36.0,0.0,22.0,67.0,419.0,0.0,10.0,0.0
4,베스트프렌드,21.0,0.0,0.0,0.0,3.0,1.0,0.0,1.0,8.0,6.0,0.0,0.0,0.0,2.0,0.0,0.0,0.0,0.0,,0.0,3.0,0.0,0.0,12.0,0.0,0.0,91.0,0.0,종합분식,0.0,38.0,0.0,10.0,,0.0,,1.0,0.0,0.0,,0.0,35.0,0.0,2.0,0.0,514.0,3.0,14.0,0.0,0.0,0.0,1.0,0.0,1.0,0.0
5,달볶이,179.0,0.0,0.0,0.0,1.0,0.0,0.0,0.0,1.0,16.0,6.0,0.0,0.0,4.0,0.0,0.0,0.0,0.0,,0.0,5.0,0.0,0.0,121.0,0.0,0.0,330.0,10.0,달볶이,1.0,4.0,0.0,35.0,,0.0,,1.0,0.0,0.0,,0.0,119.0,0.0,0.0,0.0,1986.0,3.0,22.0,1.0,0.0,0.0,128.0,0.0,1.0,0.0
6,포36거리 숙대점,103.0,0.0,0.0,0.0,3.0,0.0,0.0,0.0,4.0,24.0,3.0,0.0,0.0,7.0,0.0,0.0,0.0,0.0,,0.0,0.0,0.0,0.0,89.0,0.0,0.0,254.0,0.0,베트남음식,0.0,4.0,0.0,57.0,,1.0,,0.0,0.0,0.0,,0.0,142.0,0.0,0.0,0.0,1610.0,1.0,35.0,0.0,2.0,2.0,65.0,0.0,3.0,0.0
7,사이공마켓 숙대점,38.0,0.0,0.0,0.0,1.0,0.0,0.0,0.0,3.0,5.0,0.0,0.0,0.0,1.0,0.0,0.0,0.0,0.0,,0.0,4.0,0.0,0.0,29.0,0.0,0.0,130.0,1.0,베트남음식,0.0,26.0,0.0,25.0,,0.0,,0.0,0.0,0.0,,2.0,47.0,0.0,5.0,0.0,762.0,2.0,13.0,0.0,0.0,9.0,31.0,0.0,2.0,0.0
8,빨봉분식 숙명여대점,90.0,0.0,0.0,0.0,4.0,1.0,0.0,0.0,25.0,47.0,1.0,0.0,1.0,2.0,0.0,0.0,0.0,1.0,,0.0,0.0,0.0,0.0,79.0,0.0,0.0,206.0,0.0,분식,0.0,7.0,0.0,31.0,,0.0,,0.0,0.0,0.0,,0.0,99.0,0.0,0.0,0.0,1400.0,2.0,28.0,0.0,0.0,0.0,65.0,0.0,3.0,0.0
9,아리랑노점 숙대점,139.0,7.0,0.0,0.0,1.0,0.0,0.0,0.0,1.0,14.0,0.0,0.0,0.0,1.0,0.0,0.0,0.0,0.0,,0.0,0.0,0.0,0.0,61.0,0.0,0.0,165.0,2.0,"도시락,컵밥",0.0,1.0,0.0,40.0,,0.0,,0.0,0.0,0.0,,0.0,87.0,0.0,0.0,0.0,1348.0,2.0,26.0,0.0,0.0,0.0,116.0,0.0,2.0,0.0
10,버스컵떡볶이,40.0,0.0,0.0,0.0,1.0,1.0,0.0,0.0,6.0,11.0,2.0,0.0,0.0,2.0,0.0,0.0,0.0,0.0,,0.0,1.0,0.0,0.0,9.0,0.0,0.0,93.0,1.0,떡볶이,0.0,4.0,0.0,13.0,,0.0,,0.0,0.0,0.0,,0.0,28.0,0.0,0.0,0.0,586.0,0.0,22.0,0.0,0.0,0.0,49.0,0.0,0.0,0.0
15,샐러디 숙명여대점,61.0,56.0,0.0,0.0,0.0,0.0,0.0,0.0,1.0,29.0,8.0,0.0,0.0,0.0,0.0,0.0,0.0,0.0,,0.0,5.0,0.0,0.0,22.0,0.0,0.0,171.0,2.0,"다이어트,샐러드",0.0,5.0,0.0,136.0,,0.0,,0.0,0.0,0.0,,1.0,27.0,0.0,0.0,0.0,1284.0,0.0,28.0,0.0,0.0,0.0,75.0,0.0,0.0,0.0
16,네코노스시,241.0,4.0,0.0,0.0,9.0,5.0,0.0,0.0,12.0,49.0,55.0,0.0,3.0,4.0,0.0,0.0,2.0,0.0,,1.0,30.0,0.0,0.0,194.0,0.0,1.0,369.0,1.0,"초밥,롤",0.0,121.0,0.0,177.0,,1.0,,1.0,0.0,0.0,,2.0,132.0,0.0,19.0,1.0,3420.0,11.0,88.0,0.0,0.0,0.0,159.0,0.0,2.0,0.0
17,마포구이마당 숙대직영점,65.0,0.0,23.0,0.0,25.0,0.0,0.0,0.0,38.0,13.0,0.0,0.0,2.0,0.0,0.0,0.0,0.0,0.0,,0.0,0.0,0.0,0.0,44.0,0.0,0.0,145.0,0.0,돼지고기구이,0.0,2.0,0.0,14.0,,0.0,,3.0,8.0,0.0,,0.0,61.0,0.0,0.0,0.0,1008.0,2.0,14.0,0.0,0.0,0.0,25.0,0.0,3.0,0.0
18,정,117.0,3.0,1.0,0.0,51.0,4.0,1.0,0.0,49.0,49.0,4.0,0.0,0.0,3.0,1.0,0.0,0.0,0.0,,0.0,2.0,1.0,0.0,98.0,0.0,1.0,640.0,13.0,중식당,0.0,13.0,1.0,123.0,,0.0,,3.0,0.0,0.0,,3.0,186.0,1.0,1.0,0.0,3404.0,23.0,217.0,0.0,0.0,0.0,68.0,0.0,7.0,0.0
19,지지고 숙명여대점,296.0,0.0,0.0,0.0,2.0,0.0,0.0,0.0,1.0,14.0,4.0,0.0,0.0,1.0,0.0,0.0,0.0,0.0,,0.0,1.0,0.0,0.0,202.0,0.0,0.0,403.0,7.0,"도시락,컵밥",0.0,1.0,0.0,84.0,,0.0,,2.0,1.0,0.0,,0.0,74.0,0.0,0.0,0.0,2748.0,2.0,64.0,3.0,0.0,0.0,193.0,0.0,0.0,0.0
20,이삭토스트 숙명여대점,162.0,4.0,0.0,0.0,1.0,0.0,0.0,0.0,0.0,32.0,7.0,0.0,0.0,2.0,0.0,0.0,0.0,0.0,,0.0,0.0,0.0,0.0,26.0,0.0,0.0,320.0,87.0,토스트,0.0,1.0,0.0,84.0,,0.0,,0.0,0.0,0.0,,0.0,175.0,0.0,0.0,0.0,2018.0,0.0,36.0,0.0,0.0,0.0,51.0,0.0,1.0,0.0
21,리또리또 숙대점,232.0,4.0,0.0,0.0,2.0,0.0,0.0,0.0,3.0,13.0,3.0,0.0,0.0,19.0,0.0,0.0,1.0,0.0,,0.0,0.0,0.0,0.0,192.0,0.0,0.0,443.0,5.0,"멕시코,남미음식",0.0,4.0,0.0,69.0,,0.0,,1.0,0.0,0.0,,0.0,158.0,0.0,0.0,0.0,2896.0,5.0,77.0,0.0,1.0,0.0,194.0,0.0,1.0,0.0
23,미스터카츠 숙대입구점,201.0,2.0,5.0,0.0,11.0,7.0,0.0,0.0,26.0,114.0,21.0,1.0,2.0,51.0,1.0,0.0,0.0,0.0,,0.0,24.0,1.0,1.0,240.0,1.0,0.0,638.0,7.0,돈가스,3.0,46.0,4.0,172.0,,1.0,,1.0,0.0,0.0,,10.0,214.0,0.0,0.0,0.0,4420.0,2.0,67.0,0.0,0.0,0.0,300.0,0.0,8.0,5.0
24,하마,20.0,1.0,0.0,0.0,2.0,0.0,0.0,0.0,10.0,4.0,2.0,0.0,29.0,1.0,0.0,0.0,0.0,0.0,,0.0,0.0,0.0,0.0,16.0,0.0,0.0,78.0,1.0,"백반,가정식",0.0,2.0,0.0,14.0,,0.0,,0.0,0.0,0.0,,1.0,13.0,0.0,0.0,0.0,498.0,2.0,0.0,0.0,0.0,0.0,27.0,0.0,2.0,0.0
28,숙대소반,118.0,0.0,0.0,0.0,6.0,0.0,0.0,0.0,17.0,15.0,4.0,0.0,2.0,2.0,0.0,0.0,0.0,0.0,,0.0,0.0,0.0,0.0,97.0,0.0,0.0,196.0,0.0,한식,0.0,3.0,0.0,16.0,,0.0,,4.0,0.0,0.0,,0.0,71.0,0.0,0.0,0.0,1430.0,4.0,18.0,0.0,0.0,0.0,113.0,0.0,1.0,0.0
31,부암동치킨,35.0,0.0,0.0,0.0,31.0,1.0,0.0,0.0,17.0,21.0,1.0,0.0,0.0,1.0,0.0,0.0,0.0,0.0,,0.0,3.0,0.0,0.0,51.0,0.0,0.0,197.0,0.0,"치킨,닭강정",0.0,15.0,0.0,46.0,,0.0,,4.0,0.0,0.0,,0.0,53.0,0.0,0.0,0.0,1100.0,4.0,28.0,0.0,0.0,0.0,3.0,0.0,8.0,0.0
33,뜸들이다 숙대점,31.0,1.0,0.0,0.0,1.0,0.0,0.0,0.0,1.0,27.0,0.0,0.0,1.0,0.0,0.0,0.0,0.0,0.0,,0.0,0.0,0.0,0.0,10.0,0.0,0.0,112.0,0.0,한식,0.0,3.0,0.0,20.0,,0.0,,0.0,0.0,0.0,,0.0,34.0,0.0,0.0,0.0,766.0,0.0,27.0,0.0,0.0,0.0,82.0,0.0,0.0,0.0
35,더함,89.0,34.0,1.0,0.0,128.0,9.0,0.0,3.0,108.0,60.0,27.0,0.0,16.0,3.0,2.0,0.0,0.0,0.0,,0.0,3.0,0.0,0.0,91.0,2.0,0.0,294.0,2.0,한식,0.0,47.0,1.0,152.0,,0.0,,5.0,0.0,0.0,,10.0,116.0,0.0,0.0,5.0,2736.0,36.0,71.0,0.0,0.0,1.0,14.0,0.0,3.0,0.0
36,홍짜장 숙대점,59.0,2.0,1.0,0.0,1.0,0.0,0.0,0.0,1.0,28.0,0.0,0.0,0.0,1.0,0.0,0.0,0.0,0.0,,0.0,0.0,0.0,0.0,28.0,0.0,0.0,108.0,3.0,중식당,0.0,1.0,1.0,27.0,,0.0,,1.0,0.0,0.0,,0.0,43.0,0.0,0.0,0.0,862.0,0.0,16.0,1.0,0.0,0.0,72.0,0.0,1.0,0.0
37,무모한초밥 숙명여대점,118.0,0.0,0.0,0.0,2.0,0.0,0.0,0.0,4.0,37.0,0.0,0.0,0.0,2.0,0.0,0.0,0.0,0.0,,0.0,0.0,0.0,0.0,49.0,0.0,0.0,137.0,0.0,"초밥,롤",0.0,4.0,0.0,51.0,,0.0,,0.0,0.0,0.0,,0.0,80.0,0.0,0.0,0.0,1196.0,1.0,16.0,0.0,0.0,0.0,59.0,0.0,1.0,0.0
38,마시앤바시,45.0,0.0,0.0,13.0,2.0,26.0,0.0,0.0,0.0,18.0,1.0,0.0,0.0,1.0,0.0,0.0,1.0,0.0,,7.0,3.0,0.0,0.0,37.0,7.0,0.0,172.0,0.0,양식,1.0,33.0,0.0,13.0,,0.0,,0.0,0.0,0.0,,0.0,55.0,0.0,0.0,0.0,1122.0,7.0,81.0,0.0,0.0,0.0,0.0,0.0,0.0,0.0
39,긴자료코 숙대점,227.0,0.0,1.0,0.0,7.0,2.0,0.0,0.0,13.0,57.0,6.0,0.0,2.0,5.0,1.0,0.0,1.0,0.0,,0.0,4.0,0.0,0.0,461.0,0.0,0.0,753.0,2.0,돈가스,0.0,25.0,1.0,131.0,,0.0,,4.0,0.0,0.0,,2.0,192.0,0.0,0.0,0.0,4806.0,5.0,129.0,1.0,0.0,0.0,329.0,0.0,3.0,0.0
40,홍곱창 숙명여대점,65.0,0.0,13.0,0.0,20.0,0.0,0.0,0.0,13.0,41.0,2.0,0.0,0.0,1.0,0.0,0.0,0.0,0.0,,0.0,1.0,0.0,0.0,58.0,0.0,0.0,346.0,2.0,"곱창,막창,양",0.0,2.0,6.0,29.0,,1.0,,0.0,8.0,0.0,,0.0,110.0,0.0,0.0,0.0,1738.0,14.0,83.0,0.0,0.0,0.0,11.0,0.0,3.0,0.0
41,이자와 숙대점,9.0,0.0,2.0,0.0,3.0,1.0,0.0,0.0,11.0,18.0,2.0,0.0,0.0,4.0,1.0,0.0,0.0,0.0,,0.0,2.0,0.0,0.0,19.0,0.0,0.0,149.0,1.0,일식당,0.0,7.0,0.0,30.0,,0.0,,3.0,0.0,0.0,,1.0,47.0,0.0,0.0,0.0,884.0,7.0,34.0,0.0,0.0,0.0,48.0,0.0,1.0,1.0
42,타코비 숙명여대점,38.0,0.0,0.0,0.0,0.0,0.0,0.0,0.0,1.0,9.0,0.0,0.0,0.0,1.0,0.0,0.0,0.0,0.0,,0.0,0.0,0.0,0.0,9.0,0.0,0.0,163.0,2.0,일식당,0.0,2.0,0.0,30.0,,0.0,,2.0,3.0,0.0,,0.0,78.0,0.0,0.0,0.0,860.0,6.0,30.0,3.0,0.0,0.0,9.0,0.0,2.0,0.0
44,비일,33.0,0.0,0.0,0.0,7.0,3.0,0.0,0.0,5.0,22.0,0.0,0.0,0.0,1.0,2.0,0.0,0.0,0.0,,0.0,3.0,0.0,0.0,34.0,0.0,0.0,192.0,2.0,양식,0.0,34.0,0.0,46.0,,0.0,,1.0,0.0,0.0,,2.0,89.0,0.0,0.0,0.0,1290.0,33.0,84.0,0.0,0.0,0.0,3.0,0.0,5.0,0.0
45,베나레스 숙대점,508.0,33.0,0.0,0.0,80.0,0.0,0.0,0.0,476.0,145.0,108.0,0.0,0.0,15.0,1.0,0.0,0.0,0.0,,0.0,34.0,2.0,2.0,477.0,2.0,0.0,1188.0,21.0,인도음식,0.0,129.0,0.0,291.0,,4.0,,5.0,0.0,0.0,,26.0,294.0,0.0,0.0,3.0,8962.0,21.0,86.0,0.0,66.0,243.0,161.0,0.0,15.0,0.0
46,샤브로21 숙명여대,288.0,107.0,5.0,0.0,3.0,4.0,0.0,1.0,50.0,168.0,59.0,0.0,8.0,0.0,1.0,0.0,1.0,0.0,,1.0,68.0,0.0,1.0,70.0,0.0,1.0,688.0,8.0,샤브샤브,0.0,299.0,0.0,522.0,,1.0,,0.0,0.0,2.0,,37.0,283.0,0.0,4.0,0.0,6450.0,1.0,38.0,1.0,0.0,0.0,447.0,2.0,9.0,1.0
47,나폴리키친,152.0,3.0,0.0,0.0,44.0,8.0,0.0,0.0,17.0,27.0,7.0,0.0,2.0,22.0,0.0,0.0,0.0,0.0,,0.0,12.0,1.0,0.0,85.0,0.0,0.0,333.0,3.0,피자,2.0,37.0,0.0,103.0,,1.0,,0.0,1.0,0.0,,10.0,143.0,0.0,0.0,2.0,2342.0,25.0,64.0,0.0,0.0,2.0,16.0,0.0,2.0,0.0
48,어바웃샤브 숙명여대점,89.0,3.0,0.0,0.0,27.0,0.0,0.0,0.0,31.0,19.0,1.0,0.0,0.0,1.0,0.0,0.0,0.0,0.0,,0.0,1.0,0.0,0.0,69.0,0.0,0.0,232.0,1.0,샤브샤브,0.0,2.0,0.0,97.0,,1.0,,2.0,0.0,0.0,,0.0,61.0,0.0,0.0,0.0,1468.0,8.0,16.0,0.0,0.0,0.0,17.0,0.0,8.0,0.0
49,백채김치찌개 숙대입구점,104.0,0.0,0.0,0.0,0.0,0.0,0.0,0.0,0.0,0.0,0.0,0.0,0.0,0.0,0.0,0.0,0.0,0.0,,0.0,0.0,0.0,0.0,137.0,0.0,0.0,257.0,0.0,"찌개,전골",0.0,0.0,0.0,58.0,,0.0,,0.0,0.0,0.0,,0.0,76.0,0.0,0.0,0.0,1362.0,0.0,0.0,0.0,0.0,0.0,0.0,0.0,0.0,0.0
50,본죽&비빔밥cafe 숙대입구역점,0.0,0.0,0.0,0.0,0.0,0.0,0.0,0.0,0.0,0.0,0.0,0.0,0.0,0.0,0.0,0.0,0.0,0.0,,0.0,0.0,0.0,0.0,81.0,0.0,0.0,246.0,0.0,죽,0.0,0.0,0.0,75.0,,0.0,,0.0,0.0,0.0,,0.0,105.0,0.0,0.0,0.0,1332.0,0.0,0.0,0.0,0.0,0.0,109.0,0.0,0.0,0.0
51,만나칼국수,129.0,0.0,0.0,0.0,0.0,0.0,0.0,0.0,0.0,0.0,0.0,0.0,0.0,0.0,0.0,0.0,0.0,0.0,,0.0,0.0,0.0,0.0,191.0,0.0,0.0,428.0,0.0,"칼국수,만두",0.0,0.0,0.0,170.0,,0.0,,0.0,0.0,0.0,,0.0,0.0,0.0,0.0,0.0,2212.0,0.0,0.0,0.0,0.0,0.0,137.0,0.0,0.0,0.0
52,교촌치킨 숙대점,0.0,0.0,0.0,0.0,0.0,0.0,0.0,0.0,120.0,69.0,0.0,0.0,0.0,0.0,0.0,0.0,0.0,0.0,,0.0,0.0,0.0,0.0,0.0,0.0,0.0,372.0,0.0,"치킨,닭강정",0.0,0.0,0.0,56.0,,0.0,,0.0,0.0,0.0,,0.0,96.0,0.0,0.0,0.0,1530.0,0.0,0.0,0.0,0.0,0.0,0.0,0.0,0.0,0.0
54,까치네분식,305.0,0.0,0.0,0.0,0.0,0.0,0.0,0.0,0.0,0.0,0.0,0.0,0.0,0.0,0.0,0.0,0.0,0.0,,0.0,0.0,0.0,0.0,198.0,0.0,0.0,692.0,0.0,종합분식,0.0,0.0,0.0,0.0,,0.0,,0.0,0.0,0.0,,0.0,208.0,0.0,0.0,0.0,3350.0,0.0,0.0,0.0,0.0,0.0,218.0,0.0,0.0,0.0
55,메이드바이그레이스,0.0,0.0,0.0,0.0,0.0,0.0,0.0,0.0,0.0,31.0,0.0,0.0,0.0,0.0,0.0,81.0,0.0,0.0,,0.0,0.0,0.0,0.0,0.0,0.0,0.0,0.0,0.0,샌드위치,0.0,0.0,0.0,0.0,,0.0,,0.0,0.0,0.0,,0.0,72.0,35.0,0.0,0.0,668.0,0.0,60.0,0.0,0.0,0.0,0.0,0.0,0.0,0.0
56,버거인,0.0,0.0,0.0,0.0,0.0,0.0,0.0,0.0,0.0,0.0,0.0,0.0,0.0,0.0,0.0,0.0,0.0,0.0,,0.0,0.0,0.0,0.0,0.0,0.0,0.0,402.0,0.0,햄버거,0.0,0.0,0.0,161.0,,0.0,,0.0,0.0,0.0,,0.0,112.0,0.0,0.0,0.0,1892.0,0.0,130.0,0.0,0.0,0.0,85.0,0.0,0.0,0.0
57,츄르츄르라멘,114.0,0.0,0.0,0.0,0.0,0.0,0.0,0.0,0.0,0.0,0.0,0.0,0.0,0.0,0.0,0.0,0.0,0.0,,0.0,0.0,0.0,0.0,68.0,0.0,0.0,350.0,0.0,일본식라면,0.0,0.0,0.0,0.0,,0.0,,0.0,0.0,0.0,,0.0,91.0,0.0,0.0,0.0,1692.0,0.0,0.0,0.0,0.0,0.0,166.0,0.0,0.0,0.0
58,레이브피자,0.0,0.0,0.0,0.0,0.0,0.0,0.0,0.0,0.0,131.0,0.0,0.0,0.0,0.0,0.0,0.0,0.0,0.0,,0.0,0.0,0.0,0.0,0.0,0.0,0.0,389.0,0.0,피자,0.0,265.0,0.0,0.0,,0.0,,0.0,0.0,0.0,,0.0,170.0,0.0,0.0,0.0,2316.0,0.0,145.0,0.0,0.0,0.0,0.0,0.0,0.0,0.0
59,김밥2000,31.0,0.0,0.0,0.0,0.0,0.0,0.0,0.0,0.0,0.0,0.0,0.0,0.0,0.0,0.0,0.0,0.0,0.0,,0.0,0.0,0.0,0.0,21.0,0.0,0.0,69.0,0.0,김밥,0.0,0.0,0.0,21.0,,0.0,,0.0,0.0,0.0,,0.0,23.0,0.0,0.0,0.0,448.0,0.0,0.0,0.0,0.0,0.0,0.0,0.0,0.0,0.0
61,굴다리소곱창,0.0,0.0,0.0,0.0,0.0,0.0,0.0,0.0,0.0,0.0,0.0,0.0,0.0,0.0,0.0,0.0,0.0,0.0,,0.0,0.0,0.0,0.0,16.0,0.0,0.0,195.0,0.0,한식,0.0,0.0,0.0,59.0,,0.0,,0.0,0.0,0.0,,0.0,59.0,0.0,0.0,0.0,822.0,0.0,21.0,0.0,0.0,0.0,0.0,0.0,0.0,0.0
62,두리식당,31.0,0.0,0.0,0.0,0.0,0.0,0.0,0.0,0.0,0.0,0.0,0.0,0.0,0.0,0.0,0.0,0.0,0.0,,0.0,0.0,0.0,0.0,23.0,0.0,0.0,43.0,0.0,한식,0.0,0.0,0.0,0.0,,0.0,,0.0,0.0,0.0,,0.0,15.0,0.0,0.0,0.0,380.0,0.0,0.0,0.0,0.0,0.0,16.0,0.0,0.0,0.0
63,한입소반,421.0,0.0,0.0,0.0,0.0,0.0,0.0,0.0,0.0,0.0,0.0,0.0,0.0,0.0,0.0,0.0,0.0,0.0,,0.0,0.0,0.0,0.0,784.0,0.0,0.0,3077.0,0.0,김밥,0.0,0.0,0.0,892.0,,0.0,,0.0,0.0,0.0,,0.0,0.0,0.0,0.0,0.0,12738.0,0.0,1132.0,0.0,0.0,0.0,0.0,0.0,0.0,0.0
64,산촌신쭈꾸미 숙대입구점,33.0,0.0,0.0,0.0,0.0,0.0,0.0,0.0,0.0,0.0,0.0,0.0,0.0,0.0,0.0,0.0,0.0,0.0,,0.0,0.0,0.0,0.0,34.0,0.0,0.0,172.0,0.0,주꾸미요리,0.0,0.0,0.0,35.0,,0.0,,0.0,0.0,0.0,,0.0,0.0,0.0,0.0,0.0,756.0,0.0,0.0,0.0,0.0,0.0,40.0,0.0,0.0,0.0
65,쌍대포소금구이 본점,0.0,0.0,116.0,0.0,0.0,0.0,0.0,0.0,114.0,0.0,0.0,0.0,0.0,0.0,0.0,0.0,0.0,0.0,,0.0,0.0,0.0,0.0,0.0,0.0,0.0,578.0,0.0,돼지고기구이,0.0,0.0,0.0,0.0,,0.0,,0.0,0.0,0.0,,0.0,198.0,0.0,0.0,0.0,2486.0,0.0,172.0,0.0,0.0,0.0,0.0,0.0,0.0,0.0
66,상록수,0.0,0.0,240.0,0.0,0.0,0.0,0.0,0.0,0.0,0.0,0.0,0.0,0.0,0.0,0.0,0.0,0.0,0.0,,0.0,0.0,0.0,0.0,0.0,0.0,0.0,666.0,0.0,"육류,고기요리",0.0,0.0,0.0,90.0,,0.0,,0.0,0.0,0.0,,0.0,201.0,0.0,0.0,0.0,3272.0,0.0,373.0,0.0,0.0,0.0,0.0,0.0,0.0,0.0
67,스시 사이꼬,76.0,0.0,0.0,0.0,0.0,0.0,0.0,0.0,0.0,0.0,0.0,0.0,0.0,0.0,0.0,0.0,0.0,0.0,,0.0,0.0,0.0,0.0,56.0,0.0,0.0,216.0,0.0,"초밥,롤",0.0,0.0,0.0,80.0,,0.0,,0.0,0.0,0.0,,0.0,82.0,0.0,0.0,0.0,1154.0,0.0,0.0,0.0,0.0,0.0,0.0,0.0,0.0,0.0
68,써브웨이 숙명여대점,0.0,0.0,0.0,0.0,0.0,0.0,0.0,0.0,0.0,0.0,0.0,0.0,0.0,0.0,0.0,0.0,0.0,0.0,,0.0,0.0,0.0,0.0,141.0,0.0,0.0,398.0,0.0,샌드위치,0.0,0.0,0.0,264.0,,0.0,,0.0,0.0,0.0,,0.0,125.0,0.0,0.0,0.0,2310.0,0.0,0.0,0.0,0.0,0.0,159.0,0.0,0.0,0.0
70,별진화로구이,0.0,0.0,206.0,0.0,175.0,0.0,0.0,0.0,209.0,0.0,0.0,0.0,0.0,0.0,0.0,0.0,0.0,0.0,,0.0,0.0,0.0,0.0,0.0,0.0,0.0,503.0,0.0,"육류,고기요리",0.0,0.0,0.0,0.0,,0.0,,0.0,0.0,0.0,,0.0,268.0,0.0,0.0,0.0,2862.0,0.0,0.0,0.0,0.0,0.0,0.0,0.0,0.0,0.0
71,남영동양문 본점,573.0,0.0,842.0,0.0,0.0,0.0,0.0,0.0,0.0,0.0,0.0,0.0,0.0,0.0,0.0,0.0,0.0,0.0,,0.0,0.0,0.0,0.0,0.0,0.0,0.0,1569.0,0.0,"육류,고기요리",0.0,0.0,0.0,0.0,,0.0,,0.0,0.0,0.0,,0.0,734.0,0.0,0.0,0.0,8808.0,0.0,615.0,0.0,0.0,0.0,0.0,0.0,0.0,0.0
72,원동미나리삼겹살,234.0,0.0,276.0,0.0,0.0,0.0,0.0,0.0,0.0,0.0,0.0,0.0,0.0,0.0,0.0,0.0,0.0,0.0,,0.0,0.0,0.0,0.0,191.0,0.0,0.0,660.0,0.0,"육류,고기요리",0.0,0.0,0.0,0.0,,0.0,,0.0,0.0,0.0,,0.0,0.0,0.0,0.0,0.0,3310.0,0.0,222.0,0.0,0.0,0.0,0.0,0.0,0.0,0.0
73,다이빙룸,0.0,0.0,0.0,0.0,0.0,0.0,0.0,0.0,0.0,153.0,0.0,0.0,0.0,0.0,0.0,0.0,0.0,0.0,,0.0,0.0,0.0,0.0,0.0,0.0,0.0,412.0,0.0,양식,0.0,372.0,0.0,0.0,,0.0,,0.0,0.0,0.0,,0.0,257.0,0.0,0.0,0.0,2900.0,0.0,183.0,0.0,0.0,0.0,0.0,0.0,0.0,0.0
74,KFC 숙대입구점,646.0,0.0,0.0,0.0,0.0,0.0,0.0,0.0,688.0,0.0,0.0,0.0,0.0,0.0,0.0,0.0,0.0,0.0,,0.0,0.0,0.0,0.0,0.0,0.0,0.0,1715.0,0.0,햄버거,0.0,0.0,0.0,0.0,,0.0,,0.0,0.0,0.0,,0.0,354.0,0.0,0.0,0.0,8336.0,0.0,0.0,0.0,0.0,0.0,691.0,0.0,0.0,0.0
76,하노이별 숙대입구점,111.0,0.0,0.0,0.0,0.0,0.0,0.0,0.0,0.0,0.0,0.0,0.0,0.0,0.0,0.0,0.0,0.0,0.0,,0.0,0.0,0.0,0.0,134.0,0.0,0.0,304.0,0.0,베트남음식,0.0,0.0,0.0,121.0,,0.0,,0.0,0.0,0.0,,0.0,127.0,0.0,0.0,0.0,1746.0,0.0,0.0,0.0,0.0,0.0,0.0,0.0,0.0,0.0
77,철길우동까스,104.0,0.0,0.0,0.0,0.0,0.0,0.0,0.0,0.0,0.0,0.0,0.0,0.0,0.0,0.0,0.0,0.0,0.0,,0.0,0.0,0.0,0.0,94.0,0.0,0.0,195.0,0.0,한식,0.0,0.0,0.0,52.0,,0.0,,0.0,0.0,0.0,,0.0,80.0,0.0,0.0,0.0,1204.0,0.0,0.0,0.0,0.0,0.0,0.0,0.0,0.0,0.0
78,대관령목장,82.0,0.0,0.0,0.0,0.0,0.0,0.0,0.0,39.0,0.0,0.0,0.0,0.0,0.0,0.0,0.0,0.0,0.0,,0.0,0.0,0.0,0.0,41.0,0.0,0.0,102.0,0.0,한식,0.0,0.0,0.0,0.0,,0.0,,0.0,0.0,0.0,,0.0,48.0,0.0,0.0,0.0,780.0,0.0,0.0,0.0,0.0,0.0,0.0,0.0,0.0,0.0
81,구복만두,0.0,0.0,0.0,0.0,0.0,0.0,0.0,0.0,0.0,276.0,0.0,0.0,0.0,0.0,0.0,0.0,0.0,0.0,,0.0,0.0,0.0,0.0,0.0,0.0,0.0,1332.0,0.0,"칼국수,만두",0.0,0.0,0.0,359.0,,0.0,,0.0,0.0,0.0,,0.0,472.0,0.0,0.0,0.0,6102.0,0.0,531.0,0.0,0.0,0.0,0.0,0.0,0.0,0.0
82,한강로칼국수,0.0,0.0,0.0,0.0,0.0,0.0,0.0,0.0,0.0,0.0,0.0,0.0,0.0,0.0,0.0,0.0,0.0,0.0,,0.0,0.0,0.0,0.0,271.0,0.0,0.0,717.0,0.0,"칼국수,만두",0.0,0.0,0.0,250.0,,0.0,,0.0,0.0,0.0,,0.0,209.0,0.0,0.0,0.0,3536.0,0.0,239.0,0.0,0.0,0.0,0.0,0.0,0.0,0.0
86,솔티드 스모크,0.0,0.0,0.0,0.0,0.0,0.0,0.0,0.0,0.0,0.0,0.0,0.0,0.0,0.0,0.0,0.0,0.0,0.0,,0.0,0.0,0.0,0.0,17.0,0.0,0.0,38.0,0.0,샌드위치,0.0,0.0,0.0,29.0,,0.0,,0.0,0.0,0.0,,0.0,19.0,0.0,0.0,0.0,406.0,0.0,14.0,0.0,0.0,0.0,0.0,0.0,0.0,0.0
88,남산드럼통 본점,188.0,0.0,0.0,0.0,0.0,0.0,0.0,0.0,0.0,0.0,0.0,0.0,0.0,0.0,0.0,0.0,0.0,0.0,,0.0,0.0,0.0,0.0,126.0,0.0,0.0,451.0,0.0,한식,0.0,0.0,0.0,189.0,,0.0,,0.0,0.0,0.0,,0.0,175.0,0.0,0.0,0.0,2434.0,0.0,0.0,0.0,0.0,0.0,0.0,0.0,0.0,0.0
91,둘이파전,27.0,0.0,0.0,0.0,0.0,0.0,0.0,0.0,0.0,0.0,0.0,0.0,0.0,0.0,0.0,0.0,0.0,0.0,,0.0,0.0,0.0,0.0,8.0,0.0,0.0,71.0,0.0,한식,0.0,0.0,0.0,16.0,,0.0,,0.0,0.0,0.0,,0.0,26.0,0.0,0.0,0.0,478.0,0.0,0.0,0.0,0.0,0.0,0.0,0.0,0.0,0.0
92,짚신매운갈비찜 숙대점,0.0,0.0,181.0,0.0,0.0,0.0,0.0,0.0,0.0,223.0,0.0,0.0,0.0,0.0,0.0,0.0,0.0,0.0,,0.0,0.0,0.0,0.0,242.0,0.0,0.0,686.0,0.0,"육류,고기요리",0.0,0.0,0.0,0.0,,0.0,,0.0,0.0,0.0,,0.0,399.0,0.0,0.0,0.0,3646.0,0.0,0.0,0.0,0.0,0.0,0.0,0.0,0.0,0.0
93,멘타미,0.0,0.0,0.0,0.0,0.0,0.0,0.0,0.0,0.0,160.0,0.0,0.0,0.0,0.0,0.0,0.0,0.0,0.0,,0.0,0.0,0.0,0.0,0.0,0.0,0.0,584.0,0.0,일본식라면,0.0,0.0,0.0,0.0,,0.0,,0.0,0.0,0.0,,0.0,225.0,0.0,0.0,0.0,3144.0,0.0,203.0,0.0,0.0,0.0,307.0,0.0,0.0,0.0
95,청기와타운 남영점,0.0,0.0,255.0,0.0,207.0,0.0,0.0,0.0,0.0,226.0,0.0,0.0,0.0,0.0,0.0,0.0,0.0,0.0,,0.0,0.0,0.0,0.0,0.0,0.0,0.0,846.0,0.0,"육류,고기요리",0.0,0.0,0.0,0.0,,0.0,,0.0,0.0,0.0,,0.0,346.0,0.0,0.0,0.0,3950.0,0.0,0.0,0.0,0.0,0.0,0.0,0.0,0.0,0.0
96,오복함흥냉면,0.0,0.0,0.0,0.0,0.0,0.0,0.0,0.0,0.0,134.0,0.0,0.0,0.0,0.0,0.0,0.0,0.0,0.0,,0.0,0.0,0.0,0.0,0.0,0.0,0.0,598.0,0.0,냉면,0.0,0.0,0.0,102.0,,0.0,,0.0,0.0,0.0,,0.0,202.0,0.0,0.0,0.0,2500.0,0.0,0.0,0.0,0.0,0.0,118.0,0.0,0.0,0.0
97,카페시바,0.0,0.0,0.0,0.0,0.0,0.0,0.0,0.0,0.0,0.0,0.0,0.0,0.0,0.0,0.0,0.0,0.0,0.0,,0.0,0.0,0.0,0.0,0.0,0.0,0.0,361.0,0.0,퓨전음식,0.0,85.0,0.0,132.0,,0.0,,0.0,0.0,0.0,,0.0,128.0,0.0,0.0,0.0,2052.0,0.0,223.0,0.0,0.0,0.0,0.0,0.0,0.0,0.0
98,하이퐁가든,0.0,0.0,0.0,0.0,0.0,0.0,0.0,0.0,0.0,0.0,0.0,0.0,0.0,0.0,0.0,0.0,0.0,0.0,,0.0,0.0,0.0,0.0,66.0,0.0,0.0,212.0,0.0,베트남음식,0.0,0.0,0.0,103.0,,0.0,,0.0,0.0,0.0,,0.0,68.0,0.0,0.0,0.0,1328.0,0.0,0.0,0.0,0.0,117.0,0.0,0.0,0.0,0.0
100,품계,0.0,0.0,0.0,0.0,0.0,0.0,0.0,0.0,0.0,99.0,0.0,0.0,0.0,0.0,0.0,0.0,0.0,0.0,,0.0,0.0,0.0,0.0,0.0,0.0,0.0,289.0,0.0,닭갈비,0.0,111.0,0.0,143.0,,0.0,,0.0,0.0,0.0,,0.0,127.0,0.0,0.0,0.0,1738.0,0.0,0.0,0.0,0.0,0.0,0.0,0.0,0.0,0.0
101,온센 용산구점,0.0,0.0,0.0,0.0,0.0,0.0,0.0,0.0,0.0,757.0,0.0,0.0,0.0,0.0,0.0,0.0,0.0,0.0,,0.0,0.0,0.0,0.0,0.0,0.0,0.0,1419.0,0.0,일식당,0.0,0.0,0.0,736.0,,0.0,,0.0,0.0,0.0,,0.0,832.0,0.0,0.0,0.0,8940.0,0.0,0.0,0.0,0.0,0.0,625.0,0.0,0.0,0.0
103,구구,0.0,0.0,22.0,0.0,21.0,0.0,0.0,0.0,0.0,0.0,0.0,0.0,0.0,0.0,0.0,0.0,0.0,0.0,,0.0,0.0,0.0,0.0,31.0,0.0,0.0,133.0,0.0,"백숙,삼계탕",0.0,0.0,0.0,0.0,,0.0,,0.0,0.0,0.0,,0.0,38.0,0.0,0.0,0.0,696.0,0.0,0.0,0.0,0.0,0.0,0.0,0.0,0.0,0.0
105,옛날감자전,25.0,0.0,0.0,0.0,0.0,0.0,0.0,0.0,0.0,0.0,0.0,0.0,0.0,0.0,0.0,0.0,0.0,0.0,,0.0,0.0,0.0,0.0,32.0,0.0,0.0,152.0,0.0,한식,0.0,0.0,0.0,0.0,,0.0,,0.0,0.0,0.0,,0.0,40.0,0.0,0.0,0.0,796.0,0.0,44.0,0.0,0.0,0.0,0.0,0.0,0.0,0.0
106,윤지식당,32.0,0.0,0.0,0.0,0.0,0.0,0.0,0.0,0.0,0.0,0.0,0.0,0.0,0.0,0.0,0.0,0.0,0.0,,0.0,0.0,0.0,0.0,22.0,0.0,0.0,46.0,0.0,한식,0.0,0.0,0.0,11.0,,0.0,,0.0,0.0,0.0,,0.0,17.0,0.0,0.0,0.0,468.0,0.0,0.0,0.0,0.0,0.0,0.0,0.0,0.0,0.0
107,살팀보카,0.0,0.0,0.0,0.0,0.0,0.0,0.0,0.0,0.0,0.0,0.0,0.0,0.0,0.0,0.0,0.0,0.0,0.0,,0.0,0.0,0.0,0.0,0.0,0.0,0.0,252.0,0.0,이탈리아음식,0.0,106.0,0.0,103.0,,0.0,,0.0,0.0,0.0,,0.0,76.0,0.0,0.0,0.0,1558.0,0.0,135.0,0.0,0.0,0.0,0.0,0.0,0.0,0.0
108,남영탉,0.0,0.0,0.0,0.0,0.0,0.0,0.0,0.0,0.0,0.0,0.0,0.0,0.0,0.0,0.0,0.0,0.0,0.0,,0.0,0.0,0.0,0.0,0.0,0.0,0.0,1260.0,0.0,"치킨,닭강정",0.0,460.0,0.0,431.0,,0.0,,0.0,0.0,0.0,,0.0,695.0,0.0,0.0,0.0,7902.0,0.0,997.0,0.0,0.0,0.0,0.0,0.0,0.0,0.0
69,키보 에다마메,0.0,,,,,0.0,,,,,,,,,,,,,,206.0,,,,,,,568.0,,이자카야,0.0,266.0,,,,,,,,,,,298.0,,,,1671.0,,264.0,,,,0.0,,,
75,이웃집영준이,0.0,,,,,0.0,,,,,,,,,,,,,,65.0,,,,,,,149.0,,요리주점,0.0,52.0,,,,,,,,,,,57.0,,,,469.0,,71.0,,,,0.0,,,
79,모토카레시,51.0,,,,,0.0,,,,,,,,,,,,,,48.0,,,,,,,76.0,,이자카야,0.0,52.0,,,,,,,,,,,0.0,,,,347.0,,41.0,,,,0.0,,,
83,더블랙웨일바,33.0,,,,,0.0,,,,,,,,,,,,,,27.0,,,,,,,67.0,,바(BAR),0.0,34.0,,,,,,,,,,,32.0,,,,276.0,,0.0,,,,0.0,,,
85,가든한밤,37.0,,,,,53.0,,,,,,,,,,,,,,0.0,,,,,,,88.0,,와인,46.0,0.0,,,,,,,,,,,52.0,,,,361.0,,0.0,,,,0.0,,,
94,탄막,0.0,,,,,0.0,,,,,,,,,,,,,,9.0,,,,,,,14.0,,요리주점,0.0,6.0,,,,,,,,,,,8.0,,,,139.0,,8.0,,,,0.0,,,
99,평화남영,0.0,,,,,0.0,,,,,,,,,,,,,,69.0,,,,,,,367.0,,요리주점,0.0,146.0,,,,,,,,,,,97.0,,,,954.0,,176.0,,,,0.0,,,
109,소소라면 닭꼬치,144.0,,,,,0.0,,,,,,,,,,,,,,0.0,,,,,,,252.0,,"맥주,호프",0.0,0.0,,,,,,,,,,,84.0,,,,764.0,,89.0,,,,86.0,,,
11,앙꼬,52.0,0.0,,,0.0,21.0,29.0,,1.0,32.0,1.0,4.0,,2.0,0.0,0.0,8.0,,0.0,,6.0,0.0,0.0,2.0,1.0,66.0,0.0,1.0,"카페,디저트",0.0,16.0,,0.0,0.0,6.0,0.0,0.0,,28.0,1.0,2.0,57.0,58.0,0.0,,397.0,0.0,0.0,0.0,,,0.0,0.0,3.0,
12,루다브레드,57.0,8.0,,,0.0,11.0,5.0,,1.0,59.0,1.0,0.0,,2.0,1.0,247.0,3.0,,0.0,,5.0,0.0,0.0,0.0,0.0,19.0,5.0,0.0,베이커리,0.0,19.0,,0.0,4.0,6.0,0.0,0.0,,9.0,0.0,0.0,119.0,33.0,0.0,,687.0,0.0,59.0,0.0,,,1.0,0.0,1.0,
13,컴포즈커피 숙명여대점,196.0,0.0,,,1.0,9.0,58.0,,3.0,46.0,5.0,0.0,,3.0,0.0,0.0,3.0,,0.0,,2.0,1.0,0.0,1.0,0.0,150.0,2.0,0.0,카페,0.0,12.0,,0.0,0.0,4.0,0.0,1.0,,13.0,1.0,1.0,88.0,320.0,1.0,,977.0,0.0,37.0,1.0,,,1.0,1.0,3.0,
14,벤티프레소 숙명여대점,49.0,0.0,,,0.0,5.0,33.0,,0.0,9.0,0.0,0.0,,0.0,0.0,1.0,1.0,,0.0,,2.0,1.0,0.0,0.0,0.0,37.0,1.0,2.0,카페,0.0,4.0,,0.0,1.0,1.0,0.0,0.0,,1.0,0.0,0.0,10.0,73.0,0.0,,260.0,0.0,14.0,1.0,,,0.0,0.0,0.0,
22,위드달걀빵,31.0,0.0,,,0.0,22.0,3.0,,1.0,60.0,1.0,1.0,,5.0,0.0,153.0,13.0,,0.0,,2.0,1.0,0.0,0.0,0.0,32.0,5.0,1.0,베이커리,0.0,42.0,,1.0,0.0,12.0,0.0,1.0,,5.0,0.0,1.0,69.0,49.0,1.0,,631.0,0.0,86.0,0.0,,,1.0,0.0,10.0,
25,쥬케로카페 숙대점,31.0,4.0,,,1.0,42.0,113.0,,6.0,25.0,8.0,0.0,,6.0,0.0,1.0,29.0,,2.0,,3.0,0.0,0.0,0.0,2.0,101.0,7.0,0.0,브런치카페,0.0,75.0,,2.0,0.0,4.0,0.0,1.0,,34.0,0.0,4.0,35.0,118.0,1.0,,759.0,0.0,73.0,0.0,,,0.0,0.0,6.0,
26,몬스터플레이스,537.0,99.0,,,4.0,32.0,187.0,,45.0,171.0,20.0,0.0,,9.0,1.0,6.0,2.0,,0.0,,5.0,0.0,0.0,292.0,0.0,34.0,907.0,5.0,"카페,디저트",0.0,30.0,,522.0,9.0,13.0,1.0,4.0,,8.0,0.0,0.0,302.0,58.0,0.0,,4268.0,6.0,514.0,20.0,,,392.0,1.0,6.0,
27,킷테,4.0,0.0,,,0.0,72.0,106.0,,1.0,48.0,0.0,0.0,,96.0,1.0,0.0,80.0,,0.0,,9.0,0.0,12.0,0.0,2.0,60.0,0.0,0.0,카페,3.0,214.0,,0.0,0.0,20.0,0.0,0.0,,13.0,0.0,10.0,63.0,172.0,3.0,,1083.0,0.0,44.0,0.0,,,0.0,0.0,23.0,
29,카페 퓨엔테,1.0,0.0,,,0.0,20.0,39.0,,0.0,19.0,0.0,0.0,,4.0,0.0,0.0,10.0,,0.0,,1.0,0.0,0.0,0.0,1.0,36.0,0.0,0.0,"카페,디저트",0.0,27.0,,0.0,0.0,14.0,0.0,0.0,,5.0,0.0,1.0,21.0,50.0,0.0,,295.0,0.0,14.0,0.0,,,0.0,0.0,3.0,
30,카페나리나무,40.0,3.0,,,0.0,25.0,128.0,,2.0,39.0,6.0,0.0,,4.0,1.0,7.0,5.0,,5.0,,4.0,0.0,0.0,0.0,0.0,34.0,14.0,0.0,"카페,디저트",0.0,21.0,,5.0,0.0,8.0,5.0,0.0,,12.0,0.0,0.0,88.0,55.0,0.0,,586.0,1.0,37.0,2.0,,,0.0,0.0,5.0,
32,스타벅스 숙대점,58.0,0.0,,,1.0,205.0,306.0,,10.0,245.0,0.0,0.0,,59.0,3.0,0.0,13.0,,0.0,,5.0,0.0,0.0,0.0,1.0,492.0,0.0,0.0,카페,0.0,83.0,,0.0,1.0,186.0,0.0,9.0,,232.0,0.0,3.0,484.0,837.0,0.0,,3429.0,0.0,77.0,0.0,,,1.0,0.0,86.0,
34,스택빈 숙대점,153.0,1.0,,,0.0,88.0,97.0,,11.0,115.0,0.0,0.0,,15.0,0.0,0.0,10.0,,0.0,,4.0,0.0,0.0,1.0,3.0,171.0,0.0,1.0,카페,0.0,65.0,,0.0,0.0,90.0,0.0,1.0,,137.0,0.0,5.0,95.0,283.0,0.0,,1431.0,0.0,37.0,0.0,,,0.0,0.0,14.0,
43,와플하우스,169.0,3.0,,,2.0,103.0,974.0,,4.0,167.0,8.0,0.0,,8.0,1.0,9.0,16.0,,0.0,,10.0,1.0,0.0,3.0,2.0,173.0,34.0,7.0,와플,1.0,46.0,,2.0,6.0,65.0,0.0,2.0,,12.0,0.0,3.0,223.0,148.0,1.0,,2645.0,0.0,371.0,2.0,,,1.0,0.0,25.0,
53,먼데이피크닉,0.0,0.0,,,0.0,0.0,175.0,,0.0,30.0,0.0,0.0,,0.0,0.0,0.0,0.0,,0.0,,0.0,0.0,0.0,0.0,0.0,0.0,0.0,0.0,"카페,디저트",0.0,36.0,,0.0,0.0,0.0,0.0,0.0,,0.0,0.0,0.0,59.0,0.0,0.0,,411.0,0.0,58.0,0.0,,,0.0,0.0,0.0,
60,꽃보다크레페,22.0,0.0,,,0.0,0.0,90.0,,0.0,0.0,0.0,0.0,,0.0,0.0,0.0,0.0,,0.0,,0.0,0.0,0.0,0.0,0.0,0.0,0.0,0.0,"카페,디저트",0.0,0.0,,0.0,0.0,0.0,0.0,0.0,,0.0,0.0,0.0,43.0,11.0,0.0,,266.0,0.0,40.0,0.0,,,0.0,0.0,0.0,
80,라이언스커피로스터스,25.0,0.0,,,0.0,0.0,0.0,,0.0,0.0,0.0,0.0,,0.0,0.0,0.0,0.0,,0.0,,0.0,0.0,0.0,0.0,0.0,28.0,0.0,0.0,"카페,디저트",0.0,0.0,,0.0,0.0,0.0,0.0,0.0,,0.0,0.0,0.0,49.0,95.0,0.0,,306.0,0.0,29.0,0.0,,,0.0,0.0,0.0,
84,미드스트오브플로우,0.0,0.0,,,0.0,0.0,66.0,,0.0,0.0,0.0,0.0,,0.0,0.0,0.0,0.0,,0.0,,0.0,0.0,0.0,0.0,0.0,55.0,0.0,0.0,카페,0.0,124.0,,0.0,0.0,0.0,0.0,0.0,,0.0,0.0,0.0,59.0,99.0,0.0,,487.0,0.0,0.0,0.0,,,0.0,0.0,0.0,
87,Jesus Coffee,0.0,0.0,,,0.0,68.0,125.0,,0.0,72.0,0.0,0.0,,0.0,0.0,0.0,0.0,,0.0,,0.0,0.0,0.0,0.0,0.0,0.0,0.0,0.0,카페,0.0,0.0,,0.0,0.0,0.0,0.0,0.0,,0.0,0.0,0.0,108.0,204.0,0.0,,664.0,0.0,0.0,0.0,,,0.0,0.0,0.0,
89,때가이르매,0.0,0.0,,,0.0,0.0,394.0,,0.0,0.0,0.0,0.0,,0.0,0.0,0.0,0.0,,0.0,,0.0,0.0,0.0,0.0,0.0,176.0,0.0,0.0,"카페,디저트",0.0,257.0,,0.0,0.0,0.0,0.0,0.0,,0.0,0.0,0.0,0.0,286.0,0.0,,1353.0,0.0,151.0,0.0,,,0.0,0.0,0.0,
90,경성빵공장 카스테라점,0.0,0.0,,,0.0,0.0,0.0,,0.0,0.0,0.0,0.0,,0.0,0.0,101.0,0.0,,0.0,,0.0,0.0,0.0,0.0,0.0,30.0,0.0,0.0,베이커리,0.0,51.0,,0.0,0.0,0.0,0.0,0.0,,0.0,0.0,0.0,0.0,46.0,0.0,,373.0,0.0,55.0,0.0,,,0.0,0.0,0.0,
102,틸데,0.0,0.0,,,0.0,415.0,909.0,,0.0,0.0,0.0,0.0,,0.0,0.0,0.0,0.0,,0.0,,0.0,0.0,0.0,0.0,0.0,0.0,0.0,0.0,"카페,디저트",0.0,822.0,,0.0,0.0,0.0,0.0,0.0,,0.0,0.0,0.0,504.0,661.0,0.0,,3413.0,0.0,0.0,0.0,,,0.0,0.0,0.0,
104,MUJABEE,0.0,0.0,,,0.0,60.0,67.0,,0.0,0.0,0.0,0.0,,0.0,0.0,0.0,0.0,,0.0,,0.0,0.0,0.0,0.0,0.0,75.0,0.0,0.0,"카페,디저트",0.0,73.0,,0.0,0.0,0.0,0.0,0.0,,0.0,0.0,0.0,0.0,141.0,0.0,,520.0,0.0,0.0,0.0,,,0.0,0.0,0.0,
110,없음 베이커리,0.0,0.0,,,0.0,0.0,0.0,,0.0,25.0,0.0,0.0,,0.0,0.0,32.0,0.0,,0.0,,0.0,0.0,0.0,0.0,0.0,0.0,24.0,0.0,베이커리,0.0,0.0,,0.0,0.0,0.0,0.0,0.0,,0.0,0.0,0.0,31.0,0.0,0.0,,250.0,0.0,28.0,0.0,,,0.0,0.0,0.0,
