﻿nickname,restaurant,reservation,waiting,purpose,withwho,tagging_1,tagging_2,tagging_3,tagging_4,tagging_5,content
데세헤,양식,예약 후 이용,대기 시간 30분 이상,데이트,연인・배우자,인테리어가 멋져요,음식이 맛있어요,친절해요,특별한 날 가기 좋아요,0,잠봉뵈르파스타가 젤맛있었당라자냐는 토마토소스향이 강하고 나초가올라가다양란 식감이잇어좋음~!주방에서 새우오일파스타냄새가 너무좋아서다음에오면 새우파스타먹어보고싶늠
데세헤,중식당,예약 없이 이용,대기 시간 바로 입장,데이트,연인・배우자,혼밥하기 좋아요,0,0,0,0,재료들이 신선하고 지금 멘보샤도 1인1개 무료로 제공되고잇어오~!개마싯름
데세헤,요리주점,예약 없이 이용,대기 시간 10분 이내 ,친목,친구,음식이 맛있어요,음악이 좋아요,매장이 청결해요,0,0,데이트 하기 좋은 분위기고음식도 맛있어요~!
데세헤,한식,예약 없이 이용,대기 시간 바로 입장,친구,0,특별한 메뉴가 있어요,0,0,0,0,갓참치김밥음 생각보다 평범함아귀채는 매우니까 참고하세여여수와서 한번 먹어볼만한 맛입니당
데세헤,"카페,디저트",예약 없이 이용,대기 시간 바로 입장,친목,친구,인테리어가 멋져요,사진이 잘 나와요,대화하기 좋아요,친절해요,디저트가 맛있어요,분위기가 좋아요!데이트하기 좋을듯 
데세헤,피자,예약 없이 이용,대기 시간 바로 입장,일상,연인・배우자,가성비가 좋아요,아늑해요,차분한 분위기에요,0,0,2인분인데 꽤 양이많아서 배부름!!콜드브루는 별로니까 콜라드세용
데세헤,"초밥,롤",0,0,0,0,혼밥하기 좋아요,음식이 맛있어요,가성비가 좋아요,친절해요,0,구운새우가 맛있으니 꼭드셔보십쇼
데세헤,0,0,0,0,0,음식이 맛있어요,고기 질이 좋아요,인테리어가 멋져요,매장이 넓어요,친절해요,데이트하러 오기 좋은 곳입니다고기나오기전에 코스요리들도 너무 맛있고고기는 말해뭐해임!
데세헤,한식,0,0,0,0,음식이 맛있어요,특별한 메뉴가 있어요,메뉴 구성이 알차요,매장이 넓어요,대화하기 좋아요,메뉴구성도 좋고 맛있어요어르신들이 좋아할만한 메뉴라 가족여행하시는 분 들려보세요
데세헤,0,0,0,0,0,음식이 맛있어요,양이 많아요,가성비가 좋아요,0,0,인왕산등산하고 막국수먹으면 진짜 시원하고 좋습니다
데세헤,유흥주점,0,0,0,0,단체모임 하기 좋아요,기본 안주가 좋아요,오래 머무르기 좋아요,0,0,은근비싸긴했지만 영등포에서 노래타운갈가면 가도좋을듯!
데세헤,양식,예약 후 이용,대기 시간 30분 이상,데이트,연인・배우자,인테리어가 멋져요,음식이 맛있어요,친절해요,특별한 날 가기 좋아요,0,잠봉뵈르파스타가 젤맛있었당라자냐는 토마토소스향이 강하고 나초가올라가다양란 식감이잇어좋음~!주방에서 새우오일파스타냄새가 너무좋아서다음에오면 새우파스타먹어보고싶늠
데세헤,중식당,예약 없이 이용,대기 시간 바로 입장,데이트,연인・배우자,혼밥하기 좋아요,0,0,0,0,재료들이 신선하고 지금 멘보샤도 1인1개 무료로 제공되고잇어오~!개마싯름
데세헤,요리주점,예약 없이 이용,대기 시간 10분 이내 ,친목,친구,음식이 맛있어요,음악이 좋아요,매장이 청결해요,0,0,데이트 하기 좋은 분위기고음식도 맛있어요~!
데세헤,한식,예약 없이 이용,대기 시간 바로 입장,친구,0,특별한 메뉴가 있어요,0,0,0,0,갓참치김밥음 생각보다 평범함아귀채는 매우니까 참고하세여여수와서 한번 먹어볼만한 맛입니당
데세헤,"카페,디저트",예약 없이 이용,대기 시간 바로 입장,친목,친구,인테리어가 멋져요,사진이 잘 나와요,대화하기 좋아요,친절해요,디저트가 맛있어요,분위기가 좋아요!데이트하기 좋을듯 
데세헤,피자,예약 없이 이용,대기 시간 바로 입장,일상,연인・배우자,가성비가 좋아요,아늑해요,차분한 분위기에요,0,0,2인분인데 꽤 양이많아서 배부름!!콜드브루는 별로니까 콜라드세용
데세헤,"초밥,롤",0,0,0,0,혼밥하기 좋아요,음식이 맛있어요,가성비가 좋아요,친절해요,0,구운새우가 맛있으니 꼭드셔보십쇼
데세헤,0,0,0,0,0,음식이 맛있어요,고기 질이 좋아요,인테리어가 멋져요,매장이 넓어요,친절해요,데이트하러 오기 좋은 곳입니다고기나오기전에 코스요리들도 너무 맛있고고기는 말해뭐해임!
데세헤,한식,0,0,0,0,음식이 맛있어요,특별한 메뉴가 있어요,메뉴 구성이 알차요,매장이 넓어요,대화하기 좋아요,메뉴구성도 좋고 맛있어요어르신들이 좋아할만한 메뉴라 가족여행하시는 분 들려보세요
데세헤,0,0,0,0,0,음식이 맛있어요,양이 많아요,가성비가 좋아요,0,0,인왕산등산하고 막국수먹으면 진짜 시원하고 좋습니다
데세헤,유흥주점,0,0,0,0,단체모임 하기 좋아요,기본 안주가 좋아요,오래 머무르기 좋아요,0,0,은근비싸긴했지만 영등포에서 노래타운갈가면 가도좋을듯!
데세헤,양식,예약 후 이용,대기 시간 30분 이상,데이트,연인・배우자,인테리어가 멋져요,음식이 맛있어요,친절해요,특별한 날 가기 좋아요,0,잠봉뵈르파스타가 젤맛있었당라자냐는 토마토소스향이 강하고 나초가올라가다양란 식감이잇어좋음~!주방에서 새우오일파스타냄새가 너무좋아서다음에오면 새우파스타먹어보고싶늠
데세헤,중식당,예약 없이 이용,대기 시간 바로 입장,데이트,연인・배우자,혼밥하기 좋아요,0,0,0,0,재료들이 신선하고 지금 멘보샤도 1인1개 무료로 제공되고잇어오~!개마싯름
데세헤,요리주점,예약 없이 이용,대기 시간 10분 이내 ,친목,친구,음식이 맛있어요,음악이 좋아요,매장이 청결해요,0,0,데이트 하기 좋은 분위기고음식도 맛있어요~!
데세헤,한식,예약 없이 이용,대기 시간 바로 입장,친구,0,특별한 메뉴가 있어요,0,0,0,0,갓참치김밥음 생각보다 평범함아귀채는 매우니까 참고하세여여수와서 한번 먹어볼만한 맛입니당
데세헤,"카페,디저트",예약 없이 이용,대기 시간 바로 입장,친목,친구,인테리어가 멋져요,사진이 잘 나와요,대화하기 좋아요,친절해요,디저트가 맛있어요,분위기가 좋아요!데이트하기 좋을듯 
데세헤,피자,예약 없이 이용,대기 시간 바로 입장,일상,연인・배우자,가성비가 좋아요,아늑해요,차분한 분위기에요,0,0,2인분인데 꽤 양이많아서 배부름!!콜드브루는 별로니까 콜라드세용
데세헤,"초밥,롤",0,0,0,0,혼밥하기 좋아요,음식이 맛있어요,가성비가 좋아요,친절해요,0,구운새우가 맛있으니 꼭드셔보십쇼
데세헤,0,0,0,0,0,음식이 맛있어요,고기 질이 좋아요,인테리어가 멋져요,매장이 넓어요,친절해요,데이트하러 오기 좋은 곳입니다고기나오기전에 코스요리들도 너무 맛있고고기는 말해뭐해임!
데세헤,한식,0,0,0,0,음식이 맛있어요,특별한 메뉴가 있어요,메뉴 구성이 알차요,매장이 넓어요,대화하기 좋아요,메뉴구성도 좋고 맛있어요어르신들이 좋아할만한 메뉴라 가족여행하시는 분 들려보세요
데세헤,0,0,0,0,0,음식이 맛있어요,양이 많아요,가성비가 좋아요,0,0,인왕산등산하고 막국수먹으면 진짜 시원하고 좋습니다
데세헤,유흥주점,0,0,0,0,단체모임 하기 좋아요,기본 안주가 좋아요,오래 머무르기 좋아요,0,0,은근비싸긴했지만 영등포에서 노래타운갈가면 가도좋을듯!
데세헤,양식,예약 후 이용,대기 시간 30분 이상,데이트,연인・배우자,인테리어가 멋져요,음식이 맛있어요,친절해요,특별한 날 가기 좋아요,0,잠봉뵈르파스타가 젤맛있었당라자냐는 토마토소스향이 강하고 나초가올라가다양란 식감이잇어좋음~!주방에서 새우오일파스타냄새가 너무좋아서다음에오면 새우파스타먹어보고싶늠
데세헤,중식당,예약 없이 이용,대기 시간 바로 입장,데이트,연인・배우자,혼밥하기 좋아요,0,0,0,0,재료들이 신선하고 지금 멘보샤도 1인1개 무료로 제공되고잇어오~!개마싯름
데세헤,요리주점,예약 없이 이용,대기 시간 10분 이내 ,친목,친구,음식이 맛있어요,음악이 좋아요,매장이 청결해요,0,0,데이트 하기 좋은 분위기고음식도 맛있어요~!
데세헤,한식,예약 없이 이용,대기 시간 바로 입장,친구,0,특별한 메뉴가 있어요,0,0,0,0,갓참치김밥음 생각보다 평범함아귀채는 매우니까 참고하세여여수와서 한번 먹어볼만한 맛입니당
데세헤,"카페,디저트",예약 없이 이용,대기 시간 바로 입장,친목,친구,인테리어가 멋져요,사진이 잘 나와요,대화하기 좋아요,친절해요,디저트가 맛있어요,분위기가 좋아요!데이트하기 좋을듯 
데세헤,피자,예약 없이 이용,대기 시간 바로 입장,일상,연인・배우자,가성비가 좋아요,아늑해요,차분한 분위기에요,0,0,2인분인데 꽤 양이많아서 배부름!!콜드브루는 별로니까 콜라드세용
데세헤,"초밥,롤",0,0,0,0,혼밥하기 좋아요,음식이 맛있어요,가성비가 좋아요,친절해요,0,구운새우가 맛있으니 꼭드셔보십쇼
데세헤,0,0,0,0,0,음식이 맛있어요,고기 질이 좋아요,인테리어가 멋져요,매장이 넓어요,친절해요,데이트하러 오기 좋은 곳입니다고기나오기전에 코스요리들도 너무 맛있고고기는 말해뭐해임!
데세헤,한식,0,0,0,0,음식이 맛있어요,특별한 메뉴가 있어요,메뉴 구성이 알차요,매장이 넓어요,대화하기 좋아요,메뉴구성도 좋고 맛있어요어르신들이 좋아할만한 메뉴라 가족여행하시는 분 들려보세요
데세헤,0,0,0,0,0,음식이 맛있어요,양이 많아요,가성비가 좋아요,0,0,인왕산등산하고 막국수먹으면 진짜 시원하고 좋습니다
데세헤,유흥주점,0,0,0,0,단체모임 하기 좋아요,기본 안주가 좋아요,오래 머무르기 좋아요,0,0,은근비싸긴했지만 영등포에서 노래타운갈가면 가도좋을듯!
데세헤,양식,예약 후 이용,대기 시간 30분 이상,데이트,연인・배우자,인테리어가 멋져요,음식이 맛있어요,친절해요,특별한 날 가기 좋아요,0,잠봉뵈르파스타가 젤맛있었당라자냐는 토마토소스향이 강하고 나초가올라가다양란 식감이잇어좋음~!주방에서 새우오일파스타냄새가 너무좋아서다음에오면 새우파스타먹어보고싶늠
데세헤,중식당,예약 없이 이용,대기 시간 바로 입장,데이트,연인・배우자,혼밥하기 좋아요,0,0,0,0,재료들이 신선하고 지금 멘보샤도 1인1개 무료로 제공되고잇어오~!개마싯름
데세헤,요리주점,예약 없이 이용,대기 시간 10분 이내 ,친목,친구,음식이 맛있어요,음악이 좋아요,매장이 청결해요,0,0,데이트 하기 좋은 분위기고음식도 맛있어요~!
데세헤,한식,예약 없이 이용,대기 시간 바로 입장,친구,0,특별한 메뉴가 있어요,0,0,0,0,갓참치김밥음 생각보다 평범함아귀채는 매우니까 참고하세여여수와서 한번 먹어볼만한 맛입니당
데세헤,"카페,디저트",예약 없이 이용,대기 시간 바로 입장,친목,친구,인테리어가 멋져요,사진이 잘 나와요,대화하기 좋아요,친절해요,디저트가 맛있어요,분위기가 좋아요!데이트하기 좋을듯 
데세헤,피자,예약 없이 이용,대기 시간 바로 입장,일상,연인・배우자,가성비가 좋아요,아늑해요,차분한 분위기에요,0,0,2인분인데 꽤 양이많아서 배부름!!콜드브루는 별로니까 콜라드세용
