﻿nickname,restaurant,reservation,waiting,purpose,withwho,tagging_1,tagging_2,tagging_3,tagging_4,tagging_5,content
봄 나무,이자카야,예약 후 이용,대기 시간 바로 입장,데이트,연인・배우자,대화하기 좋아요,매장이 넓어요,술이 다양해요,화장실이 깨끗해요,룸이 잘 되어있어요,"프라이빗한 룸으로 되어있어서 이야기 나누기 딱이에요!술집 특유의 시끄러움이 없어서 만족스러웠어요~사시미, 나가사끼짬뽕, 차돌떡볶이 시켰는데 배터지게 먹었습니다ㅋㅋ 나가사끼짬뽕은 밥말아먹고싶게 만드는 국물이에요. 주차는 발렛이니 참고하세요 :)"
봄 나무,주꾸미요리,예약 없이 이용,대기 시간 바로 입장,일상,부모님,음식이 맛있어요,0,0,0,0,"몇년동안 굉장히 좋아하던 맛집인데 너무 비싸요매번 비싸다 생각했는데 2주만에 1천원씩 올랐더라구요.양은 점점 줄어들고, 가격은 점점 오르고맛은 예전만큼 못하고 (다른맛집들이 많이 생긴거일수도..)아쉽네요ㅠㅠ"
봄 나무,샤브샤브,예약 없이 이용,대기 시간 10분 이내 ,데이트,연인・배우자,음식이 맛있어요,재료가 신선해요,매장이 청결해요,0,0,"1인샤브라 깔끔하게 혼자 먹을 수 있어요.양은 많지 않지만, 가격도 맛도 괜찮은편이에요버섯이 너무 귀엽게 미니미하게 들어있음 ㅎㅎ"
봄 나무,카페,예약 없이 이용,대기 시간 바로 입장,일상,혼자,디저트가 맛있어요,대화하기 좋아요,0,0,0,카페드리옹은 오픈때부터 본점으로 자주 다니던 곳이에요~~ 밀푀유가 맛있고 주변 시세(?)에 비하면 가격도 괜찮아요! 딸기밀푀유 추천합니다. 에끌레어도 맛있으니 추천해요 :) 헤이즐넛 에끌레어👍🏻
봄 나무,"카페,디저트",예약 없이 이용,대기 시간 바로 입장,친목,친구,인테리어가 멋져요,0,0,0,0,다들 어떻게 알고오는지 유명한가봐요ㅎㅎ미국 소도시에 있는 바 느낌나서 이국적이에요.주말엔 사람들 엄청 많아요! 솔티드 크림라떼는 적당히 달고 짜서 맛있어요~~ 말차크림라떼는 생각보다 말차향은 안나서 부드럽게 마실것같아요
봄 나무,"초밥,롤",예약 없이 이용,대기 시간 바로 입장,일상,혼자,음식이 맛있어요,0,0,0,0,자주 오는 스시로로오랜만에 회덮밥먹었는데 회 양도 많고 맛있어요~
봄 나무,한식,예약 후 이용,대기 시간 바로 입장,데이트,연인・배우자,매장이 넓어요,친절해요,매장이 청결해요,음식이 맛있어요,재료가 신선해요,대치에서부터 즐겨먹던 최가네! 성수에도 생겼다해서 방문했어요~~ 여기서도 맛볼수있어서 좋아용 넘 맛있어요!가게도 깨끗하고 다 깔끔해서 좋아요 :) 둘이 먹었는데 셋이 감탄하고 갑니다(?)ㅎㅎ
봄 나무,베이커리,예약 없이 이용,대기 시간 바로 입장,데이트,친구,인테리어가 멋져요,사진이 잘 나와요,매장이 청결해요,빵이 맛있어요,0,"지나가다 보기만 했었는데 첫 방문했어요!이미 유명한 맛집이더라구요?분위기도 좋은데, 베이글도 다 만족하고 갑니당~~토마토바질에이드는 신기한 맛인데 맛있어욤ㅎㅎ다음에 또 와서 이것저것 사가려구요~"
봄 나무,"카페,디저트",예약 없이 이용,대기 시간 바로 입장,친목,친구,인테리어가 멋져요,사진이 잘 나와요,매장이 청결해요,0,0,"뷰가 예뻐서 찾아왔어요~날씨좋았으면 더 퍼펙트할것같은데 그래듀 장마철에맑은날이라 다행이에요디저트는 까눌레랑 스콘, 브라우니, 티라미수, 바스크치즈케이크가 있어요 :) 뷰 맛집!"
봄 나무,"우동,소바",예약 없이 이용,대기 시간 바로 입장,나들이,친구,음식이 맛있어요,특별한 메뉴가 있어요,친절해요,0,0,예전부터 오고싶어서 저장해놓은 맛집미슐랭에 올라서 사람이 많아요.다행히 평일저녁에 웨이팅1번이었는데 7시이후부턴 사람들 엄청 많아지더라구요. 붓가케가 쫀득한 식감이라 진짜 맛있어요 튀김도 완전 바삭!! 또 갈거예요😉
봄 나무,카페,예약 없이 이용,대기 시간 바로 입장,데이트,연인・배우자,인테리어가 멋져요,매장이 청결해요,디저트가 맛있어요,특별한 메뉴가 있어요,0,오픈때부터 좋아했던 카페드리옹. 역시 밀푀유는 여기가 맛있어요🙌🏻 오랜만에 밀크티도 시켰는데 역시 부드럽네요~
봄 나무,카페,예약 없이 이용,대기 시간 바로 입장,나들이,혼자,인테리어가 멋져요,집중하기 좋아요,화장실이 깨끗해요,0,0,"그릭요거트 피치프라페 신메뉴 할인이라 시켜봤는데맛있어요!!!! 그릭요거트만 먹고는 음료에 넣는다는게안어울려 읭..?싶지만 아래는 요맘때맛도 나고, 섞어먹으면 잘 어울립니다. 다만, 라지시켰는데 양은 좀 맞춰주셨으면 좋겠네여 ㅠㅠ"
봄 나무,"카페,디저트",예약 없이 이용,대기 시간 바로 입장,데이트,연인・배우자,매장이 넓어요,오래 머무르기 좋아요,0,0,0,오랜만에 방문한 브라이언스 커피.2층은 처음 올라가봤는데엄청 넓은 자리들이 있더라구요~하지만 커피와 빵은 좀 아쉬웠어요 ㅠㅠ파운즈는 그냥 그렇고 마들렌은 포슬한 느낌이에요커피는 단걸 시켰는데 애매한 느낌이었어요 ㅠㅠ
봄 나무,"카페,디저트",예약 없이 이용,대기 시간 바로 입장,친목,친구,인테리어가 멋져요,매장이 넓어요,0,0,0,예전부터 분위기가 마음에 들어 와보고싶었던 심재.빵과 케이크가 예쁘고 먹음직스러워서 홀릴뻔..ㅋㅋ이 날은 디저트는 패스하고 아메리카노 마셨는데맛은 쏘쏘하고 양이 물컵만한 양이라 많이 아쉽네요 ㅠㅠ그래도 매장이 넓어서 좋았어요~~ (사람이 많아서 시끄러운거 참고하세요)
봄 나무,와인,예약 없이 이용,대기 시간 바로 입장,친목,친구,인테리어가 멋져요,술이 다양해요,가성비가 좋아요,0,0,"친구가 맛있다해서 방문한 축상분위기좋고, 안주 가성비가 좋아요!감베로니 파스타맛집이에요~사람이 많아서 예약하고 방문하시길 추천해요 :)"
봄 나무,"멕시코,남미음식",예약 없이 이용,대기 시간 바로 입장,친목,친구,음식이 맛있어요,혼밥하기 좋아요,컨셉이 독특해요,0,0,"지나다니면서 외관이 외국같이 예뻐서 눈길가던곳인데드디어 방문했습니다! 일단 맛있어요!!고민하다 피기스타코 시켰는데한피스씩 파는게 좋고, 요깃거리로 좋아요.외관은 미국 느낌이라면 내부는 멕시코 로드 타코집 분위기? 신기한 곳이에요 ㅎㅎ 맛있어서 다음에 또 가서 다른메뉴 시켜보려구요."
봄 나무,양식,예약 후 이용,대기 시간 바로 입장,일상,친척・형제,인테리어가 멋져요,아늑해요,대화하기 좋아요,음식이 맛있어요,친절해요,"컨템포러리 다이닝바 르베미. 분위기부터 맛, 서비스까지 코스처럼 즐기고 왔어요❤️ 단품으로 우대갈비스테이크, 관자스테이크, 해물토마토스튜먹었는데 싹싹 다 긁어먹었어요ㅋㅋ 양식셰프님과 일식셰프님의 콜라보를 보는 재미까지 있었답니다. 모두에게 추천해요 :)"
봄 나무,이자카야,예약 후 이용,대기 시간 바로 입장,데이트,연인・배우자,대화하기 좋아요,매장이 넓어요,술이 다양해요,화장실이 깨끗해요,룸이 잘 되어있어요,"프라이빗한 룸으로 되어있어서 이야기 나누기 딱이에요!술집 특유의 시끄러움이 없어서 만족스러웠어요~사시미, 나가사끼짬뽕, 차돌떡볶이 시켰는데 배터지게 먹었습니다ㅋㅋ 나가사끼짬뽕은 밥말아먹고싶게 만드는 국물이에요. 주차는 발렛이니 참고하세요 :)"
봄 나무,주꾸미요리,예약 없이 이용,대기 시간 바로 입장,일상,부모님,음식이 맛있어요,0,0,0,0,"몇년동안 굉장히 좋아하던 맛집인데 너무 비싸요매번 비싸다 생각했는데 2주만에 1천원씩 올랐더라구요.양은 점점 줄어들고, 가격은 점점 오르고맛은 예전만큼 못하고 (다른맛집들이 많이 생긴거일수도..)아쉽네요ㅠㅠ"
봄 나무,샤브샤브,예약 없이 이용,대기 시간 10분 이내 ,데이트,연인・배우자,음식이 맛있어요,재료가 신선해요,매장이 청결해요,0,0,"1인샤브라 깔끔하게 혼자 먹을 수 있어요.양은 많지 않지만, 가격도 맛도 괜찮은편이에요버섯이 너무 귀엽게 미니미하게 들어있음 ㅎㅎ"
봄 나무,카페,예약 없이 이용,대기 시간 바로 입장,일상,혼자,디저트가 맛있어요,대화하기 좋아요,0,0,0,카페드리옹은 오픈때부터 본점으로 자주 다니던 곳이에요~~ 밀푀유가 맛있고 주변 시세(?)에 비하면 가격도 괜찮아요! 딸기밀푀유 추천합니다. 에끌레어도 맛있으니 추천해요 :) 헤이즐넛 에끌레어👍🏻
봄 나무,"카페,디저트",예약 없이 이용,대기 시간 바로 입장,친목,친구,인테리어가 멋져요,0,0,0,0,다들 어떻게 알고오는지 유명한가봐요ㅎㅎ미국 소도시에 있는 바 느낌나서 이국적이에요.주말엔 사람들 엄청 많아요! 솔티드 크림라떼는 적당히 달고 짜서 맛있어요~~ 말차크림라떼는 생각보다 말차향은 안나서 부드럽게 마실것같아요
봄 나무,"초밥,롤",예약 없이 이용,대기 시간 바로 입장,일상,혼자,음식이 맛있어요,0,0,0,0,자주 오는 스시로로오랜만에 회덮밥먹었는데 회 양도 많고 맛있어요~
봄 나무,한식,예약 후 이용,대기 시간 바로 입장,데이트,연인・배우자,매장이 넓어요,친절해요,매장이 청결해요,음식이 맛있어요,재료가 신선해요,대치에서부터 즐겨먹던 최가네! 성수에도 생겼다해서 방문했어요~~ 여기서도 맛볼수있어서 좋아용 넘 맛있어요!가게도 깨끗하고 다 깔끔해서 좋아요 :) 둘이 먹었는데 셋이 감탄하고 갑니다(?)ㅎㅎ
봄 나무,베이커리,예약 없이 이용,대기 시간 바로 입장,데이트,친구,인테리어가 멋져요,사진이 잘 나와요,매장이 청결해요,빵이 맛있어요,0,"지나가다 보기만 했었는데 첫 방문했어요!이미 유명한 맛집이더라구요?분위기도 좋은데, 베이글도 다 만족하고 갑니당~~토마토바질에이드는 신기한 맛인데 맛있어욤ㅎㅎ다음에 또 와서 이것저것 사가려구요~"
봄 나무,"카페,디저트",예약 없이 이용,대기 시간 바로 입장,친목,친구,인테리어가 멋져요,사진이 잘 나와요,매장이 청결해요,0,0,"뷰가 예뻐서 찾아왔어요~날씨좋았으면 더 퍼펙트할것같은데 그래듀 장마철에맑은날이라 다행이에요디저트는 까눌레랑 스콘, 브라우니, 티라미수, 바스크치즈케이크가 있어요 :) 뷰 맛집!"
봄 나무,"우동,소바",예약 없이 이용,대기 시간 바로 입장,나들이,친구,음식이 맛있어요,특별한 메뉴가 있어요,친절해요,0,0,예전부터 오고싶어서 저장해놓은 맛집미슐랭에 올라서 사람이 많아요.다행히 평일저녁에 웨이팅1번이었는데 7시이후부턴 사람들 엄청 많아지더라구요. 붓가케가 쫀득한 식감이라 진짜 맛있어요 튀김도 완전 바삭!! 또 갈거예요😉
봄 나무,카페,예약 없이 이용,대기 시간 바로 입장,데이트,연인・배우자,인테리어가 멋져요,매장이 청결해요,디저트가 맛있어요,특별한 메뉴가 있어요,0,오픈때부터 좋아했던 카페드리옹. 역시 밀푀유는 여기가 맛있어요🙌🏻 오랜만에 밀크티도 시켰는데 역시 부드럽네요~
봄 나무,카페,예약 없이 이용,대기 시간 바로 입장,나들이,혼자,인테리어가 멋져요,집중하기 좋아요,화장실이 깨끗해요,0,0,"그릭요거트 피치프라페 신메뉴 할인이라 시켜봤는데맛있어요!!!! 그릭요거트만 먹고는 음료에 넣는다는게안어울려 읭..?싶지만 아래는 요맘때맛도 나고, 섞어먹으면 잘 어울립니다. 다만, 라지시켰는데 양은 좀 맞춰주셨으면 좋겠네여 ㅠㅠ"
봄 나무,"카페,디저트",예약 없이 이용,대기 시간 바로 입장,데이트,연인・배우자,매장이 넓어요,오래 머무르기 좋아요,0,0,0,오랜만에 방문한 브라이언스 커피.2층은 처음 올라가봤는데엄청 넓은 자리들이 있더라구요~하지만 커피와 빵은 좀 아쉬웠어요 ㅠㅠ파운즈는 그냥 그렇고 마들렌은 포슬한 느낌이에요커피는 단걸 시켰는데 애매한 느낌이었어요 ㅠㅠ
봄 나무,"카페,디저트",예약 없이 이용,대기 시간 바로 입장,친목,친구,인테리어가 멋져요,매장이 넓어요,0,0,0,예전부터 분위기가 마음에 들어 와보고싶었던 심재.빵과 케이크가 예쁘고 먹음직스러워서 홀릴뻔..ㅋㅋ이 날은 디저트는 패스하고 아메리카노 마셨는데맛은 쏘쏘하고 양이 물컵만한 양이라 많이 아쉽네요 ㅠㅠ그래도 매장이 넓어서 좋았어요~~ (사람이 많아서 시끄러운거 참고하세요)
봄 나무,와인,예약 없이 이용,대기 시간 바로 입장,친목,친구,인테리어가 멋져요,술이 다양해요,가성비가 좋아요,0,0,"친구가 맛있다해서 방문한 축상분위기좋고, 안주 가성비가 좋아요!감베로니 파스타맛집이에요~사람이 많아서 예약하고 방문하시길 추천해요 :)"
봄 나무,"멕시코,남미음식",예약 없이 이용,대기 시간 바로 입장,친목,친구,음식이 맛있어요,혼밥하기 좋아요,컨셉이 독특해요,0,0,"지나다니면서 외관이 외국같이 예뻐서 눈길가던곳인데드디어 방문했습니다! 일단 맛있어요!!고민하다 피기스타코 시켰는데한피스씩 파는게 좋고, 요깃거리로 좋아요.외관은 미국 느낌이라면 내부는 멕시코 로드 타코집 분위기? 신기한 곳이에요 ㅎㅎ 맛있어서 다음에 또 가서 다른메뉴 시켜보려구요."
봄 나무,양식,예약 후 이용,대기 시간 바로 입장,일상,친척・형제,인테리어가 멋져요,아늑해요,대화하기 좋아요,음식이 맛있어요,친절해요,"컨템포러리 다이닝바 르베미. 분위기부터 맛, 서비스까지 코스처럼 즐기고 왔어요❤️ 단품으로 우대갈비스테이크, 관자스테이크, 해물토마토스튜먹었는데 싹싹 다 긁어먹었어요ㅋㅋ 양식셰프님과 일식셰프님의 콜라보를 보는 재미까지 있었답니다. 모두에게 추천해요 :)"
봄 나무,이자카야,예약 후 이용,대기 시간 바로 입장,데이트,연인・배우자,대화하기 좋아요,매장이 넓어요,술이 다양해요,화장실이 깨끗해요,룸이 잘 되어있어요,"프라이빗한 룸으로 되어있어서 이야기 나누기 딱이에요!술집 특유의 시끄러움이 없어서 만족스러웠어요~사시미, 나가사끼짬뽕, 차돌떡볶이 시켰는데 배터지게 먹었습니다ㅋㅋ 나가사끼짬뽕은 밥말아먹고싶게 만드는 국물이에요. 주차는 발렛이니 참고하세요 :)"
봄 나무,주꾸미요리,예약 없이 이용,대기 시간 바로 입장,일상,부모님,음식이 맛있어요,0,0,0,0,"몇년동안 굉장히 좋아하던 맛집인데 너무 비싸요매번 비싸다 생각했는데 2주만에 1천원씩 올랐더라구요.양은 점점 줄어들고, 가격은 점점 오르고맛은 예전만큼 못하고 (다른맛집들이 많이 생긴거일수도..)아쉽네요ㅠㅠ"
봄 나무,샤브샤브,예약 없이 이용,대기 시간 10분 이내 ,데이트,연인・배우자,음식이 맛있어요,재료가 신선해요,매장이 청결해요,0,0,"1인샤브라 깔끔하게 혼자 먹을 수 있어요.양은 많지 않지만, 가격도 맛도 괜찮은편이에요버섯이 너무 귀엽게 미니미하게 들어있음 ㅎㅎ"
봄 나무,카페,예약 없이 이용,대기 시간 바로 입장,일상,혼자,디저트가 맛있어요,대화하기 좋아요,0,0,0,카페드리옹은 오픈때부터 본점으로 자주 다니던 곳이에요~~ 밀푀유가 맛있고 주변 시세(?)에 비하면 가격도 괜찮아요! 딸기밀푀유 추천합니다. 에끌레어도 맛있으니 추천해요 :) 헤이즐넛 에끌레어👍🏻
봄 나무,"카페,디저트",예약 없이 이용,대기 시간 바로 입장,친목,친구,인테리어가 멋져요,0,0,0,0,다들 어떻게 알고오는지 유명한가봐요ㅎㅎ미국 소도시에 있는 바 느낌나서 이국적이에요.주말엔 사람들 엄청 많아요! 솔티드 크림라떼는 적당히 달고 짜서 맛있어요~~ 말차크림라떼는 생각보다 말차향은 안나서 부드럽게 마실것같아요
봄 나무,"초밥,롤",예약 없이 이용,대기 시간 바로 입장,일상,혼자,음식이 맛있어요,0,0,0,0,자주 오는 스시로로오랜만에 회덮밥먹었는데 회 양도 많고 맛있어요~
봄 나무,한식,예약 후 이용,대기 시간 바로 입장,데이트,연인・배우자,매장이 넓어요,친절해요,매장이 청결해요,음식이 맛있어요,재료가 신선해요,대치에서부터 즐겨먹던 최가네! 성수에도 생겼다해서 방문했어요~~ 여기서도 맛볼수있어서 좋아용 넘 맛있어요!가게도 깨끗하고 다 깔끔해서 좋아요 :) 둘이 먹었는데 셋이 감탄하고 갑니다(?)ㅎㅎ
봄 나무,베이커리,예약 없이 이용,대기 시간 바로 입장,데이트,친구,인테리어가 멋져요,사진이 잘 나와요,매장이 청결해요,빵이 맛있어요,0,"지나가다 보기만 했었는데 첫 방문했어요!이미 유명한 맛집이더라구요?분위기도 좋은데, 베이글도 다 만족하고 갑니당~~토마토바질에이드는 신기한 맛인데 맛있어욤ㅎㅎ다음에 또 와서 이것저것 사가려구요~"
봄 나무,"카페,디저트",예약 없이 이용,대기 시간 바로 입장,친목,친구,인테리어가 멋져요,사진이 잘 나와요,매장이 청결해요,0,0,"뷰가 예뻐서 찾아왔어요~날씨좋았으면 더 퍼펙트할것같은데 그래듀 장마철에맑은날이라 다행이에요디저트는 까눌레랑 스콘, 브라우니, 티라미수, 바스크치즈케이크가 있어요 :) 뷰 맛집!"
봄 나무,"우동,소바",예약 없이 이용,대기 시간 바로 입장,나들이,친구,음식이 맛있어요,특별한 메뉴가 있어요,친절해요,0,0,예전부터 오고싶어서 저장해놓은 맛집미슐랭에 올라서 사람이 많아요.다행히 평일저녁에 웨이팅1번이었는데 7시이후부턴 사람들 엄청 많아지더라구요. 붓가케가 쫀득한 식감이라 진짜 맛있어요 튀김도 완전 바삭!! 또 갈거예요😉
봄 나무,카페,예약 없이 이용,대기 시간 바로 입장,데이트,연인・배우자,인테리어가 멋져요,매장이 청결해요,디저트가 맛있어요,특별한 메뉴가 있어요,0,오픈때부터 좋아했던 카페드리옹. 역시 밀푀유는 여기가 맛있어요🙌🏻 오랜만에 밀크티도 시켰는데 역시 부드럽네요~
봄 나무,카페,예약 없이 이용,대기 시간 바로 입장,나들이,혼자,인테리어가 멋져요,집중하기 좋아요,화장실이 깨끗해요,0,0,"그릭요거트 피치프라페 신메뉴 할인이라 시켜봤는데맛있어요!!!! 그릭요거트만 먹고는 음료에 넣는다는게안어울려 읭..?싶지만 아래는 요맘때맛도 나고, 섞어먹으면 잘 어울립니다. 다만, 라지시켰는데 양은 좀 맞춰주셨으면 좋겠네여 ㅠㅠ"
봄 나무,"카페,디저트",예약 없이 이용,대기 시간 바로 입장,데이트,연인・배우자,매장이 넓어요,오래 머무르기 좋아요,0,0,0,오랜만에 방문한 브라이언스 커피.2층은 처음 올라가봤는데엄청 넓은 자리들이 있더라구요~하지만 커피와 빵은 좀 아쉬웠어요 ㅠㅠ파운즈는 그냥 그렇고 마들렌은 포슬한 느낌이에요커피는 단걸 시켰는데 애매한 느낌이었어요 ㅠㅠ
봄 나무,"카페,디저트",예약 없이 이용,대기 시간 바로 입장,친목,친구,인테리어가 멋져요,매장이 넓어요,0,0,0,예전부터 분위기가 마음에 들어 와보고싶었던 심재.빵과 케이크가 예쁘고 먹음직스러워서 홀릴뻔..ㅋㅋ이 날은 디저트는 패스하고 아메리카노 마셨는데맛은 쏘쏘하고 양이 물컵만한 양이라 많이 아쉽네요 ㅠㅠ그래도 매장이 넓어서 좋았어요~~ (사람이 많아서 시끄러운거 참고하세요)
봄 나무,와인,예약 없이 이용,대기 시간 바로 입장,친목,친구,인테리어가 멋져요,술이 다양해요,가성비가 좋아요,0,0,"친구가 맛있다해서 방문한 축상분위기좋고, 안주 가성비가 좋아요!감베로니 파스타맛집이에요~사람이 많아서 예약하고 방문하시길 추천해요 :)"
봄 나무,"멕시코,남미음식",예약 없이 이용,대기 시간 바로 입장,친목,친구,음식이 맛있어요,혼밥하기 좋아요,컨셉이 독특해요,0,0,"지나다니면서 외관이 외국같이 예뻐서 눈길가던곳인데드디어 방문했습니다! 일단 맛있어요!!고민하다 피기스타코 시켰는데한피스씩 파는게 좋고, 요깃거리로 좋아요.외관은 미국 느낌이라면 내부는 멕시코 로드 타코집 분위기? 신기한 곳이에요 ㅎㅎ 맛있어서 다음에 또 가서 다른메뉴 시켜보려구요."
