﻿nickname,restaurant,reservation,waiting,purpose,withwho,tagging_1,tagging_2,tagging_3,tagging_4,tagging_5,content
맛있는거는 못참아,카페,예약 없이 이용,대기 시간 바로 입장,일상,친구,가성비가 좋아요,건강한 맛이에요,메뉴 구성이 알차요,0,0,포케샐러드 샌드위치 맛있어요.가성비 좋아요~ 포케드레싱은 스리라차마요 추천해요!
맛있는거는 못참아,"치킨,닭강정",포장·배달 이용,대기 시간 바로 입장,일상,연인・배우자,양이 많아요,0,0,0,0,가성비좋아요. 숯불양념구이 먹다보니 매력있어요.우동사리도 양념 쏙 베어서 맛있어요~
맛있는거는 못참아,이자카야,예약 없이 이용,대기 시간 바로 입장,일상,"연인・배우자, 아이",음식이 맛있어요,특별한 메뉴가 있어요,재료가 신선해요,건강한 맛이에요,메뉴 구성이 알차요,"해산물 좋아하는 울가족!셋이서 막회, 돌멍게, 전복회, 광어초밥, 연어초밥까지 배부르게 먹고 갑니다.재료들이 다 신선해요. 전복내장도 비린맛이 없고 고소합니다~"
맛있는거는 못참아,"카페,디저트",예약 없이 이용,대기 시간 바로 입장,일상,친척・형제,커피가 맛있어요,특별한 메뉴가 있어요,0,0,0,아라비카 커피는 증말 최고~ 특히 라떼는 사랑이에요~
맛있는거는 못참아,종합패션,0,0,0,0,품질이 좋아요,가성비가 좋아요,종류가 다양해요,0,0,옴므 바디워시 클렌징 구입했어요~타매장에 재고 없었는데 여긴 있어서 바로 구매했어요
맛있는거는 못참아,베이커리,예약 없이 이용,대기 시간 바로 입장,일상,혼자,인테리어가 멋져요,친절해요,매장이 청결해요,빵이 맛있어요,특별한 메뉴가 있어요,식빵 촉촉하니 진짜 맛있어요.지인들에게도 선물했네요^^매장도 깔끔하고 사장님도 친절하셔요~
맛있는거는 못참아,"카페,디저트",예약 없이 이용,대기 시간 바로 입장,일상,친구,커피가 맛있어요,디저트가 맛있어요,0,0,0,무화과단호박 깜빠뉴 진짜 맛있네요~빵 종류 다 맛있는데 깜빠뉴 최고에요~
맛있는거는 못참아,"카페,디저트",예약 없이 이용,대기 시간 바로 입장,일상,친구,인테리어가 멋져요,대화하기 좋아요,디저트가 맛있어요,0,0,커피가 진한편은 아니에요.진한 라떼 좋아하는편이라 제입맛엔 별로네요ㅠ
맛있는거는 못참아,중식당,예약 없이 이용,대기 시간 2시간 이상,일상,친구,차분한 분위기에요,음식이 맛있어요,재료가 신선해요,특별한 메뉴가 있어요,건강한 맛이에요,"캐치테이블 성공 못해서 웨이팅!친구가 아침 7시도착했는데 대기 4번이었어요. 기대하던 동파육도 먹었는데 녹네요 녹아~느끼하지않고 담백했어요. 짬뽕은 차돌짬뽕만 돼서 먹었는데 진짜 깔끔!국물까지 싹싹 비우고 왔어요.쉐프님 돌면서 인사해주시고, 사진도 찍어주시고^^완전 친절하십니다. (모든직원이 친절)*참고하자면 남은 음식은 포장가능하나새음식은 포장 안돼요!"
맛있는거는 못참아,성곽문,예약 없이 이용,대기 시간 바로 입장,나들이,친구,산책로가 잘 되어있어요,규모가 커요,뷰가 좋아요,방문객이 많아요,0,가을의 정취를 잘 느끼고 왔습니다.산책로가 잘 되어있네요~
맛있는거는 못참아,"육류,고기요리",예약 없이 이용,대기 시간 바로 입장,일상,"연인・배우자, 아이",음식이 맛있어요,가성비가 좋아요,잡내가 적어요,메뉴 구성이 알차요,0,냉삼 맛있게 먹고갑니다~ 가성비 좋아요!직원분들 친절하시고 셀프바 있어서 더 좋은거 같아요~
맛있는거는 못참아,카페,예약 없이 이용,대기 시간 바로 입장,일상,친구,가성비가 좋아요,건강한 맛이에요,메뉴 구성이 알차요,0,0,포케샐러드 샌드위치 맛있어요.가성비 좋아요~ 포케드레싱은 스리라차마요 추천해요!
맛있는거는 못참아,"치킨,닭강정",포장·배달 이용,대기 시간 바로 입장,일상,연인・배우자,양이 많아요,0,0,0,0,가성비좋아요. 숯불양념구이 먹다보니 매력있어요.우동사리도 양념 쏙 베어서 맛있어요~
맛있는거는 못참아,이자카야,예약 없이 이용,대기 시간 바로 입장,일상,"연인・배우자, 아이",음식이 맛있어요,특별한 메뉴가 있어요,재료가 신선해요,건강한 맛이에요,메뉴 구성이 알차요,"해산물 좋아하는 울가족!셋이서 막회, 돌멍게, 전복회, 광어초밥, 연어초밥까지 배부르게 먹고 갑니다.재료들이 다 신선해요. 전복내장도 비린맛이 없고 고소합니다~"
맛있는거는 못참아,"카페,디저트",예약 없이 이용,대기 시간 바로 입장,일상,친척・형제,커피가 맛있어요,특별한 메뉴가 있어요,0,0,0,아라비카 커피는 증말 최고~ 특히 라떼는 사랑이에요~
맛있는거는 못참아,종합패션,0,0,0,0,품질이 좋아요,가성비가 좋아요,종류가 다양해요,0,0,옴므 바디워시 클렌징 구입했어요~타매장에 재고 없었는데 여긴 있어서 바로 구매했어요
맛있는거는 못참아,베이커리,예약 없이 이용,대기 시간 바로 입장,일상,혼자,인테리어가 멋져요,친절해요,매장이 청결해요,빵이 맛있어요,특별한 메뉴가 있어요,식빵 촉촉하니 진짜 맛있어요.지인들에게도 선물했네요^^매장도 깔끔하고 사장님도 친절하셔요~
맛있는거는 못참아,"카페,디저트",예약 없이 이용,대기 시간 바로 입장,일상,친구,커피가 맛있어요,디저트가 맛있어요,0,0,0,무화과단호박 깜빠뉴 진짜 맛있네요~빵 종류 다 맛있는데 깜빠뉴 최고에요~
맛있는거는 못참아,"카페,디저트",예약 없이 이용,대기 시간 바로 입장,일상,친구,인테리어가 멋져요,대화하기 좋아요,디저트가 맛있어요,0,0,커피가 진한편은 아니에요.진한 라떼 좋아하는편이라 제입맛엔 별로네요ㅠ
맛있는거는 못참아,중식당,예약 없이 이용,대기 시간 2시간 이상,일상,친구,차분한 분위기에요,음식이 맛있어요,재료가 신선해요,특별한 메뉴가 있어요,건강한 맛이에요,"캐치테이블 성공 못해서 웨이팅!친구가 아침 7시도착했는데 대기 4번이었어요. 기대하던 동파육도 먹었는데 녹네요 녹아~느끼하지않고 담백했어요. 짬뽕은 차돌짬뽕만 돼서 먹었는데 진짜 깔끔!국물까지 싹싹 비우고 왔어요.쉐프님 돌면서 인사해주시고, 사진도 찍어주시고^^완전 친절하십니다. (모든직원이 친절)*참고하자면 남은 음식은 포장가능하나새음식은 포장 안돼요!"
맛있는거는 못참아,성곽문,예약 없이 이용,대기 시간 바로 입장,나들이,친구,산책로가 잘 되어있어요,규모가 커요,뷰가 좋아요,방문객이 많아요,0,가을의 정취를 잘 느끼고 왔습니다.산책로가 잘 되어있네요~
맛있는거는 못참아,"육류,고기요리",예약 없이 이용,대기 시간 바로 입장,일상,"연인・배우자, 아이",음식이 맛있어요,가성비가 좋아요,잡내가 적어요,메뉴 구성이 알차요,0,냉삼 맛있게 먹고갑니다~ 가성비 좋아요!직원분들 친절하시고 셀프바 있어서 더 좋은거 같아요~
맛있는거는 못참아,카페,예약 없이 이용,대기 시간 바로 입장,일상,친구,가성비가 좋아요,건강한 맛이에요,메뉴 구성이 알차요,0,0,포케샐러드 샌드위치 맛있어요.가성비 좋아요~ 포케드레싱은 스리라차마요 추천해요!
맛있는거는 못참아,"치킨,닭강정",포장·배달 이용,대기 시간 바로 입장,일상,연인・배우자,양이 많아요,0,0,0,0,가성비좋아요. 숯불양념구이 먹다보니 매력있어요.우동사리도 양념 쏙 베어서 맛있어요~
맛있는거는 못참아,이자카야,예약 없이 이용,대기 시간 바로 입장,일상,"연인・배우자, 아이",음식이 맛있어요,특별한 메뉴가 있어요,재료가 신선해요,건강한 맛이에요,메뉴 구성이 알차요,"해산물 좋아하는 울가족!셋이서 막회, 돌멍게, 전복회, 광어초밥, 연어초밥까지 배부르게 먹고 갑니다.재료들이 다 신선해요. 전복내장도 비린맛이 없고 고소합니다~"
맛있는거는 못참아,"카페,디저트",예약 없이 이용,대기 시간 바로 입장,일상,친척・형제,커피가 맛있어요,특별한 메뉴가 있어요,0,0,0,아라비카 커피는 증말 최고~ 특히 라떼는 사랑이에요~
맛있는거는 못참아,종합패션,0,0,0,0,품질이 좋아요,가성비가 좋아요,종류가 다양해요,0,0,옴므 바디워시 클렌징 구입했어요~타매장에 재고 없었는데 여긴 있어서 바로 구매했어요
맛있는거는 못참아,베이커리,예약 없이 이용,대기 시간 바로 입장,일상,혼자,인테리어가 멋져요,친절해요,매장이 청결해요,빵이 맛있어요,특별한 메뉴가 있어요,식빵 촉촉하니 진짜 맛있어요.지인들에게도 선물했네요^^매장도 깔끔하고 사장님도 친절하셔요~
맛있는거는 못참아,"카페,디저트",예약 없이 이용,대기 시간 바로 입장,일상,친구,커피가 맛있어요,디저트가 맛있어요,0,0,0,무화과단호박 깜빠뉴 진짜 맛있네요~빵 종류 다 맛있는데 깜빠뉴 최고에요~
맛있는거는 못참아,"카페,디저트",예약 없이 이용,대기 시간 바로 입장,일상,친구,인테리어가 멋져요,대화하기 좋아요,디저트가 맛있어요,0,0,커피가 진한편은 아니에요.진한 라떼 좋아하는편이라 제입맛엔 별로네요ㅠ
맛있는거는 못참아,중식당,예약 없이 이용,대기 시간 2시간 이상,일상,친구,차분한 분위기에요,음식이 맛있어요,재료가 신선해요,특별한 메뉴가 있어요,건강한 맛이에요,"캐치테이블 성공 못해서 웨이팅!친구가 아침 7시도착했는데 대기 4번이었어요. 기대하던 동파육도 먹었는데 녹네요 녹아~느끼하지않고 담백했어요. 짬뽕은 차돌짬뽕만 돼서 먹었는데 진짜 깔끔!국물까지 싹싹 비우고 왔어요.쉐프님 돌면서 인사해주시고, 사진도 찍어주시고^^완전 친절하십니다. (모든직원이 친절)*참고하자면 남은 음식은 포장가능하나새음식은 포장 안돼요!"
맛있는거는 못참아,성곽문,예약 없이 이용,대기 시간 바로 입장,나들이,친구,산책로가 잘 되어있어요,규모가 커요,뷰가 좋아요,방문객이 많아요,0,가을의 정취를 잘 느끼고 왔습니다.산책로가 잘 되어있네요~
맛있는거는 못참아,"육류,고기요리",예약 없이 이용,대기 시간 바로 입장,일상,"연인・배우자, 아이",음식이 맛있어요,가성비가 좋아요,잡내가 적어요,메뉴 구성이 알차요,0,냉삼 맛있게 먹고갑니다~ 가성비 좋아요!직원분들 친절하시고 셀프바 있어서 더 좋은거 같아요~
맛있는거는 못참아,카페,예약 없이 이용,대기 시간 바로 입장,일상,친구,가성비가 좋아요,건강한 맛이에요,메뉴 구성이 알차요,0,0,포케샐러드 샌드위치 맛있어요.가성비 좋아요~ 포케드레싱은 스리라차마요 추천해요!
맛있는거는 못참아,"치킨,닭강정",포장·배달 이용,대기 시간 바로 입장,일상,연인・배우자,양이 많아요,0,0,0,0,가성비좋아요. 숯불양념구이 먹다보니 매력있어요.우동사리도 양념 쏙 베어서 맛있어요~
맛있는거는 못참아,이자카야,예약 없이 이용,대기 시간 바로 입장,일상,"연인・배우자, 아이",음식이 맛있어요,특별한 메뉴가 있어요,재료가 신선해요,건강한 맛이에요,메뉴 구성이 알차요,"해산물 좋아하는 울가족!셋이서 막회, 돌멍게, 전복회, 광어초밥, 연어초밥까지 배부르게 먹고 갑니다.재료들이 다 신선해요. 전복내장도 비린맛이 없고 고소합니다~"
맛있는거는 못참아,"카페,디저트",예약 없이 이용,대기 시간 바로 입장,일상,친척・형제,커피가 맛있어요,특별한 메뉴가 있어요,0,0,0,아라비카 커피는 증말 최고~ 특히 라떼는 사랑이에요~
맛있는거는 못참아,종합패션,0,0,0,0,품질이 좋아요,가성비가 좋아요,종류가 다양해요,0,0,옴므 바디워시 클렌징 구입했어요~타매장에 재고 없었는데 여긴 있어서 바로 구매했어요
맛있는거는 못참아,베이커리,예약 없이 이용,대기 시간 바로 입장,일상,혼자,인테리어가 멋져요,친절해요,매장이 청결해요,빵이 맛있어요,특별한 메뉴가 있어요,식빵 촉촉하니 진짜 맛있어요.지인들에게도 선물했네요^^매장도 깔끔하고 사장님도 친절하셔요~
맛있는거는 못참아,"카페,디저트",예약 없이 이용,대기 시간 바로 입장,일상,친구,커피가 맛있어요,디저트가 맛있어요,0,0,0,무화과단호박 깜빠뉴 진짜 맛있네요~빵 종류 다 맛있는데 깜빠뉴 최고에요~
맛있는거는 못참아,"카페,디저트",예약 없이 이용,대기 시간 바로 입장,일상,친구,인테리어가 멋져요,대화하기 좋아요,디저트가 맛있어요,0,0,커피가 진한편은 아니에요.진한 라떼 좋아하는편이라 제입맛엔 별로네요ㅠ
맛있는거는 못참아,중식당,예약 없이 이용,대기 시간 2시간 이상,일상,친구,차분한 분위기에요,음식이 맛있어요,재료가 신선해요,특별한 메뉴가 있어요,건강한 맛이에요,"캐치테이블 성공 못해서 웨이팅!친구가 아침 7시도착했는데 대기 4번이었어요. 기대하던 동파육도 먹었는데 녹네요 녹아~느끼하지않고 담백했어요. 짬뽕은 차돌짬뽕만 돼서 먹었는데 진짜 깔끔!국물까지 싹싹 비우고 왔어요.쉐프님 돌면서 인사해주시고, 사진도 찍어주시고^^완전 친절하십니다. (모든직원이 친절)*참고하자면 남은 음식은 포장가능하나새음식은 포장 안돼요!"
맛있는거는 못참아,성곽문,예약 없이 이용,대기 시간 바로 입장,나들이,친구,산책로가 잘 되어있어요,규모가 커요,뷰가 좋아요,방문객이 많아요,0,가을의 정취를 잘 느끼고 왔습니다.산책로가 잘 되어있네요~
맛있는거는 못참아,"육류,고기요리",예약 없이 이용,대기 시간 바로 입장,일상,"연인・배우자, 아이",음식이 맛있어요,가성비가 좋아요,잡내가 적어요,메뉴 구성이 알차요,0,냉삼 맛있게 먹고갑니다~ 가성비 좋아요!직원분들 친절하시고 셀프바 있어서 더 좋은거 같아요~
맛있는거는 못참아,카페,예약 없이 이용,대기 시간 바로 입장,일상,친구,가성비가 좋아요,건강한 맛이에요,메뉴 구성이 알차요,0,0,포케샐러드 샌드위치 맛있어요.가성비 좋아요~ 포케드레싱은 스리라차마요 추천해요!
맛있는거는 못참아,"치킨,닭강정",포장·배달 이용,대기 시간 바로 입장,일상,연인・배우자,양이 많아요,0,0,0,0,가성비좋아요. 숯불양념구이 먹다보니 매력있어요.우동사리도 양념 쏙 베어서 맛있어요~
맛있는거는 못참아,이자카야,예약 없이 이용,대기 시간 바로 입장,일상,"연인・배우자, 아이",음식이 맛있어요,특별한 메뉴가 있어요,재료가 신선해요,건강한 맛이에요,메뉴 구성이 알차요,"해산물 좋아하는 울가족!셋이서 막회, 돌멍게, 전복회, 광어초밥, 연어초밥까지 배부르게 먹고 갑니다.재료들이 다 신선해요. 전복내장도 비린맛이 없고 고소합니다~"
맛있는거는 못참아,"카페,디저트",예약 없이 이용,대기 시간 바로 입장,일상,친척・형제,커피가 맛있어요,특별한 메뉴가 있어요,0,0,0,아라비카 커피는 증말 최고~ 특히 라떼는 사랑이에요~
맛있는거는 못참아,종합패션,0,0,0,0,품질이 좋아요,가성비가 좋아요,종류가 다양해요,0,0,옴므 바디워시 클렌징 구입했어요~타매장에 재고 없었는데 여긴 있어서 바로 구매했어요
맛있는거는 못참아,베이커리,예약 없이 이용,대기 시간 바로 입장,일상,혼자,인테리어가 멋져요,친절해요,매장이 청결해요,빵이 맛있어요,특별한 메뉴가 있어요,식빵 촉촉하니 진짜 맛있어요.지인들에게도 선물했네요^^매장도 깔끔하고 사장님도 친절하셔요~
