﻿nickname,restaurant,reservation,waiting,purpose,withwho,tagging_1,tagging_2,tagging_3,tagging_4,tagging_5,content
DEJAVU,"카페,디저트",예약 없이 이용,대기 시간 바로 입장,데이트,연인・배우자,커피가 맛있어요,0,0,0,0,"강문 해변에 있는 큰 카페입니다! 빵 종류가 많고 뷰가 이뻐요~ 아아랑 오늘의 커피 했는데 아아는 평범한 고소하고 산미 없는 맛인데, 오늘의 커피가 맛있네요! 산미가 약간 있고 베리향이 두드러져서 좋았어요. 잠봉 덴마크도 맛있어용!!"
DEJAVU,양식,예약 후 이용,대기 시간 바로 입장,데이트,연인・배우자,음식이 맛있어요,친절해요,음식이 빨리 나와요,0,0,"오후 5시반에 캐치테이블로 미리 예약하고 놀다가 방문했는데 3시간 걸렸어요 ㅎㄷㄷ.. 실제는 30분 정도 기다렸는데 맛있었어요!~ 뇨끼에 견과류 약간 들어간게 잘 어울리고 리조또에 고수도 특이한데 어울리네요, 잠봉뵈르 파스타도 굳!"
DEJAVU,이탈리아음식,예약 없이 이용,대기 시간 바로 입장,데이트,연인・배우자,음식이 맛있어요,인테리어가 멋져요,매장이 청결해요,0,0,"파스타는 조금 짭짤한데 미나리랑 조개랑 면이랑 잘 어울려서 맛있어요! 라자냐는 간도 적당하고 치즈 많아서 굿, 맛있게 잘 먹었어요~~"
DEJAVU,"카페,디저트",예약 없이 이용,대기 시간 바로 입장,여행,혼자,커피가 맛있어요,친절해요,매장이 청결해요,0,0,혼여 왔다가 가려던 카페가 닫아서 주변에 늦게까지 하는 좀 특별(?)한 커피숍을 찾아서 왔습니다. 약간 산미있는 커피와 레몬 마들렌 맛있었어요! 커피 원두 종류는 바뀌는 것 같네요~ 근데 다른 분들 사진 보니까 원두 카드를 까먹으셨나봐요 아쉽 ㅠ 잘 있다 갔습니다!
DEJAVU,라면,예약 후 이용,대기 시간 바로 입장,여행,혼자,음식이 맛있어요,양이 많아요,친절해요,매장이 청결해요,0,"원래 아침 안 먹는데 여행이라 먹은 아침..!오리지널 빨간데 막 맵진 않았고, 시원한 고기 육수맛? 면이 겁나 꼬들하고 맛있었어요!밥은 약간 독특한 향이 은은하게 나고, 면 다 먹어도 고기건더기가 많아서 밥 말아먹기 좋았어요!"
DEJAVU,"순대,순댓국",예약 없이 이용,대기 시간 바로 입장,데이트,연인・배우자,음식이 맛있어요,양이 많아요,매장이 넓어요,혼밥하기 좋아요,0,"삼겹수육이랑 곱창 시켰어요~먼저 수저 받침종이가 있어서 굿,둘 다 간이 되서 나오고 곱창은 매우니 맵찔이분들은 조심..순대도 맛있네요~식혜 슬러시 좀 달긴한데 시원해서 좋아요맛있게 잘 먹었어요!"
DEJAVU,양식,예약 없이 이용,대기 시간 바로 입장,데이트,연인・배우자,음식이 맛있어요,재료가 신선해요,0,0,0,"맛있게 잘 먹었어요, 생면이랑 뇨끼 둘 다 쫄깃하니 괜찮았어요~!"
DEJAVU,일본식라면,예약 없이 이용,대기 시간 바로 입장,"일상, 가족모임",친척・형제,특별한 메뉴가 있어요,혼밥하기 좋아요,매장이 청결해요,0,0,"매운 라멘 메콤해서 입맛에 맞네용, 맛있게 잘 먹었어요~"
DEJAVU,일본식라면,예약 없이 이용,대기 시간 바로 입장,일상,혼자,음식이 맛있어요,양이 많아요,아늑해요,친절해요,0,"테이블도 있고 1인석도 있어서 좋아요~ 다른 댓처럼 1인석 쪽이 약간 덜 시원하긴 한데 전 괜찮았어요! 냉소바 세트(면 + 미니부타동)로 시켰는데 생각보다 양이 많더라구요, 다 먹으니까 엄청 배불러요! 소바는 시원달달하니 맛있었고 미니 부타동도 불맛나는 고기에 밥도 잘 지어진 것 같았어요~ 못 보던 라멘집이길래 와봤는데 다음에 기회되면 라멘도 먹어봐야겠네요 ㅎㅎ"
DEJAVU,중식당,예약 없이 이용,대기 시간 바로 입장,데이트,연인・배우자,음식이 맛있어요,재료가 신선해요,특별한 메뉴가 있어요,0,0,"아쉽게도 매콤탄탄멘이랑 동파육 둘 다 없었어요 ㅠㅠ 탄탄멘은 자극적이지 않고 고소한 견과류맛이 나서 좋았어요, 마파두부밥도 색 같이 맵지 않고 향신료향이 안 세며 두부가 연해서 잘 먹었어요, 계란국도 같이 나와서 좋아요, 가지탕수도 겉바속촉해서 맛있어요!"
DEJAVU,일본식라면,예약 없이 이용,대기 시간 바로 입장,일상,혼자,음식이 맛있어요,혼밥하기 좋아요,음식이 빨리 나와요,0,0,"국물은 약간 걸쭉하면서 매콤하고, 차슈는 약간 달달하면서 탄탄해요~ 간만에 혼밥 했는데 맛있게 먹었어요~"
DEJAVU,돼지고기구이,예약 없이 이용,대기 시간 바로 입장,데이트,연인・배우자,음식이 맛있어요,고기 질이 좋아요,반찬이 잘 나와요,매장이 청결해요,친절해요,"리뷰가 다 호평일색이라 좀 반신반의했는데, 와봤던 비슷한 가격대 고기 무한리필중에서 젤 괜찮네요! 고기 질도 좋고 뼈구이도 있고, 심지어 사이드들도 맛있어요! 테이블이랑 실내도 청결해서 좋아요~ 기대이상이라 다음에 또 올 것 같아요"
DEJAVU,샤브샤브,예약 없이 이용,대기 시간 바로 입장,가족모임,친척・형제,음식이 맛있어요,재료가 신선해요,매장이 넓어요,친절해요,아이와 가기 좋아요,"편백찜 15분 기다리고 먹고 난 다음, 통을 빼고 샤브샤브를 먹는 방식이예요! 재료도 신선하고 맛있고  월남쌈도 굿! 할머니도 모시고 왔는데 야채가 많아서 좋아하시네요~!"
DEJAVU,피자,예약 없이 이용,대기 시간 바로 입장,데이트,연인・배우자,음식이 맛있어요,재료가 신선해요,가성비가 좋아요,메뉴 구성이 알차요,친절해요,"예전에 가보려고 했는데 닫아서 못가봤다가, 요번에 가보게 되었어요. 저렴하고 사장님이 친절하세요! 스테이크나 파스타 시키면 따뜻한 식전빵이랑 샐러드가 나와요, 찹 스테이크&볶음밥은 막판에 기름이 약간 많았지만, 간도 적당하고 양도 좋았어요 . 크림새우 파스타도 꾸덕하고, 진하고, 새우도 탱글탱글했어요! 평점이 3점대라서 의아했는데 몇 개 없는 평점에 20년 11월 3일에 세 명이 똑같이 3.5점준거 보니 더 이상... 갠적으론 가격 비슷한 롤링파스타보다 나은 듯해요! 나중에 딴거 먹어보러 또 갈 듯!"
DEJAVU,0,0,0,0,0,혼밥하기 좋아요,0,0,0,0,스테이크 덮밥은 스테이크가 방금 구운게 아닌건지 식어서 밥보다 차고 스테이크 맛도 안 느껴졌어요. 목살은 뜨겁게 나왔는데 옆에 같이 놔둔 양파 초절임을 국물 잔뜩 머금어서 올린건지 밥 아래 초절임 국물때문에 초밥 밥이랑 같이 먹는 줄..하여튼 다시 올일 없을 듯 합니다
DEJAVU,인테리어소품,0,0,0,0,커피가 맛있어요,음료가 맛있어요,대화하기 좋아요,차분한 분위기에요,친절해요,딸기파티 먹어봤는데 달달하고 맛있어요! 소품들도 귀엽고 냥이도 도도하고 귀여워요~
DEJAVU,"전시,행사대행",0,0,0,0,0,0,0,0,0,"전시기간이 이틀이라 사람이 토요일에 몰릴 수 밖에 없기에, 두 시 쯤 갔는데 줄이 족히 500명은 넘어보였음. 티켓 배부줄이라 빨라서 45분정도 기다려서 들어가긴했지만, 이 줄이 박람회줄이 맞는지 안내해주는 분이나 표시가 없었음. 안에도 사람이 많아서 시음줄은 길면 30분정도 기다려야 함. 다양한 술을 맛볼 수 있는건 좋았는데 다음에 비슷한 박람회 온다면 꼭 평일에 오겠음..."
DEJAVU,"카페,디저트",예약 없이 이용,대기 시간 바로 입장,데이트,연인・배우자,커피가 맛있어요,0,0,0,0,"강문 해변에 있는 큰 카페입니다! 빵 종류가 많고 뷰가 이뻐요~ 아아랑 오늘의 커피 했는데 아아는 평범한 고소하고 산미 없는 맛인데, 오늘의 커피가 맛있네요! 산미가 약간 있고 베리향이 두드러져서 좋았어요. 잠봉 덴마크도 맛있어용!!"
DEJAVU,양식,예약 후 이용,대기 시간 바로 입장,데이트,연인・배우자,음식이 맛있어요,친절해요,음식이 빨리 나와요,0,0,"오후 5시반에 캐치테이블로 미리 예약하고 놀다가 방문했는데 3시간 걸렸어요 ㅎㄷㄷ.. 실제는 30분 정도 기다렸는데 맛있었어요!~ 뇨끼에 견과류 약간 들어간게 잘 어울리고 리조또에 고수도 특이한데 어울리네요, 잠봉뵈르 파스타도 굳!"
DEJAVU,이탈리아음식,예약 없이 이용,대기 시간 바로 입장,데이트,연인・배우자,음식이 맛있어요,인테리어가 멋져요,매장이 청결해요,0,0,"파스타는 조금 짭짤한데 미나리랑 조개랑 면이랑 잘 어울려서 맛있어요! 라자냐는 간도 적당하고 치즈 많아서 굿, 맛있게 잘 먹었어요~~"
DEJAVU,"카페,디저트",예약 없이 이용,대기 시간 바로 입장,여행,혼자,커피가 맛있어요,친절해요,매장이 청결해요,0,0,혼여 왔다가 가려던 카페가 닫아서 주변에 늦게까지 하는 좀 특별(?)한 커피숍을 찾아서 왔습니다. 약간 산미있는 커피와 레몬 마들렌 맛있었어요! 커피 원두 종류는 바뀌는 것 같네요~ 근데 다른 분들 사진 보니까 원두 카드를 까먹으셨나봐요 아쉽 ㅠ 잘 있다 갔습니다!
DEJAVU,라면,예약 후 이용,대기 시간 바로 입장,여행,혼자,음식이 맛있어요,양이 많아요,친절해요,매장이 청결해요,0,"원래 아침 안 먹는데 여행이라 먹은 아침..!오리지널 빨간데 막 맵진 않았고, 시원한 고기 육수맛? 면이 겁나 꼬들하고 맛있었어요!밥은 약간 독특한 향이 은은하게 나고, 면 다 먹어도 고기건더기가 많아서 밥 말아먹기 좋았어요!"
DEJAVU,"순대,순댓국",예약 없이 이용,대기 시간 바로 입장,데이트,연인・배우자,음식이 맛있어요,양이 많아요,매장이 넓어요,혼밥하기 좋아요,0,"삼겹수육이랑 곱창 시켰어요~먼저 수저 받침종이가 있어서 굿,둘 다 간이 되서 나오고 곱창은 매우니 맵찔이분들은 조심..순대도 맛있네요~식혜 슬러시 좀 달긴한데 시원해서 좋아요맛있게 잘 먹었어요!"
DEJAVU,양식,예약 없이 이용,대기 시간 바로 입장,데이트,연인・배우자,음식이 맛있어요,재료가 신선해요,0,0,0,"맛있게 잘 먹었어요, 생면이랑 뇨끼 둘 다 쫄깃하니 괜찮았어요~!"
DEJAVU,일본식라면,예약 없이 이용,대기 시간 바로 입장,"일상, 가족모임",친척・형제,특별한 메뉴가 있어요,혼밥하기 좋아요,매장이 청결해요,0,0,"매운 라멘 메콤해서 입맛에 맞네용, 맛있게 잘 먹었어요~"
DEJAVU,일본식라면,예약 없이 이용,대기 시간 바로 입장,일상,혼자,음식이 맛있어요,양이 많아요,아늑해요,친절해요,0,"테이블도 있고 1인석도 있어서 좋아요~ 다른 댓처럼 1인석 쪽이 약간 덜 시원하긴 한데 전 괜찮았어요! 냉소바 세트(면 + 미니부타동)로 시켰는데 생각보다 양이 많더라구요, 다 먹으니까 엄청 배불러요! 소바는 시원달달하니 맛있었고 미니 부타동도 불맛나는 고기에 밥도 잘 지어진 것 같았어요~ 못 보던 라멘집이길래 와봤는데 다음에 기회되면 라멘도 먹어봐야겠네요 ㅎㅎ"
DEJAVU,중식당,예약 없이 이용,대기 시간 바로 입장,데이트,연인・배우자,음식이 맛있어요,재료가 신선해요,특별한 메뉴가 있어요,0,0,"아쉽게도 매콤탄탄멘이랑 동파육 둘 다 없었어요 ㅠㅠ 탄탄멘은 자극적이지 않고 고소한 견과류맛이 나서 좋았어요, 마파두부밥도 색 같이 맵지 않고 향신료향이 안 세며 두부가 연해서 잘 먹었어요, 계란국도 같이 나와서 좋아요, 가지탕수도 겉바속촉해서 맛있어요!"
DEJAVU,일본식라면,예약 없이 이용,대기 시간 바로 입장,일상,혼자,음식이 맛있어요,혼밥하기 좋아요,음식이 빨리 나와요,0,0,"국물은 약간 걸쭉하면서 매콤하고, 차슈는 약간 달달하면서 탄탄해요~ 간만에 혼밥 했는데 맛있게 먹었어요~"
DEJAVU,돼지고기구이,예약 없이 이용,대기 시간 바로 입장,데이트,연인・배우자,음식이 맛있어요,고기 질이 좋아요,반찬이 잘 나와요,매장이 청결해요,친절해요,"리뷰가 다 호평일색이라 좀 반신반의했는데, 와봤던 비슷한 가격대 고기 무한리필중에서 젤 괜찮네요! 고기 질도 좋고 뼈구이도 있고, 심지어 사이드들도 맛있어요! 테이블이랑 실내도 청결해서 좋아요~ 기대이상이라 다음에 또 올 것 같아요"
DEJAVU,샤브샤브,예약 없이 이용,대기 시간 바로 입장,가족모임,친척・형제,음식이 맛있어요,재료가 신선해요,매장이 넓어요,친절해요,아이와 가기 좋아요,"편백찜 15분 기다리고 먹고 난 다음, 통을 빼고 샤브샤브를 먹는 방식이예요! 재료도 신선하고 맛있고  월남쌈도 굿! 할머니도 모시고 왔는데 야채가 많아서 좋아하시네요~!"
DEJAVU,피자,예약 없이 이용,대기 시간 바로 입장,데이트,연인・배우자,음식이 맛있어요,재료가 신선해요,가성비가 좋아요,메뉴 구성이 알차요,친절해요,"예전에 가보려고 했는데 닫아서 못가봤다가, 요번에 가보게 되었어요. 저렴하고 사장님이 친절하세요! 스테이크나 파스타 시키면 따뜻한 식전빵이랑 샐러드가 나와요, 찹 스테이크&볶음밥은 막판에 기름이 약간 많았지만, 간도 적당하고 양도 좋았어요 . 크림새우 파스타도 꾸덕하고, 진하고, 새우도 탱글탱글했어요! 평점이 3점대라서 의아했는데 몇 개 없는 평점에 20년 11월 3일에 세 명이 똑같이 3.5점준거 보니 더 이상... 갠적으론 가격 비슷한 롤링파스타보다 나은 듯해요! 나중에 딴거 먹어보러 또 갈 듯!"
DEJAVU,0,0,0,0,0,혼밥하기 좋아요,0,0,0,0,스테이크 덮밥은 스테이크가 방금 구운게 아닌건지 식어서 밥보다 차고 스테이크 맛도 안 느껴졌어요. 목살은 뜨겁게 나왔는데 옆에 같이 놔둔 양파 초절임을 국물 잔뜩 머금어서 올린건지 밥 아래 초절임 국물때문에 초밥 밥이랑 같이 먹는 줄..하여튼 다시 올일 없을 듯 합니다
DEJAVU,인테리어소품,0,0,0,0,커피가 맛있어요,음료가 맛있어요,대화하기 좋아요,차분한 분위기에요,친절해요,딸기파티 먹어봤는데 달달하고 맛있어요! 소품들도 귀엽고 냥이도 도도하고 귀여워요~
DEJAVU,"전시,행사대행",0,0,0,0,0,0,0,0,0,"전시기간이 이틀이라 사람이 토요일에 몰릴 수 밖에 없기에, 두 시 쯤 갔는데 줄이 족히 500명은 넘어보였음. 티켓 배부줄이라 빨라서 45분정도 기다려서 들어가긴했지만, 이 줄이 박람회줄이 맞는지 안내해주는 분이나 표시가 없었음. 안에도 사람이 많아서 시음줄은 길면 30분정도 기다려야 함. 다양한 술을 맛볼 수 있는건 좋았는데 다음에 비슷한 박람회 온다면 꼭 평일에 오겠음..."
DEJAVU,마라탕,0,0,0,0,혼밥하기 좋아요,친절해요,매장이 청결해요,가성비가 좋아요,0,요 주변에 마라탕집이 네 군데인가 있던데 고기 2천원인거 보고 첫번째로 와봤어요! 내부 깔끔하고 주방도 다 보이는형태이던데 깔끔하더라고요!  가격은 1800이라 보통 1600인 다른곳보다 아주 약간 비싸지만 고기가 2천원이라 천원이나 싸서 상쇄시키고도 남아요 ㅋㅋㅋㅋㅋㅋ 전 매운걸 좋아해서 3단계로 시켰는데 딱 적당히 매워요! 2단계는 아쉬울뻔~ 맛있어용
DEJAVU,일본식라면,0,0,0,0,매장이 청결해요,친절해요,혼밥하기 좋아요,재료가 신선해요,0,집 근처에 라멘집이 생겼길래 와봤어요! 카라이라멘은 매콤하고 맛있어요! 가라아게는 방금 튀겨나오니 역시 뜨끈뜨끈 촉촉하네요~ 잘 먹었어요!
DEJAVU,카페,0,0,0,0,디저트가 맛있어요,커피가 맛있어요,인테리어가 멋져요,대화하기 좋아요,친절해요,"여자친구가 레오제이 친구분이 하는 곳이라고 해서 찾아왔어요 ㅋㅋㅋㅋㅋㅋㅋㅋ 아이스크림이 신기하게 생겼더라고요, 맛도 괜찮고 인테리어도 예뻤어요"
DEJAVU,돈가스,0,0,0,0,친절해요,특별한 메뉴가 있어요,음식이 맛있어요,가성비가 좋아요,재료가 신선해요,운이 좋았는지 토요일이였는데 웨이팅 5분했나? 정말 별로 안 하고 들어갔어요. 여긴 진짜 존맛탱....튀김옷은 얇지만 바삭하고 고기는 히레 로스 치킨까지 전부 부드럽고 맛있었어요. 로즈마리 올리브유인가 그것도 특색있었네요! 로스는 히레보다 약간 기름진 느낌이였어요. 위시리스트에 넣어놨었는데 대만족했어요!!!
DEJAVU,"치킨,닭강정",0,0,0,0,음식이 맛있어요,친절해요,0,0,0,"참숯 핫 바베큐랑 참숯 치즈마요 소금구이 먹었어요! 근데 메뉴 중 하나가(치즈마욘가?) 소스추가가 되는 메뉴였나봐요,  천원짜리 소스추가가 하나 붙었는데, 몰라서 여쭤봤네요 ㅋㅋㅋㅋㅋㅋ 둘 중엔 소금구이가 숯불향이 더 나더라고요, 바베큐는 메뉴판엔 고추 두 개인데 막 맵진 않고 단짠맵? 매운거 드시려면 고추 세 개는 가셔야 할 듯. 떡이랑 양파도 들어가 있어서 좋았어요, 서비스도 감사합니다 ㅎ 숯불구이치킨은 첨 먹어봤는데 맛있었어요! 그리고 아주머니 넘 친절하세요! 별점이 왜 높았는지 알 것 같아요 ㅋㅋㅋㅋ"
DEJAVU,"치킨,닭강정",0,0,0,0,음식이 맛있어요,단체모임 하기 좋아요,0,0,0,"고추랑 호랑이 반반했습니다! 직원분이 두 분이라 좀 좀 바빠보이시더라구요 ㅋㅋ 고추는 짭짜름 하면서 많이 맵진않았고, 호랑이는 후레이크랑 먹으니 단짠단짠해서 맛있게 잘 먹었어요~! "
DEJAVU,햄버거,0,0,0,0,음식이 맛있어요,양이 많아요,0,0,0,골든까르보 며칠전에 광고보고 오늘 시켜먹었는데 오늘 나온거였네요 ㅋㅋㅋ 크림소스가 있어서 생각보다 맛있었어요. 반숙란도 올려져있고요. 하지만 느끼한거 잘 못 드시면 힘드실 수도..?
DEJAVU,"카페,디저트",예약 없이 이용,대기 시간 바로 입장,데이트,연인・배우자,커피가 맛있어요,0,0,0,0,"강문 해변에 있는 큰 카페입니다! 빵 종류가 많고 뷰가 이뻐요~ 아아랑 오늘의 커피 했는데 아아는 평범한 고소하고 산미 없는 맛인데, 오늘의 커피가 맛있네요! 산미가 약간 있고 베리향이 두드러져서 좋았어요. 잠봉 덴마크도 맛있어용!!"
DEJAVU,양식,예약 후 이용,대기 시간 바로 입장,데이트,연인・배우자,음식이 맛있어요,친절해요,음식이 빨리 나와요,0,0,"오후 5시반에 캐치테이블로 미리 예약하고 놀다가 방문했는데 3시간 걸렸어요 ㅎㄷㄷ.. 실제는 30분 정도 기다렸는데 맛있었어요!~ 뇨끼에 견과류 약간 들어간게 잘 어울리고 리조또에 고수도 특이한데 어울리네요, 잠봉뵈르 파스타도 굳!"
DEJAVU,이탈리아음식,예약 없이 이용,대기 시간 바로 입장,데이트,연인・배우자,음식이 맛있어요,인테리어가 멋져요,매장이 청결해요,0,0,"파스타는 조금 짭짤한데 미나리랑 조개랑 면이랑 잘 어울려서 맛있어요! 라자냐는 간도 적당하고 치즈 많아서 굿, 맛있게 잘 먹었어요~~"
DEJAVU,"카페,디저트",예약 없이 이용,대기 시간 바로 입장,여행,혼자,커피가 맛있어요,친절해요,매장이 청결해요,0,0,혼여 왔다가 가려던 카페가 닫아서 주변에 늦게까지 하는 좀 특별(?)한 커피숍을 찾아서 왔습니다. 약간 산미있는 커피와 레몬 마들렌 맛있었어요! 커피 원두 종류는 바뀌는 것 같네요~ 근데 다른 분들 사진 보니까 원두 카드를 까먹으셨나봐요 아쉽 ㅠ 잘 있다 갔습니다!
DEJAVU,라면,예약 후 이용,대기 시간 바로 입장,여행,혼자,음식이 맛있어요,양이 많아요,친절해요,매장이 청결해요,0,"원래 아침 안 먹는데 여행이라 먹은 아침..!오리지널 빨간데 막 맵진 않았고, 시원한 고기 육수맛? 면이 겁나 꼬들하고 맛있었어요!밥은 약간 독특한 향이 은은하게 나고, 면 다 먹어도 고기건더기가 많아서 밥 말아먹기 좋았어요!"
DEJAVU,"순대,순댓국",예약 없이 이용,대기 시간 바로 입장,데이트,연인・배우자,음식이 맛있어요,양이 많아요,매장이 넓어요,혼밥하기 좋아요,0,"삼겹수육이랑 곱창 시켰어요~먼저 수저 받침종이가 있어서 굿,둘 다 간이 되서 나오고 곱창은 매우니 맵찔이분들은 조심..순대도 맛있네요~식혜 슬러시 좀 달긴한데 시원해서 좋아요맛있게 잘 먹었어요!"
DEJAVU,양식,예약 없이 이용,대기 시간 바로 입장,데이트,연인・배우자,음식이 맛있어요,재료가 신선해요,0,0,0,"맛있게 잘 먹었어요, 생면이랑 뇨끼 둘 다 쫄깃하니 괜찮았어요~!"
DEJAVU,일본식라면,예약 없이 이용,대기 시간 바로 입장,"일상, 가족모임",친척・형제,특별한 메뉴가 있어요,혼밥하기 좋아요,매장이 청결해요,0,0,"매운 라멘 메콤해서 입맛에 맞네용, 맛있게 잘 먹었어요~"
DEJAVU,일본식라면,예약 없이 이용,대기 시간 바로 입장,일상,혼자,음식이 맛있어요,양이 많아요,아늑해요,친절해요,0,"테이블도 있고 1인석도 있어서 좋아요~ 다른 댓처럼 1인석 쪽이 약간 덜 시원하긴 한데 전 괜찮았어요! 냉소바 세트(면 + 미니부타동)로 시켰는데 생각보다 양이 많더라구요, 다 먹으니까 엄청 배불러요! 소바는 시원달달하니 맛있었고 미니 부타동도 불맛나는 고기에 밥도 잘 지어진 것 같았어요~ 못 보던 라멘집이길래 와봤는데 다음에 기회되면 라멘도 먹어봐야겠네요 ㅎㅎ"
