﻿nickname,restaurant,reservation,waiting,purpose,withwho,tagging_1,tagging_2,tagging_3,tagging_4,tagging_5,content
아보펭펭,양식,예약 후 이용,대기 시간 바로 입장,데이트,연인・배우자,인테리어가 멋져요,컨셉이 독특해요,음식이 맛있어요,특별한 메뉴가 있어요,0,먹물낙지리조또 너무 맛있어요!! 🐙고수 싫어하시는 분이 아니라면.. 강추입니다! 👍🏻먹물리조또와 고수향의 조화가 정말 좋아요! 리조또도 베스트셀러 메뉴 답게 정말 맛있네요. 콜라 시키니 얼음잔에 레몬까지 넣러주시는 센스~! 웨이팅이 극악이긴 하지만 그래도 방문 가치 충분합니다 >.<😋✨😂❤️🇺🇸
아보펭펭,해장국,예약 없이 이용,대기 시간 바로 입장,일상,연인・배우자,혼밥하기 좋아요,0,0,0,0,무교동 맛집 전통 강자! 날씨가 쌀쌀해지기 시작하니 본능적으로 찾아가게 되네요 ㅎㅎ 여전히 맛있고 손님이 많네요. 오랜만에 갔더니 가격이 1만원으로 오른게 좀 충격이긴했지만..요새 안 오른게 없으니 그러려니 했습니다 ㅠㅠ 요새 급상승한 배추 가격 때문인지 일시적으로 김치 대신 깍두기가 나오더라구요. 계란후라이 추가해서 드시는거 잊지마세요~!
아보펭펭,중식당,예약 후 이용,대기 시간 바로 입장,친목,지인・동료,인테리어가 멋져요,매장이 넓어요,음식이 맛있어요,0,0,너무 배가 고팠던 나머지 식사와 디저트 사진을 못 찍었네요 ^^; 룸을 사용하려면 1인 3만원이상 주문해야한다기에 런치 B로 먹었습니다. 딤섬피는 쫀득쫀득한 스타일이었고 짬뽕은 생각보다 맑은 느낌이었어요. (살짝 물탄 느낌..) 뭐 장소를 생각하면 가격이 납득은 되지만 양은 살짝 모자란듯 합니다. 매장은 커서 모임하기 좋은 것 같아요.
아보펭펭,한식,예약 없이 이용,대기 시간 바로 입장,데이트,연인・배우자,음식이 맛있어요,양이 많아요,가성비가 좋아요,0,0,"이 가격에 이 맛과 양이라니요! 정말 가성비 대박집 입니다. 김치찌개에 돌솥밥이 1인분 만원이라니…ㅠㅠ (2인기준) 큼지막한 고기도 듬뿍, 두부도 듬뿍. 김치는 말해모해..ㅠㅠ 한끼 식사 든든하게 해결하기 좋습니다. 메뉴 하나씩 도장깨기 해야겠어요~"
아보펭펭,"딤섬,중식만두",예약 없이 이용,대기 시간 1시간 이상,데이트,연인・배우자,음식이 맛있어요,특별한 메뉴가 있어요,아늑해요,0,0,흑백요리사 인기 때문인지 요즘 딤섬집들이 아주 불이나는군요! 토욜 저녁 갔더니 한시간 이상 대기했습니다 ㅠㅠ 소룡포가 정말 맛있었구요. 유린기도 바삭 상콤했어요. 왠지 흑백요리사에서의 마라크림새우와 비슷한 새우완자튀김은… 튀김 피가 생각보다 두꺼워서 놀랐지만 ㅋㅋ 맛있었습니다. 근데 1시간씩 기다려서 먹을건 아닌거 같아요 ㅠㅜ
아보펭펭,양식,예약 없이 이용,대기 시간 바로 입장,데이트,연인・배우자,친절해요,매장이 청결해요,음식이 맛있어요,인테리어가 멋져요,아늑해요,"n번째 방문인 피타..! 친구들이랑도, 회사 사람들이랑도, 연인과도 방문하기 모두 좋은 그런 곳이에요! 일단 매장 입장하는 순간 멋진 인테리어로 놀라고 음식들 비주얼에 감탄하는 것 같아요~ 피자는 처음에 방문했을 때 먹은 것보다 간도 더 잘 맞고 맛있어 진거 같아요. 분위기있게 이탈리안식 먹고 싶을 때 딱입니다 :-)"
아보펭펭,양꼬치,예약 없이 이용,대기 시간 바로 입장,데이트,연인・배우자,음식이 맛있어요,가성비가 좋아요,잡내가 적어요,0,0,오랜만에 양꼬치가 먹고 싶어 검색하다 알게됐어요! 이미 동네에서 한가닥 하는 맛집의 포스가..! 중국인 사장님이 운영하시는듯 했습니다. 양꼬치는 잡내없이 쫄깃하고 식감이 좋았어요! 양갈비양꼬치는 훨씬 부들부들하니 부드러웠는데 씹는맛 좋아하시면 그냥 양꼬치도 충분한 것 같아요 :) 어향가지튀김도 매콤새콤달콤하니 맥주가 술술 넘어가는 맛이었습니다 ㅎ 무엇보다 여기 온면이 정~말 맛있었어요. 김치가 약간 들어간듯 한데 양고기의 느끼함을 싹 내려가게 해줘서 국물 한 사발 먹으면 마치 첨부터 다시 시작할 수 있을 것 같은 느낌 ㅋㅋㅋ 서비스로 주신 마파두부는 마라향이 강하더라구요~ 마라 좋아하시는 분들이면 좋아하실 거 같아요!
아보펭펭,샤브샤브,예약 없이 이용,대기 시간 바로 입장,데이트,연인・배우자,음식이 맛있어요,인테리어가 멋져요,매장이 넓어요,친절해요,화장실이 깨끗해요,불꽃축제날이라 그런지 주말저녁이지만 한산해서 좋았어요! 사장님께서 친절하게 조리해주시고 설명도 잘 해주셔서 좋았습니다. 카레밥은 스키야키 국물에 먹으니 간이 좀 세긴했지만 말씀드리니 바로 간을 조절해주시더라구요. 맥주 100원 이벤트도 하고 계셔서 기분좋게 맥주도 한잔했습니다 :) 다음엔 샤브샤브 먹으러 가보려구요~! 🍻😋
아보펭펭,카페,예약 없이 이용,대기 시간 바로 입장,데이트,연인・배우자,커피가 맛있어요,특별한 메뉴가 있어요,친절해요,0,0,이름부터 센스있는 에스프레소바! 작게 구워서 주시는 알파호르 라는 샌드가 독특했어요 ㅎㅎ 기분좋게 에스프레소 홀짝! 털어먹고 왔습니다. 메뉴판이 친절하게 그려져있어 좋았어요 🥰☕️
아보펭펭,한식,예약 없이 이용,대기 시간 바로 입장,친구,0,음식이 맛있어요,재료가 신선해요,특별한 메뉴가 있어요,친절해요,0,"넷플 흑백요리사 반찬셰프 님의 반찬가게라니..! 마침 남편생일이라 맛난반찬도 살겸 들러보았는데요, 다양한 종류의 반찬들이 참 많았고 반찬셰프님도 직접 뵈어 신기했어요 ㅎㅎ 시그니처인 황태채강정은 정말 맛있었습니다. 종종 생각나 들릴 것 같아요 :-)"
아보펭펭,0,예약 없이 이용,대기 시간 바로 입장,친목,친구,커피가 맛있어요,디저트가 맛있어요,0,0,0,빵이 컨베이어벨트 같은걸 타고 내려오더라구요 ㅋㅋㅋ 아무것도 모르고 갔는데 이럴줄 알았으면 그 모습도 영상으로 찍어둘걸 그랬어요 ㅋㅋ컨셉이 독특했구 커피도 맛있었습니다~!
아보펭펭,이자카야,예약 후 이용,대기 시간 바로 입장,친목,친구,인테리어가 멋져요,사진이 잘 나와요,0,0,0,"친구 생일이라 캐치테이블로 예약후 방문했어요. 가게 규모가 크지는 않아서 한 타임에 8명내 정도만 가능한듯 해보였어요. 점심에는 단일메뉴로 직접 만들어먹는 초밥이었는데, 초밥을 셀프로 김에 싸먹는 방식으로 만들어먹는다는 개념이 좀 신기했네요 ㅎㅎ; 생선육수가 맛있었구요, 양은 살짝 부족했는데 디저트를 풍성하게 먹으러 가심이…ㅎ 생일이라고 호지차 판나코타를 서비스로 챙겨주셨는데 감사했어요. 맛이나 푸짐한 양을 찾으시기보단, 조용하게 분위기 내기는 좋은 곳이라 생각하시면 될거 같습니다."
아보펭펭,"칼국수,만두",예약 없이 이용,대기 시간 30분 이내,데이트,연인・배우자,음식이 맛있어요,반찬이 잘 나와요,친절해요,음식이 빨리 나와요,0,"현시점 아마 그나마..?! 예약없이 대기 30분내외로 먹어볼 수 있는 넷플릭스 흑백요리사 셰프님의 식당이 아닐까 합니다! 넷플 출연전에도 이미 맛집으로 유명했던 걸로 알고 있는데 더더욱 유명해진거 같아요! 국수 면은 씹는 식감이 명확(!)하고 잘 불지 않아 좋았구요, 국물은 정말 깔끔 그자체 입니다. 수육은 살코기만 있는 부분이어도 충분히 부들부들하게 익힘 정도가 even하였습니다 ㅋㅋㅋ 배추전도 익힘의 정도와 간의 농도가 타이트했구요..✨🥹🤣 정말 맛있게 잘 먹었습니다. 무엇보다 직원분들의 친절함과 신속함이 맛을 더 빛내준 것 같아요~!"
아보펭펭,이자카야,예약 없이 이용,대기 시간 바로 입장,데이트,연인・배우자,가성비가 좋아요,친절해요,0,0,0,음식이 나오기 직전 까지 딱 좋았던 ^^; 가게입니다. 늘 사람이 북적대길래 방문해보았는데 꼬치는 바로 구워 나오는 것 같은데도 약간 식어서 나오더라구요 ㅠㅠ 야끼소바나 타코와사비는 괜찮았고 분위기도 좋았지만 메인인 꼬치가 좀 아쉬웠어요 2차로 간단하게 그냥 맥주한잔 하긴 좋을거 같아요
아보펭펭,베이커리,예약 없이 이용,일상,혼자,0,인테리어가 멋져요,빵이 맛있어요,0,0,0,"간판의 스테인드글라스 디자인이 너무 인상적이어서 꼭 들러보고 싶었어요! 다음날 먹으려고 샀던거라 아쉽게 샌드위치는 못사고 치아바타만 샀는데, 정말 맛있었습니다! 작지만 포스가 느껴진 베이커리였어요 🥖"
아보펭펭,"카페,디저트",예약 없이 이용,대기 시간 바로 입장,일상,혼자,빵이 맛있어요,인테리어가 멋져요,사진이 잘 나와요,야외공간이 멋져요,0,"두번째 방문이었습니다. 처음엔 가오픈 때 갔었고 두번째 였는데 확실히 싸지는 않은 가격이라는걸 다시금 확인했구요. 위치+장소+공간 값이란 생각을 합니다. 맛이 없는 건 아니지만 우와 엄청 맛나다! 하는것 까진 솔직히 아니구요, 따사로운 오후에 테라스에 앉아 먹으면 잠깐이나마 이탈리아 카페에 온것 같은 착각은 듭니다. ㅎㅎ"
아보펭펭,한식,예약 없이 이용,대기 시간 바로 입장,데이트,연인・배우자,음식이 맛있어요,재료가 신선해요,가성비가 좋아요,건강한 맛이에요,반찬이 잘 나와요,동네 구석에 이런 곳이! 정갈한 집밥 같은게 먹고싶어서 찾아보다가 발견했어요! 곤드레밥 참 향긋하고 청국장도 넘 세지 않아좋았어요~ 곤드레밥만 시키면 아쉬울 수 있으니 코다리나 제육도 곁들여 시키는 걸 추천합니다 ㅎㅎ
아보펭펭,"일식튀김,꼬치",예약 없이 이용,대기 시간 바로 입장,데이트,연인・배우자,친절해요,음식이 맛있어요,0,0,0,합정상수 쪽 오랜만에 들렀다 꼬치가 땡겨서 발길닿는대로 들렀어요! 토욜 저녁이라 다들 대기가 많았는데 그나마 여유가 있었어요 ㅠㅠㅠ 생맥 가격은 좀 비쌌고 꼬치는 나쁘지 않았어요 테이블간 간격이 그래도 너무 다닥다닥 붙지 않아 좋았네요~
아보펭펭,"카페,디저트",예약 없이 이용,대기 시간 바로 입장,가족모임,부모님,빵이 맛있어요,종류가 다양해요,인테리어가 멋져요,뷰가 좋아요,매장이 넓어요,어마어마하게 넓고 쾌적하네요! 의자도 편하고 뷰도 좋고 무엇보다 빵이 참 맛있어요~! 왜관에 이런 곳이 있다니 ㅎㅎ 가격이 저렴한 편은 아니지만 장소값이다 생각하고 ㅋ 방문해볼만 합니다.🥯🥨🥪🥖💛
아보펭펭,"백숙,삼계탕",예약 후 이용,대기 시간 바로 입장,가족모임,부모님,매장이 넓어요,단체모임 하기 좋아요,음식이 맛있어요,건강한 맛이에요,0,1시간반 전쯤 전화 예약해서 방문했어요! 3명이서 갔는데 양이 어찌나 푸짐하던지요!! 푹 고아서 그런지 살도 부들부들하게 잘 발리고 누룽지죽도 구수하미 맛있었습니다. 남은 음식은 셀프로 포장도 가능해서 가져가기도 편리했어요~! 밀양에서 정갈하고 건강하게 가족모임 하기 정말 좋은 곳이네요.
아보펭펭,떡볶이,예약 없이 이용,대기 시간 바로 입장,혼자,0,음식이 맛있어요,양이 많아요,0,0,0,크..제 기준 원주 떡볶이 원탑입니다! 역시 유명한데에는 이유가 있어요.. 입에 챠라락 감기는 감칠맛이 계속해서 먹고 싶게 만드는 거 같아요 ㅋㅋ 혼자먹어서 떡볶이랑 김밥 밖에 못사먹은게 아쉬울 뿐입니다.. 떡볶이는 많이 맵지 않고 김밥이랑도 잘 어울려요!
아보펭펭,양식,예약 후 이용,대기 시간 바로 입장,데이트,연인・배우자,인테리어가 멋져요,컨셉이 독특해요,음식이 맛있어요,특별한 메뉴가 있어요,0,먹물낙지리조또 너무 맛있어요!! 🐙고수 싫어하시는 분이 아니라면.. 강추입니다! 👍🏻먹물리조또와 고수향의 조화가 정말 좋아요! 리조또도 베스트셀러 메뉴 답게 정말 맛있네요. 콜라 시키니 얼음잔에 레몬까지 넣러주시는 센스~! 웨이팅이 극악이긴 하지만 그래도 방문 가치 충분합니다 >.<😋✨😂❤️🇺🇸
아보펭펭,해장국,예약 없이 이용,대기 시간 바로 입장,일상,연인・배우자,혼밥하기 좋아요,0,0,0,0,무교동 맛집 전통 강자! 날씨가 쌀쌀해지기 시작하니 본능적으로 찾아가게 되네요 ㅎㅎ 여전히 맛있고 손님이 많네요. 오랜만에 갔더니 가격이 1만원으로 오른게 좀 충격이긴했지만..요새 안 오른게 없으니 그러려니 했습니다 ㅠㅠ 요새 급상승한 배추 가격 때문인지 일시적으로 김치 대신 깍두기가 나오더라구요. 계란후라이 추가해서 드시는거 잊지마세요~!
아보펭펭,중식당,예약 후 이용,대기 시간 바로 입장,친목,지인・동료,인테리어가 멋져요,매장이 넓어요,음식이 맛있어요,0,0,너무 배가 고팠던 나머지 식사와 디저트 사진을 못 찍었네요 ^^; 룸을 사용하려면 1인 3만원이상 주문해야한다기에 런치 B로 먹었습니다. 딤섬피는 쫀득쫀득한 스타일이었고 짬뽕은 생각보다 맑은 느낌이었어요. (살짝 물탄 느낌..) 뭐 장소를 생각하면 가격이 납득은 되지만 양은 살짝 모자란듯 합니다. 매장은 커서 모임하기 좋은 것 같아요.
아보펭펭,한식,예약 없이 이용,대기 시간 바로 입장,데이트,연인・배우자,음식이 맛있어요,양이 많아요,가성비가 좋아요,0,0,"이 가격에 이 맛과 양이라니요! 정말 가성비 대박집 입니다. 김치찌개에 돌솥밥이 1인분 만원이라니…ㅠㅠ (2인기준) 큼지막한 고기도 듬뿍, 두부도 듬뿍. 김치는 말해모해..ㅠㅠ 한끼 식사 든든하게 해결하기 좋습니다. 메뉴 하나씩 도장깨기 해야겠어요~"
아보펭펭,"딤섬,중식만두",예약 없이 이용,대기 시간 1시간 이상,데이트,연인・배우자,음식이 맛있어요,특별한 메뉴가 있어요,아늑해요,0,0,흑백요리사 인기 때문인지 요즘 딤섬집들이 아주 불이나는군요! 토욜 저녁 갔더니 한시간 이상 대기했습니다 ㅠㅠ 소룡포가 정말 맛있었구요. 유린기도 바삭 상콤했어요. 왠지 흑백요리사에서의 마라크림새우와 비슷한 새우완자튀김은… 튀김 피가 생각보다 두꺼워서 놀랐지만 ㅋㅋ 맛있었습니다. 근데 1시간씩 기다려서 먹을건 아닌거 같아요 ㅠㅜ
아보펭펭,양식,예약 없이 이용,대기 시간 바로 입장,데이트,연인・배우자,친절해요,매장이 청결해요,음식이 맛있어요,인테리어가 멋져요,아늑해요,"n번째 방문인 피타..! 친구들이랑도, 회사 사람들이랑도, 연인과도 방문하기 모두 좋은 그런 곳이에요! 일단 매장 입장하는 순간 멋진 인테리어로 놀라고 음식들 비주얼에 감탄하는 것 같아요~ 피자는 처음에 방문했을 때 먹은 것보다 간도 더 잘 맞고 맛있어 진거 같아요. 분위기있게 이탈리안식 먹고 싶을 때 딱입니다 :-)"
아보펭펭,양꼬치,예약 없이 이용,대기 시간 바로 입장,데이트,연인・배우자,음식이 맛있어요,가성비가 좋아요,잡내가 적어요,0,0,오랜만에 양꼬치가 먹고 싶어 검색하다 알게됐어요! 이미 동네에서 한가닥 하는 맛집의 포스가..! 중국인 사장님이 운영하시는듯 했습니다. 양꼬치는 잡내없이 쫄깃하고 식감이 좋았어요! 양갈비양꼬치는 훨씬 부들부들하니 부드러웠는데 씹는맛 좋아하시면 그냥 양꼬치도 충분한 것 같아요 :) 어향가지튀김도 매콤새콤달콤하니 맥주가 술술 넘어가는 맛이었습니다 ㅎ 무엇보다 여기 온면이 정~말 맛있었어요. 김치가 약간 들어간듯 한데 양고기의 느끼함을 싹 내려가게 해줘서 국물 한 사발 먹으면 마치 첨부터 다시 시작할 수 있을 것 같은 느낌 ㅋㅋㅋ 서비스로 주신 마파두부는 마라향이 강하더라구요~ 마라 좋아하시는 분들이면 좋아하실 거 같아요!
아보펭펭,샤브샤브,예약 없이 이용,대기 시간 바로 입장,데이트,연인・배우자,음식이 맛있어요,인테리어가 멋져요,매장이 넓어요,친절해요,화장실이 깨끗해요,불꽃축제날이라 그런지 주말저녁이지만 한산해서 좋았어요! 사장님께서 친절하게 조리해주시고 설명도 잘 해주셔서 좋았습니다. 카레밥은 스키야키 국물에 먹으니 간이 좀 세긴했지만 말씀드리니 바로 간을 조절해주시더라구요. 맥주 100원 이벤트도 하고 계셔서 기분좋게 맥주도 한잔했습니다 :) 다음엔 샤브샤브 먹으러 가보려구요~! 🍻😋
아보펭펭,카페,예약 없이 이용,대기 시간 바로 입장,데이트,연인・배우자,커피가 맛있어요,특별한 메뉴가 있어요,친절해요,0,0,이름부터 센스있는 에스프레소바! 작게 구워서 주시는 알파호르 라는 샌드가 독특했어요 ㅎㅎ 기분좋게 에스프레소 홀짝! 털어먹고 왔습니다. 메뉴판이 친절하게 그려져있어 좋았어요 🥰☕️
아보펭펭,한식,예약 없이 이용,대기 시간 바로 입장,친구,0,음식이 맛있어요,재료가 신선해요,특별한 메뉴가 있어요,친절해요,0,"넷플 흑백요리사 반찬셰프 님의 반찬가게라니..! 마침 남편생일이라 맛난반찬도 살겸 들러보았는데요, 다양한 종류의 반찬들이 참 많았고 반찬셰프님도 직접 뵈어 신기했어요 ㅎㅎ 시그니처인 황태채강정은 정말 맛있었습니다. 종종 생각나 들릴 것 같아요 :-)"
아보펭펭,0,예약 없이 이용,대기 시간 바로 입장,친목,친구,커피가 맛있어요,디저트가 맛있어요,0,0,0,빵이 컨베이어벨트 같은걸 타고 내려오더라구요 ㅋㅋㅋ 아무것도 모르고 갔는데 이럴줄 알았으면 그 모습도 영상으로 찍어둘걸 그랬어요 ㅋㅋ컨셉이 독특했구 커피도 맛있었습니다~!
아보펭펭,이자카야,예약 후 이용,대기 시간 바로 입장,친목,친구,인테리어가 멋져요,사진이 잘 나와요,0,0,0,"친구 생일이라 캐치테이블로 예약후 방문했어요. 가게 규모가 크지는 않아서 한 타임에 8명내 정도만 가능한듯 해보였어요. 점심에는 단일메뉴로 직접 만들어먹는 초밥이었는데, 초밥을 셀프로 김에 싸먹는 방식으로 만들어먹는다는 개념이 좀 신기했네요 ㅎㅎ; 생선육수가 맛있었구요, 양은 살짝 부족했는데 디저트를 풍성하게 먹으러 가심이…ㅎ 생일이라고 호지차 판나코타를 서비스로 챙겨주셨는데 감사했어요. 맛이나 푸짐한 양을 찾으시기보단, 조용하게 분위기 내기는 좋은 곳이라 생각하시면 될거 같습니다."
아보펭펭,"칼국수,만두",예약 없이 이용,대기 시간 30분 이내,데이트,연인・배우자,음식이 맛있어요,반찬이 잘 나와요,친절해요,음식이 빨리 나와요,0,"현시점 아마 그나마..?! 예약없이 대기 30분내외로 먹어볼 수 있는 넷플릭스 흑백요리사 셰프님의 식당이 아닐까 합니다! 넷플 출연전에도 이미 맛집으로 유명했던 걸로 알고 있는데 더더욱 유명해진거 같아요! 국수 면은 씹는 식감이 명확(!)하고 잘 불지 않아 좋았구요, 국물은 정말 깔끔 그자체 입니다. 수육은 살코기만 있는 부분이어도 충분히 부들부들하게 익힘 정도가 even하였습니다 ㅋㅋㅋ 배추전도 익힘의 정도와 간의 농도가 타이트했구요..✨🥹🤣 정말 맛있게 잘 먹었습니다. 무엇보다 직원분들의 친절함과 신속함이 맛을 더 빛내준 것 같아요~!"
아보펭펭,이자카야,예약 없이 이용,대기 시간 바로 입장,데이트,연인・배우자,가성비가 좋아요,친절해요,0,0,0,음식이 나오기 직전 까지 딱 좋았던 ^^; 가게입니다. 늘 사람이 북적대길래 방문해보았는데 꼬치는 바로 구워 나오는 것 같은데도 약간 식어서 나오더라구요 ㅠㅠ 야끼소바나 타코와사비는 괜찮았고 분위기도 좋았지만 메인인 꼬치가 좀 아쉬웠어요 2차로 간단하게 그냥 맥주한잔 하긴 좋을거 같아요
아보펭펭,베이커리,예약 없이 이용,일상,혼자,0,인테리어가 멋져요,빵이 맛있어요,0,0,0,"간판의 스테인드글라스 디자인이 너무 인상적이어서 꼭 들러보고 싶었어요! 다음날 먹으려고 샀던거라 아쉽게 샌드위치는 못사고 치아바타만 샀는데, 정말 맛있었습니다! 작지만 포스가 느껴진 베이커리였어요 🥖"
아보펭펭,"카페,디저트",예약 없이 이용,대기 시간 바로 입장,일상,혼자,빵이 맛있어요,인테리어가 멋져요,사진이 잘 나와요,야외공간이 멋져요,0,"두번째 방문이었습니다. 처음엔 가오픈 때 갔었고 두번째 였는데 확실히 싸지는 않은 가격이라는걸 다시금 확인했구요. 위치+장소+공간 값이란 생각을 합니다. 맛이 없는 건 아니지만 우와 엄청 맛나다! 하는것 까진 솔직히 아니구요, 따사로운 오후에 테라스에 앉아 먹으면 잠깐이나마 이탈리아 카페에 온것 같은 착각은 듭니다. ㅎㅎ"
아보펭펭,한식,예약 없이 이용,대기 시간 바로 입장,데이트,연인・배우자,음식이 맛있어요,재료가 신선해요,가성비가 좋아요,건강한 맛이에요,반찬이 잘 나와요,동네 구석에 이런 곳이! 정갈한 집밥 같은게 먹고싶어서 찾아보다가 발견했어요! 곤드레밥 참 향긋하고 청국장도 넘 세지 않아좋았어요~ 곤드레밥만 시키면 아쉬울 수 있으니 코다리나 제육도 곁들여 시키는 걸 추천합니다 ㅎㅎ
아보펭펭,"일식튀김,꼬치",예약 없이 이용,대기 시간 바로 입장,데이트,연인・배우자,친절해요,음식이 맛있어요,0,0,0,합정상수 쪽 오랜만에 들렀다 꼬치가 땡겨서 발길닿는대로 들렀어요! 토욜 저녁이라 다들 대기가 많았는데 그나마 여유가 있었어요 ㅠㅠㅠ 생맥 가격은 좀 비쌌고 꼬치는 나쁘지 않았어요 테이블간 간격이 그래도 너무 다닥다닥 붙지 않아 좋았네요~
아보펭펭,"카페,디저트",예약 없이 이용,대기 시간 바로 입장,가족모임,부모님,빵이 맛있어요,종류가 다양해요,인테리어가 멋져요,뷰가 좋아요,매장이 넓어요,어마어마하게 넓고 쾌적하네요! 의자도 편하고 뷰도 좋고 무엇보다 빵이 참 맛있어요~! 왜관에 이런 곳이 있다니 ㅎㅎ 가격이 저렴한 편은 아니지만 장소값이다 생각하고 ㅋ 방문해볼만 합니다.🥯🥨🥪🥖💛
아보펭펭,"백숙,삼계탕",예약 후 이용,대기 시간 바로 입장,가족모임,부모님,매장이 넓어요,단체모임 하기 좋아요,음식이 맛있어요,건강한 맛이에요,0,1시간반 전쯤 전화 예약해서 방문했어요! 3명이서 갔는데 양이 어찌나 푸짐하던지요!! 푹 고아서 그런지 살도 부들부들하게 잘 발리고 누룽지죽도 구수하미 맛있었습니다. 남은 음식은 셀프로 포장도 가능해서 가져가기도 편리했어요~! 밀양에서 정갈하고 건강하게 가족모임 하기 정말 좋은 곳이네요.
아보펭펭,떡볶이,예약 없이 이용,대기 시간 바로 입장,혼자,0,음식이 맛있어요,양이 많아요,0,0,0,크..제 기준 원주 떡볶이 원탑입니다! 역시 유명한데에는 이유가 있어요.. 입에 챠라락 감기는 감칠맛이 계속해서 먹고 싶게 만드는 거 같아요 ㅋㅋ 혼자먹어서 떡볶이랑 김밥 밖에 못사먹은게 아쉬울 뿐입니다.. 떡볶이는 많이 맵지 않고 김밥이랑도 잘 어울려요!
아보펭펭,생선회,예약 없이 이용,대기 시간 바로 입장,여행,부모님,음식이 맛있어요,친절해요,매장이 청결해요,0,0,시장에서 대게 주문해서 이곳에서 먹었어요 ㅎㅎ 가게가 작긴 하지만 깔끔하고 편안하게 먹을 수 있어 좋아요~ 반찬도 깔끔하고 먹기좋게 잘 세팅해주셔서 좋았습니다
아보펭펭,생선회,예약 없이 이용,대기 시간 바로 입장,여행,"부모님, 친척・형제",음식이 맛있어요,양이 많아요,반찬이 잘 나와요,매장이 넓어요,단체모임 하기 좋아요,9월의첫날인 늦은 휴가철임에도 불구하고 대기를 20분 이상했는데요. 처음엔 이렇게 까지 기다려야할까 싶었지만 반찬 한입 먹는 순간 기다림이 보람으로 싹 바뀌었습니다! 반찬 하나하나 정말 맛있고 생선구이도 넘 맛있었어요~! 단체로도 많이 오시더라구요. 삼척 오시면 추천합니다!!😋
아보펭펭,아이스크림,예약 없이 이용,대기 시간 바로 입장,여행,친척・형제,친절해요,디저트가 맛있어요,인테리어가 멋져요,사진이 잘 나와요,뷰가 좋아요,망상해수욕장 뷰를 바라보는 젤라또 맛집✨ 지중해 한 휴양지에서 젤라또를 먹는 기분이에요 :) 가게 이름 리모네 답게 레몬맛이 아주 상큼새콤x100 합니다!! 🍋💛
아보펭펭,카페,예약 없이 이용,대기 시간 30분 이내,여행,"부모님, 친척・형제",야외공간이 멋져요,주차하기 편해요,커피가 맛있어요,0,0,여전히 주말에 너무나 사람이 많네요..ㅠㅠ 주문을 하기 위해 매장에서 캐치테이블로 웨이팅 등록을 해야하다니 ㄷㄷ… 그게 최선이었겠죠..?ㅠㅠ 커피는 맛있지만 너무나 큰 매장에서 오는 어수선함+무한대기는 좋은 커피맛도 잊게 만드는 힘듦이네요…
아보펭펭,요리주점,예약 없이 이용,대기 시간 바로 입장,데이트,연인・배우자,음식이 맛있어요,특별한 메뉴가 있어요,친절해요,0,0,정말 소중한 동네맛집 입니다 ㅠㅠ 통골뱅이 항상 신선하고 튼실한걸로 공수해주시는 사장님!! 오늘은 사이즈가 작으면 작다 크면 크다 하고 미리 알려주십니다 ㅋㅋ 골뱅이탕 국물이 정말 끝내줍니다! 탕 먹고나서 김치칼국수 까지 꼭 먹어줘야해요 ㅠㅠ
아보펭펭,"초밥,롤",예약 없이 이용,대기 시간 바로 입장,데이트,연인・배우자,음식이 맛있어요,친절해요,0,0,0,회기에 방문할 일이 있다면(!) 그리고 초밥이 먹고 싶다면 한번쯤 가볼만 한 곳입니다. 런치여서 그런가 양이 조금 적긴 했어요. 대학가 근처라 그런지 졸업하고도 단골손님이 많은 것 같았네요. 오래된 가게라 그런지 좀 낡은 느낌은 있어요. 사장님이 친절하세요!
아보펭펭,햄버거,예약 없이 이용,대기 시간 바로 입장,데이트,연인・배우자,친절해요,매장이 청결해요,인테리어가 멋져요,음식이 맛있어요,특별한 메뉴가 있어요,첫 방문이었는데 10-20대 남성분들이 많아 아 여긴 진짜 버거맛집이구나 싶었습니다 ㅋㅋ! 머쉬룸프라이즈가 특색있었어요. 햄버거는 매우 근본에 충실한 맛이었고 패티가 도톰하고 육즙이 촉촉한 버전은 아니고 얇아서 여러장 추가도 많이 해먹을 수 있는 거에 더라구요! 번도 아주 부드럽고 풍미가 좋았습니다 :) 글고 또한가지 인상적이었던건 매장을 엄청 청결히 관리하시더라구요! 식사 마친 손님들이 나가면 테이블 아래 바닥에 떨어진거 까지 꼼꼼히 청소하시더라구요~! 담에 압구정에서 버거 생각나면 또 갈거 같아요!
아보펭펭,"칼국수,만두",예약 없이 이용,대기 시간 바로 입장,여행,연인・배우자,음식이 맛있어요,친절해요,뷰가 좋아요,0,0,보말칼국수랑 죽 먹었습니다! 송악산과 형제섬 뷰가 정말 멋진 곳이에요. 겉절이반찬도 맛있었어요. 1인세트 구성으로 해서 물만두 포함한 메뉴로도 파시던데 만두는 그냥 시중 냉동물만두 제품인 거 같더라구요;; 아침식사도 일찍 가능해서 좋은 곳이네요!
