﻿nickname,restaurant,reservation,waiting,purpose,withwho,tagging_1,tagging_2,tagging_3,tagging_4,tagging_5,content
lune93,생선회,예약 후 이용,대기 시간 바로 입장,"친목, 기념일",친구,음식이 맛있어요,0,0,0,0,음식도 잘나오고 서비스도 친절하셔서 회식 장소로 매우 좋습니다
lune93,생선회,예약 없이 이용,대기 시간 바로 입장,친목,친구,음식이 맛있어요,재료가 신선해요,양이 많아요,단체모임 하기 좋아요,0,친절하시고 단체모임하기 좋아요
lune93,햄버거,예약 없이 이용,대기 시간 바로 입장,혼자,0,음식이 맛있어요,인테리어가 멋져요,매장이 청결해요,0,0,소스에 젖은 번이 충분히 맛있고 패티의 질감과 육즙도 만족스러워요
lune93,"장어,먹장어요리",예약 없이 이용,대기 시간 바로 입장,0,0,음식이 맛있어요,비싼 만큼 가치있어요,아늑해요,차분한 분위기에요,0,저녁에는 웨이팅 없이 한적해요.도쿄에서 먹었던 장어덮밥만큼 맛있어요.굳이 일본 안가도 되겠다고 느낄만큼
lune93,"카페,디저트",예약 없이 이용,대기 시간 30분 이내,0,0,특별한 메뉴가 있어요,음식이 맛있어요,인테리어가 멋져요,사진이 잘 나와요,매장이 넓어요,내부 분위기가 매우좋고 음식 퀄리티도 마음에 듭니다.주차가 다소 힘들 수 있어요
lune93,"찌개,전골",예약 없이 이용,대기 시간 30분 이내,가족모임,0,음식이 맛있어요,특별한 메뉴가 있어요,메뉴 구성이 알차요,0,0,돼지 곱창일거에요. 아마.적당한 냄새가 오히려 술이 땡겼어요.술 안주로 제격입니다.
lune93,돼지고기구이,예약 없이 이용,대기 시간 바로 입장,친목,0,음식이 맛있어요,고기 질이 좋아요,음식이 빨리 나와요,0,0,평범한 삼겹살과 다른 맛이 땡겨요
lune93,소고기구이,예약 없이 이용,대기 시간 바로 입장,0,0,음식이 맛있어요,고기 질이 좋아요,매장이 넓어요,친절해요,매장이 청결해요,"적당히 가격이 있는데, 돈값하는 맛과 분위기입니다.단체모임 하기에도 좋을듯해요."
lune93,"육류,고기요리",예약 없이 이용,대기 시간 바로 입장,0,0,음식이 맛있어요,고기 질이 좋아요,인테리어가 멋져요,친절해요,0,깔끔하고 정갈한 곳입니다.고기도 맛이 아주 깔끔해요.
lune93,양꼬치,예약 없이 이용,대기 시간 30분 이내,친목,친구,음식이 맛있어요,0,0,0,0,대기시간만 없으면 매주 가고 싶은곳
lune93,"족발,보쌈",예약 없이 이용,대기 시간 바로 입장,일상,0,단체모임 하기 좋아요,0,0,0,0,종로하면 떠오르는 분위기와 맛이에요
lune93,이자카야,예약 없이 이용,대기 시간 바로 입장,0,0,음식이 맛있어요,술이 다양해요,인테리어가 멋져요,친절해요,매장이 청결해요,
lune93,"족발,보쌈",예약 없이 이용,대기 시간 바로 입장,0,0,음식이 맛있어요,양이 많아요,매장이 청결해요,0,0,당면이 맛있어요.중자로 시켜도 2인이 먹기에 양이 꽤 많아요
lune93,중식당,예약 없이 이용,대기 시간 바로 입장,가족모임,0,양이 많아요,0,0,0,0,
lune93,"스파게티,파스타전문",예약 없이 이용,대기 시간 바로 입장,일상,0,가성비가 좋아요,매장이 넓어요,매장이 청결해요,0,0,매장이 깔끔하고 넓어요.가성비 좋고 맛도 무난히 좋습니다 
lune93,돼지고기구이,예약 없이 이용,대기 시간 바로 입장,일상,혼자,음식이 맛있어요,양이 많아요,0,0,0,회사 점심식사로 추천이요
lune93,생선회,0,0,0,0,음식이 맛있어요,단체모임 하기 좋아요,친절해요,0,0,새우튀김 진짜 맛있어요
lune93,"육류,고기요리",0,0,0,0,음식이 맛있어요,고기 질이 좋아요,가성비가 좋아요,0,0,고기 질이 좋고 맛있어요.교통만 빼고 다 좋습니다
lune93,한식,0,0,0,0,매장이 넓어요,친절해요,매장이 청결해요,0,0,진주냉면 맛이 궁금하면 한번 즈음 먹어볼만해요
lune93,중식당,0,0,0,0,양이 많아요,가성비가 좋아요,0,0,0,양이 엄청 많아요.생각보다 탕수육도 고기가 맛있어서 놀랐습니다
lune93,0,0,0,0,0,음식이 맛있어요,0,0,0,0,칼칼한 편이에요달달하면서 매운 맛은 아니에요.곱창도 실하게 들어가서 소주에 먹기 적합해요
lune93,요리주점,0,0,0,0,음식이 맛있어요,대화하기 좋아요,친절해요,0,0,분위기와 인테리어 좋고메뉴도 특별한게 많아서 한번즈음 가볼만해요
lune93,중식당,0,0,0,0,음식이 맛있어요,매장이 넓어요,매장이 청결해요,0,0,요리가 퀄리티 있고 가격도 무난해요
lune93,서오릉피자,0,0,0,0,음식이 맛있어요,가성비가 좋아요,0,0,0,가성비 좋은 동네피자집이에요
lune93,생선회,예약 후 이용,대기 시간 바로 입장,"친목, 기념일",친구,음식이 맛있어요,0,0,0,0,음식도 잘나오고 서비스도 친절하셔서 회식 장소로 매우 좋습니다
lune93,생선회,예약 없이 이용,대기 시간 바로 입장,친목,친구,음식이 맛있어요,재료가 신선해요,양이 많아요,단체모임 하기 좋아요,0,친절하시고 단체모임하기 좋아요
lune93,햄버거,예약 없이 이용,대기 시간 바로 입장,혼자,0,음식이 맛있어요,인테리어가 멋져요,매장이 청결해요,0,0,소스에 젖은 번이 충분히 맛있고 패티의 질감과 육즙도 만족스러워요
lune93,"장어,먹장어요리",예약 없이 이용,대기 시간 바로 입장,0,0,음식이 맛있어요,비싼 만큼 가치있어요,아늑해요,차분한 분위기에요,0,저녁에는 웨이팅 없이 한적해요.도쿄에서 먹었던 장어덮밥만큼 맛있어요.굳이 일본 안가도 되겠다고 느낄만큼
lune93,"카페,디저트",예약 없이 이용,대기 시간 30분 이내,0,0,특별한 메뉴가 있어요,음식이 맛있어요,인테리어가 멋져요,사진이 잘 나와요,매장이 넓어요,내부 분위기가 매우좋고 음식 퀄리티도 마음에 듭니다.주차가 다소 힘들 수 있어요
lune93,"찌개,전골",예약 없이 이용,대기 시간 30분 이내,가족모임,0,음식이 맛있어요,특별한 메뉴가 있어요,메뉴 구성이 알차요,0,0,돼지 곱창일거에요. 아마.적당한 냄새가 오히려 술이 땡겼어요.술 안주로 제격입니다.
lune93,돼지고기구이,예약 없이 이용,대기 시간 바로 입장,친목,0,음식이 맛있어요,고기 질이 좋아요,음식이 빨리 나와요,0,0,평범한 삼겹살과 다른 맛이 땡겨요
lune93,소고기구이,예약 없이 이용,대기 시간 바로 입장,0,0,음식이 맛있어요,고기 질이 좋아요,매장이 넓어요,친절해요,매장이 청결해요,"적당히 가격이 있는데, 돈값하는 맛과 분위기입니다.단체모임 하기에도 좋을듯해요."
lune93,"육류,고기요리",예약 없이 이용,대기 시간 바로 입장,0,0,음식이 맛있어요,고기 질이 좋아요,인테리어가 멋져요,친절해요,0,깔끔하고 정갈한 곳입니다.고기도 맛이 아주 깔끔해요.
lune93,양꼬치,예약 없이 이용,대기 시간 30분 이내,친목,친구,음식이 맛있어요,0,0,0,0,대기시간만 없으면 매주 가고 싶은곳
lune93,"족발,보쌈",예약 없이 이용,대기 시간 바로 입장,일상,0,단체모임 하기 좋아요,0,0,0,0,종로하면 떠오르는 분위기와 맛이에요
lune93,이자카야,예약 없이 이용,대기 시간 바로 입장,0,0,음식이 맛있어요,술이 다양해요,인테리어가 멋져요,친절해요,매장이 청결해요,
lune93,"족발,보쌈",예약 없이 이용,대기 시간 바로 입장,0,0,음식이 맛있어요,양이 많아요,매장이 청결해요,0,0,당면이 맛있어요.중자로 시켜도 2인이 먹기에 양이 꽤 많아요
lune93,중식당,예약 없이 이용,대기 시간 바로 입장,가족모임,0,양이 많아요,0,0,0,0,
lune93,"스파게티,파스타전문",예약 없이 이용,대기 시간 바로 입장,일상,0,가성비가 좋아요,매장이 넓어요,매장이 청결해요,0,0,매장이 깔끔하고 넓어요.가성비 좋고 맛도 무난히 좋습니다 
lune93,돼지고기구이,예약 없이 이용,대기 시간 바로 입장,일상,혼자,음식이 맛있어요,양이 많아요,0,0,0,회사 점심식사로 추천이요
lune93,생선회,0,0,0,0,음식이 맛있어요,단체모임 하기 좋아요,친절해요,0,0,새우튀김 진짜 맛있어요
lune93,"육류,고기요리",0,0,0,0,음식이 맛있어요,고기 질이 좋아요,가성비가 좋아요,0,0,고기 질이 좋고 맛있어요.교통만 빼고 다 좋습니다
lune93,한식,0,0,0,0,매장이 넓어요,친절해요,매장이 청결해요,0,0,진주냉면 맛이 궁금하면 한번 즈음 먹어볼만해요
lune93,중식당,0,0,0,0,양이 많아요,가성비가 좋아요,0,0,0,양이 엄청 많아요.생각보다 탕수육도 고기가 맛있어서 놀랐습니다
lune93,0,0,0,0,0,음식이 맛있어요,0,0,0,0,칼칼한 편이에요달달하면서 매운 맛은 아니에요.곱창도 실하게 들어가서 소주에 먹기 적합해요
lune93,요리주점,0,0,0,0,음식이 맛있어요,대화하기 좋아요,친절해요,0,0,분위기와 인테리어 좋고메뉴도 특별한게 많아서 한번즈음 가볼만해요
lune93,중식당,0,0,0,0,음식이 맛있어요,매장이 넓어요,매장이 청결해요,0,0,요리가 퀄리티 있고 가격도 무난해요
lune93,서오릉피자,0,0,0,0,음식이 맛있어요,가성비가 좋아요,0,0,0,가성비 좋은 동네피자집이에요
lune93,생선회,0,0,0,0,재료가 신선해요,0,0,0,0,"합정 근처에서 신선한 횟집 찾기 힘든데,이곳은 꽤 좋았어요"
lune93,한식,0,0,0,0,매장이 넓어요,0,0,0,0,늦게까지 하고 넓어서 편하게 먹기에 좋아요
