﻿nickname,restaurant,reservation,waiting,purpose,withwho,tagging_1,tagging_2,tagging_3,tagging_4,tagging_5,content
차차는,생선회,예약 없이 이용,대기 시간 바로 입장,친목,지인・동료,재료가 신선해요,0,0,0,0,같이 간 동생들이 드라마 나의아저씨에서 아이유가 갔던집이라해서 가본 밤노을~~ 철길앞에 가게가 있어 너무 운치있어 기분이 좋았습니다~~~가게도 심야식당같은 따뜻한 분위기의 가게라 마음도 따뜻해 지는 기분이었어요~~모둠숙성회 시켜서 소주한잔 기울이니 근심걱정이 다 내려가는것 같아 참 좋았습니다~회도 싱싱했구요~~아쉬운점은 숙성자체는 제 타입은 아니었습니다~~그래도 회자체는 참 싱싱하고 두꺼워서 아주 좋았습니다~~셀프라면 기계도 있어 만드는재미도 있습니다~~담에 또 갈게용♡
차차는,"육류,고기요리",예약 후 이용,대기 시간 바로 입장,친목,지인・동료,음식이 맛있어요,고기 질이 좋아요,반찬이 잘 나와요,인테리어가 멋져요,매장이 넓어요,요즘 제일 핫한 고깃집 산청숯불가든 다녀왔습니다~ 저는 예약을 하고 가서 웨이팅을 안했지만 5시에 도착하니 벌써 52팀이 등록돼있더라구요ㅜㅜ 들어가자 마자 진짜 산속 가든 느낌이 확 들고 덥지도 않아서 너무 좋았어요~~ 주문은 qr코드방식이고 소금구이 500그람 가브리살 2인분 볶음밥과 한우된장찌개 주문했습니다 소금구이 500그람에는 삼겹살 앞다리살 목살등 다양한 부위를 맛볼수 있어 좋았습니다 개인적으로 최근 먹어본 돼지고기중 탑티어 수준의 질을 보여주더라구요ㅜㅜ 같이시킨 볶은밥도 너무 맛있었습니다~~찌개는 한우가 들어갔다길래 기름진 농진한 찌개를 기대했지만 그런스타일은 아니었구요 살짝 간간한 스타일의 찌개라서 개인적으론 아쉬웠어요~~맛이 없다는건 아닙니다^^  서버분들도 친절하십니다~~담에 또갈게요
차차는,생선회,예약 없이 이용,대기 시간 30분 이상,나들이,지인・동료,가성비가 좋아요,컨셉이 독특해요,0,0,0,전에 가봤다가 만족스러워서 다시 가본 초록문 ....그새 변화가 많이 있었나봐요ㅜㅜ 모둠회는 없어지고 포장만 되더라구요 그래서 참다랑어 방어 작은두접시 시켰구요 맛은 방어는 참 좋았지만 참다랑어는 너무 아니었습니다ㅜㅜ 금액이 싸긴했으나 돈더내고 좋은 퀄리티의 회를 먹고싶네요ㅜㅜ 또한 상차림비 인당 2000원씩 받는것도 새로 생겼더라구요ㅜㅜ 전반적으로 어수선해지고 정신없는 가게가 된거같아 아쉬움이 참 컸네요ㅜㅜ
차차는,"카페,디저트",예약 없이 이용,대기 시간 바로 입장,친목,지인・동료,커피가 맛있어요,특별한 메뉴가 있어요,건강한 맛이에요,인테리어가 멋져요,사진이 잘 나와요,차가 먹고싶어 들렀지만 너무 아쉬운 곳이었어요ㅜㅜ 우려서 먹을수 있게 플레이팅도 아니었고 맛도 제취향은 아니었습니다 ㅜㅜ 매장은 생각보다 작았구요ㅜㅜ 커피맛은 괜찮았습니다
차차는,한식,예약 없이 이용,대기 시간 바로 입장,친목,지인・동료,재료가 신선해요,가성비가 좋아요,건강한 맛이에요,매장이 넓어요,단체모임 하기 좋아요,쌈밥이 먹고 싶어 평이좋아 방문했습니다~~매장이 본관별관 두개라 엄청커서 놀랐구요~~손님도 많았어요~~음식바로나오고 아주머니들도 친절하세요~~ 제육 고등어 쌈 세트가 인당 16000원이라 가성비 참 좋았어요~~ 맛은 깔끔정갈한 맛이구요 채소가 너무 싱싱해서 놀랐습니다~~아쉬운건 찌개는 너무 밍밍해서 좀더 진했으면 합니다~~~ 종종 가겠습니다
차차는,요리주점,예약 없이 이용,대기 시간 10분 이내 ,친목,지인・동료,음식이 맛있어요,술이 다양해요,특별한 메뉴가 있어요,친절해요,매장이 청결해요,용용선생 자주가는데 이수점은 처음이네요~~ 매장이 엄청 넓어서 놀랐습니다~~직원분들이 많이 바쁘신데도 빠른 응대와 서비스로 기분이 좋았네요~~ 다른지점과 다르게 유린기튀김상태가 너무 좋아서 만족스러웠습니다~~같은 체인이라도 케바케인거 같아요^^ 다른메뉴들도 너무 만족스러웠습니다^^ 다음에 이수올때 한번 더 들러볼게용~~^^ 아~~드실때 느끼함을 잡아주는 오이무침도 꼭 시켜드세요~시원하고 새콤달콤 맛있습니다~~~~~
차차는,"맥주,호프",예약 없이 이용,대기 시간 바로 입장,친목,지인・동료,양이 많아요,매장이 넓어요,친절해요,오래 머무르기 좋아요,좌석이 편해요,늦은시간 영업중인 곳을 찾다가 사당골목쪽에 위치한 맥주집인데 직원분의 상세한 설명과 친절한 응대가 너무 감사했습니다^^  맥주집이라 맥주종류가 다양해서 참 좋았습니다~~~ 기억하고 있다가 또 갈게요
차차는,이자카야,예약 없이 이용,대기 시간 30분 이내,친목,지인・동료,음식이 맛있어요,술이 다양해요,특별한 메뉴가 있어요,인테리어가 멋져요,사진이 잘 나와요,어찌어찌하다 고심해서 찾고 찾은 이자카야 사이~평일 추운 초저녁인데도 만석이라 자리가 없더라구요~~그래도 친절한 직원분께서 예약도 도와주시고 입장해서 닷찌뿐인자리 밖에 없어서 앉은후 테이블석 나자마자 바로 이동시켜주셔서 너무 감사했습니다~^^ 안주가격도 적당하고 맛도 훌륭했습니다 특히 연어구이랑 모둠회가 최고였어요~~직원분들이 홀과 주방을 멀티로 보셔서 그런지 회에 대한 설명이 없어 그거빼곤 참 만족스러운 가게였습니다 가게내부가 크질 않으니 다인석인 경우 예약하고 가시는걸 추천드립니다
차차는,일식당,예약 없이 이용,대기 시간 바로 입장,친목,지인・동료,음식이 맛있어요,재료가 신선해요,컨셉이 독특해요,0,0,예전부터 돈카츠로 워낙 유명한 집이라 길게설명할 필요는 없는 집입니다^^ 등심보다는 특등심이 훨씬 맛있구요 등심보단 안심이 훨씬 맛있습니다~~그리고 트러플소금에 꼭 찍어드세요~ 같이나온 장국이 고기로 육수를 낸거같기도하고 양파도 구워서 넣은거같은 아주 진한 장국이라 맛있었습니다~~예전보단 그 인기가 덜하지만 맛있는 집인건 지금도 유효하네요
차차는,"카페,디저트",예약 없이 이용,대기 시간 10분 이내 ,친목,지인・동료,커피가 맛있어요,디저트가 맛있어요,특별한 메뉴가 있어요,인테리어가 멋져요,사진이 잘 나와요,더현대에서 맛본후 맛이 좋아 도산점도 들러봤습니다^^ 역시 맛 좋구요 같이먹은 크루아상 크림빵도 맛이 좋네요~~미리 만들어 놓은거라 빵이 식어서 질긴건지 반죽자체가 질긴건지 그것빼곤 맛있었습니다~^^ 거의다 2인석이라 자리가 협소하니 3인이상은 기다리셨다가 입장가능할듯 하네요~^^
차차는,중식당,예약 없이 이용,대기 시간 바로 입장,친목,지인・동료,음식이 맛있어요,재료가 신선해요,특별한 메뉴가 있어요,가성비가 좋아요,술이 다양해요,지인 추천으로 n번째 방문중인 올드상해~~음식도 맛있고 직원분들도 친절하고~~분위기도 홍콩술집느낌이 아주 좋네요~~매운돼지볶음을 추천드립니다~~
차차는,돼지고기구이,예약 후 이용,대기 시간 바로 입장,친목,지인・동료,고기 질이 좋아요,특별한 메뉴가 있어요,잡내가 적어요,반찬이 잘 나와요,직접 잘 구워줘요,서울 3대 고깃집 남영돈ㅜㅜ 드디어 오늘이 마지막 방문일듯 하네요 ㅜㅜ 예전과 맛이 달라졌어요ㅜㅜ고기도 찌개도ㅜㅜ 반찬 플레이팅도 전과 다르게 깔끔하지 못하네요ㅜㅜ 그 동안 맛있게 잘 먹었습니다
차차는,"치킨,닭강정",예약 없이 이용,대기 시간 바로 입장,친목,지인・동료,음식이 맛있어요,인테리어가 멋져요,매장이 넓어요,야외공간이 멋져요,0,루프탑이 있다해서 갔지만 단체예약이 있어서 아쉽게도 1층에서 먹었습니다~~1층이어도 폴딩도어로 탁트여서 야외서 먹는 느낌이라 좋았구요~~치킨도 매콤바삭하니 맛이 좋았습니다~~ 알고보니 틴탑멤버의 부모님이 운영하시는 곳이라네요~~그래서 벽면에 멤버사진이 가득하답니다^^
차차는,이자카야,예약 없이 이용,대기 시간 바로 입장,친목,지인・동료,음식이 맛있어요,술이 다양해요,인테리어가 멋져요,대화하기 좋아요,0,분코다이닝을 가본적 있어서 한식주점 분코도 가보았습니다~~ 분코다이닝보단 조금 조용한 느낌이라 대화하기 편했구요 홀서버분도 꽤나 친절하십니다 모둠회한상 시켜서 먹었는데 분코다이닝만큼 맛이 좋았습니다 사이드 백김치 톳무침 미역무침도 맛있습니다~~모둠회 종류는 잿방어 연어 삼치 고등어 광어 도미 참치등 다양해서 좋았어요 다음에 또 가겠습니다
차차는,"치킨,닭강정",예약 없이 이용,대기 시간 바로 입장,친목,지인・동료,음식이 맛있어요,뷰가 좋아요,친절해요,0,0,맛있게 잘 먹고 갑니다
차차는,요리주점,예약 없이 이용,대기 시간 바로 입장,친목,지인・동료,음식이 맛있어요,기본 안주가 좋아요,인테리어가 멋져요,친절해요,매장이 청결해요,두번째 방문이네요^^  메뉴판이 없어지고 휴대폰으로 태그하여 주문하는 방식으로 바뀌어서 아쉬웠습니다ㅜㅜ 나름 괜찮은 포지션인 가게라 생각했는데 말이죠ㅜㅜ 인건비 절감이라 어쩔수 없을거라 생각합니다 모둠회랑 우니삼합시켰는데 역시 평타이상입니다 다음에 또 오겠습니다
차차는,"맥주,호프",예약 없이 이용,대기 시간 10분 이내 ,친목,지인・동료,음식이 맛있어요,가성비가 좋아요,양이 많아요,혼술하기 좋아요,친절해요,자주보는 맛집 유튜버 추천으로 방문하게 되었습니다~~~ 웨이팅 살짝있구요  오래걸리진 않습니다~~~ 가격이 너무 저렴해서 놀랐습니다~~1인 1메뉴는 주문해주셔야 가게유지에 도움이 될듯합니다~~~라면이라 큰기대를 안했는데 시중에 분식집이나 술집서 파는 라면 맛이랑은 다르네요~~너무맛있습니다~~~다음에 또 오겠습니다
차차는,돈가스,예약 후 이용,대기 시간 10분 이내 ,친목,지인・동료,음식이 맛있어요,재료가 신선해요,양이 많아요,차분한 분위기에요,화장실이 깨끗해요,워낙 유명한 곳이라 가 봐야지 하다가 갔습니다~~역시 육질좋구요ㅋ 개인적으로 특등심이 가장 맛있었습니다^^ 직원분들 친절하시구요 화장실도 깨끗합니다 잘먹고 갑니다^^
차차는,돈가스,예약 없이 이용,대기 시간 바로 입장,가족모임,부모님,재료가 신선해요,아늑해요,친절해요,매장이 청결해요,0,항상 지나가다 가 봐야지 해서 시간내서 가 봤습니다~~ 직원분들 너무 친절하셨구요 청양돈까스가 느끼함을 잡아줘서 좀 더 맛있는것 같습니다~~고기 연육방식이 물에 담구는 것인진 모르겠습니다만 부드러움 보단 물컹함이 커서 함박을 먹는 느낌이 컸습니다~~ 그것빼곤 좋았습니다
차차는,"맥주,호프",예약 없이 이용,대기 시간 바로 입장,친목,지인・동료,인테리어가 멋져요,대화하기 좋아요,뷰가 좋아요,사진이 잘 나와요,야외공간이 멋져요,녹사평오면 자주 가는 루프탑입니다 수년째 방문하고 있는 나름 애정하는 가게입니다 요즘같이 세련되고 멋스러운 루프탑은 아니지만 아기자기하고 금액도 나쁘지 않고 무엇보다 소주를 파는 루프탑이라 매력적이라 생각합니다 한번쯤 가보시길~
차차는,양식,예약 후 이용,대기 시간 바로 입장,친목,지인・동료,양이 많아요,가성비가 좋아요,친절해요,음식이 빨리 나와요,0,평이 괜찮아서 예약후 방문했습니다~손님이 꽤나 있더군요 음식 빨리 나오고 양도 많습니다~~분위기도 좋구요 다만 시끄러워 오래 머물거나 대화하기 힘든점 참고하세용 음식맛은 가격 생각하면 꽤 괜찮습니다
차차는,"카페,디저트",예약 없이 이용,대기 시간 바로 입장,나들이,혼자,커피가 맛있어요,음료가 맛있어요,대화하기 좋아요,아늑해요,친절해요,지인들 기다리다 들린 가게인데 디카페인 인데 불구하고 맛이 꽤나 좋습니다 사장님도 친절하시구요 근처 방문 한다면 재방문 하겠습니다~
차차는,요리주점,예약 없이 이용,대기 시간 바로 입장,친목,지인・동료,술이 다양해요,재료가 신선해요,인테리어가 멋져요,컨셉이 독특해요,0,지나가다 들른 곳입니다 재료 신선하고 맛도 괜찮습니다 다만 라면에 들어간 백합인지 동죽인지 조개가 너무 쓰네요
차차는,한식,예약 없이 이용,대기 시간 바로 입장,친목,지인・동료,음식이 맛있어요,양이 많아요,가성비가 좋아요,아늑해요,0,다비치 강민경과 성시경 추천 맛집이라 가봤습니다감자전 맛있긴 하나 조금 느끼하구요 같이 시킨 김치수제비 너무 맛있습니다 반죽을 직접 하시나봐요 부드럽고 안질겨서 좋았습니다 가격도 괜찮고 분위기도 좋네요 막걸리 보단 동동주 추천합니다
차차는,생선회,예약 없이 이용,대기 시간 바로 입장,친목,지인・동료,재료가 신선해요,0,0,0,0,같이 간 동생들이 드라마 나의아저씨에서 아이유가 갔던집이라해서 가본 밤노을~~ 철길앞에 가게가 있어 너무 운치있어 기분이 좋았습니다~~~가게도 심야식당같은 따뜻한 분위기의 가게라 마음도 따뜻해 지는 기분이었어요~~모둠숙성회 시켜서 소주한잔 기울이니 근심걱정이 다 내려가는것 같아 참 좋았습니다~회도 싱싱했구요~~아쉬운점은 숙성자체는 제 타입은 아니었습니다~~그래도 회자체는 참 싱싱하고 두꺼워서 아주 좋았습니다~~셀프라면 기계도 있어 만드는재미도 있습니다~~담에 또 갈게용♡
차차는,"육류,고기요리",예약 후 이용,대기 시간 바로 입장,친목,지인・동료,음식이 맛있어요,고기 질이 좋아요,반찬이 잘 나와요,인테리어가 멋져요,매장이 넓어요,요즘 제일 핫한 고깃집 산청숯불가든 다녀왔습니다~ 저는 예약을 하고 가서 웨이팅을 안했지만 5시에 도착하니 벌써 52팀이 등록돼있더라구요ㅜㅜ 들어가자 마자 진짜 산속 가든 느낌이 확 들고 덥지도 않아서 너무 좋았어요~~ 주문은 qr코드방식이고 소금구이 500그람 가브리살 2인분 볶음밥과 한우된장찌개 주문했습니다 소금구이 500그람에는 삼겹살 앞다리살 목살등 다양한 부위를 맛볼수 있어 좋았습니다 개인적으로 최근 먹어본 돼지고기중 탑티어 수준의 질을 보여주더라구요ㅜㅜ 같이시킨 볶은밥도 너무 맛있었습니다~~찌개는 한우가 들어갔다길래 기름진 농진한 찌개를 기대했지만 그런스타일은 아니었구요 살짝 간간한 스타일의 찌개라서 개인적으론 아쉬웠어요~~맛이 없다는건 아닙니다^^  서버분들도 친절하십니다~~담에 또갈게요
차차는,생선회,예약 없이 이용,대기 시간 30분 이상,나들이,지인・동료,가성비가 좋아요,컨셉이 독특해요,0,0,0,전에 가봤다가 만족스러워서 다시 가본 초록문 ....그새 변화가 많이 있었나봐요ㅜㅜ 모둠회는 없어지고 포장만 되더라구요 그래서 참다랑어 방어 작은두접시 시켰구요 맛은 방어는 참 좋았지만 참다랑어는 너무 아니었습니다ㅜㅜ 금액이 싸긴했으나 돈더내고 좋은 퀄리티의 회를 먹고싶네요ㅜㅜ 또한 상차림비 인당 2000원씩 받는것도 새로 생겼더라구요ㅜㅜ 전반적으로 어수선해지고 정신없는 가게가 된거같아 아쉬움이 참 컸네요ㅜㅜ
차차는,"카페,디저트",예약 없이 이용,대기 시간 바로 입장,친목,지인・동료,커피가 맛있어요,특별한 메뉴가 있어요,건강한 맛이에요,인테리어가 멋져요,사진이 잘 나와요,차가 먹고싶어 들렀지만 너무 아쉬운 곳이었어요ㅜㅜ 우려서 먹을수 있게 플레이팅도 아니었고 맛도 제취향은 아니었습니다 ㅜㅜ 매장은 생각보다 작았구요ㅜㅜ 커피맛은 괜찮았습니다
차차는,한식,예약 없이 이용,대기 시간 바로 입장,친목,지인・동료,재료가 신선해요,가성비가 좋아요,건강한 맛이에요,매장이 넓어요,단체모임 하기 좋아요,쌈밥이 먹고 싶어 평이좋아 방문했습니다~~매장이 본관별관 두개라 엄청커서 놀랐구요~~손님도 많았어요~~음식바로나오고 아주머니들도 친절하세요~~ 제육 고등어 쌈 세트가 인당 16000원이라 가성비 참 좋았어요~~ 맛은 깔끔정갈한 맛이구요 채소가 너무 싱싱해서 놀랐습니다~~아쉬운건 찌개는 너무 밍밍해서 좀더 진했으면 합니다~~~ 종종 가겠습니다
차차는,요리주점,예약 없이 이용,대기 시간 10분 이내 ,친목,지인・동료,음식이 맛있어요,술이 다양해요,특별한 메뉴가 있어요,친절해요,매장이 청결해요,용용선생 자주가는데 이수점은 처음이네요~~ 매장이 엄청 넓어서 놀랐습니다~~직원분들이 많이 바쁘신데도 빠른 응대와 서비스로 기분이 좋았네요~~ 다른지점과 다르게 유린기튀김상태가 너무 좋아서 만족스러웠습니다~~같은 체인이라도 케바케인거 같아요^^ 다른메뉴들도 너무 만족스러웠습니다^^ 다음에 이수올때 한번 더 들러볼게용~~^^ 아~~드실때 느끼함을 잡아주는 오이무침도 꼭 시켜드세요~시원하고 새콤달콤 맛있습니다~~~~~
차차는,"맥주,호프",예약 없이 이용,대기 시간 바로 입장,친목,지인・동료,양이 많아요,매장이 넓어요,친절해요,오래 머무르기 좋아요,좌석이 편해요,늦은시간 영업중인 곳을 찾다가 사당골목쪽에 위치한 맥주집인데 직원분의 상세한 설명과 친절한 응대가 너무 감사했습니다^^  맥주집이라 맥주종류가 다양해서 참 좋았습니다~~~ 기억하고 있다가 또 갈게요
차차는,이자카야,예약 없이 이용,대기 시간 30분 이내,친목,지인・동료,음식이 맛있어요,술이 다양해요,특별한 메뉴가 있어요,인테리어가 멋져요,사진이 잘 나와요,어찌어찌하다 고심해서 찾고 찾은 이자카야 사이~평일 추운 초저녁인데도 만석이라 자리가 없더라구요~~그래도 친절한 직원분께서 예약도 도와주시고 입장해서 닷찌뿐인자리 밖에 없어서 앉은후 테이블석 나자마자 바로 이동시켜주셔서 너무 감사했습니다~^^ 안주가격도 적당하고 맛도 훌륭했습니다 특히 연어구이랑 모둠회가 최고였어요~~직원분들이 홀과 주방을 멀티로 보셔서 그런지 회에 대한 설명이 없어 그거빼곤 참 만족스러운 가게였습니다 가게내부가 크질 않으니 다인석인 경우 예약하고 가시는걸 추천드립니다
차차는,일식당,예약 없이 이용,대기 시간 바로 입장,친목,지인・동료,음식이 맛있어요,재료가 신선해요,컨셉이 독특해요,0,0,예전부터 돈카츠로 워낙 유명한 집이라 길게설명할 필요는 없는 집입니다^^ 등심보다는 특등심이 훨씬 맛있구요 등심보단 안심이 훨씬 맛있습니다~~그리고 트러플소금에 꼭 찍어드세요~ 같이나온 장국이 고기로 육수를 낸거같기도하고 양파도 구워서 넣은거같은 아주 진한 장국이라 맛있었습니다~~예전보단 그 인기가 덜하지만 맛있는 집인건 지금도 유효하네요
차차는,"카페,디저트",예약 없이 이용,대기 시간 10분 이내 ,친목,지인・동료,커피가 맛있어요,디저트가 맛있어요,특별한 메뉴가 있어요,인테리어가 멋져요,사진이 잘 나와요,더현대에서 맛본후 맛이 좋아 도산점도 들러봤습니다^^ 역시 맛 좋구요 같이먹은 크루아상 크림빵도 맛이 좋네요~~미리 만들어 놓은거라 빵이 식어서 질긴건지 반죽자체가 질긴건지 그것빼곤 맛있었습니다~^^ 거의다 2인석이라 자리가 협소하니 3인이상은 기다리셨다가 입장가능할듯 하네요~^^
차차는,중식당,예약 없이 이용,대기 시간 바로 입장,친목,지인・동료,음식이 맛있어요,재료가 신선해요,특별한 메뉴가 있어요,가성비가 좋아요,술이 다양해요,지인 추천으로 n번째 방문중인 올드상해~~음식도 맛있고 직원분들도 친절하고~~분위기도 홍콩술집느낌이 아주 좋네요~~매운돼지볶음을 추천드립니다~~
차차는,돼지고기구이,예약 후 이용,대기 시간 바로 입장,친목,지인・동료,고기 질이 좋아요,특별한 메뉴가 있어요,잡내가 적어요,반찬이 잘 나와요,직접 잘 구워줘요,서울 3대 고깃집 남영돈ㅜㅜ 드디어 오늘이 마지막 방문일듯 하네요 ㅜㅜ 예전과 맛이 달라졌어요ㅜㅜ고기도 찌개도ㅜㅜ 반찬 플레이팅도 전과 다르게 깔끔하지 못하네요ㅜㅜ 그 동안 맛있게 잘 먹었습니다
차차는,"치킨,닭강정",예약 없이 이용,대기 시간 바로 입장,친목,지인・동료,음식이 맛있어요,인테리어가 멋져요,매장이 넓어요,야외공간이 멋져요,0,루프탑이 있다해서 갔지만 단체예약이 있어서 아쉽게도 1층에서 먹었습니다~~1층이어도 폴딩도어로 탁트여서 야외서 먹는 느낌이라 좋았구요~~치킨도 매콤바삭하니 맛이 좋았습니다~~ 알고보니 틴탑멤버의 부모님이 운영하시는 곳이라네요~~그래서 벽면에 멤버사진이 가득하답니다^^
차차는,이자카야,예약 없이 이용,대기 시간 바로 입장,친목,지인・동료,음식이 맛있어요,술이 다양해요,인테리어가 멋져요,대화하기 좋아요,0,분코다이닝을 가본적 있어서 한식주점 분코도 가보았습니다~~ 분코다이닝보단 조금 조용한 느낌이라 대화하기 편했구요 홀서버분도 꽤나 친절하십니다 모둠회한상 시켜서 먹었는데 분코다이닝만큼 맛이 좋았습니다 사이드 백김치 톳무침 미역무침도 맛있습니다~~모둠회 종류는 잿방어 연어 삼치 고등어 광어 도미 참치등 다양해서 좋았어요 다음에 또 가겠습니다
차차는,"치킨,닭강정",예약 없이 이용,대기 시간 바로 입장,친목,지인・동료,음식이 맛있어요,뷰가 좋아요,친절해요,0,0,맛있게 잘 먹고 갑니다
차차는,요리주점,예약 없이 이용,대기 시간 바로 입장,친목,지인・동료,음식이 맛있어요,기본 안주가 좋아요,인테리어가 멋져요,친절해요,매장이 청결해요,두번째 방문이네요^^  메뉴판이 없어지고 휴대폰으로 태그하여 주문하는 방식으로 바뀌어서 아쉬웠습니다ㅜㅜ 나름 괜찮은 포지션인 가게라 생각했는데 말이죠ㅜㅜ 인건비 절감이라 어쩔수 없을거라 생각합니다 모둠회랑 우니삼합시켰는데 역시 평타이상입니다 다음에 또 오겠습니다
차차는,"맥주,호프",예약 없이 이용,대기 시간 10분 이내 ,친목,지인・동료,음식이 맛있어요,가성비가 좋아요,양이 많아요,혼술하기 좋아요,친절해요,자주보는 맛집 유튜버 추천으로 방문하게 되었습니다~~~ 웨이팅 살짝있구요  오래걸리진 않습니다~~~ 가격이 너무 저렴해서 놀랐습니다~~1인 1메뉴는 주문해주셔야 가게유지에 도움이 될듯합니다~~~라면이라 큰기대를 안했는데 시중에 분식집이나 술집서 파는 라면 맛이랑은 다르네요~~너무맛있습니다~~~다음에 또 오겠습니다
차차는,돈가스,예약 후 이용,대기 시간 10분 이내 ,친목,지인・동료,음식이 맛있어요,재료가 신선해요,양이 많아요,차분한 분위기에요,화장실이 깨끗해요,워낙 유명한 곳이라 가 봐야지 하다가 갔습니다~~역시 육질좋구요ㅋ 개인적으로 특등심이 가장 맛있었습니다^^ 직원분들 친절하시구요 화장실도 깨끗합니다 잘먹고 갑니다^^
차차는,돈가스,예약 없이 이용,대기 시간 바로 입장,가족모임,부모님,재료가 신선해요,아늑해요,친절해요,매장이 청결해요,0,항상 지나가다 가 봐야지 해서 시간내서 가 봤습니다~~ 직원분들 너무 친절하셨구요 청양돈까스가 느끼함을 잡아줘서 좀 더 맛있는것 같습니다~~고기 연육방식이 물에 담구는 것인진 모르겠습니다만 부드러움 보단 물컹함이 커서 함박을 먹는 느낌이 컸습니다~~ 그것빼곤 좋았습니다
차차는,"맥주,호프",예약 없이 이용,대기 시간 바로 입장,친목,지인・동료,인테리어가 멋져요,대화하기 좋아요,뷰가 좋아요,사진이 잘 나와요,야외공간이 멋져요,녹사평오면 자주 가는 루프탑입니다 수년째 방문하고 있는 나름 애정하는 가게입니다 요즘같이 세련되고 멋스러운 루프탑은 아니지만 아기자기하고 금액도 나쁘지 않고 무엇보다 소주를 파는 루프탑이라 매력적이라 생각합니다 한번쯤 가보시길~
차차는,양식,예약 후 이용,대기 시간 바로 입장,친목,지인・동료,양이 많아요,가성비가 좋아요,친절해요,음식이 빨리 나와요,0,평이 괜찮아서 예약후 방문했습니다~손님이 꽤나 있더군요 음식 빨리 나오고 양도 많습니다~~분위기도 좋구요 다만 시끄러워 오래 머물거나 대화하기 힘든점 참고하세용 음식맛은 가격 생각하면 꽤 괜찮습니다
차차는,"카페,디저트",예약 없이 이용,대기 시간 바로 입장,나들이,혼자,커피가 맛있어요,음료가 맛있어요,대화하기 좋아요,아늑해요,친절해요,지인들 기다리다 들린 가게인데 디카페인 인데 불구하고 맛이 꽤나 좋습니다 사장님도 친절하시구요 근처 방문 한다면 재방문 하겠습니다~
차차는,요리주점,예약 없이 이용,대기 시간 바로 입장,친목,지인・동료,술이 다양해요,재료가 신선해요,인테리어가 멋져요,컨셉이 독특해요,0,지나가다 들른 곳입니다 재료 신선하고 맛도 괜찮습니다 다만 라면에 들어간 백합인지 동죽인지 조개가 너무 쓰네요
차차는,한식,예약 없이 이용,대기 시간 바로 입장,친목,지인・동료,음식이 맛있어요,양이 많아요,가성비가 좋아요,아늑해요,0,다비치 강민경과 성시경 추천 맛집이라 가봤습니다감자전 맛있긴 하나 조금 느끼하구요 같이 시킨 김치수제비 너무 맛있습니다 반죽을 직접 하시나봐요 부드럽고 안질겨서 좋았습니다 가격도 괜찮고 분위기도 좋네요 막걸리 보단 동동주 추천합니다
차차는,"육류,고기요리",예약 없이 이용,대기 시간 바로 입장,친목,지인・동료,음식이 맛있어요,고기 질이 좋아요,특별한 메뉴가 있어요,잡내가 적어요,친절해요,항치살이라고 항정살을 깨끗이 기름제거해서 동그랗게 만든 고기입니다~^^ 근래 먹어본 항정살중 가장 맛있었습니다 비빔수제비도 꼭 시켜드세요 수제라 반죽이 부드럽습니다 양념밸런스도 좋구요
차차는,"육류,고기요리",예약 없이 이용,대기 시간 바로 입장,친목,지인・동료,음식이 맛있어요,고기 질이 좋아요,특별한 메뉴가 있어요,인테리어가 멋져요,아늑해요,살면서 먹어 본 양고기 중 탑입니다^^한번 가 보세요 후회 없습니다
