﻿nickname,restaurant,reservation,waiting,purpose,withwho,tagging_1,tagging_2,tagging_3,tagging_4,tagging_5,content
푸딩쓰,베이커리,예약 없이 이용,대기 시간 바로 입장,일상,혼자,빵이 맛있어요,메뉴 구성이 알차요,종류가 다양해요,인테리어가 멋져요,야외공간이 멋져요,세 번째 방문하는 코끼리베이글! 12시 전에 갔는데 오늘도 플레인 베이글은 품절이네요🤣 또 가야겠다...
푸딩쓰,브런치카페,예약 없이 이용,대기 시간 바로 입장,일상,혼자,음식이 맛있어요,0,0,0,0,샌드위치 먹으러 갔다가 수프에 반했어요😋 이름대로 수프 맛집이네요. 샌드위치도 가격 착하고 수프랑 같이 먹기 좋아요. 무엇보다 성수에서 귀한 연중무휴 늦게까지 하는 카페라 좋았네요!!
푸딩쓰,양식,예약 없이 이용,대기 시간 바로 입장,친목,친구,음식이 맛있어요,건강한 맛이에요,인테리어가 멋져요,아늑해요,친절해요,일요 브런치로 최고의 선택이었어요! 건강하고 맛있는 음식과 공간 자체가 산뜻해서 힐링..🩵 직원분들 엄청 친절하시고 유쾌하게 일하시는 모습이 보기 좋았어요!! 나중에 유명해졌을때 이 리뷰가 성지가 되기를😌
푸딩쓰,"카페,디저트",예약 없이 이용,대기 시간 30분 이내,일상,혼자,친절해요,디저트가 맛있어요,음식이 맛있어요,0,0,직원분이 엄청 친절하셔서 기다리는 시간이 지루하지 않았네요☺️지금까지 먹어본 소금빵중에 제일 맛있었어요 또 먹으러 갈게요~~~!!
푸딩쓰,"카페,디저트",예약 없이 이용,대기 시간 바로 입장,여행,친구,친절해요,디저트가 맛있어요,특별한 메뉴가 있어요,0,0,강릉에서 와보고 싶던 카페에요! 테이크아웃인줄 몰랐지만 잘 먹어볼게용😃
푸딩쓰,냉면,예약 없이 이용,대기 시간 30분 이상,친목,지인・동료,음식이 맛있어요,양이 많아요,음식이 빨리 나와요,0,0,2년 만에 재오픈한 을지면옥 다녀왔어요! 비오는 날에 갔는데도 오픈 전부터 웨이팅이 엄청나네요🥹 깔끔하고 어느 정도 염도도 있는 평냉이라 입문자들도 괜찮을 것 같아요. 비빔사리 시키시면 고명 없이 맛만 볼 수 있으니 참고하세요. 편육도 쫄깃쫄깃 넘 맛있었습니다😋 자세한 후기는 블로그에 올렸어요!
푸딩쓰,갈비탕,포장·배달 이용,대기 시간 바로 입장,가족모임,부모님,친절해요,포장이 깔끔해요,양이 많아요,가성비가 좋아요,0,어버이날 자리 없을까봐 포장 해와서 먹었어요! 양이 엄청 많고 맛도 괜찮은데 양념이 좀 단 편이었어요
푸딩쓰,0,예약 없이 이용,대기 시간 바로 입장,일상,혼자,빵이 맛있어요,특별한 메뉴가 있어요,디저트가 맛있어요,0,0,원래 사려던 메뉴가 없어서 시그니처 메뉴로 사봤어요 당충전 뽝!! 달고 맛이 진해요
푸딩쓰,"카페,디저트",예약 없이 이용,대기 시간 바로 입장,일상,혼자,디저트가 맛있어요,비싼 만큼 가치있어요,음식이 맛있어요,0,0,껠끄쇼즈 바닐라 무스 먹고 반했었는데 오늘은 샌드쿠키 먹어봤습니당 작지만 고급스러운 맛이에요!
푸딩쓰,"카페,디저트",예약 없이 이용,대기 시간 10분 이내 ,일상,혼자,친절해요,디저트가 맛있어요,특별한 메뉴가 있어요,0,0,토요일에 갔는데도 거의 안 기다리고 살 수 있었어요! 하프앤하프가 되서 좋고 새로운 디저트의 개념이랄까 근데 가격이 너무 쎄긴합니다🥹
푸딩쓰,"해물,생선요리",예약 없이 이용,대기 시간 바로 입장,일상,혼자,음식이 맛있어요,특별한 메뉴가 있어요,매장이 넓어요,혼밥하기 좋아요,0,앉은지 5분도 안 되서 나와서 혼자 후다닥 먹고 가기 좋아요. 맛있는데 생각보다 매워서 맵찔이는 좀 힘들었어요🤣
푸딩쓰,일식당,예약 없이 이용,대기 시간 30분 이내,일상,혼자,사진이 잘 나와요,음식이 맛있어요,특별한 메뉴가 있어요,0,0,성수동 줄 서는 맛집 20분 정도 기다려서 먹었네요🥹 혼자 먹기 딱 좋은 양에 맛있어요 아래 닭고기랑 양파도 들어있어서 알찼어요💖
푸딩쓰,차,예약 없이 이용,대기 시간 바로 입장,일상,혼자,차가 맛있어요,음료가 맛있어요,특별한 메뉴가 있어요,0,0,중국에서 유명하다길래 먹어봤는데 맛있지만 가격이 쎄네요🤣 한 번 먹어본걸로 만족해요
푸딩쓰,"맥주,호프",예약 없이 이용,대기 시간 바로 입장,친목,지인・동료,음식이 맛있어요,기본 안주가 좋아요,특별한 메뉴가 있어요,가성비가 좋아요,양이 많아요,"말로만 듣던 울리불리 드디어 가봤어요! 와 피자 치즈가 흘러내리는데 너무 맛있네요🥹 같이 간 지인들도 근래 먹은 피자중에 제일 맛있다고 배부른데 계속 먹었습니다. 치즈떡볶이, 과일 다 성공적!!!"
푸딩쓰,브런치,예약 후 이용,대기 시간 30분 이내,친목,친구,친절해요,특별한 메뉴가 있어요,0,0,0,비주얼은 너무 좋은데 비해 맛은 살짝 아쉬운 정도..? 화이트 벽이라 사진 찍었을때 얼룩이 나와서 보는 것 처럼 예쁘게 안 나오네요🥲
푸딩쓰,닭볶음탕,예약 없이 이용,대기 시간 바로 입장,친목,친구,음식이 맛있어요,양이 많아요,특별한 메뉴가 있어요,가성비가 좋아요,0,계란범벅 먹으러 갔다가 오징어덮채랑 닭볶음탕까지 플렉스 했는데 다 맛있어요! 계란범벅은 아는 맛인데 맛있어요. 오징어 덮채는 생각보다 슴슴한 맛인데 계속 손이 가고 닭볶음탕은 집에서 엄마가 해준 맛 쌀떡 들어있는거 넘 좋아요👍🏻
푸딩쓰,바(BAR),예약 없이 이용,대기 시간 30분 이내,친목,친구,사진이 잘 나와요,특별한 메뉴가 있어요,0,0,0,너무 먹음직스럽고 개성있는 타코! 사진이 아주 잘 나와요📸 (먹기는 꽤나 불편..) 콘립 세상 자극적고 맛있으니 꼭 드세요
푸딩쓰,햄버거,예약 없이 이용,대기 시간 바로 입장,일상,혼자,혼밥하기 좋아요,음식이 맛있어요,특별한 메뉴가 있어요,0,0,광진구 버거 맛집으로 유명한 래빗홀 버거. 블루치즈버거가 생각보다 블루치즈 맛이 강해서 놀랐네요. 다음에는 클래식으로 먹어봐야겠어요:)
푸딩쓰,한식,예약 후 이용,대기 시간 바로 입장,친목,지인・동료,인테리어가 멋져요,비싼 만큼 가치있어요,코스요리가 알차요,고기 질이 좋아요,잡내가 적어요,처음 갔다가 반해서 대관 예약해두고 다녀왔어요. 여전히 분위기며 맛이며 셰프님의 입담까지 너무 훌륭했습니다😊 전통주 페어링도 코스랑 잘 어울리는 귀한 술들 맛 볼 수 있어서 좋았어요!!
푸딩쓰,베이커리,예약 없이 이용,대기 시간 바로 입장,일상,혼자,빵이 맛있어요,메뉴 구성이 알차요,종류가 다양해요,인테리어가 멋져요,야외공간이 멋져요,세 번째 방문하는 코끼리베이글! 12시 전에 갔는데 오늘도 플레인 베이글은 품절이네요🤣 또 가야겠다...
푸딩쓰,브런치카페,예약 없이 이용,대기 시간 바로 입장,일상,혼자,음식이 맛있어요,0,0,0,0,샌드위치 먹으러 갔다가 수프에 반했어요😋 이름대로 수프 맛집이네요. 샌드위치도 가격 착하고 수프랑 같이 먹기 좋아요. 무엇보다 성수에서 귀한 연중무휴 늦게까지 하는 카페라 좋았네요!!
푸딩쓰,양식,예약 없이 이용,대기 시간 바로 입장,친목,친구,음식이 맛있어요,건강한 맛이에요,인테리어가 멋져요,아늑해요,친절해요,일요 브런치로 최고의 선택이었어요! 건강하고 맛있는 음식과 공간 자체가 산뜻해서 힐링..🩵 직원분들 엄청 친절하시고 유쾌하게 일하시는 모습이 보기 좋았어요!! 나중에 유명해졌을때 이 리뷰가 성지가 되기를😌
푸딩쓰,"카페,디저트",예약 없이 이용,대기 시간 30분 이내,일상,혼자,친절해요,디저트가 맛있어요,음식이 맛있어요,0,0,직원분이 엄청 친절하셔서 기다리는 시간이 지루하지 않았네요☺️지금까지 먹어본 소금빵중에 제일 맛있었어요 또 먹으러 갈게요~~~!!
푸딩쓰,"카페,디저트",예약 없이 이용,대기 시간 바로 입장,여행,친구,친절해요,디저트가 맛있어요,특별한 메뉴가 있어요,0,0,강릉에서 와보고 싶던 카페에요! 테이크아웃인줄 몰랐지만 잘 먹어볼게용😃
푸딩쓰,냉면,예약 없이 이용,대기 시간 30분 이상,친목,지인・동료,음식이 맛있어요,양이 많아요,음식이 빨리 나와요,0,0,2년 만에 재오픈한 을지면옥 다녀왔어요! 비오는 날에 갔는데도 오픈 전부터 웨이팅이 엄청나네요🥹 깔끔하고 어느 정도 염도도 있는 평냉이라 입문자들도 괜찮을 것 같아요. 비빔사리 시키시면 고명 없이 맛만 볼 수 있으니 참고하세요. 편육도 쫄깃쫄깃 넘 맛있었습니다😋 자세한 후기는 블로그에 올렸어요!
푸딩쓰,갈비탕,포장·배달 이용,대기 시간 바로 입장,가족모임,부모님,친절해요,포장이 깔끔해요,양이 많아요,가성비가 좋아요,0,어버이날 자리 없을까봐 포장 해와서 먹었어요! 양이 엄청 많고 맛도 괜찮은데 양념이 좀 단 편이었어요
푸딩쓰,0,예약 없이 이용,대기 시간 바로 입장,일상,혼자,빵이 맛있어요,특별한 메뉴가 있어요,디저트가 맛있어요,0,0,원래 사려던 메뉴가 없어서 시그니처 메뉴로 사봤어요 당충전 뽝!! 달고 맛이 진해요
푸딩쓰,"카페,디저트",예약 없이 이용,대기 시간 바로 입장,일상,혼자,디저트가 맛있어요,비싼 만큼 가치있어요,음식이 맛있어요,0,0,껠끄쇼즈 바닐라 무스 먹고 반했었는데 오늘은 샌드쿠키 먹어봤습니당 작지만 고급스러운 맛이에요!
푸딩쓰,"카페,디저트",예약 없이 이용,대기 시간 10분 이내 ,일상,혼자,친절해요,디저트가 맛있어요,특별한 메뉴가 있어요,0,0,토요일에 갔는데도 거의 안 기다리고 살 수 있었어요! 하프앤하프가 되서 좋고 새로운 디저트의 개념이랄까 근데 가격이 너무 쎄긴합니다🥹
푸딩쓰,"해물,생선요리",예약 없이 이용,대기 시간 바로 입장,일상,혼자,음식이 맛있어요,특별한 메뉴가 있어요,매장이 넓어요,혼밥하기 좋아요,0,앉은지 5분도 안 되서 나와서 혼자 후다닥 먹고 가기 좋아요. 맛있는데 생각보다 매워서 맵찔이는 좀 힘들었어요🤣
푸딩쓰,일식당,예약 없이 이용,대기 시간 30분 이내,일상,혼자,사진이 잘 나와요,음식이 맛있어요,특별한 메뉴가 있어요,0,0,성수동 줄 서는 맛집 20분 정도 기다려서 먹었네요🥹 혼자 먹기 딱 좋은 양에 맛있어요 아래 닭고기랑 양파도 들어있어서 알찼어요💖
푸딩쓰,차,예약 없이 이용,대기 시간 바로 입장,일상,혼자,차가 맛있어요,음료가 맛있어요,특별한 메뉴가 있어요,0,0,중국에서 유명하다길래 먹어봤는데 맛있지만 가격이 쎄네요🤣 한 번 먹어본걸로 만족해요
푸딩쓰,"맥주,호프",예약 없이 이용,대기 시간 바로 입장,친목,지인・동료,음식이 맛있어요,기본 안주가 좋아요,특별한 메뉴가 있어요,가성비가 좋아요,양이 많아요,"말로만 듣던 울리불리 드디어 가봤어요! 와 피자 치즈가 흘러내리는데 너무 맛있네요🥹 같이 간 지인들도 근래 먹은 피자중에 제일 맛있다고 배부른데 계속 먹었습니다. 치즈떡볶이, 과일 다 성공적!!!"
푸딩쓰,브런치,예약 후 이용,대기 시간 30분 이내,친목,친구,친절해요,특별한 메뉴가 있어요,0,0,0,비주얼은 너무 좋은데 비해 맛은 살짝 아쉬운 정도..? 화이트 벽이라 사진 찍었을때 얼룩이 나와서 보는 것 처럼 예쁘게 안 나오네요🥲
푸딩쓰,닭볶음탕,예약 없이 이용,대기 시간 바로 입장,친목,친구,음식이 맛있어요,양이 많아요,특별한 메뉴가 있어요,가성비가 좋아요,0,계란범벅 먹으러 갔다가 오징어덮채랑 닭볶음탕까지 플렉스 했는데 다 맛있어요! 계란범벅은 아는 맛인데 맛있어요. 오징어 덮채는 생각보다 슴슴한 맛인데 계속 손이 가고 닭볶음탕은 집에서 엄마가 해준 맛 쌀떡 들어있는거 넘 좋아요👍🏻
푸딩쓰,바(BAR),예약 없이 이용,대기 시간 30분 이내,친목,친구,사진이 잘 나와요,특별한 메뉴가 있어요,0,0,0,너무 먹음직스럽고 개성있는 타코! 사진이 아주 잘 나와요📸 (먹기는 꽤나 불편..) 콘립 세상 자극적고 맛있으니 꼭 드세요
푸딩쓰,햄버거,예약 없이 이용,대기 시간 바로 입장,일상,혼자,혼밥하기 좋아요,음식이 맛있어요,특별한 메뉴가 있어요,0,0,광진구 버거 맛집으로 유명한 래빗홀 버거. 블루치즈버거가 생각보다 블루치즈 맛이 강해서 놀랐네요. 다음에는 클래식으로 먹어봐야겠어요:)
푸딩쓰,한식,예약 후 이용,대기 시간 바로 입장,친목,지인・동료,인테리어가 멋져요,비싼 만큼 가치있어요,코스요리가 알차요,고기 질이 좋아요,잡내가 적어요,처음 갔다가 반해서 대관 예약해두고 다녀왔어요. 여전히 분위기며 맛이며 셰프님의 입담까지 너무 훌륭했습니다😊 전통주 페어링도 코스랑 잘 어울리는 귀한 술들 맛 볼 수 있어서 좋았어요!!
푸딩쓰,베이커리,예약 없이 이용,대기 시간 바로 입장,일상,혼자,빵이 맛있어요,메뉴 구성이 알차요,종류가 다양해요,인테리어가 멋져요,야외공간이 멋져요,세 번째 방문하는 코끼리베이글! 12시 전에 갔는데 오늘도 플레인 베이글은 품절이네요🤣 또 가야겠다...
푸딩쓰,브런치카페,예약 없이 이용,대기 시간 바로 입장,일상,혼자,음식이 맛있어요,0,0,0,0,샌드위치 먹으러 갔다가 수프에 반했어요😋 이름대로 수프 맛집이네요. 샌드위치도 가격 착하고 수프랑 같이 먹기 좋아요. 무엇보다 성수에서 귀한 연중무휴 늦게까지 하는 카페라 좋았네요!!
푸딩쓰,양식,예약 없이 이용,대기 시간 바로 입장,친목,친구,음식이 맛있어요,건강한 맛이에요,인테리어가 멋져요,아늑해요,친절해요,일요 브런치로 최고의 선택이었어요! 건강하고 맛있는 음식과 공간 자체가 산뜻해서 힐링..🩵 직원분들 엄청 친절하시고 유쾌하게 일하시는 모습이 보기 좋았어요!! 나중에 유명해졌을때 이 리뷰가 성지가 되기를😌
푸딩쓰,"카페,디저트",예약 없이 이용,대기 시간 30분 이내,일상,혼자,친절해요,디저트가 맛있어요,음식이 맛있어요,0,0,직원분이 엄청 친절하셔서 기다리는 시간이 지루하지 않았네요☺️지금까지 먹어본 소금빵중에 제일 맛있었어요 또 먹으러 갈게요~~~!!
푸딩쓰,"카페,디저트",예약 없이 이용,대기 시간 바로 입장,여행,친구,친절해요,디저트가 맛있어요,특별한 메뉴가 있어요,0,0,강릉에서 와보고 싶던 카페에요! 테이크아웃인줄 몰랐지만 잘 먹어볼게용😃
푸딩쓰,냉면,예약 없이 이용,대기 시간 30분 이상,친목,지인・동료,음식이 맛있어요,양이 많아요,음식이 빨리 나와요,0,0,2년 만에 재오픈한 을지면옥 다녀왔어요! 비오는 날에 갔는데도 오픈 전부터 웨이팅이 엄청나네요🥹 깔끔하고 어느 정도 염도도 있는 평냉이라 입문자들도 괜찮을 것 같아요. 비빔사리 시키시면 고명 없이 맛만 볼 수 있으니 참고하세요. 편육도 쫄깃쫄깃 넘 맛있었습니다😋 자세한 후기는 블로그에 올렸어요!
푸딩쓰,갈비탕,포장·배달 이용,대기 시간 바로 입장,가족모임,부모님,친절해요,포장이 깔끔해요,양이 많아요,가성비가 좋아요,0,어버이날 자리 없을까봐 포장 해와서 먹었어요! 양이 엄청 많고 맛도 괜찮은데 양념이 좀 단 편이었어요
푸딩쓰,0,예약 없이 이용,대기 시간 바로 입장,일상,혼자,빵이 맛있어요,특별한 메뉴가 있어요,디저트가 맛있어요,0,0,원래 사려던 메뉴가 없어서 시그니처 메뉴로 사봤어요 당충전 뽝!! 달고 맛이 진해요
푸딩쓰,"카페,디저트",예약 없이 이용,대기 시간 바로 입장,일상,혼자,디저트가 맛있어요,비싼 만큼 가치있어요,음식이 맛있어요,0,0,껠끄쇼즈 바닐라 무스 먹고 반했었는데 오늘은 샌드쿠키 먹어봤습니당 작지만 고급스러운 맛이에요!
푸딩쓰,"카페,디저트",예약 없이 이용,대기 시간 10분 이내 ,일상,혼자,친절해요,디저트가 맛있어요,특별한 메뉴가 있어요,0,0,토요일에 갔는데도 거의 안 기다리고 살 수 있었어요! 하프앤하프가 되서 좋고 새로운 디저트의 개념이랄까 근데 가격이 너무 쎄긴합니다🥹
푸딩쓰,"해물,생선요리",예약 없이 이용,대기 시간 바로 입장,일상,혼자,음식이 맛있어요,특별한 메뉴가 있어요,매장이 넓어요,혼밥하기 좋아요,0,앉은지 5분도 안 되서 나와서 혼자 후다닥 먹고 가기 좋아요. 맛있는데 생각보다 매워서 맵찔이는 좀 힘들었어요🤣
푸딩쓰,일식당,예약 없이 이용,대기 시간 30분 이내,일상,혼자,사진이 잘 나와요,음식이 맛있어요,특별한 메뉴가 있어요,0,0,성수동 줄 서는 맛집 20분 정도 기다려서 먹었네요🥹 혼자 먹기 딱 좋은 양에 맛있어요 아래 닭고기랑 양파도 들어있어서 알찼어요💖
