﻿nickname,restaurant,reservation,waiting,purpose,withwho,tagging_1,tagging_2,tagging_3,tagging_4,tagging_5,content
화초까지먹을기세,"카페,디저트",예약 없이 이용,대기 시간 바로 입장,"친목, 일상",지인・동료,커피가 맛있어요,0,0,0,0,이곳 커피 맛집이라고 동료가 칭찬을 하길래 가봤어요 정말 커피가 맛있네요 저는 개인적으로 커피 온도가 지나치게 뜨거운거 싫은데 커피온도도 딱 좋았어요
화초까지먹을기세,요리주점,예약 후 이용,대기 시간 바로 입장,"기념일, 가족모임",아이,음식이 맛있어요,0,0,0,0,딸이 추천한 음식점인데 음식이 다 맛있네요미역국도 고기 잡내도 안나고  오래 푹 끓여서  정말 맛있었어요 고등어 덮밥도 맛있구요모든 음식 아주 맛있게 잘 먹고 왔어요
화초까지먹을기세,"치킨,닭강정",예약 없이 이용,대기 시간 바로 입장,"기념일, 회식",지인・동료,음식이 맛있어요,매장이 넓어요,단체모임 하기 좋아요,친절해요,0,이곳 치킨 정말 맛있네요1차로 배부르게 먹고 2차로 온곳인데 너무 맛있어서 후라이드 먹고 양념도 또 시키고 닭발까지 시켰어요 ㅎㅎ쥔장님이 친절하셔요무와 감자칩은 셀프로 리필됩니다 이곳 치킨 또 먹고 싶네요^^
화초까지먹을기세,"육류,고기요리",예약 후 이용,대기 시간 바로 입장,"기념일, 회식",지인・동료,고기 질이 좋아요,잡내가 적어요,재료가 신선해요,직접 잘 구워줘요,0,오래간만에 지인들과 모임이 있어서 찾아 간곳입니다모두 만나기쉽고 헤어질 때 각자 집에 가기 좋은 곳을 찾다가 이곳으로 정했어요고기 맛있고 반찬도 맛있어요 여러가지 소스를 주시는데 취향껏 찍어 먹어요 김치찌개 맛있다고 해서 별도로 두개 시켰는데 가격에 비해 양이 엄청 작습니다대체적으로 고기 가격에 비해 양이 적은편이에요 우리처럼 먹성 좋은 사람들은 많이 많이 시켜야해요 ㅎㅎ
화초까지먹을기세,돼지고기구이,예약 없이 이용,대기 시간 바로 입장,친목,지인・동료,음식이 맛있어요,매장이 넓어요,단체모임 하기 좋아요,친절해요,0,오래간만에 지인분들과 저녁모임 했어요 몸에 좋다는 오리고기로 메뉴 정하고 전철역에서도 가까운 옛골토성으로 갔어요한마리라고는 하지만 양이 그리 많지 않고 탕도 안나와요 나중에 잔치국수는 서비스로 주셨어요 국수가 다 불어서 씹히지도 않아요 ㅎㅎ그래도 간만에 오리고기 잘 먹었어요
화초까지먹을기세,"카페,디저트",예약 없이 이용,대기 시간 바로 입장,"친목, 일상",지인・동료,커피가 맛있어요,특별한 메뉴가 있어요,0,0,0,식사 후 직원들과 커피투어 다녀왔어요진한 커피 좋아해서 여기커피  좋아요식을수록 신맛도 올라와요
화초까지먹을기세,캐주얼웨어,0,0,0,0,가성비가 좋아요,매장이 넓어요,0,0,0,지금 행사중이라 필요한 옷 잘 샀어요
화초까지먹을기세,베트남음식,예약 없이 이용,대기 시간 바로 입장,일상,지인・동료,향신료가 강하지 않아요,매장이 넓어요,0,0,0,지인분이 월남쌈이 드시고 싶다해서 갔어요사진을 못 찍었네요 ㅎㅎ잘먹고 왔습니다
화초까지먹을기세,카페,예약 없이 이용,대기 시간 바로 입장,"친목, 일상",지인・동료,커피가 맛있어요,0,0,0,0,컴포즈커피 맛있어요사다준것만 마셔 봤는데 오늘은 매장에 직접가서 마셨어요
화초까지먹을기세,"해물,생선요리",예약 후 이용,대기 시간 바로 입장,"친목, 일상",지인・동료,음식이 맛있어요,단체모임 하기 좋아요,친절해요,0,0,날씨가 가을가을하여 추어탕 먹으러 갔어요 ㅎㅎ 진한 추어탕에 청양고추 다짐 듬뿍 넣어 칼칼하게 먹으니 아주 맛있네요 고추튀김도 맛납니다^^
화초까지먹을기세,생선구이,예약 후 이용,대기 시간 바로 입장,일상,지인・동료,음식이 맛있어요,반찬이 잘 나와요,친절해요,0,0,행사가 있어서 갔다가 점심식사로 간곳인데 생선ㄱ 이 아주 맛있었어요 돌솥밥이 쌀이 좋아서인지 맛있더라구요
화초까지먹을기세,일식당,예약 없이 이용,대기 시간 바로 입장,일상,지인・동료,특별한 메뉴가 있어요,친절해요,0,0,0,오래전 김밥집이었는데 일식으로 바뀌었네요 처음 가봤는데 독특하고 맛있었어요 상가안 통로에 있는 집인데 요즘같이 에어컨을 틀지 않는날은 더웠어요 바처럼 생긴 아담한 곳이라 혼자 식사 할 때 좋겠어요
화초까지먹을기세,"곰탕,설렁탕",예약 없이 이용,대기 시간 바로 입장,"나들이, 여행","친구, 지인・동료",음식이 맛있어요,단체모임 하기 좋아요,음식이 빨리 나와요,0,0,소머리국밥이 정말 맛있네요 잡내도 않나고 고기 질도 좋아요 육개장도 맛있고요 해물칼국수는 그냥 쏘쏘.놀러 갔다가 아침식사로 맛있게 잘먹고 왔어요
화초까지먹을기세,카페,예약 없이 이용,대기 시간 바로 입장,"나들이, 여행",지인・동료,커피가 맛있어요,디저트가 맛있어요,친절해요,0,0,꽃게탕 먹고 찐한 커피가 땡겨서 마셨는데 개운하고 좋네요^^
화초까지먹을기세,수산물,0,0,0,0,신선해요,맛있어요,친절해요,포장이 깔끔해요,0,놀러 갔다가 점심먹고 건어물과 다시마 사러 들른 곳인데요 이곳 쥔장언니 엄청 친절하고 서비스 팍팍 챙겨 주시네요일행들은 말린생선과 멸치 오징어 노가리 갈치ㅜ말린것등등 한아름 사서 왔는데 서비스로 맛있는 건어물 많이 챙겨 주셨어요 택배도 된다고 하니 나중에 다 먹으면 또 구매하려구요
화초까지먹을기세,생선회,예약 없이 이용,대기 시간 바로 입장,"나들이, 여행",지인・동료,재료가 신선해요,0,0,0,0,싱싱한 꽃게에 엄청 큰 새우와 칼국수 사리까지 아주 맛나게 먹었어요
화초까지먹을기세,조개요리,예약 없이 이용,대기 시간 바로 입장,"친목, 나들이, 여행","친구, 지인・동료",음식이 맛있어요,재료가 신선해요,특별한 메뉴가 있어요,인테리어가 멋져요,친절해요,오래간만에 언니동생과 여행왔어요조개구이 꼭 먹어보자고해서 이곳으로 정했는데.탁월한 선택이었네요 푸짐하고 모든게ㅡ다 맛있었어요
화초까지먹을기세,농수산물,0,0,0,0,가성비가 좋아요,0,0,0,0,여기 과일 싱싱하고 좋아요 망고가 좋아 보이길래 구매했는데 후숙해서 먹어야겠네요 아직은 딱딱해서
화초까지먹을기세,한식,예약 후 이용,대기 시간 바로 입장,"친목, 일상",지인・동료,음식이 맛있어요,0,0,0,0,돌솥밥이 맛있어서 자주 가는 곳이에요고등어 솥밥 비리지도 않고 맛있어요 전복과 명란도 맛납니다
화초까지먹을기세,"전,빈대떡",예약 없이 이용,대기 시간 바로 입장,"친목, 일상",친척・형제,친절해요,0,0,0,0,비도오고 막걸리에 파전 생각나서 전에 눈여겨 봐 뒀던곳  가봤어요 모듬전 먹어보고 해물파전도 먹어보려 했지만 또 먹고 싶단 생각이 안들어서 모듬전만 먹고 나왔어요또 가고 싶은 생각은 안드네요
화초까지먹을기세,캐주얼웨어,0,0,0,0,품질이 좋아요,0,0,0,0,오늘 깜짝 쿠폰쓰러 나갔다가 바지와 짚업가디건 구매했어요
화초까지먹을기세,캐주얼웨어,0,0,0,0,품질이 좋아요,0,0,0,0,1+1행사해서 갈 때마다 한 보따리씩 쇼핑을 하고 옵니다 탑텐은 소재가 괜찮은것 같아요
화초까지먹을기세,"초밥,롤",예약 없이 이용,대기 시간 바로 입장,일상,친척・형제,음식이 맛있어요,0,0,0,0,여기 진짜 맛있어요동생네 숍에 머리하러 왔다가 동생이 여기 음식 맛있다고 하길래 먹었는데 지~~인짜 맛있네요 재료가 신선하고 음식 자체가 맛있고 사장님도. 친절하시고 좋아요 우리동네까지 배달이 된다면 좋을텐데....
화초까지먹을기세,한식,예약 후 이용,대기 시간 바로 입장,"친목, 일상",지인・동료,음식이 맛있어요,0,0,0,0,날도 선선하고 따뜻한 국물도 생각나고해서 몸보신겸 점심은 추어탕으로 결정하고 갔어요오래간만에 갔는데 여전히  돌솥밥과 정갈한 반찬 맛있어요반찬그릇이나 덜어먹는 그릇이 전부 도자기라 좋았어요 플라스틱 멜라민식기 정말 싫은데 여긴 그릇도 다 맘에 들었어요
화초까지먹을기세,"카페,디저트",예약 없이 이용,대기 시간 바로 입장,"친목, 일상",지인・동료,커피가 맛있어요,0,0,0,0,이곳 커피 맛집이라고 동료가 칭찬을 하길래 가봤어요 정말 커피가 맛있네요 저는 개인적으로 커피 온도가 지나치게 뜨거운거 싫은데 커피온도도 딱 좋았어요
화초까지먹을기세,요리주점,예약 후 이용,대기 시간 바로 입장,"기념일, 가족모임",아이,음식이 맛있어요,0,0,0,0,딸이 추천한 음식점인데 음식이 다 맛있네요미역국도 고기 잡내도 안나고  오래 푹 끓여서  정말 맛있었어요 고등어 덮밥도 맛있구요모든 음식 아주 맛있게 잘 먹고 왔어요
화초까지먹을기세,"치킨,닭강정",예약 없이 이용,대기 시간 바로 입장,"기념일, 회식",지인・동료,음식이 맛있어요,매장이 넓어요,단체모임 하기 좋아요,친절해요,0,이곳 치킨 정말 맛있네요1차로 배부르게 먹고 2차로 온곳인데 너무 맛있어서 후라이드 먹고 양념도 또 시키고 닭발까지 시켰어요 ㅎㅎ쥔장님이 친절하셔요무와 감자칩은 셀프로 리필됩니다 이곳 치킨 또 먹고 싶네요^^
화초까지먹을기세,"육류,고기요리",예약 후 이용,대기 시간 바로 입장,"기념일, 회식",지인・동료,고기 질이 좋아요,잡내가 적어요,재료가 신선해요,직접 잘 구워줘요,0,오래간만에 지인들과 모임이 있어서 찾아 간곳입니다모두 만나기쉽고 헤어질 때 각자 집에 가기 좋은 곳을 찾다가 이곳으로 정했어요고기 맛있고 반찬도 맛있어요 여러가지 소스를 주시는데 취향껏 찍어 먹어요 김치찌개 맛있다고 해서 별도로 두개 시켰는데 가격에 비해 양이 엄청 작습니다대체적으로 고기 가격에 비해 양이 적은편이에요 우리처럼 먹성 좋은 사람들은 많이 많이 시켜야해요 ㅎㅎ
화초까지먹을기세,돼지고기구이,예약 없이 이용,대기 시간 바로 입장,친목,지인・동료,음식이 맛있어요,매장이 넓어요,단체모임 하기 좋아요,친절해요,0,오래간만에 지인분들과 저녁모임 했어요 몸에 좋다는 오리고기로 메뉴 정하고 전철역에서도 가까운 옛골토성으로 갔어요한마리라고는 하지만 양이 그리 많지 않고 탕도 안나와요 나중에 잔치국수는 서비스로 주셨어요 국수가 다 불어서 씹히지도 않아요 ㅎㅎ그래도 간만에 오리고기 잘 먹었어요
화초까지먹을기세,"카페,디저트",예약 없이 이용,대기 시간 바로 입장,"친목, 일상",지인・동료,커피가 맛있어요,특별한 메뉴가 있어요,0,0,0,식사 후 직원들과 커피투어 다녀왔어요진한 커피 좋아해서 여기커피  좋아요식을수록 신맛도 올라와요
화초까지먹을기세,캐주얼웨어,0,0,0,0,가성비가 좋아요,매장이 넓어요,0,0,0,지금 행사중이라 필요한 옷 잘 샀어요
화초까지먹을기세,베트남음식,예약 없이 이용,대기 시간 바로 입장,일상,지인・동료,향신료가 강하지 않아요,매장이 넓어요,0,0,0,지인분이 월남쌈이 드시고 싶다해서 갔어요사진을 못 찍었네요 ㅎㅎ잘먹고 왔습니다
화초까지먹을기세,카페,예약 없이 이용,대기 시간 바로 입장,"친목, 일상",지인・동료,커피가 맛있어요,0,0,0,0,컴포즈커피 맛있어요사다준것만 마셔 봤는데 오늘은 매장에 직접가서 마셨어요
화초까지먹을기세,"해물,생선요리",예약 후 이용,대기 시간 바로 입장,"친목, 일상",지인・동료,음식이 맛있어요,단체모임 하기 좋아요,친절해요,0,0,날씨가 가을가을하여 추어탕 먹으러 갔어요 ㅎㅎ 진한 추어탕에 청양고추 다짐 듬뿍 넣어 칼칼하게 먹으니 아주 맛있네요 고추튀김도 맛납니다^^
화초까지먹을기세,생선구이,예약 후 이용,대기 시간 바로 입장,일상,지인・동료,음식이 맛있어요,반찬이 잘 나와요,친절해요,0,0,행사가 있어서 갔다가 점심식사로 간곳인데 생선ㄱ 이 아주 맛있었어요 돌솥밥이 쌀이 좋아서인지 맛있더라구요
화초까지먹을기세,일식당,예약 없이 이용,대기 시간 바로 입장,일상,지인・동료,특별한 메뉴가 있어요,친절해요,0,0,0,오래전 김밥집이었는데 일식으로 바뀌었네요 처음 가봤는데 독특하고 맛있었어요 상가안 통로에 있는 집인데 요즘같이 에어컨을 틀지 않는날은 더웠어요 바처럼 생긴 아담한 곳이라 혼자 식사 할 때 좋겠어요
화초까지먹을기세,"곰탕,설렁탕",예약 없이 이용,대기 시간 바로 입장,"나들이, 여행","친구, 지인・동료",음식이 맛있어요,단체모임 하기 좋아요,음식이 빨리 나와요,0,0,소머리국밥이 정말 맛있네요 잡내도 않나고 고기 질도 좋아요 육개장도 맛있고요 해물칼국수는 그냥 쏘쏘.놀러 갔다가 아침식사로 맛있게 잘먹고 왔어요
화초까지먹을기세,카페,예약 없이 이용,대기 시간 바로 입장,"나들이, 여행",지인・동료,커피가 맛있어요,디저트가 맛있어요,친절해요,0,0,꽃게탕 먹고 찐한 커피가 땡겨서 마셨는데 개운하고 좋네요^^
화초까지먹을기세,수산물,0,0,0,0,신선해요,맛있어요,친절해요,포장이 깔끔해요,0,놀러 갔다가 점심먹고 건어물과 다시마 사러 들른 곳인데요 이곳 쥔장언니 엄청 친절하고 서비스 팍팍 챙겨 주시네요일행들은 말린생선과 멸치 오징어 노가리 갈치ㅜ말린것등등 한아름 사서 왔는데 서비스로 맛있는 건어물 많이 챙겨 주셨어요 택배도 된다고 하니 나중에 다 먹으면 또 구매하려구요
화초까지먹을기세,생선회,예약 없이 이용,대기 시간 바로 입장,"나들이, 여행",지인・동료,재료가 신선해요,0,0,0,0,싱싱한 꽃게에 엄청 큰 새우와 칼국수 사리까지 아주 맛나게 먹었어요
화초까지먹을기세,조개요리,예약 없이 이용,대기 시간 바로 입장,"친목, 나들이, 여행","친구, 지인・동료",음식이 맛있어요,재료가 신선해요,특별한 메뉴가 있어요,인테리어가 멋져요,친절해요,오래간만에 언니동생과 여행왔어요조개구이 꼭 먹어보자고해서 이곳으로 정했는데.탁월한 선택이었네요 푸짐하고 모든게ㅡ다 맛있었어요
화초까지먹을기세,농수산물,0,0,0,0,가성비가 좋아요,0,0,0,0,여기 과일 싱싱하고 좋아요 망고가 좋아 보이길래 구매했는데 후숙해서 먹어야겠네요 아직은 딱딱해서
화초까지먹을기세,한식,예약 후 이용,대기 시간 바로 입장,"친목, 일상",지인・동료,음식이 맛있어요,특별한 메뉴가 있어요,아늑해요,0,0,돌솥밥이 맛있어서 자주 가는 곳이에요고등어 솥밥 비리지도 않고 맛있어요 전복과 명란도 맛납니다
화초까지먹을기세,"전,빈대떡",예약 없이 이용,대기 시간 바로 입장,"친목, 일상",친척・형제,친절해요,0,0,0,0,비도오고 막걸리에 파전 생각나서 전에 눈여겨 봐 뒀던곳  가봤어요 모듬전 먹어보고 해물파전도 먹어보려 했지만 또 먹고 싶단 생각이 안들어서 모듬전만 먹고 나왔어요또 가고 싶은 생각은 안드네요
화초까지먹을기세,캐주얼웨어,0,0,0,0,품질이 좋아요,가성비가 좋아요,0,0,0,오늘 깜짝 쿠폰쓰러 나갔다가 바지와 짚업가디건 구매했어요
화초까지먹을기세,캐주얼웨어,0,0,0,0,품질이 좋아요,종류가 다양해요,매장이 넓어요,0,0,1+1행사해서 갈 때마다 한 보따리씩 쇼핑을 하고 옵니다 탑텐은 소재가 괜찮은것 같아요
화초까지먹을기세,"초밥,롤",예약 없이 이용,대기 시간 바로 입장,일상,친척・형제,음식이 맛있어요,재료가 신선해요,친절해요,매장이 청결해요,0,여기 진짜 맛있어요동생네 숍에 머리하러 왔다가 동생이 여기 음식 맛있다고 하길래 먹었는데 지~~인짜 맛있네요 재료가 신선하고 음식 자체가 맛있고 사장님도. 친절하시고 좋아요 우리동네까지 배달이 된다면 좋을텐데....
화초까지먹을기세,한식,예약 후 이용,대기 시간 바로 입장,"친목, 일상",지인・동료,음식이 맛있어요,반찬이 잘 나와요,친절해요,0,0,날도 선선하고 따뜻한 국물도 생각나고해서 몸보신겸 점심은 추어탕으로 결정하고 갔어요오래간만에 갔는데 여전히  돌솥밥과 정갈한 반찬 맛있어요반찬그릇이나 덜어먹는 그릇이 전부 도자기라 좋았어요 플라스틱 멜라민식기 정말 싫은데 여긴 그릇도 다 맘에 들었어요
화초까지먹을기세,햄버거,예약 없이 이용,대기 시간 바로 입장,일상,혼자,0,0,0,0,0,오래간만에 맥스파이시 상하이버거가 먹고 싶어서 갔어요 이곳 지점은 처음 가봤는데 직원들이 불친절해서  또 가고 싶지는 않았어요버거는 오랫만에 먹으니 맛있었어요^^
화초까지먹을기세,이탈리아음식,예약 후 이용,대기 시간 바로 입장,기념일,아이,음식이 맛있어요,0,0,0,0,가게는 좀 작아도 아믁하고 좋아요고기도 맛있고 파스타도 맛있었어요 와인도 좋았어요 간만에 맛있게 먹고 즐거웠네요
