﻿nickname,restaurant,reservation,waiting,purpose,withwho,tagging_1,tagging_2,tagging_3,tagging_4,tagging_5,content
봄여름가을겨울그리고여름,"우동,소바",예약 없이 이용,대기 시간 바로 입장,여행,친구,음식이 맛있어요,가성비가 좋아요,혼밥하기 좋아요,0,0,면이 탱글 쫄깃 매끈. 굉장히 잘 삶아서 집에서 먹는 면보다 맛이 납니다. 김밥도 맛있어요. 제천역 앞 가성비 맛집. 그리고 사장님 인품이 좋으신분
봄여름가을겨울그리고여름,한식,예약 없이 이용,대기 시간 바로 입장,친목,친구,음식이 맛있어요,재료가 신선해요,양이 많아요,매장이 넓어요,야외공간이 멋져요,지난주에 비빔밥 먹고 너무 맛있어서 가족과 재방문. 도토리묵 무침 양도 많고 맛있고 와아.. 강력추천.
봄여름가을겨울그리고여름,베이커리,예약 없이 이용,대기 시간 바로 입장,나들이,친구,메뉴 구성이 알차요,친절해요,0,0,0,친절하고 시식해볼 수 있어 좋아요
봄여름가을겨울그리고여름,아시아음식,예약 없이 이용,대기 시간 바로 입장,일상,친구,음식이 맛있어요,현지 맛에 가까워요,가성비가 좋아요,친절해요,오래 머무르기 좋아요,"당근김치, 양꼬치 등 다 이국적이지만 맛있고요, 인천 이음카드 됩니다. 양꼬치 한개 9천원인데요 양이 꽤 많아요."
봄여름가을겨울그리고여름,베이커리,예약 없이 이용,대기 시간 바로 입장,여행,혼자,매장이 청결해요,0,0,0,0,제천역에서 빠른걸음 10분정도 거리에 있고요 후기가 좋길래 너무 궁금해서 가봤는데 빵도 몇종류 안남아있었어요. 성심당이랑 이름은 비슷하지만 가격은 비슷하지않네요. 맛은 음.. 후기분들하고 저는 입맛이 다른가봐요. 장점은 매장에서 취식가능하고 남은 빵 셀프 포장가능해요. 매장 깨끗
봄여름가을겨울그리고여름,한식,예약 없이 이용,대기 시간 바로 입장,나들이,혼자,음식이 맛있어요,재료가 신선해요,특별한 메뉴가 있어요,매장이 넓어요,0,명소 옆 대형식당에 대한 편견을 깨는 존맛. 비빔밥에 딸려나온 뚝배기 된장국에 이미 게임끝. 유람선도 좋았지만 이 식당 밥먹으러 또 오고싶을듯요. 추천. 반찬 셀프리필도 되고 무엇보다 맛있음. 식후 인근 산책 강추
봄여름가을겨울그리고여름,태국음식,예약 없이 이용,대기 시간 바로 입장,일상,혼자,음식이 맛있어요,재료가 신선해요,현지 맛에 가까워요,혼밥하기 좋아요,친절해요,태국이 그리워 오라오라병을 앓는 분들이면 만족할 가게입니다. 골든 트라이앵글 로컬에서 먹었던 쏨땀맛이랑 거의 똑같았어요. 공기밥도 근본있게 안남미. 새우튀김은 바삭한 나쵸속에 부드러운 새우를 끼워놓은 맛. 기본반찬으로 양파 짱아찌에 땅콩 듬뿍 올린 소스. 맛있네요. 그런데 후식으로 시켜본 오리양이라는 커피는.. 이게 뭐지 하는 처음먹어보는 맛. 블랙인줄 알았는데  마셔보니 굴리메라 + 타마린드가 들어간듯한 뭔가 생소한 단맛. 개인적으로는 양파짱아찌 직접 담그실 정도로 성의있는 좋은 가게인데 쏨땀을 소량 맛보기 기본반찬으로 내주셨으면.. 한국 무우 로도 거의 차이없이 가능해보이는데요 몰라서 못먹으니까요. 마트 시식이 손해가 아닌 이유. 잘먹었습니다. 깨끗하고 친절합니다.
봄여름가을겨울그리고여름,중식당,예약 후 이용,대기 시간 바로 입장,나들이,친척・형제,음식이 맛있어요,양이 많아요,특별한 날 가기 좋아요,0,0,명불허전. 직접 가서 먹어보니 평이 많은 이유가 확실합니다. 고구마 간짜장 곱배기를 시켰는데 면과 소스 따로 나오고 양 뿐만 아니라 맛도 훌륭. 탕수육은 와아.. 순무 올라간거 소스에 듬뿍 적셔 탕수육과 먹으면 진짜 별미. 짬뽕은 맛있긴한데 맵지만 다소 싱거움. 음식 퀄이 신라호텔 메뉴로 나가도 위화감 없을 정도. 오히려 나음. 먼길 가고 오고 기다린 수고가 아깝지않은 집. 그릇도 보면 두껍고 무거운 도자기 그릇. 진짜 신경많이 쓰는 업장인듯요. 가족들 전원 만족 귀가.
봄여름가을겨울그리고여름,"카페,디저트",예약 없이 이용,대기 시간 바로 입장,친목,지인・동료,디저트가 맛있어요,사진이 잘 나와요,0,0,0,"사진 잘나오고 평범. 초코케잌은 맛있었고 치즈 올라간 케잌은 쏘쏘. 알바 남성분 혼자 일해서 주문양 많아지면 나오는데 시간 꽤 걸림. 조금만 친절한 태도시면 좋으련만 좀 아쉽. 그래도 분위기, 맛은 괜찮음"
봄여름가을겨울그리고여름,한식뷔페,예약 없이 이용,대기 시간 바로 입장,"나들이, 여행",지인・동료,음식이 맛있어요,메뉴 구성이 알차요,가성비가 좋아요,건강한 맛이에요,혼밥하기 좋아요,간판에 향토뷔페라고 되있어서 상호명은 ^_^; 영수증보고 알았네요. 이런 괜찮은 시장 반찬부페가 숨어있었다니. 생선도 바짝 튀겨구워주셨고 잘삶은 수육에 쌈에 와아.. 강력추천 강추입니다. 맛있어요. 배고픈 혼밥러분들 망설이지마시고 들러 식사 추천. 조금씩 여러번 떠도 됩니다. 맛있어서 반찬 조금씩 몇개씩 더 떠가니 먹는모습이 이쁘다며 친절히 대해주심요 ^_^; 감사합니다
봄여름가을겨울그리고여름,한식,예약 없이 이용,대기 시간 바로 입장,친목,친구,음식이 맛있어요,매장이 청결해요,0,0,0,고기 대신 생선건강식 느낌. 생선 좀더 바짝 튀기듯 구워주셨으면.. 푸짐합니다
봄여름가을겨울그리고여름,한식,예약 없이 이용,대기 시간 바로 입장,친목,지인・동료,특별한 메뉴가 있어요,0,0,0,0,매운탕에 공기밥 별도입니다. 비싼편이지만 한번은 가볼만. 라면사리2천원
봄여름가을겨울그리고여름,한식,예약 없이 이용,대기 시간 바로 입장,나들이,친구,음식이 맛있어요,재료가 신선해요,양이 많아요,가성비가 좋아요,메뉴 구성이 알차요,한 40가지 되는듯한 반찬이 가득한 부페. 가격도 8000원으로 합리적. 강추. 성동시장 부페는 감동입니다
봄여름가을겨울그리고여름,생선회,예약 없이 이용,대기 시간 바로 입장,친목,친구,음식이 맛있어요,재료가 신선해요,야외공간이 멋져요,0,0,바다 바로앞입니다. 멍게비빔밥 맛있게 먹었습니다. 돌나물 짱아치 반찬에 감탄. 2인식사에 매운탕 뚝배기가 밑반찬으로 딸려나옵니다. 회는 비싸지만 식사메뉴도 가능합니다.
봄여름가을겨울그리고여름,"우동,소바",예약 없이 이용,대기 시간 바로 입장,"나들이, 여행",지인・동료,0,0,0,0,0,냉우동 가격이 안붙어있었는데 결제할때보니 9000원이었습니다. 양이 적어요. 공기밥 추가 안됨. 돼지고기 덮밥은 후추가루로 맛을 내는 스타일. 친절한 척하시지만 아쉬운 점 얘기하면(공기밥 추가 요청하니 덮밥용 밥이라 된밥이라며 거절)바로 안색바뀌며 태도 바뀌심. 반찬은 김치 단무지 두가지.
봄여름가을겨울그리고여름,한식,예약 없이 이용,대기 시간 바로 입장,여행,지인・동료,음식이 맛있어요,반찬이 잘 나와요,0,0,0,공기밥도 포장해주시고 더덕정식 배부르게 잘 먹었습니다. 더덕정식에 된장찌개 딸려나옵니다. 특별한 맛은 아니지만 소소한 가정식 느낌으로 반찬셀프바가 있어서 좋았습니다
봄여름가을겨울그리고여름,생선회,예약 없이 이용,대기 시간 바로 입장,나들이,연인・배우자,음식이 맛있어요,반찬이 잘 나와요,야외공간이 멋져요,0,0,"물회와 회덮밥 식사를 했는데요, 도시보다 푸짐한데요 무엇보다 뷰맛집입니다. 회덮밥, 물회가 각 2만원이었는데 실하고 뷰가 워낙 좋아서 아깝지않아요. 반찬도 맛있어요. 진짜 뷰가 와아.."
봄여름가을겨울그리고여름,한식,예약 없이 이용,대기 시간 바로 입장,친목,부모님,음식이 맛있어요,양이 많아요,반찬이 잘 나와요,메뉴 구성이 알차요,단체모임 하기 좋아요,가족모임 만족도 좋은 곳입니다. 양많고 맛있고. 재방문입니다
봄여름가을겨울그리고여름,베트남음식,예약 없이 이용,대기 시간 바로 입장,일상,혼자,음식이 맛있어요,현지 맛에 가까워요,가성비가 좋아요,혼밥하기 좋아요,친절해요,단골입니다. 월남쌈세트를 또 시켜먹었습니다. 언젠가는 밥세트나 반미세트도 나왔으면 좋겠어요. 맛있어요. 고수 별도비용없이 기본으로 주시는 집. 반콧도 여기 맛집입니다. 번창하세요 ^_^
봄여름가을겨울그리고여름,"카페,디저트",예약 없이 이용,대기 시간 바로 입장,친목,친구,디저트가 맛있어요,0,0,0,0,빙수맛집.
봄여름가을겨울그리고여름,한식,예약 없이 이용,대기 시간 바로 입장,친목,부모님,음식이 맛있어요,양이 많아요,가성비가 좋아요,반찬이 잘 나와요,메뉴 구성이 알차요,푸짐하고 맛있습니다. 셀프바에서 반찬추가 편리. 생선도 큼직하고 칼국수도 맛있습니다
봄여름가을겨울그리고여름,"칼국수,만두",예약 없이 이용,대기 시간 바로 입장,친목,친구,음식이 맛있어요,혼밥하기 좋아요,매장이 넓어요,0,0,맛있어요. 그런데 손님이 음식 남기는걸 염려하시는 타입이신지 양이 좀 적게 느껴졌어요. 손님은 입 뿐 아니라 눈과 폰 사진으로도 먹으니 아끼지마시고 그냥 좀 넉넉히 주셨으면.. 김치도 밥풀로 풀쒀서 직접 담그시는것같고 면도 쫄깃하고 음식자체는 좋아요. 콩국수도 진하고 맛있었습니다.
봄여름가을겨울그리고여름,베이커리,예약 없이 이용,대기 시간 바로 입장,친목,친구,빵이 맛있어요,0,0,0,0,딸기쨈빵 맛있어요
봄여름가을겨울그리고여름,생선회,예약 없이 이용,대기 시간 바로 입장,친목,연인・배우자,음식이 맛있어요,재료가 신선해요,반찬이 잘 나와요,혼밥하기 좋아요,뷰가 좋아요,"전복죽 강추. 반찬들도 다 직접 만드시는것 같아요. 반찬 전부다, 그리고 김치 진짜 맛있어요. 배부르게 잘먹었습니다. 혼밥하시는 분들도 계시고 낮시간 식사메뉴 주문은 편하게 가능했습니다. 그런데 네이버 메뉴의 가격들과 실 메뉴판 가격이 엄청 바뀌었어요."
봄여름가을겨울그리고여름,"우동,소바",예약 없이 이용,대기 시간 바로 입장,여행,친구,음식이 맛있어요,가성비가 좋아요,혼밥하기 좋아요,0,0,면이 탱글 쫄깃 매끈. 굉장히 잘 삶아서 집에서 먹는 면보다 맛이 납니다. 김밥도 맛있어요. 제천역 앞 가성비 맛집. 그리고 사장님 인품이 좋으신분
봄여름가을겨울그리고여름,한식,예약 없이 이용,대기 시간 바로 입장,친목,친구,음식이 맛있어요,재료가 신선해요,양이 많아요,매장이 넓어요,야외공간이 멋져요,지난주에 비빔밥 먹고 너무 맛있어서 가족과 재방문. 도토리묵 무침 양도 많고 맛있고 와아.. 강력추천.
봄여름가을겨울그리고여름,베이커리,예약 없이 이용,대기 시간 바로 입장,나들이,친구,메뉴 구성이 알차요,친절해요,0,0,0,친절하고 시식해볼 수 있어 좋아요
봄여름가을겨울그리고여름,아시아음식,예약 없이 이용,대기 시간 바로 입장,일상,친구,음식이 맛있어요,현지 맛에 가까워요,가성비가 좋아요,친절해요,오래 머무르기 좋아요,"당근김치, 양꼬치 등 다 이국적이지만 맛있고요, 인천 이음카드 됩니다. 양꼬치 한개 9천원인데요 양이 꽤 많아요."
봄여름가을겨울그리고여름,베이커리,예약 없이 이용,대기 시간 바로 입장,여행,혼자,매장이 청결해요,0,0,0,0,제천역에서 빠른걸음 10분정도 거리에 있고요 후기가 좋길래 너무 궁금해서 가봤는데 빵도 몇종류 안남아있었어요. 성심당이랑 이름은 비슷하지만 가격은 비슷하지않네요. 맛은 음.. 후기분들하고 저는 입맛이 다른가봐요. 장점은 매장에서 취식가능하고 남은 빵 셀프 포장가능해요. 매장 깨끗
봄여름가을겨울그리고여름,한식,예약 없이 이용,대기 시간 바로 입장,나들이,혼자,음식이 맛있어요,재료가 신선해요,특별한 메뉴가 있어요,매장이 넓어요,0,명소 옆 대형식당에 대한 편견을 깨는 존맛. 비빔밥에 딸려나온 뚝배기 된장국에 이미 게임끝. 유람선도 좋았지만 이 식당 밥먹으러 또 오고싶을듯요. 추천. 반찬 셀프리필도 되고 무엇보다 맛있음. 식후 인근 산책 강추
봄여름가을겨울그리고여름,태국음식,예약 없이 이용,대기 시간 바로 입장,일상,혼자,음식이 맛있어요,재료가 신선해요,현지 맛에 가까워요,혼밥하기 좋아요,친절해요,태국이 그리워 오라오라병을 앓는 분들이면 만족할 가게입니다. 골든 트라이앵글 로컬에서 먹었던 쏨땀맛이랑 거의 똑같았어요. 공기밥도 근본있게 안남미. 새우튀김은 바삭한 나쵸속에 부드러운 새우를 끼워놓은 맛. 기본반찬으로 양파 짱아찌에 땅콩 듬뿍 올린 소스. 맛있네요. 그런데 후식으로 시켜본 오리양이라는 커피는.. 이게 뭐지 하는 처음먹어보는 맛. 블랙인줄 알았는데  마셔보니 굴리메라 + 타마린드가 들어간듯한 뭔가 생소한 단맛. 개인적으로는 양파짱아찌 직접 담그실 정도로 성의있는 좋은 가게인데 쏨땀을 소량 맛보기 기본반찬으로 내주셨으면.. 한국 무우 로도 거의 차이없이 가능해보이는데요 몰라서 못먹으니까요. 마트 시식이 손해가 아닌 이유. 잘먹었습니다. 깨끗하고 친절합니다.
봄여름가을겨울그리고여름,중식당,예약 후 이용,대기 시간 바로 입장,나들이,친척・형제,음식이 맛있어요,양이 많아요,특별한 날 가기 좋아요,0,0,명불허전. 직접 가서 먹어보니 평이 많은 이유가 확실합니다. 고구마 간짜장 곱배기를 시켰는데 면과 소스 따로 나오고 양 뿐만 아니라 맛도 훌륭. 탕수육은 와아.. 순무 올라간거 소스에 듬뿍 적셔 탕수육과 먹으면 진짜 별미. 짬뽕은 맛있긴한데 맵지만 다소 싱거움. 음식 퀄이 신라호텔 메뉴로 나가도 위화감 없을 정도. 오히려 나음. 먼길 가고 오고 기다린 수고가 아깝지않은 집. 그릇도 보면 두껍고 무거운 도자기 그릇. 진짜 신경많이 쓰는 업장인듯요. 가족들 전원 만족 귀가.
봄여름가을겨울그리고여름,"카페,디저트",예약 없이 이용,대기 시간 바로 입장,친목,지인・동료,디저트가 맛있어요,사진이 잘 나와요,0,0,0,"사진 잘나오고 평범. 초코케잌은 맛있었고 치즈 올라간 케잌은 쏘쏘. 알바 남성분 혼자 일해서 주문양 많아지면 나오는데 시간 꽤 걸림. 조금만 친절한 태도시면 좋으련만 좀 아쉽. 그래도 분위기, 맛은 괜찮음"
봄여름가을겨울그리고여름,한식뷔페,예약 없이 이용,대기 시간 바로 입장,"나들이, 여행",지인・동료,음식이 맛있어요,메뉴 구성이 알차요,가성비가 좋아요,건강한 맛이에요,혼밥하기 좋아요,간판에 향토뷔페라고 되있어서 상호명은 ^_^; 영수증보고 알았네요. 이런 괜찮은 시장 반찬부페가 숨어있었다니. 생선도 바짝 튀겨구워주셨고 잘삶은 수육에 쌈에 와아.. 강력추천 강추입니다. 맛있어요. 배고픈 혼밥러분들 망설이지마시고 들러 식사 추천. 조금씩 여러번 떠도 됩니다. 맛있어서 반찬 조금씩 몇개씩 더 떠가니 먹는모습이 이쁘다며 친절히 대해주심요 ^_^; 감사합니다
봄여름가을겨울그리고여름,한식,예약 없이 이용,대기 시간 바로 입장,친목,친구,음식이 맛있어요,매장이 청결해요,0,0,0,고기 대신 생선건강식 느낌. 생선 좀더 바짝 튀기듯 구워주셨으면.. 푸짐합니다
봄여름가을겨울그리고여름,한식,예약 없이 이용,대기 시간 바로 입장,친목,지인・동료,특별한 메뉴가 있어요,0,0,0,0,매운탕에 공기밥 별도입니다. 비싼편이지만 한번은 가볼만. 라면사리2천원
봄여름가을겨울그리고여름,한식,예약 없이 이용,대기 시간 바로 입장,나들이,친구,음식이 맛있어요,재료가 신선해요,양이 많아요,가성비가 좋아요,메뉴 구성이 알차요,한 40가지 되는듯한 반찬이 가득한 부페. 가격도 8000원으로 합리적. 강추. 성동시장 부페는 감동입니다
봄여름가을겨울그리고여름,생선회,예약 없이 이용,대기 시간 바로 입장,친목,친구,음식이 맛있어요,재료가 신선해요,야외공간이 멋져요,0,0,바다 바로앞입니다. 멍게비빔밥 맛있게 먹었습니다. 돌나물 짱아치 반찬에 감탄. 2인식사에 매운탕 뚝배기가 밑반찬으로 딸려나옵니다. 회는 비싸지만 식사메뉴도 가능합니다.
봄여름가을겨울그리고여름,"우동,소바",예약 없이 이용,대기 시간 바로 입장,"나들이, 여행",지인・동료,0,0,0,0,0,냉우동 가격이 안붙어있었는데 결제할때보니 9000원이었습니다. 양이 적어요. 공기밥 추가 안됨. 돼지고기 덮밥은 후추가루로 맛을 내는 스타일. 친절한 척하시지만 아쉬운 점 얘기하면(공기밥 추가 요청하니 덮밥용 밥이라 된밥이라며 거절)바로 안색바뀌며 태도 바뀌심. 반찬은 김치 단무지 두가지.
봄여름가을겨울그리고여름,한식,예약 없이 이용,대기 시간 바로 입장,여행,지인・동료,음식이 맛있어요,반찬이 잘 나와요,0,0,0,공기밥도 포장해주시고 더덕정식 배부르게 잘 먹었습니다. 더덕정식에 된장찌개 딸려나옵니다. 특별한 맛은 아니지만 소소한 가정식 느낌으로 반찬셀프바가 있어서 좋았습니다
봄여름가을겨울그리고여름,생선회,예약 없이 이용,대기 시간 바로 입장,나들이,연인・배우자,음식이 맛있어요,반찬이 잘 나와요,야외공간이 멋져요,0,0,"물회와 회덮밥 식사를 했는데요, 도시보다 푸짐한데요 무엇보다 뷰맛집입니다. 회덮밥, 물회가 각 2만원이었는데 실하고 뷰가 워낙 좋아서 아깝지않아요. 반찬도 맛있어요. 진짜 뷰가 와아.."
봄여름가을겨울그리고여름,한식,예약 없이 이용,대기 시간 바로 입장,친목,부모님,음식이 맛있어요,양이 많아요,반찬이 잘 나와요,메뉴 구성이 알차요,단체모임 하기 좋아요,가족모임 만족도 좋은 곳입니다. 양많고 맛있고. 재방문입니다
봄여름가을겨울그리고여름,베트남음식,예약 없이 이용,대기 시간 바로 입장,일상,혼자,음식이 맛있어요,현지 맛에 가까워요,가성비가 좋아요,혼밥하기 좋아요,친절해요,단골입니다. 월남쌈세트를 또 시켜먹었습니다. 언젠가는 밥세트나 반미세트도 나왔으면 좋겠어요. 맛있어요. 고수 별도비용없이 기본으로 주시는 집. 반콧도 여기 맛집입니다. 번창하세요 ^_^
봄여름가을겨울그리고여름,"카페,디저트",예약 없이 이용,대기 시간 바로 입장,친목,친구,디저트가 맛있어요,0,0,0,0,빙수맛집.
봄여름가을겨울그리고여름,한식,예약 없이 이용,대기 시간 바로 입장,친목,부모님,음식이 맛있어요,양이 많아요,가성비가 좋아요,반찬이 잘 나와요,메뉴 구성이 알차요,푸짐하고 맛있습니다. 셀프바에서 반찬추가 편리. 생선도 큼직하고 칼국수도 맛있습니다
봄여름가을겨울그리고여름,"칼국수,만두",예약 없이 이용,대기 시간 바로 입장,친목,친구,음식이 맛있어요,혼밥하기 좋아요,매장이 넓어요,0,0,맛있어요. 그런데 손님이 음식 남기는걸 염려하시는 타입이신지 양이 좀 적게 느껴졌어요. 손님은 입 뿐 아니라 눈과 폰 사진으로도 먹으니 아끼지마시고 그냥 좀 넉넉히 주셨으면.. 김치도 밥풀로 풀쒀서 직접 담그시는것같고 면도 쫄깃하고 음식자체는 좋아요. 콩국수도 진하고 맛있었습니다.
봄여름가을겨울그리고여름,베이커리,예약 없이 이용,대기 시간 바로 입장,친목,친구,빵이 맛있어요,0,0,0,0,딸기쨈빵 맛있어요
봄여름가을겨울그리고여름,생선회,예약 없이 이용,대기 시간 바로 입장,친목,연인・배우자,음식이 맛있어요,재료가 신선해요,반찬이 잘 나와요,혼밥하기 좋아요,뷰가 좋아요,"전복죽 강추. 반찬들도 다 직접 만드시는것 같아요. 반찬 전부다, 그리고 김치 진짜 맛있어요. 배부르게 잘먹었습니다. 혼밥하시는 분들도 계시고 낮시간 식사메뉴 주문은 편하게 가능했습니다. 그런데 네이버 메뉴의 가격들과 실 메뉴판 가격이 엄청 바뀌었어요."
봄여름가을겨울그리고여름,"카페,디저트",예약 없이 이용,대기 시간 바로 입장,친목,지인・동료,특별한 메뉴가 있어요,인테리어가 멋져요,뷰가 좋아요,매장이 청결해요,0,빵이 따끈해서 깜놀해서 후기. 빵이 뜨거워서 부드러워요. 커피는 아이스도 똑같이 4500원. 빵 사러오시는 분들이 많으신듯. 분위기 좋아요
봄여름가을겨울그리고여름,"초밥,롤",예약 없이 이용,대기 시간 바로 입장,친목,지인・동료,0,0,0,0,0,서빙하시는 외국인분은 친절하신데 카운터에 계신분은 고객 등지고 계속 핸드폰만 보시고.. 조금만 먹어도 몇만원이 훌쩍 넘는데 맛은.. 일하시는 분들 팔 문신 솔직히 좀.. 그런데 과일은 누가 고르시는지 엄청 잘 고르셔서 레드자몽은 수년내 먹은 중 최고.
