﻿nickname,restaurant,reservation,waiting,purpose,withwho,tagging_1,tagging_2,tagging_3,tagging_4,tagging_5,content
밤 새 피어난 비,"치킨,닭강정",예약 없이 이용,0,0,0,음식이 맛있어요,0,0,0,0,차타고 지나가다 가게 이름이 재미있어 급하게 들러본 곳. 그런데 인생 닭강정 맛을 보게될 줄이야!
밤 새 피어난 비,만두,예약 없이 이용,0,0,0,음식이 맛있어요,가성비가 좋아요,건강한 맛이에요,0,0,고기만두는 야들야들하고 깊은 풍미가 있어서 훌륭합니다. 하지만 김치만두는 절대로 드시지 마세요. 그냥 고기만두만 드시는 것이 낫습니다.
밤 새 피어난 비,바(BAR),예약 없이 이용,데이트,0,0,음식이 맛있어요,술이 다양해요,인테리어가 멋져요,음악이 좋아요,대화하기 좋아요,성수동에서도 실내 인테리어에 으뜸으로 신경과 자본을 쏟아 부은 곳입니다. 술집 운영에 관심 많은 분들은 교포 출신의 바텐더 사장님과 대화해보시면 많은 조언 들을 수 있을 것입니다.
밤 새 피어난 비,"카페,디저트",0,0,0,0,커피가 맛있어요,디저트가 맛있어요,특별한 메뉴가 있어요,건강한 맛이에요,0,"진지하게 베이글을 만드는 곳입니다. 플레인 베이글을 포장해 사간 다음에 전자레인지에 딱 10초만 데워서 먹었더니, 세상 폭신쫀득한 베이글 맛!"
밤 새 피어난 비,중식당,0,0,0,0,0,0,0,0,0,"만두는 아랫면이 익지 않아서 딱딱합니다. 샥스핀 수프는 싱거워서 간장 두 숟갈 더 넣어 먹었습니다. 깐풍기는 기름기가 너무 느끼해서 한개 먹고 환불조치했고, 다시는 방문하지 않을 계획입니다."
밤 새 피어난 비,"카페,디저트",예약 없이 이용,대기 시간 바로 입장,여행,혼자,커피가 맛있어요,디저트가 맛있어요,특별한 메뉴가 있어요,집중하기 좋아요,아늑해요,에스프레소 맛이 근사한 것은 기본이고음악 선곡이 근사한 곳입니다. 초록색 노래들이 구불구불 흘러 나옵니다. 이 곳은 자양시장의 기적 *.*
밤 새 피어난 비,양갈비,0,0,0,0,0,0,0,0,0,큰 기대를 품고 갔는데 메뉴 선택이 실패였습니다. 다른 사람들처럼 양꼬치나 꿔바로우 먹을 걸. 향라새우튀김. 보기에 그럴듯하지만 향라 소스맛이 전혀 나지 않습니다. 중국 현지 스타일을 기대하시는 분들은 실망이 클 것입니다. 옥수수면은 칼칼 보다는 달큰한 쪽 스타일입니다. 호박과 당근을 정성껏 볶아 국물을 내옵니다.미식 실력에 자신있는 분들은 음식 주문 전에 현지 스타일로 요리해 달라고 당부해보시기 바랍니다. 저는 재도전 해볼 생각입니다.
밤 새 피어난 비,"카페,디저트",0,0,0,0,친절해요,커피가 맛있어요,디저트가 맛있어요,음료가 맛있어요,특별한 메뉴가 있어요,서울3대 헬스장 ‘바디메이트짐2’의 위에수제 청음료 찐맛집이 있을 줄이야+.+ 청귤에이드 강추입니다. 그리고 사장님이 직접 만드시는 쿠키를 꼬옥 드셔보세요. 버터 풍미가 듬뿍 담겨 있습니다:)
밤 새 피어난 비,이탈리아음식,예약 없이 이용,대기 시간 바로 입장,0,0,음식이 맛있어요,재료가 신선해요,특별한 메뉴가 있어요,가성비가 좋아요,혼밥하기 좋아요,인근 주민들은 알고 있을까요? 이곳은 사가정의 보배입니다. 저는 해산물 스튜에 면추가하여 식사를 했습니다. 경력이 깊은 셰프님의 손맛 덕분에 제대로 된 정통 이태리 파스타를 먹을 수가 있습니다. 밴드 토토의 명곡 로잔나를 감상하며 누리는 호사입니다. 가지라는 야채가 스튜와 이렇게 잘 어울리는 재료였다니 *.*
밤 새 피어난 비,카페,예약 없이 이용,데이트,연인・배우자,0,인테리어가 멋져요,대화하기 좋아요,커피가 맛있어요,특별한 메뉴가 있어요,가성비가 좋아요,서울에서 구름맛 카푸치노를 맛볼 수 있는 거의 유일한 까페입니다*.* 드립커피에도 진하고 뚜렷하고 풍부한 맛이 담겨 있습니다. 오랜만에 종로를 걷던 중 우연히 이렇게 입 안에 오아시스를 머금고 갑니다:)
밤 새 피어난 비,햄버거,예약 없이 이용,0,0,0,0,0,0,0,0,"풀밸리버거는 안 시키는 것이 좋을 것입니다. 궁물이 줄줄줄 흘러서 아래빵이 흥건하게 젖는 바람에, 손바닥으로 물 받아먹다시피 했습니다.디럭스 버거를 드시면 더 다양한 토핑의 맛을 느낄 수 있습니다.케찹, 오이지, 등등 기본 반찬을 보여주지 않아서 먹지 못하는 분들이 많은 듯합니다. 적극적으로 요구하시면 됩니다."
밤 새 피어난 비,샌드위치,0,0,0,0,0,0,0,0,0,"2024년 서울 전체를 통틀어 서비스가 가장 최악인 곳입니다. 여러번 들러본 결과, 여자알바 뿐 아니라 여자매니저까지 표정 최악, 말투 최악, 그리고재료 패대기 쳐가며 조리하는 태도까지손님으로 하여금 밥맛이 떨어지게 만들고야 말겠다는 각오가 투철한 곳입니다. 이유를 알 수는 없지만 남자직원들 때문에 기분이 상한 적은 없는 듯하고, 저는 사브웨이 본사 게시판에 제보하러 갈 예정입니다. 맛있는 식사하러 갔다가 기분 잡치고 밥맛 잃고 여러모로 황당하기 짝이 없습니다."
밤 새 피어난 비,바(BAR),데이트,연인・배우자,0,0,뷰가 좋아요,기본 안주가 좋아요,술이 다양해요,특별한 메뉴가 있어요,메뉴 구성이 알차요,"주제가 확실하고이야기가 흘러 넘치는 바입니다. 은평구의 기적일 뿐 아니라 연신내의 축복을 넘어, 서울의 자랑이 될 곳입니다. 대표님과 직원 분들의 호흡도 멋지고 존경스럽습니다 *.*"
밤 새 피어난 비,"카페,디저트",0,0,0,0,커피가 맛있어요,디저트가 맛있어요,음료가 맛있어요,특별한 메뉴가 있어요,가성비가 좋아요,신비로운 곳 *.*
밤 새 피어난 비,빙수,포장·배달 이용,0,0,0,0,0,0,0,0,일만원짜리 빙수인데 팥이 정말로 딱 두 숟갈 들어 있습니다. 비추입니다. 떡 추가비용이 1천5백원입니다. 떡 1개가 천오백원입니다. 비추입니다.
밤 새 피어난 비,카레,예약 없이 이용,대기 시간 바로 입장,0,0,음식이 맛있어요,0,0,0,0,"서울 최고의 카레집 중 하나입니다. 그런데 애기 엄지 지문 크기의 숟가락으로 카레밥을 퍼먹는 것이 너무 불편합니다. 카레와 밥의 비중도 맞추기 어렵구요. 그리고 주방 직원 분들이 그릇이나 조리기구를 너무 시끄럽게 다룹니다. 직원이 일하기 싫어하는 건 동서고금으로 마찬가지이지만, 그걸 손님에게 티를 내서야 되겠습니까. 밥맛이 떨어지지 않을 도리가 없는 것이지요. 음식은 참 맛있는 곳인데, 안타깝습니다."
밤 새 피어난 비,양꼬치,예약 없이 이용,대기 시간 바로 입장,0,0,음식이 맛있어요,고기 질이 좋아요,친절해요,매장이 청결해요,주차하기 편해요,"이곳은 서울 3대 양꼬치 요리집 중 하나입니다*.* 고기의 질과 반찬 조리의 완성도, 그리고 구비된 다종다양한 술들의 향연 +.+"
밤 새 피어난 비,닭갈비,0,0,0,0,음식이 맛있어요,고기 질이 좋아요,특별한 메뉴가 있어요,아늑해요,차분한 분위기에요,"황홀합니다. 우연히 들렀다가 닭요리계의 끝판왕을 맛보고 갑니다. 고급스런 소스가 5종 이상 곁들여지고, 닭을 구워먹을 수 있다는 것이 센세이셔널입니다! "
밤 새 피어난 비,"초밥,롤",예약 없이 이용,대기 시간 바로 입장,0,0,매장이 넓어요,음식이 맛있어요,재료가 신선해요,양이 많아요,특별한 메뉴가 있어요,"초밥 한접시 시켰을 뿐인데,튀김에 돌솥 우동에게다가 광어알 조림까지. 다른 초밥집을 대체 어떻게 가냐. 내사랑 호야초밥이다 정말 *.* "
밤 새 피어난 비,"곱창,막창,양",예약 없이 이용,0,0,0,친절해요,음식이 맛있어요,고기 질이 좋아요,0,0,"곱창 불쑈도 멋졌고,무엇보다 직원 분들의 미소가 근사한 곳입니다. 곱창 맛이 절창인 건 당연지사! "
밤 새 피어난 비,이탈리아음식,예약 없이 이용,대기 시간 바로 입장,데이트,0,친절해요,인테리어가 멋져요,음식이 맛있어요,재료가 신선해요,특별한 메뉴가 있어요,토요일 늦은 저녁 무심코 들렀다가대단히 만족스러운 시간을 보내고 왔습니다.양파수프를 이렇게 진국으로 먹어본 것이 대체 얼마만인지ㅠㅠ 문어 샐러드도 상큼하고 맛깔납니다. 레몬을 넣은 샐러드라니 *.* 라자냐는 너무 늦은 시간대에 주문해서 그런지 불어 있어서 이 점 하나 아쉬웠습니다. 씹는 맛이 마치 밀가루 푸딩 떠먹는 느낌. 다음에는 일찍 가서 먹어볼 예정입니다. 와인 정말 맛났습니다:) 
밤 새 피어난 비,한식,0,0,0,0,0,0,0,0,0,"다른 메뉴는 먹어보지 못했으나, 낙지전골은 비추합니다. 해물전골이 아니라 김치해물전골이 나옵니다. 낙지전골 요리를 한 번도 먹어본 적이 없는 매니저와말이 통하지 않아, 억지로 꾹 참고 꾸역꾸역 먹었습니다. 김치찌게 스타일의 낙지전골을 원하는 분들은 신경쓰지 말고 드셔도 됩니다. 하지만 일반적인 해물낙지전골의 맛을 기대하는 분들은 다소 놀라게 될 것입니다. 업주나 본사직원 모두 배추를 넣은 거라고 우기지만 신김치 김치찌게 국물 맛이 납니다. "
밤 새 피어난 비,"멕시코,남미음식",예약 없이 이용,대기 시간 바로 입장,0,0,0,0,0,0,0,일만 이천원 짜리 타코인데 기본 소스량이 3티스푼도 안 됩니다. 2000원 지불하고 추가 주문한 소스 량이 저 정도. 사장으로 추정되는 자는 교묘하게 신경질적이고타코 맛 자체는 하아... 복권 주는 이벤트 리뷰에 속지들 마시고정 가보겠다면 마스크 하나 준비해 가시기 바랍니다. 실내 공기가 많이 탁합니다. 
밤 새 피어난 비,카페,0,0,0,0,0,0,0,0,0,"보기엔 그럴 듯한데, 맛은 보리차 그 자체입니다. 해도 너무하다 싶을 정도로 밍밍맹맹. 여기 가보신 분들에게 묻습니다. 이 맹물맛 커피가 정말 만족스럽던가요. "
밤 새 피어난 비,베이커리,예약 없이 이용,대기 시간 바로 입장,0,0,0,0,0,0,0,살면서 먹어본 가장 딱딱하고 건조한 베이글입니다. 먹기가 너무 힘들어서 환불 조치 받았습니다. 밑에 추앙 댓글들 제정신들인가요. 먼 길 찾아갔다가 피해가 막심합니다. 이건 베이글이 아니라 말라 비틀어진 바케트 만도 못한 밀가루 퇴적물입니다. 
밤 새 피어난 비,"치킨,닭강정",예약 없이 이용,0,0,0,음식이 맛있어요,0,0,0,0,차타고 지나가다 가게 이름이 재미있어 급하게 들러본 곳. 그런데 인생 닭강정 맛을 보게될 줄이야!
밤 새 피어난 비,만두,예약 없이 이용,0,0,0,음식이 맛있어요,가성비가 좋아요,건강한 맛이에요,0,0,고기만두는 야들야들하고 깊은 풍미가 있어서 훌륭합니다. 하지만 김치만두는 절대로 드시지 마세요. 그냥 고기만두만 드시는 것이 낫습니다.
밤 새 피어난 비,바(BAR),예약 없이 이용,데이트,0,0,음식이 맛있어요,술이 다양해요,인테리어가 멋져요,음악이 좋아요,대화하기 좋아요,성수동에서도 실내 인테리어에 으뜸으로 신경과 자본을 쏟아 부은 곳입니다. 술집 운영에 관심 많은 분들은 교포 출신의 바텐더 사장님과 대화해보시면 많은 조언 들을 수 있을 것입니다.
밤 새 피어난 비,"카페,디저트",0,0,0,0,커피가 맛있어요,디저트가 맛있어요,특별한 메뉴가 있어요,건강한 맛이에요,0,"진지하게 베이글을 만드는 곳입니다. 플레인 베이글을 포장해 사간 다음에 전자레인지에 딱 10초만 데워서 먹었더니, 세상 폭신쫀득한 베이글 맛!"
밤 새 피어난 비,중식당,0,0,0,0,0,0,0,0,0,"만두는 아랫면이 익지 않아서 딱딱합니다. 샥스핀 수프는 싱거워서 간장 두 숟갈 더 넣어 먹었습니다. 깐풍기는 기름기가 너무 느끼해서 한개 먹고 환불조치했고, 다시는 방문하지 않을 계획입니다."
밤 새 피어난 비,"카페,디저트",예약 없이 이용,대기 시간 바로 입장,여행,혼자,커피가 맛있어요,디저트가 맛있어요,특별한 메뉴가 있어요,집중하기 좋아요,아늑해요,에스프레소 맛이 근사한 것은 기본이고음악 선곡이 근사한 곳입니다. 초록색 노래들이 구불구불 흘러 나옵니다. 이 곳은 자양시장의 기적 *.*
밤 새 피어난 비,양갈비,0,0,0,0,0,0,0,0,0,큰 기대를 품고 갔는데 메뉴 선택이 실패였습니다. 다른 사람들처럼 양꼬치나 꿔바로우 먹을 걸. 향라새우튀김. 보기에 그럴듯하지만 향라 소스맛이 전혀 나지 않습니다. 중국 현지 스타일을 기대하시는 분들은 실망이 클 것입니다. 옥수수면은 칼칼 보다는 달큰한 쪽 스타일입니다. 호박과 당근을 정성껏 볶아 국물을 내옵니다.미식 실력에 자신있는 분들은 음식 주문 전에 현지 스타일로 요리해 달라고 당부해보시기 바랍니다. 저는 재도전 해볼 생각입니다.
밤 새 피어난 비,"카페,디저트",0,0,0,0,친절해요,커피가 맛있어요,디저트가 맛있어요,음료가 맛있어요,특별한 메뉴가 있어요,서울3대 헬스장 ‘바디메이트짐2’의 위에수제 청음료 찐맛집이 있을 줄이야+.+ 청귤에이드 강추입니다. 그리고 사장님이 직접 만드시는 쿠키를 꼬옥 드셔보세요. 버터 풍미가 듬뿍 담겨 있습니다:)
밤 새 피어난 비,이탈리아음식,예약 없이 이용,대기 시간 바로 입장,0,0,음식이 맛있어요,재료가 신선해요,특별한 메뉴가 있어요,가성비가 좋아요,혼밥하기 좋아요,인근 주민들은 알고 있을까요? 이곳은 사가정의 보배입니다. 저는 해산물 스튜에 면추가하여 식사를 했습니다. 경력이 깊은 셰프님의 손맛 덕분에 제대로 된 정통 이태리 파스타를 먹을 수가 있습니다. 밴드 토토의 명곡 로잔나를 감상하며 누리는 호사입니다. 가지라는 야채가 스튜와 이렇게 잘 어울리는 재료였다니 *.*
밤 새 피어난 비,카페,예약 없이 이용,데이트,연인・배우자,0,인테리어가 멋져요,대화하기 좋아요,커피가 맛있어요,특별한 메뉴가 있어요,가성비가 좋아요,서울에서 구름맛 카푸치노를 맛볼 수 있는 거의 유일한 까페입니다*.* 드립커피에도 진하고 뚜렷하고 풍부한 맛이 담겨 있습니다. 오랜만에 종로를 걷던 중 우연히 이렇게 입 안에 오아시스를 머금고 갑니다:)
밤 새 피어난 비,햄버거,예약 없이 이용,0,0,0,0,0,0,0,0,"풀밸리버거는 안 시키는 것이 좋을 것입니다. 궁물이 줄줄줄 흘러서 아래빵이 흥건하게 젖는 바람에, 손바닥으로 물 받아먹다시피 했습니다.디럭스 버거를 드시면 더 다양한 토핑의 맛을 느낄 수 있습니다.케찹, 오이지, 등등 기본 반찬을 보여주지 않아서 먹지 못하는 분들이 많은 듯합니다. 적극적으로 요구하시면 됩니다."
밤 새 피어난 비,샌드위치,0,0,0,0,0,0,0,0,0,"2024년 서울 전체를 통틀어 서비스가 가장 최악인 곳입니다. 여러번 들러본 결과, 여자알바 뿐 아니라 여자매니저까지 표정 최악, 말투 최악, 그리고재료 패대기 쳐가며 조리하는 태도까지손님으로 하여금 밥맛이 떨어지게 만들고야 말겠다는 각오가 투철한 곳입니다. 이유를 알 수는 없지만 남자직원들 때문에 기분이 상한 적은 없는 듯하고, 저는 사브웨이 본사 게시판에 제보하러 갈 예정입니다. 맛있는 식사하러 갔다가 기분 잡치고 밥맛 잃고 여러모로 황당하기 짝이 없습니다."
밤 새 피어난 비,바(BAR),데이트,연인・배우자,0,0,뷰가 좋아요,기본 안주가 좋아요,술이 다양해요,특별한 메뉴가 있어요,메뉴 구성이 알차요,"주제가 확실하고이야기가 흘러 넘치는 바입니다. 은평구의 기적일 뿐 아니라 연신내의 축복을 넘어, 서울의 자랑이 될 곳입니다. 대표님과 직원 분들의 호흡도 멋지고 존경스럽습니다 *.*"
밤 새 피어난 비,"카페,디저트",0,0,0,0,커피가 맛있어요,디저트가 맛있어요,음료가 맛있어요,특별한 메뉴가 있어요,가성비가 좋아요,신비로운 곳 *.*
밤 새 피어난 비,빙수,포장·배달 이용,0,0,0,0,0,0,0,0,일만원짜리 빙수인데 팥이 정말로 딱 두 숟갈 들어 있습니다. 비추입니다. 떡 추가비용이 1천5백원입니다. 떡 1개가 천오백원입니다. 비추입니다.
밤 새 피어난 비,카레,예약 없이 이용,대기 시간 바로 입장,0,0,음식이 맛있어요,0,0,0,0,"서울 최고의 카레집 중 하나입니다. 그런데 애기 엄지 지문 크기의 숟가락으로 카레밥을 퍼먹는 것이 너무 불편합니다. 카레와 밥의 비중도 맞추기 어렵구요. 그리고 주방 직원 분들이 그릇이나 조리기구를 너무 시끄럽게 다룹니다. 직원이 일하기 싫어하는 건 동서고금으로 마찬가지이지만, 그걸 손님에게 티를 내서야 되겠습니까. 밥맛이 떨어지지 않을 도리가 없는 것이지요. 음식은 참 맛있는 곳인데, 안타깝습니다."
밤 새 피어난 비,양꼬치,예약 없이 이용,대기 시간 바로 입장,0,0,음식이 맛있어요,고기 질이 좋아요,친절해요,매장이 청결해요,주차하기 편해요,"이곳은 서울 3대 양꼬치 요리집 중 하나입니다*.* 고기의 질과 반찬 조리의 완성도, 그리고 구비된 다종다양한 술들의 향연 +.+"
밤 새 피어난 비,닭갈비,0,0,0,0,음식이 맛있어요,고기 질이 좋아요,특별한 메뉴가 있어요,아늑해요,차분한 분위기에요,"황홀합니다. 우연히 들렀다가 닭요리계의 끝판왕을 맛보고 갑니다. 고급스런 소스가 5종 이상 곁들여지고, 닭을 구워먹을 수 있다는 것이 센세이셔널입니다! "
밤 새 피어난 비,"초밥,롤",예약 없이 이용,대기 시간 바로 입장,0,0,매장이 넓어요,음식이 맛있어요,재료가 신선해요,양이 많아요,특별한 메뉴가 있어요,"초밥 한접시 시켰을 뿐인데,튀김에 돌솥 우동에게다가 광어알 조림까지. 다른 초밥집을 대체 어떻게 가냐. 내사랑 호야초밥이다 정말 *.* "
밤 새 피어난 비,"곱창,막창,양",예약 없이 이용,0,0,0,친절해요,음식이 맛있어요,고기 질이 좋아요,0,0,"곱창 불쑈도 멋졌고,무엇보다 직원 분들의 미소가 근사한 곳입니다. 곱창 맛이 절창인 건 당연지사! "
밤 새 피어난 비,이탈리아음식,예약 없이 이용,대기 시간 바로 입장,데이트,0,친절해요,인테리어가 멋져요,음식이 맛있어요,재료가 신선해요,특별한 메뉴가 있어요,토요일 늦은 저녁 무심코 들렀다가대단히 만족스러운 시간을 보내고 왔습니다.양파수프를 이렇게 진국으로 먹어본 것이 대체 얼마만인지ㅠㅠ 문어 샐러드도 상큼하고 맛깔납니다. 레몬을 넣은 샐러드라니 *.* 라자냐는 너무 늦은 시간대에 주문해서 그런지 불어 있어서 이 점 하나 아쉬웠습니다. 씹는 맛이 마치 밀가루 푸딩 떠먹는 느낌. 다음에는 일찍 가서 먹어볼 예정입니다. 와인 정말 맛났습니다:) 
밤 새 피어난 비,한식,0,0,0,0,0,0,0,0,0,"다른 메뉴는 먹어보지 못했으나, 낙지전골은 비추합니다. 해물전골이 아니라 김치해물전골이 나옵니다. 낙지전골 요리를 한 번도 먹어본 적이 없는 매니저와말이 통하지 않아, 억지로 꾹 참고 꾸역꾸역 먹었습니다. 김치찌게 스타일의 낙지전골을 원하는 분들은 신경쓰지 말고 드셔도 됩니다. 하지만 일반적인 해물낙지전골의 맛을 기대하는 분들은 다소 놀라게 될 것입니다. 업주나 본사직원 모두 배추를 넣은 거라고 우기지만 신김치 김치찌게 국물 맛이 납니다. "
밤 새 피어난 비,"멕시코,남미음식",예약 없이 이용,대기 시간 바로 입장,0,0,0,0,0,0,0,일만 이천원 짜리 타코인데 기본 소스량이 3티스푼도 안 됩니다. 2000원 지불하고 추가 주문한 소스 량이 저 정도. 사장으로 추정되는 자는 교묘하게 신경질적이고타코 맛 자체는 하아... 복권 주는 이벤트 리뷰에 속지들 마시고정 가보겠다면 마스크 하나 준비해 가시기 바랍니다. 실내 공기가 많이 탁합니다. 
밤 새 피어난 비,카페,0,0,0,0,0,0,0,0,0,"보기엔 그럴 듯한데, 맛은 보리차 그 자체입니다. 해도 너무하다 싶을 정도로 밍밍맹맹. 여기 가보신 분들에게 묻습니다. 이 맹물맛 커피가 정말 만족스럽던가요. "
밤 새 피어난 비,베이커리,예약 없이 이용,대기 시간 바로 입장,0,0,0,0,0,0,0,살면서 먹어본 가장 딱딱하고 건조한 베이글입니다. 먹기가 너무 힘들어서 환불 조치 받았습니다. 밑에 추앙 댓글들 제정신들인가요. 먼 길 찾아갔다가 피해가 막심합니다. 이건 베이글이 아니라 말라 비틀어진 바케트 만도 못한 밀가루 퇴적물입니다. 
