﻿nickname,restaurant,reservation,waiting,purpose,withwho,tagging_1,tagging_2,tagging_3,tagging_4,tagging_5,content
돌고래삼촌,"아귀찜,해물찜",예약 후 이용,대기 시간 바로 입장,일상,연인・배우자,음식이 맛있어요,0,0,0,0,"유튜브 휴먼스토리, 몬스타엑스, 엔 플라잉 등다양한 아이돌 유튜브에도 많이 출연한 공덕역 해물찜 맛집우리는 해물찜을 좋아해서 무조건 해물찜이다 하고 갔는데,알고보니 이곳에는 순살아구 요리를 먹을수 있는곳이였어요.​이럴수가.. 아구요리 먹을껄..​알, 새우. 오징어. 곤이도 많이 들어있고​적당하게 잘 조리되어 해물찜도 신선 푸짐하것식감이 쫀득 맛있었어요"
돌고래삼촌,베이커리,예약 없이 이용,대기 시간 바로 입장,"친목, 일상",친척・형제,인테리어가 멋져요,빵이 맛있어요,특별한 메뉴가 있어요,디저트가 맛있어요,메뉴 구성이 알차요,"가로수길 마들렌으로 유명한 에뚜왈가족모임에 사가지고 갔는데 완전 대히트. 동경제과학교 출신 파티쉐님이 운영하시는 테이크아웃 전문 제괴점인데, 마들렌 말고도 피낭시에, 갈레트 부르통, 에스까르고 등 다양한 상품이 있어요. 마들렌 사이즈도 큰편이고, 너무 부드럽고 색감도 좋아서 정말 맛있게 먹었네요."
돌고래삼촌,한정식,예약 후 이용,대기 시간 바로 입장,여행,부모님,음식이 맛있어요,재료가 신선해요,건강한 맛이에요,코스요리가 알차요,특별한 메뉴가 있어요,"친환경 유기농 식재료 95프로 이상과직접 담근 식초와 장으로 만든 제대로된 발효 한정식. 기대이상 예상 못 했던 새로운 맛을 보여주네요 건강한 음식을 드려야 겠다는 신념과 철학으로직접 장을 만들어 요리를 하고, 판매를 한다고 하시는데정말 대단하죠?​요리 하나 하나 모두 눈으로 보기에도 예쁘고맛도 새로운 제대로된 한정식 요리를 먹어서아주 기분 좋고 특별한 식사였습니다.​부모님 모시고 갔는데, 쉐프님에게 잘 먹었다고 인사하셔서뿌듯했습니다."
돌고래삼촌,"육류,고기요리",예약 후 이용,대기 시간 바로 입장,친목,친척・형제,음식이 맛있어요,고기 질이 좋아요,특별한 메뉴가 있어요,재료가 신선해요,메뉴 구성이 알차요,"공덕역 경의선숲길에 위치한 분위기 좋은 고기집춘배 한접시 주문특목살 가브리살 삼겹살 구성이 딱임고기꾼답게 고기가 맛있어서 추가주문 평일 저녁 방문인데도 사람 많았고, 핫플인듯직원들도 친절했고 동생과 좋은 시간 보냈음"
돌고래삼촌,"육류,고기요리",예약 후 이용,대기 시간 바로 입장,데이트,연인・배우자,음식이 맛있어요,고기 질이 좋아요,양이 많아요,가성비가 좋아요,특별한 메뉴가 있어요,"가득할 만. 베풀다 포. 만포갈비 : 가득히 베풀다.이름값 하는 의정부역 갈비집.대표메뉴인 수제양념갈비 시켜서 먹었는데. 넘 맛있네요.거기다가 육회가 반찬으로 나오더니.정말 맛있는 자가제면 물냉면 비빔냉면도 서비스.공짜 좋아~^^반찬도 다 맛있고. 가성비 끝내주는 맛집LA갈비 3키로 포장 할인판매도 있어서, 다음 가족행사에 사가지고 가서 같이 바베큐 해먹을거에요.포장하면 60프로 할인. 대박👍와. 의정부역 그리 많이 갔는데.이 집을 왜 여태 몰랐을까?? 강추!!!"
돌고래삼촌,와인,예약 후 이용,대기 시간 바로 입장,데이트,연인・배우자,음식이 맛있어요,특별한 메뉴가 있어요,메뉴 구성이 알차요,인테리어가 멋져요,음악이 좋아요,"오늘 먹은 브런치. 제일 맛있었던 메뉴는 생면 라자냐 롤볼로네제 소스 + 베사벨 소스 + 고기 듬뿍 + 토마토에 리코타치즈까지 이탈리안 꿀조합새우 오일 파스타 스파게티면의 식감과 생면 라자냐 롤 식감과 비교해가면서 재미있고 맛있게 먹었습니다.예쁘고, 맛있고, 건강한 브런치를 먹은것 같아 기분 좋아지는세련된 분위기의 성수 브런치 맛집. ^^b"
돌고래삼촌,베이커리,예약 없이 이용,대기 시간 바로 입장,일상,연인・배우자,빵이 맛있어요,특별한 메뉴가 있어요,디저트가 맛있어요,음식이 맛있어요,종류가 다양해요,파네트 빵 is 뭔들. 공덕 최애 빵집. 어떤 빵을 골라도 실패가 없고. 다 맛있음뭔가 조금 더 신경써서 만든 빵들이에요. 무화과 스콘 최애. 먹어보고 싶은 빵들이ㅠ너무나 많은 곳베이커리앞에 테이블들 초록초록 분위기 좋아요
돌고래삼촌,양식,예약 후 이용,대기 시간 바로 입장,"데이트, 일상",연인・배우자,인테리어가 멋져요,음식이 맛있어요,재료가 신선해요,특별한 메뉴가 있어요,메뉴 구성이 알차요,살살 녹는 뇨끼 드셔보신적 있나요??입에서 살살 녹는 맛이란 이런것! 서울숲 놀러갔다가 들른 성수 파스타 맛집 뇨끼룸완전 인생 뇨끼.이렇게 맛있을수 있나요~~?? 꼭 가보세요. 캐치테이블 예약하셔야 해요. ^^꼭 가보세요. 캐치테이블 예약 필수!!
돌고래삼촌,햄버거,예약 없이 이용,대기 시간 바로 입장,"나들이, 일상",연인・배우자,음식이 맛있어요,재료가 신선해요,고기 질이 좋아요,특별한 메뉴가 있어요,건강한 맛이에요,세븐버거는 소프트한 식감의 참깨 햄버거빵에신선한 야채. 토마토. 두툼한 소고기 패티에. 치즈까지~~정석중의 정석프랜차이즈 패스트푸드 버거에서는 먹어보기 힘든 수제버거의 맛!!  그러면서도 가격이 상당히 합리적. 그릴드치킨스테이크버거 특히 좋아함직화로 구워 불향 작렬. 겉바속촉 닭다리살이들어있음. 건강한 헬시버거.
돌고래삼촌,닭갈비,대기 시간 10분 이내 ,"데이트, 일상",연인・배우자,0,음식이 맛있어요,고기 질이 좋아요,특별한 메뉴가 있어요,가성비가 좋아요,메뉴 구성이 알차요,"은혜로운 치즈의 강이 흐르는 홍대 닭갈비100% 순수 모짜렐라가 닭갈비 사이에 가득 뿌려져있어요.닭갈비 맛있는 거. 여기에 떡볶이, 라면사리, 치즈까지 넣었으니 무조건 맛있는 조합장인솜씨답게 너무 맛있고 양이 충분해서 배부르다고 볶음밥은 조금만 먹자고 하면서...날치알이 들어있는 볶음밥 1인분 주문. 다 먹음. ㅋㅋ닭갈비에 모듬사리 강력추천"
돌고래삼촌,카페,예약 없이 이용,대기 시간 바로 입장,"데이트, 일상",연인・배우자,커피가 맛있어요,디저트가 맛있어요,특별한 메뉴가 있어요,인테리어가 멋져요,야외공간이 멋져요,도심속 휴식을 지양하는 홍대카페 허밍벨라 가을이 되면서 야외 테라스 카페에서 맛있는 디저트 즐기기 너무 좋은 계절이에요.그멋진 공간과 특히 넓어서 쉬기 좋고. 건강한 재료로 만든맛있는 디저트가 끝내주는 곳이랍니다.우리의 목표는 무화과 도지마크림 쉬폰. 짱입니다!!
돌고래삼촌,일식당,예약 없이 이용,대기 시간 바로 입장,일상,연인・배우자,음식이 맛있어요,재료가 신선해요,양이 많아요,특별한 메뉴가 있어요,메뉴 구성이 알차요,연남동 저스트텐동 본점. 네이버 리뷰 4천개 넘는 극강의 가성비 인기 맛집. 텐동에 깨끗한 기름으로 튀겼는지 뽀얗고. 담백특히 첨 먹어본 순살게장텐동. 넘나 맛있는거. 밥만 비벼 먹어도 일반 게장비빔밥하고 다른 맛도리인데여기에 잘 만든 튀김 올려먹으니 밥도둑. 밥루팡. 침 나옴. 또 가고 싶은 집!!
돌고래삼촌,"카페,디저트",예약 없이 이용,대기 시간 바로 입장,일상,연인・배우자,커피가 맛있어요,디저트가 맛있어요,특별한 메뉴가 있어요,메뉴 구성이 알차요,인테리어가 멋져요,2012년 오픈한 유명한 연남동 에스프레소바시그니처메뉴인 가을에 어울리는 따듯한 피프 커피 럽얼그레이 크림 에스프레소 조화에쌉싸름한 티라미수의 살짝 쓴맛의 조화로움카페 분위기 너무 좋고. 에스프레소 메뉴도 킹왕짱!!
돌고래삼촌,"육류,고기요리",예약 후 이용,대기 시간 바로 입장,"나들이, 일상",연인・배우자,음식이 맛있어요,고기 질이 좋아요,재료가 신선해요,메뉴 구성이 알차요,야외공간이 멋져요,"경의선숲길 홍대역근처 숙성 생고기맛집특히 공원옆이라, 저녁에 분위기 너무 좋은 곳. 21일숙성 목살이 시그니처 메뉴엄청 두껍고 육즙 팡팡 터지고 맛있음고기 구워주셔서 편하고. 미나리랑 같이 구워먹음 꿀맛"
돌고래삼촌,"카페,디저트",예약 없이 이용,대기 시간 바로 입장,여행,연인・배우자,매장이 넓어요,컨셉이 독특해요,커피가 맛있어요,특별한 메뉴가 있어요,가성비가 좋아요,고용노동부 인증한 달인제과기능장 베이커리 카페완전 대형 베이커리 카페인데 빵도 맛있고2층 키즈존이 엄청나게 잘 되어있음아이들 오면 넘나 좋아할 공간3층은 성인용 존이라 조용히 휴식하기도 좋음. 어린이와 어른이들을 위한 분리하여즐겁게 시간을 보낼 공간이 모두 잘 되어있는곳
돌고래삼촌,"카페,디저트",예약 후 이용,대기 시간 바로 입장,여행,연인・배우자,인테리어가 멋져요,사진이 잘 나와요,뷰가 좋아요,디저트가 맛있어요,특별한 메뉴가 있어요,주차편리. 완전 시원한 청평호수뷰주문하고 지하1층 내려가면 호수랑 가까운 통창으로넓은 카페공간 있음고르곤졸라 피자 시켰는데. 완전 맛있음. 뷰맛집 + 맛집. 바베큐 메뉴랑 브런치 메뉴도 파네요. 강추
돌고래삼촌,정육점,0,0,0,0,가성비가 좋아요,신선해요,원산지 표시가 명확해요,부위가 다양해요,특색 있는 제품이 많아요,"충북 음성 농협 도축장에서 직접 경매, 매장 발골작업하는 30년 전통 양평 정육점일단 가격이 좋고. 한돈 한우 캠핑구이세트가 있어캠핑갈때 딱 좋음. 다양한 부위 구성이고가스. 숯. 야채류. 국물류 등등 다 팔아서캠핑 원스톱 쇼핑 가능. 편하네요."
돌고래삼촌,두부요리,예약 없이 이용,대기 시간 바로 입장,일상,연인・배우자,음식이 맛있어요,재료가 신선해요,양이 많아요,특별한 메뉴가 있어요,가성비가 좋아요,"공덕역 가성비 넘치는 2인세트 먹은 북창동 순두부순두부찌게 2개, 솥밥 2개에 고등어구이, 갈비맛양념구이까지 나오는데 30,900원기본찬에 가자미구이까지 나와서 깜놀했네요.그리고 솥밥에 타이머 달려서 조리해서 그런지, 밥이 질거나 타지 않게 나와서맛있더라고요. 찐가성비 인정!!"
돌고래삼촌,"육류,고기요리",예약 없이 이용,대기 시간 바로 입장,"나들이, 여행",연인・배우자,음식이 맛있어요,고기 질이 좋아요,특별한 메뉴가 있어요,가성비가 좋아요,단체모임 하기 좋아요,대한민국조리명인 박병훈님이 운영하는 덕소 고기집상위5% 도드람 한돈 숙성고기가  200그램 10500원미친 가성비 + 고퀄 점심엔 독일 육가공대회 동양인 최다수상 수제 소시지로만든  부대찌개 주문가능. 인생부대찌개에요. 진짜 맛있음. 주차 편리하고. 여기 찐 프리미엄 + 가성비여기 무조건 가세요. 완전 초대박입니다!
돌고래삼촌,이자카야,예약 없이 이용,대기 시간 바로 입장,"데이트, 일상",연인・배우자,음식이 맛있어요,특별한 메뉴가 있어요,가성비가 좋아요,메뉴 구성이 알차요,인테리어가 멋져요,숙대입구역 굴다리앞에 있는 모토카레시신상맛집인데 인테리어 완전 일본 빈티지 느낌분위기 쩌는곳. 우삼겹 스키야키 완전 푸짐하고참치 타르타르 추가로 주문했는데 아보카도랑 참치도많이 들어있고 맛있고 가성비고 좋았음. 여러가지 이벤트도 해서 가성비 짱인 곳.
돌고래삼촌,"카페,디저트",예약 없이 이용,대기 시간 바로 입장,데이트,연인・배우자,커피가 맛있어요,디저트가 맛있어요,음료가 맛있어요,특별한 메뉴가 있어요,인테리어가 멋져요,"홍대입구역 틸로스터스 !!  올해 마신 커피중에서 제일 맛있는 커피였던거 같아요.홍대입구역 가까운 골목안에 감춰진 스페셜티 드립 커피 전문점인데,직접 만드시는 티라미수 케이크도 정말 예술이고..핸드드립커피는 추천해달라고 요청드렸더니, 로스팅 3일된 에디오피아 원두 추천해주셔서마셨는데, 정말 너무 너무 너무 맛있네요.분위기도 아늑하고, 정말 최고입니다!!"
돌고래삼촌,"백숙,삼계탕",예약 후 이용,대기 시간 바로 입장,나들이,부모님,뷰가 좋아요,음식이 맛있어요,고기 질이 좋아요,양이 많아요,특별한 메뉴가 있어요,부모님과 나들이 다녀온 장흥 계곡식당장흥폭포수식당. 여기 정말 맛있네요. 폭포를 보면서 먹는 식사도 좋았지만. 음식도 푸짐하고반찬까지도 다 맛있어서 놀랐어요. 부모님께서도 좋아하셨어요. 백숙도 부드럽고. 음식도 맛있고. 구경도 잘 했다고. ^^부모님 모시고 나들이 다녀오세요. ㅎㅎ인근 골프장 갔다 오시는 분들도 있던데. 뒷풀이로도 좋을것 같네요. 대만족한 식당!!
돌고래삼촌,돼지고기구이,예약 없이 이용,대기 시간 바로 입장,"나들이, 여행",부모님,야외공간이 멋져요,음식이 맛있어요,고기 질이 좋아요,특별한 메뉴가 있어요,메뉴 구성이 알차요,"TV에도 많이 나온 20년 넘은 남양주 맛집 아르페지오시그니처 메뉴인 치즈고삼 완전 맛있음다!!불쇼도 재미있고. 계곡도 시원함그리고 감자전이 부드러운게 아니라 바삭바삭한데이것도 치즈 고추장 삼겹살이랑 찰떡궁합. 또 먹고 싶은 맛~~~부모님 모시고 갔는데, 맛있는 식당에 왔다고 칭찬 받음. ^^"
돌고래삼촌,종합분식,예약 없이 이용,대기 시간 바로 입장,여행,연인・배우자,음식이 맛있어요,재료가 신선해요,특별한 메뉴가 있어요,가성비가 좋아요,메뉴 구성이 알차요,"레알 속초 간식. 속초 문어강정 첨 먹어봤어요. 속초중앙시장에 있는 사형제 문어강정 속초산 피문어로 만들어서 딱딱하지 않고,부드럽고 고급진 맛이 일품이네요. 속초 이제 닭강정 말고 문어강정!! 강추. 바로 먹어도 맛있고. 뒀다 먹어도 맛있더라고요."
돌고래삼촌,생선회,예약 없이 이용,대기 시간 바로 입장,여행,연인・배우자,음식이 맛있어요,재료가 신선해요,양이 많아요,특별한 메뉴가 있어요,가성비가 좋아요,"속초시장 지하에 회센터가 있네요. 게이트2번입구 내려가서 첫집 진미회센터 규모도 크고수조에 다양한 물고기도 많아요. 회포장 했는데 양도 많고, 신선도는 바로 잡아서 쳐주심매장내 식사하면 상차림비 없고, 매운탕 공짜라고 하니가성비 정말 좋은듯 하네요."
돌고래삼촌,생선회,예약 없이 이용,대기 시간 바로 입장,여행,연인・배우자,음식이 맛있어요,특별한 메뉴가 있어요,가성비가 좋아요,반찬이 잘 나와요,메뉴 구성이 알차요,"동명항 신가 횟집에서 속초여행 마무리 했어요.일단 주차장 넓어서 편리했고,모듬회 2인 소. 주문했는데, 기본 상차림부터 장난아니네요. 30가지이상 나온듯이요. 상차림에서 나온 물회가 너무 맛있었어요. 나중에 알고보니 여기 물회맛집으로 유명모듬회 퀄리티도 좋고 푸짐하게 나와서, 속초여행 피날레 제대로 했네요. ^^"
돌고래삼촌,"아귀찜,해물찜",예약 후 이용,대기 시간 바로 입장,일상,연인・배우자,음식이 맛있어요,0,0,0,0,"유튜브 휴먼스토리, 몬스타엑스, 엔 플라잉 등다양한 아이돌 유튜브에도 많이 출연한 공덕역 해물찜 맛집우리는 해물찜을 좋아해서 무조건 해물찜이다 하고 갔는데,알고보니 이곳에는 순살아구 요리를 먹을수 있는곳이였어요.​이럴수가.. 아구요리 먹을껄..​알, 새우. 오징어. 곤이도 많이 들어있고​적당하게 잘 조리되어 해물찜도 신선 푸짐하것식감이 쫀득 맛있었어요"
돌고래삼촌,베이커리,예약 없이 이용,대기 시간 바로 입장,"친목, 일상",친척・형제,인테리어가 멋져요,빵이 맛있어요,특별한 메뉴가 있어요,디저트가 맛있어요,메뉴 구성이 알차요,"가로수길 마들렌으로 유명한 에뚜왈가족모임에 사가지고 갔는데 완전 대히트. 동경제과학교 출신 파티쉐님이 운영하시는 테이크아웃 전문 제괴점인데, 마들렌 말고도 피낭시에, 갈레트 부르통, 에스까르고 등 다양한 상품이 있어요. 마들렌 사이즈도 큰편이고, 너무 부드럽고 색감도 좋아서 정말 맛있게 먹었네요."
돌고래삼촌,한정식,예약 후 이용,대기 시간 바로 입장,여행,부모님,음식이 맛있어요,재료가 신선해요,건강한 맛이에요,코스요리가 알차요,특별한 메뉴가 있어요,"친환경 유기농 식재료 95프로 이상과직접 담근 식초와 장으로 만든 제대로된 발효 한정식. 기대이상 예상 못 했던 새로운 맛을 보여주네요 건강한 음식을 드려야 겠다는 신념과 철학으로직접 장을 만들어 요리를 하고, 판매를 한다고 하시는데정말 대단하죠?​요리 하나 하나 모두 눈으로 보기에도 예쁘고맛도 새로운 제대로된 한정식 요리를 먹어서아주 기분 좋고 특별한 식사였습니다.​부모님 모시고 갔는데, 쉐프님에게 잘 먹었다고 인사하셔서뿌듯했습니다."
돌고래삼촌,"육류,고기요리",예약 후 이용,대기 시간 바로 입장,친목,친척・형제,음식이 맛있어요,고기 질이 좋아요,특별한 메뉴가 있어요,재료가 신선해요,메뉴 구성이 알차요,"공덕역 경의선숲길에 위치한 분위기 좋은 고기집춘배 한접시 주문특목살 가브리살 삼겹살 구성이 딱임고기꾼답게 고기가 맛있어서 추가주문 평일 저녁 방문인데도 사람 많았고, 핫플인듯직원들도 친절했고 동생과 좋은 시간 보냈음"
돌고래삼촌,"육류,고기요리",예약 후 이용,대기 시간 바로 입장,데이트,연인・배우자,음식이 맛있어요,고기 질이 좋아요,양이 많아요,가성비가 좋아요,특별한 메뉴가 있어요,"가득할 만. 베풀다 포. 만포갈비 : 가득히 베풀다.이름값 하는 의정부역 갈비집.대표메뉴인 수제양념갈비 시켜서 먹었는데. 넘 맛있네요.거기다가 육회가 반찬으로 나오더니.정말 맛있는 자가제면 물냉면 비빔냉면도 서비스.공짜 좋아~^^반찬도 다 맛있고. 가성비 끝내주는 맛집LA갈비 3키로 포장 할인판매도 있어서, 다음 가족행사에 사가지고 가서 같이 바베큐 해먹을거에요.포장하면 60프로 할인. 대박👍와. 의정부역 그리 많이 갔는데.이 집을 왜 여태 몰랐을까?? 강추!!!"
돌고래삼촌,와인,예약 후 이용,대기 시간 바로 입장,데이트,연인・배우자,음식이 맛있어요,특별한 메뉴가 있어요,메뉴 구성이 알차요,인테리어가 멋져요,음악이 좋아요,"오늘 먹은 브런치. 제일 맛있었던 메뉴는 생면 라자냐 롤볼로네제 소스 + 베사벨 소스 + 고기 듬뿍 + 토마토에 리코타치즈까지 이탈리안 꿀조합새우 오일 파스타 스파게티면의 식감과 생면 라자냐 롤 식감과 비교해가면서 재미있고 맛있게 먹었습니다.예쁘고, 맛있고, 건강한 브런치를 먹은것 같아 기분 좋아지는세련된 분위기의 성수 브런치 맛집. ^^b"
돌고래삼촌,베이커리,예약 없이 이용,대기 시간 바로 입장,일상,연인・배우자,빵이 맛있어요,특별한 메뉴가 있어요,디저트가 맛있어요,음식이 맛있어요,종류가 다양해요,파네트 빵 is 뭔들. 공덕 최애 빵집. 어떤 빵을 골라도 실패가 없고. 다 맛있음뭔가 조금 더 신경써서 만든 빵들이에요. 무화과 스콘 최애. 먹어보고 싶은 빵들이ㅠ너무나 많은 곳베이커리앞에 테이블들 초록초록 분위기 좋아요
돌고래삼촌,양식,예약 후 이용,대기 시간 바로 입장,"데이트, 일상",연인・배우자,인테리어가 멋져요,음식이 맛있어요,재료가 신선해요,특별한 메뉴가 있어요,메뉴 구성이 알차요,살살 녹는 뇨끼 드셔보신적 있나요??입에서 살살 녹는 맛이란 이런것! 서울숲 놀러갔다가 들른 성수 파스타 맛집 뇨끼룸완전 인생 뇨끼.이렇게 맛있을수 있나요~~?? 꼭 가보세요. 캐치테이블 예약하셔야 해요. ^^꼭 가보세요. 캐치테이블 예약 필수!!
돌고래삼촌,햄버거,예약 없이 이용,대기 시간 바로 입장,"나들이, 일상",연인・배우자,음식이 맛있어요,재료가 신선해요,고기 질이 좋아요,특별한 메뉴가 있어요,건강한 맛이에요,세븐버거는 소프트한 식감의 참깨 햄버거빵에신선한 야채. 토마토. 두툼한 소고기 패티에. 치즈까지~~정석중의 정석프랜차이즈 패스트푸드 버거에서는 먹어보기 힘든 수제버거의 맛!!  그러면서도 가격이 상당히 합리적. 그릴드치킨스테이크버거 특히 좋아함직화로 구워 불향 작렬. 겉바속촉 닭다리살이들어있음. 건강한 헬시버거.
돌고래삼촌,닭갈비,대기 시간 10분 이내 ,"데이트, 일상",연인・배우자,0,음식이 맛있어요,고기 질이 좋아요,특별한 메뉴가 있어요,가성비가 좋아요,메뉴 구성이 알차요,"은혜로운 치즈의 강이 흐르는 홍대 닭갈비100% 순수 모짜렐라가 닭갈비 사이에 가득 뿌려져있어요.닭갈비 맛있는 거. 여기에 떡볶이, 라면사리, 치즈까지 넣었으니 무조건 맛있는 조합장인솜씨답게 너무 맛있고 양이 충분해서 배부르다고 볶음밥은 조금만 먹자고 하면서...날치알이 들어있는 볶음밥 1인분 주문. 다 먹음. ㅋㅋ닭갈비에 모듬사리 강력추천"
돌고래삼촌,카페,예약 없이 이용,대기 시간 바로 입장,"데이트, 일상",연인・배우자,커피가 맛있어요,디저트가 맛있어요,특별한 메뉴가 있어요,인테리어가 멋져요,야외공간이 멋져요,도심속 휴식을 지양하는 홍대카페 허밍벨라 가을이 되면서 야외 테라스 카페에서 맛있는 디저트 즐기기 너무 좋은 계절이에요.그멋진 공간과 특히 넓어서 쉬기 좋고. 건강한 재료로 만든맛있는 디저트가 끝내주는 곳이랍니다.우리의 목표는 무화과 도지마크림 쉬폰. 짱입니다!!
돌고래삼촌,일식당,예약 없이 이용,대기 시간 바로 입장,일상,연인・배우자,음식이 맛있어요,재료가 신선해요,양이 많아요,특별한 메뉴가 있어요,메뉴 구성이 알차요,연남동 저스트텐동 본점. 네이버 리뷰 4천개 넘는 극강의 가성비 인기 맛집. 텐동에 깨끗한 기름으로 튀겼는지 뽀얗고. 담백특히 첨 먹어본 순살게장텐동. 넘나 맛있는거. 밥만 비벼 먹어도 일반 게장비빔밥하고 다른 맛도리인데여기에 잘 만든 튀김 올려먹으니 밥도둑. 밥루팡. 침 나옴. 또 가고 싶은 집!!
돌고래삼촌,"카페,디저트",예약 없이 이용,대기 시간 바로 입장,일상,연인・배우자,커피가 맛있어요,디저트가 맛있어요,특별한 메뉴가 있어요,메뉴 구성이 알차요,인테리어가 멋져요,2012년 오픈한 유명한 연남동 에스프레소바시그니처메뉴인 가을에 어울리는 따듯한 피프 커피 럽얼그레이 크림 에스프레소 조화에쌉싸름한 티라미수의 살짝 쓴맛의 조화로움카페 분위기 너무 좋고. 에스프레소 메뉴도 킹왕짱!!
돌고래삼촌,"육류,고기요리",예약 후 이용,대기 시간 바로 입장,"나들이, 일상",연인・배우자,음식이 맛있어요,고기 질이 좋아요,재료가 신선해요,메뉴 구성이 알차요,야외공간이 멋져요,"경의선숲길 홍대역근처 숙성 생고기맛집특히 공원옆이라, 저녁에 분위기 너무 좋은 곳. 21일숙성 목살이 시그니처 메뉴엄청 두껍고 육즙 팡팡 터지고 맛있음고기 구워주셔서 편하고. 미나리랑 같이 구워먹음 꿀맛"
돌고래삼촌,"카페,디저트",예약 없이 이용,대기 시간 바로 입장,여행,연인・배우자,매장이 넓어요,컨셉이 독특해요,커피가 맛있어요,특별한 메뉴가 있어요,가성비가 좋아요,고용노동부 인증한 달인제과기능장 베이커리 카페완전 대형 베이커리 카페인데 빵도 맛있고2층 키즈존이 엄청나게 잘 되어있음아이들 오면 넘나 좋아할 공간3층은 성인용 존이라 조용히 휴식하기도 좋음. 어린이와 어른이들을 위한 분리하여즐겁게 시간을 보낼 공간이 모두 잘 되어있는곳
돌고래삼촌,"카페,디저트",예약 후 이용,대기 시간 바로 입장,여행,연인・배우자,인테리어가 멋져요,사진이 잘 나와요,뷰가 좋아요,디저트가 맛있어요,특별한 메뉴가 있어요,주차편리. 완전 시원한 청평호수뷰주문하고 지하1층 내려가면 호수랑 가까운 통창으로넓은 카페공간 있음고르곤졸라 피자 시켰는데. 완전 맛있음. 뷰맛집 + 맛집. 바베큐 메뉴랑 브런치 메뉴도 파네요. 강추
돌고래삼촌,정육점,0,0,0,0,가성비가 좋아요,신선해요,원산지 표시가 명확해요,부위가 다양해요,특색 있는 제품이 많아요,"충북 음성 농협 도축장에서 직접 경매, 매장 발골작업하는 30년 전통 양평 정육점일단 가격이 좋고. 한돈 한우 캠핑구이세트가 있어캠핑갈때 딱 좋음. 다양한 부위 구성이고가스. 숯. 야채류. 국물류 등등 다 팔아서캠핑 원스톱 쇼핑 가능. 편하네요."
돌고래삼촌,두부요리,예약 없이 이용,대기 시간 바로 입장,일상,연인・배우자,음식이 맛있어요,재료가 신선해요,양이 많아요,특별한 메뉴가 있어요,가성비가 좋아요,"공덕역 가성비 넘치는 2인세트 먹은 북창동 순두부순두부찌게 2개, 솥밥 2개에 고등어구이, 갈비맛양념구이까지 나오는데 30,900원기본찬에 가자미구이까지 나와서 깜놀했네요.그리고 솥밥에 타이머 달려서 조리해서 그런지, 밥이 질거나 타지 않게 나와서맛있더라고요. 찐가성비 인정!!"
돌고래삼촌,"육류,고기요리",예약 없이 이용,대기 시간 바로 입장,"나들이, 여행",연인・배우자,음식이 맛있어요,고기 질이 좋아요,특별한 메뉴가 있어요,가성비가 좋아요,단체모임 하기 좋아요,대한민국조리명인 박병훈님이 운영하는 덕소 고기집상위5% 도드람 한돈 숙성고기가  200그램 10500원미친 가성비 + 고퀄 점심엔 독일 육가공대회 동양인 최다수상 수제 소시지로만든  부대찌개 주문가능. 인생부대찌개에요. 진짜 맛있음. 주차 편리하고. 여기 찐 프리미엄 + 가성비여기 무조건 가세요. 완전 초대박입니다!
돌고래삼촌,이자카야,예약 없이 이용,대기 시간 바로 입장,"데이트, 일상",연인・배우자,음식이 맛있어요,특별한 메뉴가 있어요,가성비가 좋아요,메뉴 구성이 알차요,인테리어가 멋져요,숙대입구역 굴다리앞에 있는 모토카레시신상맛집인데 인테리어 완전 일본 빈티지 느낌분위기 쩌는곳. 우삼겹 스키야키 완전 푸짐하고참치 타르타르 추가로 주문했는데 아보카도랑 참치도많이 들어있고 맛있고 가성비고 좋았음. 여러가지 이벤트도 해서 가성비 짱인 곳.
돌고래삼촌,"카페,디저트",예약 없이 이용,대기 시간 바로 입장,데이트,연인・배우자,커피가 맛있어요,디저트가 맛있어요,음료가 맛있어요,특별한 메뉴가 있어요,인테리어가 멋져요,"홍대입구역 틸로스터스 !!  올해 마신 커피중에서 제일 맛있는 커피였던거 같아요.홍대입구역 가까운 골목안에 감춰진 스페셜티 드립 커피 전문점인데,직접 만드시는 티라미수 케이크도 정말 예술이고..핸드드립커피는 추천해달라고 요청드렸더니, 로스팅 3일된 에디오피아 원두 추천해주셔서마셨는데, 정말 너무 너무 너무 맛있네요.분위기도 아늑하고, 정말 최고입니다!!"
돌고래삼촌,"백숙,삼계탕",예약 후 이용,대기 시간 바로 입장,나들이,부모님,뷰가 좋아요,음식이 맛있어요,고기 질이 좋아요,양이 많아요,특별한 메뉴가 있어요,부모님과 나들이 다녀온 장흥 계곡식당장흥폭포수식당. 여기 정말 맛있네요. 폭포를 보면서 먹는 식사도 좋았지만. 음식도 푸짐하고반찬까지도 다 맛있어서 놀랐어요. 부모님께서도 좋아하셨어요. 백숙도 부드럽고. 음식도 맛있고. 구경도 잘 했다고. ^^부모님 모시고 나들이 다녀오세요. ㅎㅎ인근 골프장 갔다 오시는 분들도 있던데. 뒷풀이로도 좋을것 같네요. 대만족한 식당!!
돌고래삼촌,돼지고기구이,예약 없이 이용,대기 시간 바로 입장,"나들이, 여행",부모님,야외공간이 멋져요,음식이 맛있어요,고기 질이 좋아요,특별한 메뉴가 있어요,메뉴 구성이 알차요,"TV에도 많이 나온 20년 넘은 남양주 맛집 아르페지오시그니처 메뉴인 치즈고삼 완전 맛있음다!!불쇼도 재미있고. 계곡도 시원함그리고 감자전이 부드러운게 아니라 바삭바삭한데이것도 치즈 고추장 삼겹살이랑 찰떡궁합. 또 먹고 싶은 맛~~~부모님 모시고 갔는데, 맛있는 식당에 왔다고 칭찬 받음. ^^"
돌고래삼촌,종합분식,예약 없이 이용,대기 시간 바로 입장,여행,연인・배우자,음식이 맛있어요,재료가 신선해요,특별한 메뉴가 있어요,가성비가 좋아요,메뉴 구성이 알차요,"레알 속초 간식. 속초 문어강정 첨 먹어봤어요. 속초중앙시장에 있는 사형제 문어강정 속초산 피문어로 만들어서 딱딱하지 않고,부드럽고 고급진 맛이 일품이네요. 속초 이제 닭강정 말고 문어강정!! 강추. 바로 먹어도 맛있고. 뒀다 먹어도 맛있더라고요."
