﻿nickname,restaurant,reservation,waiting,purpose,withwho,tagging_1,tagging_2,tagging_3,tagging_4,tagging_5,content
369369z,해장국,예약 없이 이용,대기 시간 바로 입장,일상,부모님,음식이 맛있어요,0,0,0,0,맛있어요~ 밥도 말아먹고 싶었는데 배불러서 못먹었어요
369369z,"아귀찜,해물찜",예약 없이 이용,대기 시간 30분 이내,일상,부모님,음식이 맛있어요,0,0,0,0,맛있고 푸짐해요~ 해물찜 소자 고니빼고 주문했어요~ 둘이 실컷 먹고 남아서 포장해왔어요 날이 추워져서 그런지 해산물이 더 맛있었어요
369369z,"카페,디저트",예약 없이 이용,대기 시간 바로 입장,일상,부모님,디저트가 맛있어요,0,0,0,0,새로 생겼길래 와봤는데 점심시간에 꽉차요~
369369z,중식당,예약 없이 이용,대기 시간 30분 이내,일상,부모님,음식이 맛있어요,인테리어가 멋져요,0,0,0,맛있어요~
369369z,"칼국수,만두",예약 없이 이용,대기 시간 10분 이내 ,일상,부모님,음식이 맛있어요,0,0,0,0,맛있어요~
369369z,막국수,예약 없이 이용,대기 시간 바로 입장,나들이,부모님,매장이 넓어요,음식이 맛있어요,0,0,0,오픈시간 맞춰서 방문했어요~ 다 맛있어요~
369369z,뷔페,예약 후 이용,대기 시간 바로 입장,일상,부모님,음식이 맛있어요,재료가 신선해요,메뉴 구성이 알차요,0,0,평일 런치 방문했어요~ 모든 음식이 다 맛있어요!
369369z,"칼국수,만두",예약 없이 이용,대기 시간 10분 이내 ,일상,부모님,음식이 맛있어요,0,0,0,0,칼국수 만두 둘다 너무 맛있어요~ 한달에 한번 이상은 방문하는듯해요!
369369z,주꾸미요리,예약 없이 이용,대기 시간 바로 입장,일상,친구,음식이 맛있어요,0,0,0,0,맛있어요~!
369369z,아이스크림,예약 없이 이용,대기 시간 바로 입장,일상,부모님,건강한 맛이에요,0,0,0,0,맛있어요~ 다른 맛도 다 궁금해요~
369369z,중식당,예약 없이 이용,대기 시간 바로 입장,일상,부모님,음식이 맛있어요,0,0,0,0,먹을텐데 보고 방문했어요~ 맛있어요
369369z,오리요리,예약 없이 이용,대기 시간 바로 입장,일상,부모님,음식이 맛있어요,0,0,0,0,맛있어요~ 양념구이 먹고 볶음밥으로 마무리했어요!
369369z,"육류,고기요리",예약 없이 이용,대기 시간 바로 입장,일상,부모님,음식이 맛있어요,0,0,0,0,반찬들도 다 푸짐하고 맛있고 고기 역시 맛있어요~ 맛있게 구워주셔서 편하게 먹었어요~
369369z,"카페,디저트",예약 없이 이용,대기 시간 바로 입장,일상,친구,커피가 맛있어요,0,0,0,0,맛있어요~
369369z,"장어,먹장어요리",예약 없이 이용,대기 시간 바로 입장,일상,부모님,매장이 넓어요,음식이 맛있어요,0,0,0,맛있어요~ 구워주시는 직원분도 친절하세요
369369z,"해물,생선요리",예약 없이 이용,대기 시간 바로 입장,여행,부모님,음식이 맛있어요,0,0,0,0,반찬들도 다 맛있고 갈치구이와 조림도 맛있어요~
369369z,피자,예약 없이 이용,대기 시간 1시간 이상,여행,부모님,음식이 맛있어요,재료가 신선해요,0,0,0,너무 맛있어요~!
369369z,국밥,예약 없이 이용,대기 시간 1시간 이상,여행,부모님,음식이 맛있어요,0,0,0,0,괜찮아요~ 고기는 엄청 많아요
369369z,소고기구이,예약 후 이용,대기 시간 바로 입장,여행,부모님,음식이 맛있어요,인테리어가 멋져요,0,0,0,부산 올때마다 들르는 맛집!! 너무 맛있어요~
369369z,베이커리,예약 없이 이용,대기 시간 바로 입장,일상,부모님,빵이 맛있어요,커피가 맛있어요,특별한 메뉴가 있어요,0,0,예쁘고 맛있어요~!
369369z,냉면,예약 없이 이용,대기 시간 바로 입장,일상,부모님,음식이 맛있어요,재료가 신선해요,0,0,0,만두를 직접 만들고 계시더라구요~ 만두도 시키길 잘했어요! 맛있어요~
369369z,"아귀찜,해물찜",예약 없이 이용,대기 시간 바로 입장,일상,부모님,음식이 맛있어요,재료가 신선해요,양이 많아요,가성비가 좋아요,반찬이 잘 나와요,맛있어요~! 둘이서 해물찜 소자 시키면 실컷먹고도 남아서 포장해와서 다음날 먹었어요~ 반찬들도 다 맛있고 추천하는 맛집입니다.
369369z,"백숙,삼계탕",예약 없이 이용,대기 시간 30분 이내,일상,부모님,음식이 맛있어요,고기 질이 좋아요,0,0,0,닭볶음탕 맛있어요!! 닭도 부드럽고 소스가 정말 맛있어요~! 능이 볶음 닭가슴살은 먹다보니 살짝 느끼했어요
369369z,해장국,예약 없이 이용,대기 시간 바로 입장,일상,부모님,음식이 맛있어요,0,0,0,0,맛있어요~ 밥도 말아먹고 싶었는데 배불러서 못먹었어요
369369z,"아귀찜,해물찜",예약 없이 이용,대기 시간 30분 이내,일상,부모님,음식이 맛있어요,0,0,0,0,맛있고 푸짐해요~ 해물찜 소자 고니빼고 주문했어요~ 둘이 실컷 먹고 남아서 포장해왔어요 날이 추워져서 그런지 해산물이 더 맛있었어요
369369z,"카페,디저트",예약 없이 이용,대기 시간 바로 입장,일상,부모님,디저트가 맛있어요,0,0,0,0,새로 생겼길래 와봤는데 점심시간에 꽉차요~
369369z,중식당,예약 없이 이용,대기 시간 30분 이내,일상,부모님,음식이 맛있어요,인테리어가 멋져요,0,0,0,맛있어요~
369369z,"칼국수,만두",예약 없이 이용,대기 시간 10분 이내 ,일상,부모님,음식이 맛있어요,0,0,0,0,맛있어요~
369369z,막국수,예약 없이 이용,대기 시간 바로 입장,나들이,부모님,매장이 넓어요,음식이 맛있어요,0,0,0,오픈시간 맞춰서 방문했어요~ 다 맛있어요~
369369z,뷔페,예약 후 이용,대기 시간 바로 입장,일상,부모님,음식이 맛있어요,재료가 신선해요,메뉴 구성이 알차요,0,0,평일 런치 방문했어요~ 모든 음식이 다 맛있어요!
369369z,"칼국수,만두",예약 없이 이용,대기 시간 10분 이내 ,일상,부모님,음식이 맛있어요,0,0,0,0,칼국수 만두 둘다 너무 맛있어요~ 한달에 한번 이상은 방문하는듯해요!
369369z,주꾸미요리,예약 없이 이용,대기 시간 바로 입장,일상,친구,음식이 맛있어요,0,0,0,0,맛있어요~!
369369z,아이스크림,예약 없이 이용,대기 시간 바로 입장,일상,부모님,건강한 맛이에요,0,0,0,0,맛있어요~ 다른 맛도 다 궁금해요~
369369z,중식당,예약 없이 이용,대기 시간 바로 입장,일상,부모님,음식이 맛있어요,0,0,0,0,먹을텐데 보고 방문했어요~ 맛있어요
369369z,오리요리,예약 없이 이용,대기 시간 바로 입장,일상,부모님,음식이 맛있어요,0,0,0,0,맛있어요~ 양념구이 먹고 볶음밥으로 마무리했어요!
369369z,"육류,고기요리",예약 없이 이용,대기 시간 바로 입장,일상,부모님,음식이 맛있어요,0,0,0,0,반찬들도 다 푸짐하고 맛있고 고기 역시 맛있어요~ 맛있게 구워주셔서 편하게 먹었어요~
369369z,"카페,디저트",예약 없이 이용,대기 시간 바로 입장,일상,친구,커피가 맛있어요,0,0,0,0,맛있어요~
369369z,"장어,먹장어요리",예약 없이 이용,대기 시간 바로 입장,일상,부모님,매장이 넓어요,음식이 맛있어요,0,0,0,맛있어요~ 구워주시는 직원분도 친절하세요
369369z,"해물,생선요리",예약 없이 이용,대기 시간 바로 입장,여행,부모님,음식이 맛있어요,0,0,0,0,반찬들도 다 맛있고 갈치구이와 조림도 맛있어요~
369369z,피자,예약 없이 이용,대기 시간 1시간 이상,여행,부모님,음식이 맛있어요,재료가 신선해요,0,0,0,너무 맛있어요~!
369369z,국밥,예약 없이 이용,대기 시간 1시간 이상,여행,부모님,음식이 맛있어요,0,0,0,0,괜찮아요~ 고기는 엄청 많아요
369369z,소고기구이,예약 후 이용,대기 시간 바로 입장,여행,부모님,음식이 맛있어요,인테리어가 멋져요,0,0,0,부산 올때마다 들르는 맛집!! 너무 맛있어요~
369369z,베이커리,예약 없이 이용,대기 시간 바로 입장,일상,부모님,빵이 맛있어요,커피가 맛있어요,특별한 메뉴가 있어요,0,0,예쁘고 맛있어요~!
369369z,냉면,예약 없이 이용,대기 시간 바로 입장,일상,부모님,음식이 맛있어요,재료가 신선해요,0,0,0,만두를 직접 만들고 계시더라구요~ 만두도 시키길 잘했어요! 맛있어요~
369369z,"아귀찜,해물찜",예약 없이 이용,대기 시간 바로 입장,일상,부모님,음식이 맛있어요,재료가 신선해요,양이 많아요,가성비가 좋아요,반찬이 잘 나와요,맛있어요~! 둘이서 해물찜 소자 시키면 실컷먹고도 남아서 포장해와서 다음날 먹었어요~ 반찬들도 다 맛있고 추천하는 맛집입니다.
369369z,"백숙,삼계탕",예약 없이 이용,대기 시간 30분 이내,일상,부모님,음식이 맛있어요,고기 질이 좋아요,0,0,0,닭볶음탕 맛있어요!! 닭도 부드럽고 소스가 정말 맛있어요~! 능이 볶음 닭가슴살은 먹다보니 살짝 느끼했어요
369369z,한식,예약 없이 이용,대기 시간 바로 입장,일상,친구,인테리어가 멋져요,음식이 맛있어요,재료가 신선해요,0,0,분위기도 좋고 음식도 다 맛있어요~!
369369z,"육류,고기요리",예약 없이 이용,대기 시간 바로 입장,일상,부모님,음식이 맛있어요,0,0,0,0,맛있어요~
369369z,피자,예약 후 이용,대기 시간 바로 입장,친목,친구,음식이 맛있어요,0,0,0,0,피자 맛집이예요~!!
369369z,해장국,예약 없이 이용,대기 시간 바로 입장,일상,부모님,음식이 맛있어요,재료가 신선해요,0,0,0,맛있어요~!
