﻿nickname,restaurant,reservation,waiting,purpose,withwho,tagging_1,tagging_2,tagging_3,tagging_4,tagging_5,content
후암동 올리,베트남음식,예약 없이 이용,대기 시간 바로 입장,일상,혼자,음식이 맛있어요,0,0,0,0,고기육수 주문했는데 기본 깔끔하고 담백한 맛입니다. 고수는 따로 요청해서 추가 가능해요. 베트남 음식에 호불호 없이 즐길 수 있는 쌀국수예요.
후암동 올리,한정식,예약 없이 이용,대기 시간 바로 입장,나들이,"연인・배우자, 아이, 부모님",음식이 맛있어요,재료가 신선해요,가성비가 좋아요,건강한 맛이에요,메뉴 구성이 알차요,"정식이 정말 알차요, 이정도 가격에 이런 양이면 정말 가성비가 좋아요. 아이도 보쌈고기나 두부 먹을 수 있어요. 전골도 깔끔하고 얼큰해서 맛있어요. 사람이 많은 이유가 있는 집입니다."
후암동 올리,닭갈비,예약 없이 이용,대기 시간 바로 입장,나들이,"연인・배우자, 아이, 부모님",음식이 맛있어요,고기 질이 좋아요,가성비가 좋아요,재료가 신선해요,매장이 넓어요,와- 정말 맛있네요👍👍👍 무엇을 주문하던 계획보다 1인분이상 더 주문하는 것을 추천합니다. 양이 적은게 아니라 너무 맛있는데 손님이 많아서 추가 주문은 아주 오래기다려야해요. 닭이 숯불에 80% 익혀 나오고 타지 않은채로 나오는 기술!간도 짜지 않고 닭이 정말 부드러워서 아이도 잘 먹어요. 막국수도 개운하게 맛있고 오곡누룽지도 다른곳보다 더 구수해요. 볶음밥은 정신없이 먹다가 뒤늦게 사진 찍었네요. 역시 남이섬 앞에서 기냥저냥 먹는것보다 이곳이 훠얼씬 나아요! 시간들여 올만하고 저희는 택배주문까지 하기로 마음먹으며 나왔어요. 바쁜와중에 사장님 친절하시고 아이랑 오기도 정말 좋습니다.
후암동 올리,와인,예약 후 이용,대기 시간 바로 입장,데이트,친구,친절해요,음식이 맛있어요,기본 안주가 좋아요,술이 다양해요,특별한 메뉴가 있어요,"서비스의 정석은 이런것이다- 느껴지는 감동의 와인설명과 추천입니다. 와인 한병의 배경을 듣고 맛보니 맛의 풍미와 감동이 배가됩니다. 와인 종류도 정말 많고 니즈에 맞춘 추천도 잘해주시고 정말 최고예요. 마음이 울적한 사람, 서비스가 무엇인지 모르겠다는 사람, 와인이 무슨 맛인지 모르는 사람 모두에게 이곳을 추천합니다."
후암동 올리,이자카야,예약 후 이용,대기 시간 바로 입장,데이트,친구,음식이 맛있어요,술이 다양해요,특별한 메뉴가 있어요,친절해요,화장실이 깨끗해요,매번 갈 때마다 대만족하는 곳입니다. 일단 사시미가 어느곳보다도 맛있게 숙성이 잘되서 제일 맛있는데 함께 나오는 채소들도 어울림이 좋아요. 이밖에 백명란가리비구이 진짜 맛있고 도미조림이나 다른메뉴도 기본 재료맛이 충실히 반영되서 감탄의 맛입니다. 와인마시기도 사케나 소주 마시기에 다 좋은 아늑하고 너무 시끄럽지 않은 곳이예요. 화장실부터 모든곳이 깔끔하고 옷걸이도 마련되서 세심한 배려가 느껴지는 정말 애정하고 추천하는 곳입니다.
후암동 올리,베이커리,예약 없이 이용,대기 시간 바로 입장,일상,연인・배우자,빵이 맛있어요,인테리어가 멋져요,친절해요,매장이 청결해요,0,샌드위치 둘다 정말 맛있어요- 빵들도 재료가 충실히 들어가 있어서 맛있어요. 현재 5주년 기념으로 5만원 이상 구매시 티셔츠 주는 행사해요. (티셔츠도 맘에 듬!)
후암동 올리,"족발,보쌈",예약 후 이용,대기 시간 바로 입장,일상,"연인・배우자, 아이",음식이 맛있어요,고기 질이 좋아요,가성비가 좋아요,친절해요,아늑해요,"고기와 김치 모두 맛있어서 동네에서 유명한 터줏대감 맛집입니다. 특히 서비스로 나오는 선지국도 정말 맛있어요. 칼국수는 후추 많이 넣은 옛날 맛입니다.  특히, 사장님이 정말 친절하셔서 기분좋게 합니다."
후암동 올리,양꼬치,예약 없이 이용,대기 시간 바로 입장,일상,"연인・배우자, 아이",음식이 맛있어요,고기 질이 좋아요,잡내가 적어요,재료가 신선해요,친절해요,후암동 맛집입니다. 수년째 방문하는데 항상 만족해요. 양꼬치도 신선하고 꿔비로우나 향라새우 등 요리도 밋있어요. 기본적으로 매장이 깔끔하며 사장님이 친절하고 다정합니다. 항상 변치않는 맛으로 단골손님이 많은 곳이예요. 추천합니다!
후암동 올리,요리주점,예약 없이 이용,대기 시간 바로 입장,친목,"친구, 지인・동료",음식이 맛있어요,술이 다양해요,가성비가 좋아요,아늑해요,0,"성수족발 기다리려고 들어갔는데 분위기도 맛도 좋아서 눌러 앉을뻔했어요. 어묵탕 곤약과 물떡까지 있어서 좋구요, 술 종류도 정말 많았고 맛이었어요!"
후암동 올리,베트남음식,예약 없이 이용,대기 시간 바로 입장,일상,혼자,음식이 맛있어요,0,0,0,0,고기육수 주문했는데 기본 깔끔하고 담백한 맛입니다. 고수는 따로 요청해서 추가 가능해요. 베트남 음식에 호불호 없이 즐길 수 있는 쌀국수예요.
후암동 올리,한정식,예약 없이 이용,대기 시간 바로 입장,나들이,"연인・배우자, 아이, 부모님",음식이 맛있어요,재료가 신선해요,가성비가 좋아요,건강한 맛이에요,메뉴 구성이 알차요,"정식이 정말 알차요, 이정도 가격에 이런 양이면 정말 가성비가 좋아요. 아이도 보쌈고기나 두부 먹을 수 있어요. 전골도 깔끔하고 얼큰해서 맛있어요. 사람이 많은 이유가 있는 집입니다."
후암동 올리,닭갈비,예약 없이 이용,대기 시간 바로 입장,나들이,"연인・배우자, 아이, 부모님",음식이 맛있어요,고기 질이 좋아요,가성비가 좋아요,재료가 신선해요,매장이 넓어요,와- 정말 맛있네요👍👍👍 무엇을 주문하던 계획보다 1인분이상 더 주문하는 것을 추천합니다. 양이 적은게 아니라 너무 맛있는데 손님이 많아서 추가 주문은 아주 오래기다려야해요. 닭이 숯불에 80% 익혀 나오고 타지 않은채로 나오는 기술!간도 짜지 않고 닭이 정말 부드러워서 아이도 잘 먹어요. 막국수도 개운하게 맛있고 오곡누룽지도 다른곳보다 더 구수해요. 볶음밥은 정신없이 먹다가 뒤늦게 사진 찍었네요. 역시 남이섬 앞에서 기냥저냥 먹는것보다 이곳이 훠얼씬 나아요! 시간들여 올만하고 저희는 택배주문까지 하기로 마음먹으며 나왔어요. 바쁜와중에 사장님 친절하시고 아이랑 오기도 정말 좋습니다.
후암동 올리,와인,예약 후 이용,대기 시간 바로 입장,데이트,친구,친절해요,음식이 맛있어요,기본 안주가 좋아요,술이 다양해요,특별한 메뉴가 있어요,"서비스의 정석은 이런것이다- 느껴지는 감동의 와인설명과 추천입니다. 와인 한병의 배경을 듣고 맛보니 맛의 풍미와 감동이 배가됩니다. 와인 종류도 정말 많고 니즈에 맞춘 추천도 잘해주시고 정말 최고예요. 마음이 울적한 사람, 서비스가 무엇인지 모르겠다는 사람, 와인이 무슨 맛인지 모르는 사람 모두에게 이곳을 추천합니다."
후암동 올리,이자카야,예약 후 이용,대기 시간 바로 입장,데이트,친구,음식이 맛있어요,술이 다양해요,특별한 메뉴가 있어요,친절해요,화장실이 깨끗해요,매번 갈 때마다 대만족하는 곳입니다. 일단 사시미가 어느곳보다도 맛있게 숙성이 잘되서 제일 맛있는데 함께 나오는 채소들도 어울림이 좋아요. 이밖에 백명란가리비구이 진짜 맛있고 도미조림이나 다른메뉴도 기본 재료맛이 충실히 반영되서 감탄의 맛입니다. 와인마시기도 사케나 소주 마시기에 다 좋은 아늑하고 너무 시끄럽지 않은 곳이예요. 화장실부터 모든곳이 깔끔하고 옷걸이도 마련되서 세심한 배려가 느껴지는 정말 애정하고 추천하는 곳입니다.
후암동 올리,베이커리,예약 없이 이용,대기 시간 바로 입장,일상,연인・배우자,빵이 맛있어요,인테리어가 멋져요,친절해요,매장이 청결해요,0,샌드위치 둘다 정말 맛있어요- 빵들도 재료가 충실히 들어가 있어서 맛있어요. 현재 5주년 기념으로 5만원 이상 구매시 티셔츠 주는 행사해요. (티셔츠도 맘에 듬!)
후암동 올리,"족발,보쌈",예약 후 이용,대기 시간 바로 입장,일상,"연인・배우자, 아이",음식이 맛있어요,고기 질이 좋아요,가성비가 좋아요,친절해요,아늑해요,"고기와 김치 모두 맛있어서 동네에서 유명한 터줏대감 맛집입니다. 특히 서비스로 나오는 선지국도 정말 맛있어요. 칼국수는 후추 많이 넣은 옛날 맛입니다.  특히, 사장님이 정말 친절하셔서 기분좋게 합니다."
후암동 올리,양꼬치,예약 없이 이용,대기 시간 바로 입장,일상,"연인・배우자, 아이",음식이 맛있어요,고기 질이 좋아요,잡내가 적어요,재료가 신선해요,친절해요,후암동 맛집입니다. 수년째 방문하는데 항상 만족해요. 양꼬치도 신선하고 꿔비로우나 향라새우 등 요리도 밋있어요. 기본적으로 매장이 깔끔하며 사장님이 친절하고 다정합니다. 항상 변치않는 맛으로 단골손님이 많은 곳이예요. 추천합니다!
후암동 올리,요리주점,예약 없이 이용,대기 시간 바로 입장,친목,"친구, 지인・동료",음식이 맛있어요,술이 다양해요,가성비가 좋아요,아늑해요,0,"성수족발 기다리려고 들어갔는데 분위기도 맛도 좋아서 눌러 앉을뻔했어요. 어묵탕 곤약과 물떡까지 있어서 좋구요, 술 종류도 정말 많았고 맛이었어요!"
후암동 올리,브런치카페,예약 없이 이용,대기 시간 바로 입장,친목,친구,인테리어가 멋져요,친절해요,특별한 메뉴가 있어요,0,0,분위기가 좋고 치즈케익도 맛있어요.
후암동 올리,중식당,예약 없이 이용,대기 시간 30분 이상,친목,"친구, 지인・동료",아늑해요,음식이 맛있어요,재료가 신선해요,양이 많아요,가성비가 좋아요,가지튀김이 정말 겉 파삭 속 촉촉- 이며 짜지 않아서 좋았어요. 딤섬은 가성비 갑!!!! 딘타이펑보다 나은 맛이예요. 볶은 도삭면도 씹을수록 쫄깃해요~ 모든 음식이 맛있고 역시 인기 있을만 하네요~
후암동 올리,분식,포장·배달 이용,대기 시간 10분 이내 ,일상,혼자,음식이 맛있어요,재료가 신선해요,건강한 맛이에요,친절해요,매장이 청결해요,"유명한만큼 정량화되어 항상 같은 맛, 같은 품질을 맛볼 수 있는것이 대단하다 생각하며 만족하는 점이예요. 든든히 만적스럽게 먹을 수 있는 김밥과 닭강정이예요."
후암동 올리,"멕시코,남미음식",예약 없이 이용,대기 시간 바로 입장,데이트,"연인・배우자, 아이",컨셉이 독특해요,메뉴 구성이 알차요,친절해요,0,0,체인형 멕시칸음식 맛본다는 샹각으로 가면 될 정도의 맛과 분위기예요. 직원들이 굉장히 친절합니다.
후암동 올리,"곱창,막창,양",예약 없이 이용,대기 시간 바로 입장,일상,"연인・배우자, 아이",음식이 맛있어요,고기 질이 좋아요,잡내가 적어요,재료가 신선해요,비싼 만큼 가치있어요,꽤 오래된 곳이고 용산에서 제일 맛있는 양곱창집이라 할 수 있어요. (굴다리소곱창도 유명하지만 여기와 맛의 결이 달라요) 먹어보면 전혀 비싸지 않다 이해되는 맛입니다. 밑반찬 특히 갓김치! 끝내주고 유명 브랜드보다 곱창 더 깔끔히 손질되서 먹는 순간 이건 다르다! 알 수 있어요. 전혀 맵지 않고 안느끼하고 깔끔한 밋이예요. 맥주잔 완전 얼려서 주시는 것 감동! 아이랑 가면 왕갈비 시켜주면되요 (역시 엄청 맛남) 친절히 굽는 것 신경써주시고. 쉬는날도 거의 없어요. 사장님 정말 대단한 장인정신입니다👍👍👍완전강추!
후암동 올리,"키즈카페,실내놀이터",0,0,0,0,놀거리가 많아요,매장이 청결해요,테마가 재미있어요,가격이 합리적이에요,0,밀가루 외에도 다른 공간에 채워지는 것이 주기적으로 다르고 쿠킹클래스 주제도 달라져서 좋아요!
후암동 올리,0,예약 없이 이용,대기 시간 바로 입장,일상,"연인・배우자, 아이",아늑해요,친절해요,매장이 청결해요,건강한 맛이에요,0,"음식이 깔끔하게 나오는 생삼겹살집입니다. 미니리가 삼겹살과 잘 어울려요, 얇은건 차돌처럼 삘리 구워서 먹을 수 있는 시람이 주문하면 좋고 맛은 두꺼운게 더 나은것 같아요. 껍데기가 정말 맛있어요."
후암동 올리,와인,예약 없이 이용,대기 시간 바로 입장,친목,"친구, 지인・동료",특별한 메뉴가 있어요,인테리어가 멋져요,음악이 좋아요,대화하기 좋아요,아늑해요,과거 막걸리집이 와인집으로 바뀌었는데도 자연스레 잘 어울려요. 선택에 어려움이 있는분들 가면 좋습니다. 사장님이 추천해주시고 상세히 설명도 해주셔서 새로운 경험을 할 수 있어요. 음악과 분위기 모두 좋아요!
후암동 올리,이자카야,예약 후 이용,대기 시간 바로 입장,친목,"친구, 지인・동료",음식이 맛있어요,술이 다양해요,비싼 만큼 가치있어요,아늑해요,화장실이 깨끗해요,"동네에서 가장 자신있게 추천할 수 있는 장소예요. 데리고가서 단골되는 사람은 있어도 불만족하는 사람이 없는 곳입니다. 와인, 사케, 맥주 마시기 다 좋아요. 안주도 해산물 뿐만 아니라 파스타, 탕, 튀김 모두 맛있어요!! 매장은 언제나 청결하고 아늑해서 데이트하기에도 대화하기에도 좋은 시끄럽지 않은 매장입니다. 오늘도 데려간 분들께 감사의 인사를 받았어요 ^^"
후암동 올리,베트남음식,예약 없이 이용,대기 시간 바로 입장,일상,혼자,음식이 맛있어요,0,0,0,0,고기육수 주문했는데 기본 깔끔하고 담백한 맛입니다. 고수는 따로 요청해서 추가 가능해요. 베트남 음식에 호불호 없이 즐길 수 있는 쌀국수예요.
후암동 올리,한정식,예약 없이 이용,대기 시간 바로 입장,나들이,"연인・배우자, 아이, 부모님",음식이 맛있어요,재료가 신선해요,가성비가 좋아요,건강한 맛이에요,메뉴 구성이 알차요,"정식이 정말 알차요, 이정도 가격에 이런 양이면 정말 가성비가 좋아요. 아이도 보쌈고기나 두부 먹을 수 있어요. 전골도 깔끔하고 얼큰해서 맛있어요. 사람이 많은 이유가 있는 집입니다."
후암동 올리,닭갈비,예약 없이 이용,대기 시간 바로 입장,나들이,"연인・배우자, 아이, 부모님",음식이 맛있어요,고기 질이 좋아요,가성비가 좋아요,재료가 신선해요,매장이 넓어요,와- 정말 맛있네요👍👍👍 무엇을 주문하던 계획보다 1인분이상 더 주문하는 것을 추천합니다. 양이 적은게 아니라 너무 맛있는데 손님이 많아서 추가 주문은 아주 오래기다려야해요. 닭이 숯불에 80% 익혀 나오고 타지 않은채로 나오는 기술!간도 짜지 않고 닭이 정말 부드러워서 아이도 잘 먹어요. 막국수도 개운하게 맛있고 오곡누룽지도 다른곳보다 더 구수해요. 볶음밥은 정신없이 먹다가 뒤늦게 사진 찍었네요. 역시 남이섬 앞에서 기냥저냥 먹는것보다 이곳이 훠얼씬 나아요! 시간들여 올만하고 저희는 택배주문까지 하기로 마음먹으며 나왔어요. 바쁜와중에 사장님 친절하시고 아이랑 오기도 정말 좋습니다.
후암동 올리,와인,예약 후 이용,대기 시간 바로 입장,데이트,친구,친절해요,음식이 맛있어요,기본 안주가 좋아요,술이 다양해요,특별한 메뉴가 있어요,"서비스의 정석은 이런것이다- 느껴지는 감동의 와인설명과 추천입니다. 와인 한병의 배경을 듣고 맛보니 맛의 풍미와 감동이 배가됩니다. 와인 종류도 정말 많고 니즈에 맞춘 추천도 잘해주시고 정말 최고예요. 마음이 울적한 사람, 서비스가 무엇인지 모르겠다는 사람, 와인이 무슨 맛인지 모르는 사람 모두에게 이곳을 추천합니다."
후암동 올리,이자카야,예약 후 이용,대기 시간 바로 입장,데이트,친구,음식이 맛있어요,술이 다양해요,특별한 메뉴가 있어요,친절해요,화장실이 깨끗해요,매번 갈 때마다 대만족하는 곳입니다. 일단 사시미가 어느곳보다도 맛있게 숙성이 잘되서 제일 맛있는데 함께 나오는 채소들도 어울림이 좋아요. 이밖에 백명란가리비구이 진짜 맛있고 도미조림이나 다른메뉴도 기본 재료맛이 충실히 반영되서 감탄의 맛입니다. 와인마시기도 사케나 소주 마시기에 다 좋은 아늑하고 너무 시끄럽지 않은 곳이예요. 화장실부터 모든곳이 깔끔하고 옷걸이도 마련되서 세심한 배려가 느껴지는 정말 애정하고 추천하는 곳입니다.
후암동 올리,베이커리,예약 없이 이용,대기 시간 바로 입장,일상,연인・배우자,빵이 맛있어요,인테리어가 멋져요,친절해요,매장이 청결해요,0,샌드위치 둘다 정말 맛있어요- 빵들도 재료가 충실히 들어가 있어서 맛있어요. 현재 5주년 기념으로 5만원 이상 구매시 티셔츠 주는 행사해요. (티셔츠도 맘에 듬!)
후암동 올리,"족발,보쌈",예약 후 이용,대기 시간 바로 입장,일상,"연인・배우자, 아이",음식이 맛있어요,고기 질이 좋아요,가성비가 좋아요,친절해요,아늑해요,"고기와 김치 모두 맛있어서 동네에서 유명한 터줏대감 맛집입니다. 특히 서비스로 나오는 선지국도 정말 맛있어요. 칼국수는 후추 많이 넣은 옛날 맛입니다.  특히, 사장님이 정말 친절하셔서 기분좋게 합니다."
후암동 올리,양꼬치,예약 없이 이용,대기 시간 바로 입장,일상,"연인・배우자, 아이",음식이 맛있어요,고기 질이 좋아요,잡내가 적어요,재료가 신선해요,친절해요,후암동 맛집입니다. 수년째 방문하는데 항상 만족해요. 양꼬치도 신선하고 꿔비로우나 향라새우 등 요리도 밋있어요. 기본적으로 매장이 깔끔하며 사장님이 친절하고 다정합니다. 항상 변치않는 맛으로 단골손님이 많은 곳이예요. 추천합니다!
후암동 올리,요리주점,예약 없이 이용,대기 시간 바로 입장,친목,"친구, 지인・동료",음식이 맛있어요,술이 다양해요,가성비가 좋아요,아늑해요,0,"성수족발 기다리려고 들어갔는데 분위기도 맛도 좋아서 눌러 앉을뻔했어요. 어묵탕 곤약과 물떡까지 있어서 좋구요, 술 종류도 정말 많았고 맛이었어요!"
후암동 올리,브런치카페,예약 없이 이용,대기 시간 바로 입장,친목,친구,인테리어가 멋져요,친절해요,특별한 메뉴가 있어요,0,0,분위기가 좋고 치즈케익도 맛있어요.
후암동 올리,중식당,예약 없이 이용,대기 시간 30분 이상,친목,"친구, 지인・동료",아늑해요,음식이 맛있어요,재료가 신선해요,양이 많아요,가성비가 좋아요,가지튀김이 정말 겉 파삭 속 촉촉- 이며 짜지 않아서 좋았어요. 딤섬은 가성비 갑!!!! 딘타이펑보다 나은 맛이예요. 볶은 도삭면도 씹을수록 쫄깃해요~ 모든 음식이 맛있고 역시 인기 있을만 하네요~
후암동 올리,분식,포장·배달 이용,대기 시간 10분 이내 ,일상,혼자,음식이 맛있어요,재료가 신선해요,건강한 맛이에요,친절해요,매장이 청결해요,"유명한만큼 정량화되어 항상 같은 맛, 같은 품질을 맛볼 수 있는것이 대단하다 생각하며 만족하는 점이예요. 든든히 만적스럽게 먹을 수 있는 김밥과 닭강정이예요."
후암동 올리,"멕시코,남미음식",예약 없이 이용,대기 시간 바로 입장,데이트,"연인・배우자, 아이",컨셉이 독특해요,메뉴 구성이 알차요,친절해요,0,0,체인형 멕시칸음식 맛본다는 샹각으로 가면 될 정도의 맛과 분위기예요. 직원들이 굉장히 친절합니다.
후암동 올리,"곱창,막창,양",예약 없이 이용,대기 시간 바로 입장,일상,"연인・배우자, 아이",음식이 맛있어요,고기 질이 좋아요,잡내가 적어요,재료가 신선해요,비싼 만큼 가치있어요,꽤 오래된 곳이고 용산에서 제일 맛있는 양곱창집이라 할 수 있어요. (굴다리소곱창도 유명하지만 여기와 맛의 결이 달라요) 먹어보면 전혀 비싸지 않다 이해되는 맛입니다. 밑반찬 특히 갓김치! 끝내주고 유명 브랜드보다 곱창 더 깔끔히 손질되서 먹는 순간 이건 다르다! 알 수 있어요. 전혀 맵지 않고 안느끼하고 깔끔한 밋이예요. 맥주잔 완전 얼려서 주시는 것 감동! 아이랑 가면 왕갈비 시켜주면되요 (역시 엄청 맛남) 친절히 굽는 것 신경써주시고. 쉬는날도 거의 없어요. 사장님 정말 대단한 장인정신입니다👍👍👍완전강추!
후암동 올리,"키즈카페,실내놀이터",0,0,0,0,놀거리가 많아요,매장이 청결해요,테마가 재미있어요,가격이 합리적이에요,0,밀가루 외에도 다른 공간에 채워지는 것이 주기적으로 다르고 쿠킹클래스 주제도 달라져서 좋아요!
후암동 올리,0,예약 없이 이용,대기 시간 바로 입장,일상,"연인・배우자, 아이",아늑해요,친절해요,매장이 청결해요,건강한 맛이에요,0,"음식이 깔끔하게 나오는 생삼겹살집입니다. 미니리가 삼겹살과 잘 어울려요, 얇은건 차돌처럼 삘리 구워서 먹을 수 있는 시람이 주문하면 좋고 맛은 두꺼운게 더 나은것 같아요. 껍데기가 정말 맛있어요."
후암동 올리,와인,예약 없이 이용,대기 시간 바로 입장,친목,"친구, 지인・동료",특별한 메뉴가 있어요,인테리어가 멋져요,음악이 좋아요,대화하기 좋아요,아늑해요,과거 막걸리집이 와인집으로 바뀌었는데도 자연스레 잘 어울려요. 선택에 어려움이 있는분들 가면 좋습니다. 사장님이 추천해주시고 상세히 설명도 해주셔서 새로운 경험을 할 수 있어요. 음악과 분위기 모두 좋아요!
후암동 올리,이자카야,예약 후 이용,대기 시간 바로 입장,친목,"친구, 지인・동료",음식이 맛있어요,술이 다양해요,비싼 만큼 가치있어요,아늑해요,화장실이 깨끗해요,"동네에서 가장 자신있게 추천할 수 있는 장소예요. 데리고가서 단골되는 사람은 있어도 불만족하는 사람이 없는 곳입니다. 와인, 사케, 맥주 마시기 다 좋아요. 안주도 해산물 뿐만 아니라 파스타, 탕, 튀김 모두 맛있어요!! 매장은 언제나 청결하고 아늑해서 데이트하기에도 대화하기에도 좋은 시끄럽지 않은 매장입니다. 오늘도 데려간 분들께 감사의 인사를 받았어요 ^^"
후암동 올리,"카페,디저트",포장·배달 이용,대기 시간 바로 입장,일상,아이,커피가 맛있어요,디저트가 맛있어요,음료가 맛있어요,특별한 메뉴가 있어요,가성비가 좋아요,작은태국입니다. 인테리어부터 모든게 아기자기하게 이쁘고 메뉴도 다른 카페와 차별화되어있어요. 맛도 좋도 가격도 좋은 아름다운 카페입니다!
후암동 올리,돈가스,예약 없이 이용,대기 시간 바로 입장,일상,연인・배우자,음식이 맛있어요,재료가 신선해요,양이 많아요,가성비가 좋아요,건강한 맛이에요,"정말 수년째 언제와도 그대로 맛있어요. 돈까스인데도 먹고나도 든든함만 남을 뿐, 속이 부대끼거나 더부룩함이 없는 매직! 이날은 왜이리 우동국물도 맛나던지,,, 얼큰한게 정말 맛있더라구요. 더 추워지면 우동도 먹어보려구요. 사장님이 세심하셔서 말하지 않아도 부족한 빈찬까지 채워주시고 감동입니다!"
후암동 올리,아이스크림,포장·배달 이용,대기 시간 바로 입장,일상,"연인・배우자, 아이",커피가 맛있어요,친절해요,매장이 청결해요,0,0,연휴에도 문을 열어서 잘 이용했어요.
후암동 올리,"카페,디저트",포장·배달 이용,대기 시간 바로 입장,일상,아이,아늑해요,커피가 맛있어요,0,0,0,"바닐라라떼, 바닐라향이 은은했어요- 메모지 있어서 낙서하며 아이가 시간보내기 좋아요."
후암동 올리,중식당,예약 없이 이용,대기 시간 바로 입장,일상,"연인・배우자, 아이",음식이 맛있어요,재료가 신선해요,양이 많아요,가성비가 좋아요,건강한 맛이에요,"언제나 변함없는 맛이라 좋아요. 짜장은 단백하고 짬뽕은 해물이 많이 들어있고 (삼선시킴) 얼큰해요. 단, 짬뽕밥이 짬뽕보다 좀 더 짠 것 같아요. 아이가 물만두도 잘 먹습니다. 아이와 가족과 함께 방문하기에 언제나 좋아요."
