﻿nickname,restaurant,reservation,waiting,purpose,withwho,tagging_1,tagging_2,tagging_3,tagging_4,tagging_5,content
빼코빼코,한식,예약 없이 이용,대기 시간 바로 입장,여행,친구,음식이 맛있어요,0,0,0,0,일본인 친구와 함께 왔어요. 온반 너무 맛있고 고기 부드러워요! 뷰도 이뻐서 친구가 만족해했습니다~ 외국인친구 데려오기 좋아요!
빼코빼코,와인,예약 후 이용,대기 시간 바로 입장,여행,혼자,대화하기 좋아요,술이 다양해요,0,0,0,인생 첫 혼술바  ｡𖦹°‧ 제 엠비티아이가 i라서 들어가기 전에 걱정이 많았는데 그런 걱정이 무색하게도 사장님이 분위기 안 어색하게 이끌어주시고 성격도 유쾌하셔서 재밌게 잘 즐기고 왔어요! 덕분에 낯가림이 많이 풀리면서 세시간이 금방 지나갔네요. 저같은 i분들은 첫 혼술바로 소수의견 추천드립니당!
빼코빼코,한식,예약 없이 이용,대기 시간 바로 입장,여행,혼자,음식이 맛있어요,0,0,0,0,제가 갔을 때는 운 좋게 웨이팅이 없었는데 앉고 나니까 웨이팅이 조금씩 생기네요. 순두부찌개는 생각보다 매콤해서 매운 거 잘 못 먹는 분들은 단계 조절하세요! 순두부찌개 밥이랑 같이 먹으니까 너무 맛있네요.
빼코빼코,"카페,디저트",예약 없이 이용,대기 시간 바로 입장,여행,친구,디저트가 맛있어요,뷰가 좋아요,매장이 넓어요,0,0,산방산이 보이는 뷰 카페🌴 반대편에는 용머리 해안도 보여서 앞뒤로 뷰가 대박인 카페입니다. 날 좋을 때 가니까 산방산이 또렷이 보이고 바다 윤슬도 예뻐요. 카페가 엄청 넓고 포토존 천국이라 여기저기 사진 찍기 좋아요. 빵도 넘 맛있네영~~
빼코빼코,한식,예약 없이 이용,대기 시간 바로 입장,여행,친구,음식이 맛있어요,0,0,0,0,제가 갔을 때는 돌솥밥 기계가 고장나서 돌솥밥은 못 먹었지만 사장님이 음료수 서비스로 주셨어요! 갈치조림은 미리 졸여져서 나와서 약한 불에 살짝만 끓이고 먹었네요. 양념이 맛있어서 밥 왕창 비벼 먹었어요!
빼코빼코,아이스크림,예약 없이 이용,대기 시간 바로 입장,여행,혼자,디저트가 맛있어요,0,0,0,0,땅콩 아이스크림의 원조라는 점에서 먹으면 의미 있어요. 맛은 다른 곳과 크게 다르지 않아요. 사장님이 아이스크림에 땅콩 분태랑 통땅콩을 넣어주세요. 맛이 고소해서 계속 먹게 되네요. 검멀레 해변 보면서 먹으니까 여행 온 분위기 팍팍 나고 맛나요~
빼코빼코,"카페,디저트",예약 없이 이용,대기 시간 바로 입장,일상,혼자,디저트가 맛있어요,0,0,0,0,역시 너무 맛있어요ㅠㅠ 다른 요아정보다 좀 더 저렴하고 양도 많고 앞으로 요거트월드만 오게 될 것 같아요💗 제가 자주 올게요..! 진짜 최고입니당..
빼코빼코,"칼국수,만두",예약 없이 이용,대기 시간 바로 입장,일상,혼자,음식이 맛있어요,가성비가 좋아요,0,0,0,"가성비 최고의 맛집 아닐까 싶어요. 저렴한데 맛있기까지 하고 양도 많아서 정말 또 오고 싶더라구요. 특히, 국물이 시원해요. 칼국수에 딱히 특별한 게 안 들어가있는데도 진짜 맛있네요. 칼국수 땡길 때마다 종종 와야겠어요!"
빼코빼코,브런치,예약 없이 이용,대기 시간 바로 입장,일상,지인・동료,음식이 맛있어요,0,0,0,0,간판이 없어서 찾기 살짝 어려울수도 있어요. 잠봉 버터 샌드위치는 우리가 아는 흔한 잠봉뵈르 맛이랑 비슷해요. 바게트가 좀 딱딱해서 잘못하다 입천장 까질 뻔 했어요. 그래도 넘 맛있게 먹었어요. 파스타랑 같이 시켜드세요!!
빼코빼코,분식,예약 없이 이용,대기 시간 바로 입장,일상,친구,음식이 맛있어요,가성비가 좋아요,0,0,0,추억의 디델리 떡볶이 먹고 왔네여..🥹 라볶이 안에 들어가는 대파 튀김 왤케 맛있나요ㅠ 가격도 착해서 토핑도 분모자랑 소시지 넣었어요. 같이 시킨 냉라멘이랑 대파 커리 라볶이랑 조합 최고에요. 냉라멘이 시원해서 그런지 같이 먹으니까 더 맛있어요! 가게가 많이 사라진 추세라 더 소중하고 뜻깊게 먹었던 것 같아요!
빼코빼코,양식,예약 후 이용,대기 시간 바로 입장,친목,친구,음식이 맛있어요,특별한 메뉴가 있어요,0,0,0,조명부터 따뜻하고 분위기 있어서 소개팅 2차로 오거나 썸남썸녀끼리 오면 좋을 것 같아요~ 와인바라 안주 양은 적은 편이에요. 디너로 올 시에는 1인 1주류 시켜야하고 논알콜도 있어서 선택지가 넓어요! 랜치 소스가 뿌려진 버거의 랜치 라구번은 진짜 순식간에 없어진 것 같아요ㅎㅎ 소스가 단짠단짠이라 소스부터 합격..! 버섯크림파스타는 살짝 매콤하면서 목이버섯이 들어가있어서 퓨전의 맛이 느껴졌어요. 부채살 스테이크도 냠냠 맛있게 잘 먹었어요~ 역시 고기는 실패하지 않아요. 개인적으로 제일 맛있게 마신 논알콜 칵테일은 오로라..💕 오렌지와 라임 섞은 맛이라 다른 칵테일에 비해 달달해서 맛있어요! 예약도 돼서 성수동에 와인바 하나 가고 싶으시면 리타르단도 추천해여ᵎᵎ  ྀི
빼코빼코,"카페,디저트",예약 없이 이용,대기 시간 바로 입장,친목,친구,인테리어가 멋져요,음료가 맛있어요,특별한 메뉴가 있어요,0,0,"비 오는 컨셉의 카페에요🌧️ 1층, 2층 둘다 좌석이 많은데 1층은 좀 더 빗소리와 비 오는 뷰를 즐길 수 있다면 2층은 좀 더 수다떨기 편한 좌석들이 많았어요. 넘 예쁜 크루아상들이 많아서 사진도 이쁘게 잘 나와요~ 디저트가 예뻐서 맛이 별로면 어떡하지 했는데 그런 걱정 필요없이 페스츄리 자체부터가 완전 바삭합니다! 가위로 잘라먹는데는 이유가 있었어요! 가격대가 좀 있긴 한데 그래도 한번쯤 와볼만 해요🖤"
빼코빼코,중식당,예약 없이 이용,대기 시간 바로 입장,일상,혼자,음식이 맛있어요,0,0,0,0,"테이블도 넓고 혼밥 하기 좋아요! 마라탕도 완전 찐이라 마라탕 좋아하시는분들이 맛있게 먹을 것 같아요. 특히, 밥이 무한리필이라 배부르게 먹었네요! 저울이 있어서 담다가 중간에 무게를 잴 수 있어서 가격 조절이 가능해요!"
빼코빼코,중식당,예약 없이 이용,대기 시간 바로 입장,일상,친구,음식이 맛있어요,0,0,0,0,이 집의 별미는 개인적으로 창잉터우라고 생각해요. 잘게 썬 파랑 고기에 소스들이 감칠맛 나고 맛있어요. 밥이랑 먹으면 한 그릇 뚝딱이에요. 음식들이 전체적으로 향신료도 안 세서 향에 민감한 사람들도 부담없이 먹기 좋아요~
빼코빼코,"치킨,닭강정",예약 없이 이용,대기 시간 바로 입장,친목,친구,매장이 넓어요,음식이 맛있어요,0,0,0,새로 나온 옥수수치킨이랑 제일 좋아하는 허니콤보 먹었어요. 교촌 허니콤보는 언제나 사랑입니다..💕옥수수치킨도 완전 단짠단짠의 극치고 겉에 붙어있는 플레이크가 바삭해서 좋았어요. 근데 양은 좀 적은 느낌ㅎㅎ국물 맵떡도 같이 시켰는데 떡 몇개는 좀 안 익었더라구요. 숙대점은 매장이 넓고 커서 좋은 것 같아요. 에피타이저로 나오는 팝콘은 시즈닝이 너무 맛있으니까 리필 할 각오하고 드세영ㅎㅎ
빼코빼코,돈가스,예약 없이 이용,대기 시간 바로 입장,일상,지인・동료,음식이 맛있어요,0,0,0,0,라드유로 튀긴 돈까스라 해서 기대하고 먹었는데 정말 맛있었어요. 고기가 부드럽고 튀김도 바삭하면서 고소해요. 돈가스에 명이나물 나오는 집은 처음 보는데 돈가스랑 명이나물의 조합도 잘 어울리네요. 밥은 리필 돼서 부족하면 더 먹을 수 있어요~ 아보카도 튀김도 궁금한데 한번 먹어보러 또 가고 싶네요!
빼코빼코,0,예약 없이 이용,대기 시간 바로 입장,일상,부모님,음식이 맛있어요,0,0,0,0,"해물 양이 엄청 많아요. 전복도 있고 오징어도 통으로 들어가고 해물이 넘치게 많아서 좀 건져먹고 칼국수 면 투하했어요. 추가로, 감자 수제비도 뜯어서 넣었어요. 감자로 만들어져서 그런지 수제비도 엄청 쫀득하고 맛있었어요!"
빼코빼코,"육류,고기요리",예약 없이 이용,대기 시간 바로 입장,회식,지인・동료,음식이 맛있어요,특별한 메뉴가 있어요,0,0,0,돼지고기 특수부위인 황지살 파는 레트로 분위기 고깃집이에요! 쫄깃하고 식감이 항정살이랑은 조금 다른 느낌? 이에요. 항정살보다 덜 느끼한 것 같아요. 고기가 두꺼워서 굽는데 시간이 조금 걸리지만 너무 맛나요. 사이드로 비빔수제비도 너무 맛있었어요!
빼코빼코,한식,예약 없이 이용,대기 시간 바로 입장,여행,친구,음식이 맛있어요,0,0,0,0,일본인 친구와 함께 왔어요. 온반 너무 맛있고 고기 부드러워요! 뷰도 이뻐서 친구가 만족해했습니다~ 외국인친구 데려오기 좋아요!
빼코빼코,와인,예약 후 이용,대기 시간 바로 입장,여행,혼자,대화하기 좋아요,술이 다양해요,0,0,0,인생 첫 혼술바  ｡𖦹°‧ 제 엠비티아이가 i라서 들어가기 전에 걱정이 많았는데 그런 걱정이 무색하게도 사장님이 분위기 안 어색하게 이끌어주시고 성격도 유쾌하셔서 재밌게 잘 즐기고 왔어요! 덕분에 낯가림이 많이 풀리면서 세시간이 금방 지나갔네요. 저같은 i분들은 첫 혼술바로 소수의견 추천드립니당!
빼코빼코,한식,예약 없이 이용,대기 시간 바로 입장,여행,혼자,음식이 맛있어요,0,0,0,0,제가 갔을 때는 운 좋게 웨이팅이 없었는데 앉고 나니까 웨이팅이 조금씩 생기네요. 순두부찌개는 생각보다 매콤해서 매운 거 잘 못 먹는 분들은 단계 조절하세요! 순두부찌개 밥이랑 같이 먹으니까 너무 맛있네요.
빼코빼코,"카페,디저트",예약 없이 이용,대기 시간 바로 입장,여행,친구,디저트가 맛있어요,뷰가 좋아요,매장이 넓어요,0,0,산방산이 보이는 뷰 카페🌴 반대편에는 용머리 해안도 보여서 앞뒤로 뷰가 대박인 카페입니다. 날 좋을 때 가니까 산방산이 또렷이 보이고 바다 윤슬도 예뻐요. 카페가 엄청 넓고 포토존 천국이라 여기저기 사진 찍기 좋아요. 빵도 넘 맛있네영~~
빼코빼코,한식,예약 없이 이용,대기 시간 바로 입장,여행,친구,음식이 맛있어요,0,0,0,0,제가 갔을 때는 돌솥밥 기계가 고장나서 돌솥밥은 못 먹었지만 사장님이 음료수 서비스로 주셨어요! 갈치조림은 미리 졸여져서 나와서 약한 불에 살짝만 끓이고 먹었네요. 양념이 맛있어서 밥 왕창 비벼 먹었어요!
빼코빼코,아이스크림,예약 없이 이용,대기 시간 바로 입장,여행,혼자,디저트가 맛있어요,0,0,0,0,땅콩 아이스크림의 원조라는 점에서 먹으면 의미 있어요. 맛은 다른 곳과 크게 다르지 않아요. 사장님이 아이스크림에 땅콩 분태랑 통땅콩을 넣어주세요. 맛이 고소해서 계속 먹게 되네요. 검멀레 해변 보면서 먹으니까 여행 온 분위기 팍팍 나고 맛나요~
빼코빼코,"카페,디저트",예약 없이 이용,대기 시간 바로 입장,일상,혼자,디저트가 맛있어요,0,0,0,0,역시 너무 맛있어요ㅠㅠ 다른 요아정보다 좀 더 저렴하고 양도 많고 앞으로 요거트월드만 오게 될 것 같아요💗 제가 자주 올게요..! 진짜 최고입니당..
빼코빼코,"칼국수,만두",예약 없이 이용,대기 시간 바로 입장,일상,혼자,음식이 맛있어요,가성비가 좋아요,0,0,0,"가성비 최고의 맛집 아닐까 싶어요. 저렴한데 맛있기까지 하고 양도 많아서 정말 또 오고 싶더라구요. 특히, 국물이 시원해요. 칼국수에 딱히 특별한 게 안 들어가있는데도 진짜 맛있네요. 칼국수 땡길 때마다 종종 와야겠어요!"
빼코빼코,브런치,예약 없이 이용,대기 시간 바로 입장,일상,지인・동료,음식이 맛있어요,0,0,0,0,간판이 없어서 찾기 살짝 어려울수도 있어요. 잠봉 버터 샌드위치는 우리가 아는 흔한 잠봉뵈르 맛이랑 비슷해요. 바게트가 좀 딱딱해서 잘못하다 입천장 까질 뻔 했어요. 그래도 넘 맛있게 먹었어요. 파스타랑 같이 시켜드세요!!
빼코빼코,분식,예약 없이 이용,대기 시간 바로 입장,일상,친구,음식이 맛있어요,가성비가 좋아요,0,0,0,추억의 디델리 떡볶이 먹고 왔네여..🥹 라볶이 안에 들어가는 대파 튀김 왤케 맛있나요ㅠ 가격도 착해서 토핑도 분모자랑 소시지 넣었어요. 같이 시킨 냉라멘이랑 대파 커리 라볶이랑 조합 최고에요. 냉라멘이 시원해서 그런지 같이 먹으니까 더 맛있어요! 가게가 많이 사라진 추세라 더 소중하고 뜻깊게 먹었던 것 같아요!
빼코빼코,양식,예약 후 이용,대기 시간 바로 입장,친목,친구,음식이 맛있어요,특별한 메뉴가 있어요,0,0,0,조명부터 따뜻하고 분위기 있어서 소개팅 2차로 오거나 썸남썸녀끼리 오면 좋을 것 같아요~ 와인바라 안주 양은 적은 편이에요. 디너로 올 시에는 1인 1주류 시켜야하고 논알콜도 있어서 선택지가 넓어요! 랜치 소스가 뿌려진 버거의 랜치 라구번은 진짜 순식간에 없어진 것 같아요ㅎㅎ 소스가 단짠단짠이라 소스부터 합격..! 버섯크림파스타는 살짝 매콤하면서 목이버섯이 들어가있어서 퓨전의 맛이 느껴졌어요. 부채살 스테이크도 냠냠 맛있게 잘 먹었어요~ 역시 고기는 실패하지 않아요. 개인적으로 제일 맛있게 마신 논알콜 칵테일은 오로라..💕 오렌지와 라임 섞은 맛이라 다른 칵테일에 비해 달달해서 맛있어요! 예약도 돼서 성수동에 와인바 하나 가고 싶으시면 리타르단도 추천해여ᵎᵎ  ྀི
빼코빼코,"카페,디저트",예약 없이 이용,대기 시간 바로 입장,친목,친구,인테리어가 멋져요,음료가 맛있어요,특별한 메뉴가 있어요,0,0,"비 오는 컨셉의 카페에요🌧️ 1층, 2층 둘다 좌석이 많은데 1층은 좀 더 빗소리와 비 오는 뷰를 즐길 수 있다면 2층은 좀 더 수다떨기 편한 좌석들이 많았어요. 넘 예쁜 크루아상들이 많아서 사진도 이쁘게 잘 나와요~ 디저트가 예뻐서 맛이 별로면 어떡하지 했는데 그런 걱정 필요없이 페스츄리 자체부터가 완전 바삭합니다! 가위로 잘라먹는데는 이유가 있었어요! 가격대가 좀 있긴 한데 그래도 한번쯤 와볼만 해요🖤"
빼코빼코,중식당,예약 없이 이용,대기 시간 바로 입장,일상,혼자,음식이 맛있어요,0,0,0,0,"테이블도 넓고 혼밥 하기 좋아요! 마라탕도 완전 찐이라 마라탕 좋아하시는분들이 맛있게 먹을 것 같아요. 특히, 밥이 무한리필이라 배부르게 먹었네요! 저울이 있어서 담다가 중간에 무게를 잴 수 있어서 가격 조절이 가능해요!"
빼코빼코,중식당,예약 없이 이용,대기 시간 바로 입장,일상,친구,음식이 맛있어요,0,0,0,0,이 집의 별미는 개인적으로 창잉터우라고 생각해요. 잘게 썬 파랑 고기에 소스들이 감칠맛 나고 맛있어요. 밥이랑 먹으면 한 그릇 뚝딱이에요. 음식들이 전체적으로 향신료도 안 세서 향에 민감한 사람들도 부담없이 먹기 좋아요~
빼코빼코,"치킨,닭강정",예약 없이 이용,대기 시간 바로 입장,친목,친구,매장이 넓어요,음식이 맛있어요,0,0,0,새로 나온 옥수수치킨이랑 제일 좋아하는 허니콤보 먹었어요. 교촌 허니콤보는 언제나 사랑입니다..💕옥수수치킨도 완전 단짠단짠의 극치고 겉에 붙어있는 플레이크가 바삭해서 좋았어요. 근데 양은 좀 적은 느낌ㅎㅎ국물 맵떡도 같이 시켰는데 떡 몇개는 좀 안 익었더라구요. 숙대점은 매장이 넓고 커서 좋은 것 같아요. 에피타이저로 나오는 팝콘은 시즈닝이 너무 맛있으니까 리필 할 각오하고 드세영ㅎㅎ
빼코빼코,돈가스,예약 없이 이용,대기 시간 바로 입장,일상,지인・동료,음식이 맛있어요,0,0,0,0,라드유로 튀긴 돈까스라 해서 기대하고 먹었는데 정말 맛있었어요. 고기가 부드럽고 튀김도 바삭하면서 고소해요. 돈가스에 명이나물 나오는 집은 처음 보는데 돈가스랑 명이나물의 조합도 잘 어울리네요. 밥은 리필 돼서 부족하면 더 먹을 수 있어요~ 아보카도 튀김도 궁금한데 한번 먹어보러 또 가고 싶네요!
빼코빼코,0,예약 없이 이용,대기 시간 바로 입장,일상,부모님,음식이 맛있어요,0,0,0,0,"해물 양이 엄청 많아요. 전복도 있고 오징어도 통으로 들어가고 해물이 넘치게 많아서 좀 건져먹고 칼국수 면 투하했어요. 추가로, 감자 수제비도 뜯어서 넣었어요. 감자로 만들어져서 그런지 수제비도 엄청 쫀득하고 맛있었어요!"
빼코빼코,"육류,고기요리",예약 없이 이용,대기 시간 바로 입장,회식,지인・동료,음식이 맛있어요,특별한 메뉴가 있어요,0,0,0,돼지고기 특수부위인 황지살 파는 레트로 분위기 고깃집이에요! 쫄깃하고 식감이 항정살이랑은 조금 다른 느낌? 이에요. 항정살보다 덜 느끼한 것 같아요. 고기가 두꺼워서 굽는데 시간이 조금 걸리지만 너무 맛나요. 사이드로 비빔수제비도 너무 맛있었어요!
빼코빼코,분식,예약 없이 이용,대기 시간 10분 이내 ,친목,친구,음식이 맛있어요,0,0,0,0,자주 가는 곳인데 이번에 갈 때는 처음 웨이팅 했네요. 행궁동이 유명해지면서 보영만두도 같이 유명해지는 것 같아요! 만두가 튀김처럼 바삭하고 맛있어서 저만 알고 싶은 그런 곳이었는데..🥺 가격은 전에 비해 올라도  여전히 맛있고 여전히 가성비 좋아요. 만두 맛집이지만 여기는 냉면이나 쫄면도 맛있어서 꼭 시켜보세요!
빼코빼코,"카페,디저트",예약 없이 이용,대기 시간 바로 입장,친목,친구,디저트가 맛있어요,0,0,0,0,유럽 감성 느낌나는 행궁동 카페에요! 맛있는 파이들이 많아서 결정장애가 왔지만 라임파이는 처음 보는 거라 시켜봤는데 파이가 상큼하면서 맛있어요. 인테리어도 따뜻하니 예쁘고 행궁동 한옥뷰 보이는 자리도 이쁘더라구요.
빼코빼코,떡볶이,예약 없이 이용,대기 시간 바로 입장,친목,친구,음식이 맛있어요,0,0,0,0,"떡볶이에 되게 커다란 야채 튀김이 올라가있어요. +맛살까지! 튀김 따로 안 시켜도 같이 먹을 수 있어서 좋네요! 다만, 튀김 두께가 꽤 얇아서 자르기 좀 힘들지만 이 가격에 떡볶이 양도 많고 만족스러워요!"
빼코빼코,"카페,디저트",예약 없이 이용,대기 시간 바로 입장,친목,친구,디저트가 맛있어요,0,0,0,0,음료보다는 확실히 파이 맛집! 전반적으로 파이의 타르트?부분이 좀 특이하면서 맛있어요! 찾아보니 바노피파이라는 호주식 디저트였군요! 저는 써머 후르츠 파이 시켰는데 안에 크림이 진짜 맛있어요~ 알콜이 들어가있다고 하던데 케이크에서 진짜 알콜맛이 미세하게 나요. 케이크 너무 맛있게 먹었는데 가격에 비해 크기가 좀 작은 게 아쉽네요. 근데 안에 들어가는 원재료 값이 또 비쌀 거 같아서 이해가 되기도 하고…커피는 그냥 저냥 평범했어요! 의자는 등받이 없어서 좀 불편했어요.
빼코빼코,주꾸미요리,예약 없이 이용,대기 시간 바로 입장,일상,부모님,음식이 맛있어요,0,0,0,0,쭈꾸미랑 등갈비찜 둘다 먹었는데 쭈꾸미가 확실히 더 맛있네요. 쭈꾸미에서 불향도 나고 맛있어요. 셀프바에 김치말이국수도 있어서 배부르게 먹고 왔어요!
빼코빼코,한식,예약 없이 이용,대기 시간 바로 입장,친목,친구,음식이 맛있어요,0,0,0,0,일단 용산점에 비해 웨이팅이 덜해서 합격?입니다!! 그럼 맛은!!진짜 왜 유명한지 알겠더라구요. 정말 맛있어요!!곰탕 비쥬얼은 좀 헉스러워도 수육이나 고기들이 신선했고 고기 질도 좋아보였어요. 능동육회비빔밥은 고추장 없이 간장 베이스로 먹는 건데 독특했어요. 특히 육회 존맛..!! 올해 먹은 육회 중에 젤 맛있게 먹은 느낌이에요. 고기 자체가 맛있어서 믿음이 가네요. 다음에는 수육전골 먹어봐야겠어요.
빼코빼코,한식,예약 없이 이용,대기 시간 10분 이내 ,친목,친구,음식이 맛있어요,0,0,0,0,보리된장고기국수 마제소바 느낌나면서 건강한 맛이라 더 맛있었어요! 작은 바램이라면 조금 더 콜드한 느낌으로 나와도 좋을 것 같아요! 묵은지 문어국수는 그냥 평범했던 것 같아요. 깻잎 들어가면 더 맛있을 듯!
빼코빼코,한식,예약 없이 이용,대기 시간 바로 입장,일상,지인・동료,음식이 맛있어요,0,0,0,0,치즈에 당면까지 추가했어요! 치즈가 쭉 늘어나서 좋아요!!ㅎㅎ 계란 후라이도 서비스로 주시고 너무 맛있게 잘 먹었습니다.
빼코빼코,"카페,디저트",예약 없이 이용,대기 시간 바로 입장,친목,친구,디저트가 맛있어요,0,0,0,0,"매장은 좀 협소해요! 빙수 외에도 다양한 메뉴들이 있더라구요. 특히, 요즘 트렌드인 할매니얼 메뉴들이 많아서 팥이나 흑임자 좋아하시는 분들은 맛있게 먹을 것 같아요!"
빼코빼코,양식,예약 후 이용,대기 시간 바로 입장,친목,친구,음식이 맛있어요,0,0,0,0,후하 너무 맛있게 먹었어요! 와인바지만 저희는 와인은 안 시키고 그냥 단품으로만 먹었는데도 너무 만족스러웠어요. 시그니처인 프렌치 치킨 토스트🫶🏻 안에 치킨도 크고 빵 겉에 카라멜 코팅 되어 있어서 완전 단짠단짠이었어요. 햄버거랑은 또 다른 느낌의 음식이에요. 비스크 파스타는 생전 첨 먹어보는 파스타인데 이렇게 맛있는건지 처음 알았네요. 피클 느낌 나는 목이버섯이 들어가면서 블랙 새우 타이거랑 같이 먹으니까 짭짤하니 내장맛도 진해서 그리고 뇨끼는 원래 예정에 없다가 궁금해서 시켜봤는데 안 시키면 큰일 날 뻔..ㅎㅎ 감자뇨끼도 맛있지만 트러플 오일 들어간 크림까지 싹싹 긁어먹었어요. 세가지 음식 다 깔끔하게 비워서 아마 설거지 하기 편하셨을 거에요^^ 메뉴가 다 맛있어서 다른 메뉴들도 궁금하네요.
빼코빼코,한식,예약 없이 이용,대기 시간 바로 입장,여행,친구,음식이 맛있어요,0,0,0,0,일본인 친구와 함께 왔어요. 온반 너무 맛있고 고기 부드러워요! 뷰도 이뻐서 친구가 만족해했습니다~ 외국인친구 데려오기 좋아요!
빼코빼코,와인,예약 후 이용,대기 시간 바로 입장,여행,혼자,대화하기 좋아요,술이 다양해요,0,0,0,인생 첫 혼술바  ｡𖦹°‧ 제 엠비티아이가 i라서 들어가기 전에 걱정이 많았는데 그런 걱정이 무색하게도 사장님이 분위기 안 어색하게 이끌어주시고 성격도 유쾌하셔서 재밌게 잘 즐기고 왔어요! 덕분에 낯가림이 많이 풀리면서 세시간이 금방 지나갔네요. 저같은 i분들은 첫 혼술바로 소수의견 추천드립니당!
빼코빼코,한식,예약 없이 이용,대기 시간 바로 입장,여행,혼자,음식이 맛있어요,0,0,0,0,제가 갔을 때는 운 좋게 웨이팅이 없었는데 앉고 나니까 웨이팅이 조금씩 생기네요. 순두부찌개는 생각보다 매콤해서 매운 거 잘 못 먹는 분들은 단계 조절하세요! 순두부찌개 밥이랑 같이 먹으니까 너무 맛있네요.
빼코빼코,"카페,디저트",예약 없이 이용,대기 시간 바로 입장,여행,친구,디저트가 맛있어요,뷰가 좋아요,매장이 넓어요,0,0,산방산이 보이는 뷰 카페🌴 반대편에는 용머리 해안도 보여서 앞뒤로 뷰가 대박인 카페입니다. 날 좋을 때 가니까 산방산이 또렷이 보이고 바다 윤슬도 예뻐요. 카페가 엄청 넓고 포토존 천국이라 여기저기 사진 찍기 좋아요. 빵도 넘 맛있네영~~
