﻿nickname,restaurant,reservation,waiting,purpose,withwho,tagging_1,tagging_2,tagging_3,tagging_4,tagging_5,content
Chiabata,"카페,디저트",예약 없이 이용,대기 시간 바로 입장,데이트,연인・배우자,친절해요,인테리어가 멋져요,사진이 잘 나와요,대화하기 좋아요,음악이 좋아요,입에 넣자마자 말차향이 확 퍼지는 맛이에용!!피치 우롱티도 향이 엄청 좋아용 ㅎㅎ 사진도 너무 잘나와서 셀카 오백만장 찍었습니당!!
Chiabata,"초밥,롤",예약 없이 이용,대기 시간 바로 입장,일상,아이,음식이 맛있어요,0,0,0,0,우연히 간단하게 한끼하려고 들어왔는데 가성비도 좋고 너뮤 맛있어요!! 다음에 또 올거에요😋
Chiabata,정육점,0,0,0,0,신선해요,원산지 표시가 명확해요,부위가 다양해요,식사하기 좋아요,친절해요,식사 시간 지나고 가니 사장님이 직좁 구워주셔서 넘 맛있었어요🤤 볶음밥이 징짜 넘넘 맛낫습니당!! 가족 단위로 오셔도 맛있고 깔끔하게 먹을 수 있을 것 같아요 ㅎㅎㅎ 다음에 또 오겠습니다!
Chiabata,"카페,디저트",예약 없이 이용,대기 시간 바로 입장,데이트,연인・배우자,커피가 맛있어요,인테리어가 멋져요,사진이 잘 나와요,대화하기 좋아요,음악이 좋아요,음료도 맛있고 공간도 멋져요!! 다음에 또 올게요~~
Chiabata,조개요리,예약 없이 이용,대기 시간 바로 입장,데이트,연인・배우자,뷰가 좋아요,음식이 맛있어요,재료가 신선해요,특별한 메뉴가 있어요,0,뷰가 너무 좋아요!! 맛잇게 먹고 갑니당😋😋
Chiabata,"다이어트,샐러드",예약 없이 이용,대기 시간 바로 입장,가족모임,부모님,음식이 맛있어요,재료가 신선해요,특별한 메뉴가 있어요,가성비가 좋아요,0,
Chiabata,샌드위치,예약 없이 이용,대기 시간 바로 입장,데이트,친구,음식이 맛있어요,양이 많아요,가성비가 좋아요,건강한 맛이에요,차분한 분위기에요,
Chiabata,이자카야,예약 후 이용,대기 시간 바로 입장,데이트,연인・배우자,음식이 빨리 나와요,음식이 맛있어요,가성비가 좋아요,대화하기 좋아요,0,화로구이 인데도 불구하고 엄청난 가성비 입니당
Chiabata,양식,0,0,0,0,음식이 맛있어요,인테리어가 멋져요,매장이 넓어요,단체모임 하기 좋아요,화장실이 깨끗해요,알배추 샐러드 먹고싶어서 시켜봤는데 너무 맛있게 먹었어요! 라자냐도 먹었는데 먹어치우느라 사진을 제대로 못찍엇네요ㅠㅠ 다음에 또 갈게요!
Chiabata,양식,0,0,0,0,매장이 넓어요,단체모임 하기 좋아요,뷰가 좋아요,매장이 청결해요,음식이 맛있어요,학교 앞에 맛집이 생겨서 좋아요! 주말에 브런치 먹고 싶을때 종종 올 것 같아요! 파스타도 진짜 맛있게 잘 먹었습니다!해물도 푸짐하게 들어있고 면도 적당히 익어서 넘 맛있게 먹었습니당😋
Chiabata,"육류,고기요리",0,0,0,0,음식이 맛있어요,특별한 메뉴가 있어요,재료가 신선해요,친절해요,인테리어가 멋져요,분위기도 좋고 맛도 좋고 목살이 이렇게맛있는 줄 몰랏네용
Chiabata,국수,0,0,0,0,음식이 맛있어요,친절해요,0,0,0,국수집이지만 전이 제일 맛잇엇어용!!
Chiabata,"카페,디저트",0,0,0,0,집중하기 좋아요,사진이 잘 나와요,인테리어가 멋져요,친절해요,음료가 맛있어요,차도 맛있고 휘낭시에도 맛있어용!!!
Chiabata,카페,0,0,0,0,대화하기 좋아요,집중하기 좋아요,가성비가 좋아요,0,0,
Chiabata,0,0,0,0,0,친절해요,혼밥하기 좋아요,음식이 맛있어요,양이 많아요,특별한 메뉴가 있어요,탄탄면은 특이하네용 홍소육덮밥은 장조림밥 먹는 느낌이어씀니당 맛잇었어요! 산도가 진짜.... 너무 충격적으로 맛있었구 마지막에 선물로 주신 오란다 너무 맛잇엇어요❤️❤️❤️ 다음에가면 대창덮밥 시켜 먹을 거에요!!
Chiabata,양식,0,0,0,0,특별한 메뉴가 있어요,음식이 맛있어요,0,0,0,맛잇었어요~~
Chiabata,"카페,디저트",0,0,0,0,커피가 맛있어요,좌석이 편해요,집중하기 좋아요,사진이 잘 나와요,인테리어가 멋져요,
Chiabata,"카페,디저트",0,0,0,0,가성비가 좋아요,화장실이 깨끗해요,친절해요,대화하기 좋아요,사진이 잘 나와요,에그타르트 맛집인 이유가 있었네요!! ㅎㅎㅎ
Chiabata,한식,0,0,0,0,특별한 날 가기 좋아요,매장이 청결해요,친절해요,음식이 맛있어요,0,
Chiabata,"카페,디저트",예약 없이 이용,대기 시간 바로 입장,데이트,연인・배우자,친절해요,인테리어가 멋져요,사진이 잘 나와요,대화하기 좋아요,음악이 좋아요,입에 넣자마자 말차향이 확 퍼지는 맛이에용!!피치 우롱티도 향이 엄청 좋아용 ㅎㅎ 사진도 너무 잘나와서 셀카 오백만장 찍었습니당!!
Chiabata,"초밥,롤",예약 없이 이용,대기 시간 바로 입장,일상,아이,음식이 맛있어요,0,0,0,0,우연히 간단하게 한끼하려고 들어왔는데 가성비도 좋고 너뮤 맛있어요!! 다음에 또 올거에요😋
Chiabata,정육점,0,0,0,0,신선해요,원산지 표시가 명확해요,부위가 다양해요,식사하기 좋아요,친절해요,식사 시간 지나고 가니 사장님이 직좁 구워주셔서 넘 맛있었어요🤤 볶음밥이 징짜 넘넘 맛낫습니당!! 가족 단위로 오셔도 맛있고 깔끔하게 먹을 수 있을 것 같아요 ㅎㅎㅎ 다음에 또 오겠습니다!
Chiabata,"카페,디저트",예약 없이 이용,대기 시간 바로 입장,데이트,연인・배우자,커피가 맛있어요,인테리어가 멋져요,사진이 잘 나와요,대화하기 좋아요,음악이 좋아요,음료도 맛있고 공간도 멋져요!! 다음에 또 올게요~~
Chiabata,조개요리,예약 없이 이용,대기 시간 바로 입장,데이트,연인・배우자,뷰가 좋아요,음식이 맛있어요,재료가 신선해요,특별한 메뉴가 있어요,0,뷰가 너무 좋아요!! 맛잇게 먹고 갑니당😋😋
Chiabata,"다이어트,샐러드",예약 없이 이용,대기 시간 바로 입장,가족모임,부모님,음식이 맛있어요,재료가 신선해요,특별한 메뉴가 있어요,가성비가 좋아요,0,
Chiabata,샌드위치,예약 없이 이용,대기 시간 바로 입장,데이트,친구,음식이 맛있어요,양이 많아요,가성비가 좋아요,건강한 맛이에요,차분한 분위기에요,
Chiabata,이자카야,예약 후 이용,대기 시간 바로 입장,데이트,연인・배우자,음식이 빨리 나와요,음식이 맛있어요,가성비가 좋아요,대화하기 좋아요,0,화로구이 인데도 불구하고 엄청난 가성비 입니당
Chiabata,양식,0,0,0,0,음식이 맛있어요,인테리어가 멋져요,매장이 넓어요,단체모임 하기 좋아요,화장실이 깨끗해요,알배추 샐러드 먹고싶어서 시켜봤는데 너무 맛있게 먹었어요! 라자냐도 먹었는데 먹어치우느라 사진을 제대로 못찍엇네요ㅠㅠ 다음에 또 갈게요!
Chiabata,양식,0,0,0,0,매장이 넓어요,단체모임 하기 좋아요,뷰가 좋아요,매장이 청결해요,음식이 맛있어요,학교 앞에 맛집이 생겨서 좋아요! 주말에 브런치 먹고 싶을때 종종 올 것 같아요! 파스타도 진짜 맛있게 잘 먹었습니다!해물도 푸짐하게 들어있고 면도 적당히 익어서 넘 맛있게 먹었습니당😋
Chiabata,"육류,고기요리",0,0,0,0,음식이 맛있어요,특별한 메뉴가 있어요,재료가 신선해요,친절해요,인테리어가 멋져요,분위기도 좋고 맛도 좋고 목살이 이렇게맛있는 줄 몰랏네용
Chiabata,국수,0,0,0,0,음식이 맛있어요,친절해요,0,0,0,국수집이지만 전이 제일 맛잇엇어용!!
Chiabata,"카페,디저트",0,0,0,0,집중하기 좋아요,사진이 잘 나와요,인테리어가 멋져요,친절해요,음료가 맛있어요,차도 맛있고 휘낭시에도 맛있어용!!!
Chiabata,카페,0,0,0,0,대화하기 좋아요,집중하기 좋아요,가성비가 좋아요,0,0,
Chiabata,0,0,0,0,0,친절해요,혼밥하기 좋아요,음식이 맛있어요,양이 많아요,특별한 메뉴가 있어요,탄탄면은 특이하네용 홍소육덮밥은 장조림밥 먹는 느낌이어씀니당 맛잇었어요! 산도가 진짜.... 너무 충격적으로 맛있었구 마지막에 선물로 주신 오란다 너무 맛잇엇어요❤️❤️❤️ 다음에가면 대창덮밥 시켜 먹을 거에요!!
Chiabata,양식,0,0,0,0,특별한 메뉴가 있어요,음식이 맛있어요,0,0,0,맛잇었어요~~
Chiabata,"카페,디저트",0,0,0,0,커피가 맛있어요,좌석이 편해요,집중하기 좋아요,사진이 잘 나와요,인테리어가 멋져요,
Chiabata,"카페,디저트",0,0,0,0,가성비가 좋아요,화장실이 깨끗해요,친절해요,대화하기 좋아요,사진이 잘 나와요,에그타르트 맛집인 이유가 있었네요!! ㅎㅎㅎ
Chiabata,한식,0,0,0,0,특별한 날 가기 좋아요,매장이 청결해요,친절해요,음식이 맛있어요,0,
Chiabata,"곰탕,설렁탕",0,0,0,0,양이 많아요,인테리어가 멋져요,매장이 청결해요,0,0,움.. 9000원 짜리 국밥이라 그런지 기대했는데.. 고기는 정말 많이 올라가 있고 맛도 있는데 또 갈 것 같지는 않아요ㅠㅠ 음식은 맛있었습니다!
Chiabata,일식당,0,0,0,0,음식이 맛있어요,0,0,0,0,음식은 맛있지만 광어 초밥의 밥은 너무 간이 세요ㅠㅠ 연어 초밥이랑 장어 초밥이 진짜 맛있어용! 그리고 이번에 갔을때는 피크 타임이어서 그런지 주문하고 약 25분 정도 기다린 후에 초밥이 나왔습니다ㅜㅜ
Chiabata,카페,0,0,0,0,인테리어가 멋져요,대화하기 좋아요,사진이 잘 나와요,디저트가 맛있어요,음료가 맛있어요,빵이 하나하나 정말 맛있었습니당!! 다음에 또 올거에요!
Chiabata,차,0,0,0,0,좌석이 편해요,집중하기 좋아요,대화하기 좋아요,음료가 맛있어요,0,
Chiabata,"백숙,삼계탕",0,0,0,0,특별한 메뉴가 있어요,양이 많아요,음식이 맛있어요,친절해요,0,특이한 맛일 거라고 예상했지만 맛있었습니다😋😋
Chiabata,돈가스,0,0,0,0,음식이 맛있어요,특별한 메뉴가 있어요,양이 많아요,재료가 신선해요,0,저ㅇ말 너무 맛있습니당😋😋😋😋😋
Chiabata,0,0,0,0,0,음식이 맛있어요,혼밥하기 좋아요,친절해요,0,0,짱짱 맛있습니당!!
Chiabata,한식,0,0,0,0,매장이 넓어요,혼밥하기 좋아요,가성비가 좋아요,음식이 맛있어요,재료가 신선해요,
Chiabata,"과일,주스전문점",0,0,0,0,음료가 맛있어요,특별한 메뉴가 있어요,매장이 청결해요,0,0,
Chiabata,분식,0,0,0,0,혼밥하기 좋아요,음식이 맛있어요,0,0,0,
Chiabata,"카페,디저트",예약 없이 이용,대기 시간 바로 입장,데이트,연인・배우자,친절해요,인테리어가 멋져요,사진이 잘 나와요,대화하기 좋아요,음악이 좋아요,입에 넣자마자 말차향이 확 퍼지는 맛이에용!!피치 우롱티도 향이 엄청 좋아용 ㅎㅎ 사진도 너무 잘나와서 셀카 오백만장 찍었습니당!!
Chiabata,"초밥,롤",예약 없이 이용,대기 시간 바로 입장,일상,아이,음식이 맛있어요,0,0,0,0,우연히 간단하게 한끼하려고 들어왔는데 가성비도 좋고 너뮤 맛있어요!! 다음에 또 올거에요😋
