﻿nickname,restaurant,reservation,waiting,purpose,withwho,tagging_1,tagging_2,tagging_3,tagging_4,tagging_5,content
김니00,한식,예약 없이 이용,대기 시간 바로 입장,데이트,연인・배우자,음식이 맛있어요,0,0,0,0,완전 푸짐하고 맛있어요!뜨끈한 국물 땡기던 날인데 딱!
김니00,"카페,디저트",예약 없이 이용,대기 시간 바로 입장,친목,친척・형제,인테리어가 멋져요,커피가 맛있어요,디저트가 맛있어요,친절해요,0,실타래빙수 넘 달콤하규..맛있규...살살 녹아..!여기는 분위기도 좋은데 직원분들이 너무너무 친절하셔서 더 기분 좋게 지내다 가는거 같아요💗
김니00,한식,예약 없이 이용,대기 시간 바로 입장,데이트,연인・배우자,인테리어가 멋져요,매장이 넓어요,음식이 맛있어요,0,0,여기 진짜 맛있어요!!!무채랑 양배추랑 같이 비벼먹는것도 맛있고곁들여 나오는 국물도 맛있다는👍
김니00,"카페,디저트",예약 없이 이용,대기 시간 바로 입장,데이트,연인・배우자,인테리어가 멋져요,사진이 잘 나와요,커피가 맛있어요,디저트가 맛있어요,0,영주사과로 만든 디저트들이 많다고해서 왔어요!음료도 첨보는 사과음료들이 있어서 시켜봤는데 맛있더라구요🍎🍎카페도 너무너무 이쁜 감성카페라 잘 다녀갑니당!
김니00,"카페,디저트",예약 없이 이용,대기 시간 바로 입장,친목,친척・형제,인테리어가 멋져요,커피가 맛있어요,디저트가 맛있어요,0,0,비쥬얼도 엄청난데 맛도 있어요💗븐위기도 좋구 완전 만조크
김니00,한식,예약 없이 이용,대기 시간 바로 입장,데이트,연인・배우자,매장이 넓어요,음식이 맛있어요,재료가 신선해요,매장이 청결해요,0,반찬도 정갈하고 쭈꾸미도 너무 맛있어요!!밥 비벼먹음 완전 밥도둑💗
김니00,닭갈비,예약 없이 이용,대기 시간 바로 입장,데이트,연인・배우자,친절해요,음식이 맛있어요,0,0,0,딱 맛있는 닭갈비예요! 다 볶아져서 나와서 편했습니당
김니00,돼지고기구이,예약 없이 이용,대기 시간 바로 입장,데이트,연인・배우자,친절해요,매장이 넓어요,음식이 맛있어요,고기 질이 좋아요,0,여기 정말 넘넘 맛있어요!!서비스 된장찌개마저 맛있는💗요주변 고깃집 탑3 안에 듭니당!
김니00,"카페,디저트",예약 없이 이용,대기 시간 바로 입장,데이트,연인・배우자,사진이 잘 나와요,뷰가 좋아요,커피가 맛있어요,디저트가 맛있어요,0,아이스크림도 맛있고 뷰도 완전 좋아요!
김니00,국수,예약 없이 이용,대기 시간 10분 이내 ,데이트,연인・배우자,매장이 넓어요,음식이 맛있어요,재료가 신선해요,0,0,공항 가까운 곳에 밥집 찾으시면 추천!고기국수 맛있고 뷰도 좋아용
김니00,중식당,예약 없이 이용,대기 시간 바로 입장,데이트,연인・배우자,음식이 맛있어요,특별한 메뉴가 있어요,인테리어가 멋져요,매장이 넓어요,0,되게 새로운 중식인데 새롭게 맛있어요!여기서만 먹어볼 수 있는 음식들이라 추천합니당👍
김니00,이탈리아음식,예약 없이 이용,대기 시간 바로 입장,데이트,연인・배우자,인테리어가 멋져요,매장이 넓어요,음식이 맛있어요,0,0,몇번째 방문 중인 투파피!데이트하기도 좋구 음식도 넘 맛있어요👍👍
김니00,닭갈비,예약 없이 이용,대기 시간 바로 입장,데이트,연인・배우자,매장이 청결해요,음식이 맛있어요,고기 질이 좋아요,매장이 넓어요,0,숯불닭갈비 진짜 맛있어요!소스도 다양해서 먹는 재미가 있습니당사이드까지 알차게 잘 먹구왔어요👍👍
김니00,중식당,예약 없이 이용,대기 시간 바로 입장,데이트,연인・배우자,매장이 넓어요,음식이 맛있어요,재료가 신선해요,0,0,간짜장이 진짜 대존맛탱이에요..!!!짬뽕도 진짜 맵고 개운해서 둘이 같이 먹으면 찰떡궁합간짜장 먹으러 또 올거같아용 ㅠㅠ
김니00,일식당,예약 없이 이용,대기 시간 바로 입장,친목,친척・형제,인테리어가 멋져요,매장이 넓어요,음식이 맛있어요,친절해요,0,맛있다는 소문만 듣다가 첨와봤는데 역시 맛있어요!!매운 모츠나베로 먹었더니 느끼하지도 않고 딱 좋더라구요🌝마지막에 죽 다들 잊지 마셔요!!
김니00,한식,예약 없이 이용,대기 시간 바로 입장,데이트,연인・배우자,친절해요,음식이 맛있어요,양이 많아요,0,0,여기 본점 학교다닐때부터 제 소울푸드인데 후암점이 생겼더라구요!!너무너무 맛있어요 정말 ㅠㅠㅠ이제 여기로 자주 올거같아요!!!
김니00,아시아음식,예약 없이 이용,대기 시간 바로 입장,데이트,연인・배우자,음식이 맛있어요,현지 맛에 가까워요,인테리어가 멋져요,친절해요,0,두번째 오는건데 쌀국수 정말 존맛탱이에요!무쌉 이번에 첨먹어보는데 이것도 넘 맛있더라구요메뉴 전부 한번씩 먹어보고 싶어요!
김니00,중식당,예약 후 이용,대기 시간 바로 입장,데이트,연인・배우자,친절해요,음식이 맛있어요,건강한 맛이에요,0,0,유니짜장도 너무 맛있고 하얀짬뽕도 칼칼하고 맛있었어요!탕수육은 정말 제가 먹어본 중 탑3 안에 듭니다ㅜㅜ정말 부드럽구 맛있어요!!음식이 다 정갈하고 중식임에도 더부룩하거나 부담스럽지 않은 깔끔한 맛이에요!또 가고싶네요❣️
김니00,한식,예약 없이 이용,대기 시간 바로 입장,데이트,연인・배우자,음식이 맛있어요,0,0,0,0,완전 푸짐하고 맛있어요!뜨끈한 국물 땡기던 날인데 딱!
김니00,"카페,디저트",예약 없이 이용,대기 시간 바로 입장,친목,친척・형제,인테리어가 멋져요,커피가 맛있어요,디저트가 맛있어요,친절해요,0,실타래빙수 넘 달콤하규..맛있규...살살 녹아..!여기는 분위기도 좋은데 직원분들이 너무너무 친절하셔서 더 기분 좋게 지내다 가는거 같아요💗
김니00,한식,예약 없이 이용,대기 시간 바로 입장,데이트,연인・배우자,인테리어가 멋져요,매장이 넓어요,음식이 맛있어요,0,0,여기 진짜 맛있어요!!!무채랑 양배추랑 같이 비벼먹는것도 맛있고곁들여 나오는 국물도 맛있다는👍
김니00,"카페,디저트",예약 없이 이용,대기 시간 바로 입장,데이트,연인・배우자,인테리어가 멋져요,사진이 잘 나와요,커피가 맛있어요,디저트가 맛있어요,0,영주사과로 만든 디저트들이 많다고해서 왔어요!음료도 첨보는 사과음료들이 있어서 시켜봤는데 맛있더라구요🍎🍎카페도 너무너무 이쁜 감성카페라 잘 다녀갑니당!
김니00,"카페,디저트",예약 없이 이용,대기 시간 바로 입장,친목,친척・형제,인테리어가 멋져요,커피가 맛있어요,디저트가 맛있어요,0,0,비쥬얼도 엄청난데 맛도 있어요💗븐위기도 좋구 완전 만조크
김니00,한식,예약 없이 이용,대기 시간 바로 입장,데이트,연인・배우자,매장이 넓어요,음식이 맛있어요,재료가 신선해요,매장이 청결해요,0,반찬도 정갈하고 쭈꾸미도 너무 맛있어요!!밥 비벼먹음 완전 밥도둑💗
김니00,닭갈비,예약 없이 이용,대기 시간 바로 입장,데이트,연인・배우자,친절해요,음식이 맛있어요,0,0,0,딱 맛있는 닭갈비예요! 다 볶아져서 나와서 편했습니당
김니00,돼지고기구이,예약 없이 이용,대기 시간 바로 입장,데이트,연인・배우자,친절해요,매장이 넓어요,음식이 맛있어요,고기 질이 좋아요,0,여기 정말 넘넘 맛있어요!!서비스 된장찌개마저 맛있는💗요주변 고깃집 탑3 안에 듭니당!
김니00,"카페,디저트",예약 없이 이용,대기 시간 바로 입장,데이트,연인・배우자,사진이 잘 나와요,뷰가 좋아요,커피가 맛있어요,디저트가 맛있어요,0,아이스크림도 맛있고 뷰도 완전 좋아요!
김니00,국수,예약 없이 이용,대기 시간 10분 이내 ,데이트,연인・배우자,매장이 넓어요,음식이 맛있어요,재료가 신선해요,0,0,공항 가까운 곳에 밥집 찾으시면 추천!고기국수 맛있고 뷰도 좋아용
김니00,중식당,예약 없이 이용,대기 시간 바로 입장,데이트,연인・배우자,음식이 맛있어요,특별한 메뉴가 있어요,인테리어가 멋져요,매장이 넓어요,0,되게 새로운 중식인데 새롭게 맛있어요!여기서만 먹어볼 수 있는 음식들이라 추천합니당👍
김니00,이탈리아음식,예약 없이 이용,대기 시간 바로 입장,데이트,연인・배우자,인테리어가 멋져요,매장이 넓어요,음식이 맛있어요,0,0,몇번째 방문 중인 투파피!데이트하기도 좋구 음식도 넘 맛있어요👍👍
김니00,닭갈비,예약 없이 이용,대기 시간 바로 입장,데이트,연인・배우자,매장이 청결해요,음식이 맛있어요,고기 질이 좋아요,매장이 넓어요,0,숯불닭갈비 진짜 맛있어요!소스도 다양해서 먹는 재미가 있습니당사이드까지 알차게 잘 먹구왔어요👍👍
김니00,중식당,예약 없이 이용,대기 시간 바로 입장,데이트,연인・배우자,매장이 넓어요,음식이 맛있어요,재료가 신선해요,0,0,간짜장이 진짜 대존맛탱이에요..!!!짬뽕도 진짜 맵고 개운해서 둘이 같이 먹으면 찰떡궁합간짜장 먹으러 또 올거같아용 ㅠㅠ
김니00,일식당,예약 없이 이용,대기 시간 바로 입장,친목,친척・형제,인테리어가 멋져요,매장이 넓어요,음식이 맛있어요,친절해요,0,맛있다는 소문만 듣다가 첨와봤는데 역시 맛있어요!!매운 모츠나베로 먹었더니 느끼하지도 않고 딱 좋더라구요🌝마지막에 죽 다들 잊지 마셔요!!
김니00,한식,예약 없이 이용,대기 시간 바로 입장,데이트,연인・배우자,친절해요,음식이 맛있어요,양이 많아요,0,0,여기 본점 학교다닐때부터 제 소울푸드인데 후암점이 생겼더라구요!!너무너무 맛있어요 정말 ㅠㅠㅠ이제 여기로 자주 올거같아요!!!
김니00,아시아음식,예약 없이 이용,대기 시간 바로 입장,데이트,연인・배우자,음식이 맛있어요,현지 맛에 가까워요,인테리어가 멋져요,친절해요,0,두번째 오는건데 쌀국수 정말 존맛탱이에요!무쌉 이번에 첨먹어보는데 이것도 넘 맛있더라구요메뉴 전부 한번씩 먹어보고 싶어요!
김니00,중식당,예약 후 이용,대기 시간 바로 입장,데이트,연인・배우자,친절해요,음식이 맛있어요,건강한 맛이에요,0,0,유니짜장도 너무 맛있고 하얀짬뽕도 칼칼하고 맛있었어요!탕수육은 정말 제가 먹어본 중 탑3 안에 듭니다ㅜㅜ정말 부드럽구 맛있어요!!음식이 다 정갈하고 중식임에도 더부룩하거나 부담스럽지 않은 깔끔한 맛이에요!또 가고싶네요❣️
김니00,"카페,디저트",예약 없이 이용,대기 시간 바로 입장,"데이트, 여행",연인・배우자,인테리어가 멋져요,뷰가 좋아요,커피가 맛있어요,디저트가 맛있어요,0,뷰도 넘 좋구 우유가 진짜 맛있어요카이막도 최고👍 보드랍구 고소해요!빵 진짜 많이 나와서 배터질뻔해써용
김니00,베이커리,예약 없이 이용,대기 시간 바로 입장,데이트,연인・배우자,친절해요,인테리어가 멋져요,빵이 맛있어요,커피가 맛있어요,0,버터크림라떼도 새로워서 맛있었고카야버터바게트 진짜 맛있어용!!분위기도 좋아서 담에 또 올거같아용🥰
김니00,"카페,디저트",0,0,0,0,인테리어가 멋져요,대화하기 좋아요,커피가 맛있어요,디저트가 맛있어요,0,키위레몬 얼그레이티 넘 맛있어용휘낭시에도 짱맛도리! 분위기도 좋아요 :)
김니00,0,0,0,0,0,음식이 맛있어요,재료가 신선해요,건강한 맛이에요,0,0,국물 너무 개운하고 맛있어요!닭고기도 야들야들하고 완전 몸보신 느낌추운날 딱이에요><
김니00,"육류,고기요리",0,0,0,0,친절해요,음식이 맛있어요,고기 질이 좋아요,0,0,주변 냉삼집 찾다가 와봤는데 완전 맛있어요!가격도 이전보단 오른거같지만 그래도 저렴하고반찬도 삼겹살이랑 다 찰떡궁합!!삼겹살이 질이 진짜 좋아서 넘 고솝고 맛있었어용🥰사장님도 넘 친절하시고 이쁘게 하트 볶음밥 만들어주셨는데 저희가 눈코입을 그려서 좀..무서워졌습니당.. 고기 넘 맛나서 정신없이 먹엇더니 찍은 사진이 이사진 뿐이네용... 자주 올거같아요><
김니00,한식,0,0,0,0,친절해요,음식이 맛있어요,고기 질이 좋아요,가성비가 좋아요,0,고기 너무너무 부드럽고 직접 양념하셔서 그런지 너무 달지 않고 담백해서 맛있어요!!서비스로 주는 순두부찌개도 밥 비벼먹음 너무 맛있구 반찬도 다 직접하시는지 넘 맛있어요ㅠㅠ제 동네였음 진짜 자주올거같은 맛집이에요!! 추천추천!!!😋
김니00,"카페,디저트",0,0,0,0,커피가 맛있어요,디저트가 맛있어요,대화하기 좋아요,0,0,휘낭시테 진짜 짱맛도리!!옥수수크림커피도 새로 나와서 먹어봤는데 맛있어용🥰
김니00,한식,예약 없이 이용,대기 시간 바로 입장,데이트,연인・배우자,음식이 맛있어요,0,0,0,0,완전 푸짐하고 맛있어요!뜨끈한 국물 땡기던 날인데 딱!
김니00,"카페,디저트",예약 없이 이용,대기 시간 바로 입장,친목,친척・형제,인테리어가 멋져요,커피가 맛있어요,디저트가 맛있어요,친절해요,0,실타래빙수 넘 달콤하규..맛있규...살살 녹아..!여기는 분위기도 좋은데 직원분들이 너무너무 친절하셔서 더 기분 좋게 지내다 가는거 같아요💗
김니00,한식,예약 없이 이용,대기 시간 바로 입장,데이트,연인・배우자,인테리어가 멋져요,매장이 넓어요,음식이 맛있어요,0,0,여기 진짜 맛있어요!!!무채랑 양배추랑 같이 비벼먹는것도 맛있고곁들여 나오는 국물도 맛있다는👍
김니00,"카페,디저트",예약 없이 이용,대기 시간 바로 입장,데이트,연인・배우자,인테리어가 멋져요,사진이 잘 나와요,커피가 맛있어요,디저트가 맛있어요,0,영주사과로 만든 디저트들이 많다고해서 왔어요!음료도 첨보는 사과음료들이 있어서 시켜봤는데 맛있더라구요🍎🍎카페도 너무너무 이쁜 감성카페라 잘 다녀갑니당!
김니00,"카페,디저트",예약 없이 이용,대기 시간 바로 입장,친목,친척・형제,인테리어가 멋져요,커피가 맛있어요,디저트가 맛있어요,0,0,비쥬얼도 엄청난데 맛도 있어요💗븐위기도 좋구 완전 만조크
김니00,한식,예약 없이 이용,대기 시간 바로 입장,데이트,연인・배우자,매장이 넓어요,음식이 맛있어요,재료가 신선해요,매장이 청결해요,0,반찬도 정갈하고 쭈꾸미도 너무 맛있어요!!밥 비벼먹음 완전 밥도둑💗
김니00,닭갈비,예약 없이 이용,대기 시간 바로 입장,데이트,연인・배우자,친절해요,음식이 맛있어요,0,0,0,딱 맛있는 닭갈비예요! 다 볶아져서 나와서 편했습니당
