﻿nickname,restaurant,reservation,waiting,purpose,withwho,tagging_1,tagging_2,tagging_3,tagging_4,tagging_5,content
솔직담백 솔담씨의 리뷰스토리,"카페,디저트",예약 없이 이용,대기 시간 바로 입장,친목,지인・동료,특별한 메뉴가 있어요,0,0,0,0,두바이 초코 크럼블 완전 맛있어요고급지고 맛도 좋고 녹차라떼랑 함께 먹었는데 진짜 행복한 맛크럼블 찐 맛집예요 직접 로스팅한 원두로 사용하고 판매도 하더라고요
솔직담백 솔담씨의 리뷰스토리,"딤섬,중식만두",예약 없이 이용,대기 시간 바로 입장,나들이,지인・동료,가성비가 좋아요,대화하기 좋아요,아늑해요,0,0,대학로 공연 보러 갔다가 다녀왔어요음식도 빨리 나오고 회전율이 좋아요.딤섬이 맛있더라고요.메뉴도 다양해서 골고루 먹을수 있다는 점이 장점인듯 해요 참 양도 진짜 많아용
솔직담백 솔담씨의 리뷰스토리,일식당,예약 후 이용,대기 시간 바로 입장,나들이,친구,특별한 메뉴가 있어요,가성비가 좋아요,재료가 신선해요,음식이 맛있어요,반찬이 잘 나와요,마곡아트센터 공연보러 왔다가 타치가와텐 다녀왔어요 대표 메뉴인 올스타텐동 그리고 화와이언 텐동 시켰어요.진짜 푸짐하고 튀김이 바삭해서 맛있어요.아삭바삭 식감이 너무 좋았어요같이 간 지인도 넘 맛있다고 하고요
솔직담백 솔담씨의 리뷰스토리,"다이어트,샐러드",예약 없이 이용,대기 시간 바로 입장,나들이,친구,건강한 맛이에요,가성비가 좋아요,재료가 신선해요,혼밥하기 좋아요,차분한 분위기에요,사당역 보태닉 마켓 가성비 좋아용 재료도 신선해서 간단히 요기 하기 넘좋구요.메뉴도 다양해서 골라 먹을수 있는 샐러드 전문점 입니다 .가성비 갑 샐러드집이예요 요즘 샐러드 가격도 만만치 않은데 질 대비 진짜 만족 했어요
솔직담백 솔담씨의 리뷰스토리,베이커리,예약 없이 이용,대기 시간 바로 입장,나들이,지인・동료,음료가 맛있어요,특별한 메뉴가 있어요,가성비가 좋아요,건강한 맛이에요,메뉴 구성이 알차요,나들이 나와서 들른 누오바이탈리아이런 찐 이탈리아 감성 베이커리 맛집이예용카포나타랑 올리브 스필라티 꿀맛. 꿀조합 제 입맛에 너무 잘 맞아요 오렌지 착즙쥬스 진짜 넘 맛있었어요.공간도 넓고 위치도 코너에 있어서진짜 쉽게 찾아갔네요 또 오고 싶은 집 ㅎㅎ
솔직담백 솔담씨의 리뷰스토리,한식,예약 없이 이용,대기 시간 바로 입장,친목,지인・동료,음식이 맛있어요,특별한 메뉴가 있어요,가성비가 좋아요,건강한 맛이에요,반찬이 잘 나와요,휴식도 다녀왔어요 넘 깔끔하고 맛있는 곳이예요 점심 저녁 메뉴 따로 구성되어 있고요쌀을 직접 도정해서 밥을 짓는데 가게 도정기와 누룽지도 직접 만들어 제공해주십니다.일단 밥 질이 너무 좋고윤기 나면서 밥맛이 너무 좋아요 😍
솔직담백 솔담씨의 리뷰스토리,"백반,가정식",예약 없이 이용,대기 시간 바로 입장,일상,혼자,음식이 맛있어요,반찬이 잘 나와요,가성비가 좋아요,건강한 맛이에요,단체모임 하기 좋아요,미역국 진짜 좋아하는 사람으로서 여기 찐 맛집이예요가격도 과하지 않게 적정하고진짜 미역국 맛은 깊습니다.국내산 미역사용이 의미있는집이예요보돌미역 재방문 하고 싶은 맛집입니다일상적인 음식이 더 맛있기 힘든법인데 집밥 먹는 느낌이라 넘 좋았어요
솔직담백 솔담씨의 리뷰스토리,한식,예약 없이 이용,대기 시간 바로 입장,나들이,지인・동료,음식이 맛있어요,양이 많아요,특별한 메뉴가 있어요,반찬이 잘 나와요,단체모임 하기 좋아요,옥된장 된장전골부터 기본반찬 대파김치랑 볶음김치엄마가 직접 구워주신 느낌의 엄마김에 싸먹으면 진짜 밥한공기 뚝딱이요 오징어 미나리전도 함께 주문했는데미나리랑 오징어만 듬뿍이어서 진짜 맛있게 먹고 왔어요. 오징어미나리전 꼭 드셔보세용 강추
솔직담백 솔담씨의 리뷰스토리,양식,예약 없이 이용,대기 시간 바로 입장,나들이,지인・동료,특별한 메뉴가 있어요,가성비가 좋아요,음식이 맛있어요,매장이 넓어요,매장이 청결해요,바질 루꼴라 잠봉뵈르바질향 듬뿍 제가 좋아하는 루꼴라까지 고급 버터까지 듬뿍 발려서 완전 맛있게 먹었어요.당근라페그리고 르뱅쿠키 이거 완전 제 취향 초코 견과류 콕콕박혀 맛도식감도 완전 반했음돠다 맛있었어요 미국 갬성 물씬나고 분위기도 좋고요직원분들 친절하게 응대해줘서 기분도 좋게 먹고 왔어요 파스타 피자 메뉴도 있던데 다음에 먹어볼 예정입니다 ㅎㅎ 사람들이 많이 찾는곳은 다 이유가 있는것 같아요
솔직담백 솔담씨의 리뷰스토리,카페,예약 없이 이용,대기 시간 바로 입장,나들이,지인・동료,특별한 메뉴가 있어요,가성비가 좋아요,음식이 맛있어요,인테리어가 멋져요,사진이 잘 나와요,와우 인테리어가 넘 멋져서. 들어갔는데 세상에 분위기 좋았네요 베이글 천국이예요 이렇게 다양한 베이글은 첨 봤는데넘 맛있어요일단 기본 베이글이 쫄깃한 식감부터 앙버터 먹었는데. 넘 맛있게 먹었답니다 청양마요?? 이건 방문했을때 이미 품절였어요ㅜㅜ 진짜 먹어보고 싶었는데 담에. 또 가봐야 할듯합니다
솔직담백 솔담씨의 리뷰스토리,샌드위치,예약 없이 이용,대기 시간 바로 입장,나들이,지인・동료,음식이 맛있어요,양이 많아요,특별한 메뉴가 있어요,가성비가 좋아요,재료가 신선해요,한남동 댄스댄스댄스 방문했어요테이크 아웃 전문매장인데 굿즈들도 많고 넘 예뻐요 닭가슴살 샌드위치 와 두부 크림치즈 바게트 넘 좋아요 두부크림치즈 정말 기발하지 않나요 ㅎㅎ. 강추해요
솔직담백 솔담씨의 리뷰스토리,덮밥,예약 없이 이용,대기 시간 바로 입장,나들이,친구,양이 많아요,가성비가 좋아요,메뉴 구성이 알차요,사진이 잘 나와요,음악이 좋아요,오이드킨 부타동 맛집이예요마늘 소스 추가해서 부타동이랑 같이 먹었는데 넘 맛있너요. 마늘소스 취향저격입니다.칼칼한 우동 맛도 고기랑 잘어울리게 먹었어요부타동 세트메뉴 가성비 갑이네요
솔직담백 솔담씨의 리뷰스토리,"카페,디저트",예약 없이 이용,대기 시간 바로 입장,친목,지인・동료,디저트가 맛있어요,특별한 메뉴가 있어요,비싼 만큼 가치있어요,가성비가 좋아요,건강한 맛이에요,여기 최애 디저트 맛집입니다또 왔어요.역시 주말이라 사람 많군요
솔직담백 솔담씨의 리뷰스토리,"육류,고기요리",예약 후 이용,대기 시간 바로 입장,나들이,기타,음식이 맛있어요,잡내가 적어요,반찬이 잘 나와요,차분한 분위기에요,친절해요,양프렌치렉 먹으러 다녀왔어요.매장도 너무 한옥느낌이라서 고급스럽고요.음식 세팅이 너무 정갈하고 예뻐요.고기도 직접 구워주셔서 넘 맛있게. 먹고 기분좋게 돌아와습니다.기본찬세팅. 메뉴랑 플레이팅이 정말 고급스럽게예뻐요 대접할일 있을때 그 누군가 이곳으로 모셔오고 싶은 마음이 들게 하는 화양연화 입니다.음식도 맛있고 직원들도 친절하고 가게도 운치있고 예쁜공간이예요 다음에 또 오고 싶은 마음이 듭니다
솔직담백 솔담씨의 리뷰스토리,아시아음식,예약 없이 이용,대기 시간 바로 입장,친목,친구,현지 맛에 가까워요,가성비가 좋아요,건강한 맛이에요,아늑해요,인테리어가 멋져요,충무로 맛집 바오서울에 다녀왔어요대만식 햄버거랑 동파육 덮밥을 주문했죠바오 정말 맛있어요 사이즈 앙증 맞아서 혼자 먹기 좋은 사이즈고요동파육도 정말 맛있네요
솔직담백 솔담씨의 리뷰스토리,햄버거,예약 없이 이용,대기 시간 바로 입장,친목,친구,음식이 맛있어요,양이 많아요,특별한 메뉴가 있어요,건강한 맛이에요,0,데일리픽스 수제버거집에 다녀왔어요여기 넘 맛있어요 패티가 한수 100%라니요진짜 강민경씨 픽한 맛집인지 알것 같아요오랜만에 친한동생이랑 갔는데 둘다 만족하고 왔어요
솔직담백 솔담씨의 리뷰스토리,"카페,디저트",예약 없이 이용,대기 시간 바로 입장,친목,지인・동료,특별한 메뉴가 있어요,가성비가 좋아요,빵이 맛있어요,대화하기 좋아요,아늑해요,너무 예쁜 성북동 디저트 카페 달콤한 위로를 소개합니다 여기. 다쿠아즈 구움과자는 넘 맛있어요다쿠아즈 한번 먹고 반했네요선물용으로 구매하도 좋을것 같아요 한성대입구역에서 가까운 곳에 이런곳이 있는줄 몰랐어요 주택을 개조해서 더 멋스러운 공간이라서 좋았어요
솔직담백 솔담씨의 리뷰스토리,이탈리아음식,예약 후 이용,대기 시간 바로 입장,친목,지인・동료,음식이 맛있어요,특별한 메뉴가 있어요,디저트가 맛있어요,친절해요,매장이 청결해요,로마옥 도곡 맛집 인정해요.식전빵부터 시작해서 잣 카프레제 샐러드 정말 취저입니다.쑥티라미수 디저트도 진짜 참신한데 넘 맛있어요.쑥티라미수 라니 너무 기발하지 않나요?디저트 맛집이라고 소문 낼거예요. 쑥티라미수 꼭 드셔보세요.최애 레스토랑으로 손꼽는 곳입니다.분위기도 좋아서 연말에 또 갈게요 ㅎㅎ
솔직담백 솔담씨의 리뷰스토리,베이커리,예약 없이 이용,대기 시간 바로 입장,나들이,친구,빵이 맛있어요,특별한 메뉴가 있어요,건강한 맛이에요,컨셉이 독특해요,사진이 잘 나와요,여기 빵. 진짜 너무 제 스타일이예요.카스테라 전문인데 앙버터도 맛있고 쌀빵도 쫄깃쫄깃 식감 진짜 최고예요.앙버터는 스콘이 정말 부드럽거든요.제 최애 앙버터 맛집이예요 그리고 약간 레트로 감성도 물씬나서 매장가면 즐겁답니다.부모님들 모시고 가면 좋아하실듯한 비주얼이예요. 이곳 알밤빵이랑 사과빵은 진짜 조각처럼 예뻐서 먹기 아까울 지경입니다비주얼과 맛 분위기 삼박자가 조화를 이루는 경성빵공장 다음에 또 갈게요
솔직담백 솔담씨의 리뷰스토리,"해물,생선요리",예약 없이 이용,대기 시간 바로 입장,나들이,지인・동료,음식이 맛있어요,가성비가 좋아요,반찬이 잘 나와요,메뉴 구성이 알차요,건강한 맛이에요,코다리조림이 너무 먹고싶어서 다녀왔는데진짜 넘나 맛있어요시래기 코다리로 주문했는데 시래기진짜 따로 포장해오고 싶을 정도로맛나요계속 포장. 주문도 끊임없이 이어지더라고요기본으로 나오는 미역국도 정말 맛있고오코다리 맛집으로 인정해요
솔직담백 솔담씨의 리뷰스토리,"카페,디저트",예약 없이 이용,대기 시간 바로 입장,나들이,친구,디저트가 맛있어요,특별한 메뉴가 있어요,건강한 맛이에요,비싼 만큼 가치있어요,음식이 맛있어요,제가 최애하는 디저트카페 미니마이즈입니다이번에 초코쌀케이크와 시즌메뉴로 나온 밤치즈케이크 두개 골라봤어요초코 꾸덕꾸덕함이 진짜 취향저격 제대로예요.어쩜 이렇게 맛있는 쌀케이크가 있죠성분이 좋아서 안심하고 구매하는데 맛도 진짜 장난 아니예요 전 일반 베이커리 케이크보다 미니마이즈가 퀄리티가 훨씬 좋은것 같아요밤치즈는 달지않고 담백해서 먹기 부담없이 어른들도 좋아할 것 같은 무난한 맛이예요
솔직담백 솔담씨의 리뷰스토리,햄버거,예약 없이 이용,대기 시간 바로 입장,나들이,지인・동료,음식이 맛있어요,특별한 메뉴가 있어요,가성비가 좋아요,인테리어가 멋져요,컨셉이 독특해요,요즘 핫한 데일리 픽스 수제 버거집에 다녀왔어요수제 한우 패티 100%  수제 버거 맛집 인정해요다비치 강민경이 픽한 맛집이라더니이유를 알겠더라고요.전 더블 치즈로 주문해봤어요..치즈와 더블 패티가 양이 많아 배불렀네요.육즙도 풍부하고 번도 맛있고요.매장으로부터 할인받고 작성한 솔직한 후기입니다.
솔직담백 솔담씨의 리뷰스토리,"순대,순댓국",예약 없이 이용,대기 시간 바로 입장,나들이,지인・동료,특별한 메뉴가 있어요,잡내가 적어요,양이 많아요,음식이 맛있어요,반찬이 잘 나와요,독산역 근처 아로가 다녀왔는데순대 스테이크 특별한 메뉴 맛보고 왔어요직접 매장에서 만들고 판매도 하더라고요 그리고 순대국 질이 정말 푸짐하고 맛도 좋아요.고기 질이 좋아서 잡내없이 먹기 좋더라고요.순대국 맛집 인정합니다!!!1982 년부터 운영한 찐 맛집으로 인정합니다!!
솔직담백 솔담씨의 리뷰스토리,"찌개,전골",예약 없이 이용,대기 시간 바로 입장,나들이,혼자,양이 많아요,음식이 맛있어요,가성비가 좋아요,매장이 넓어요,0,홍대입구역 도보 2분거리 너무 위치 좋은곳에 ㄷ깔끔하고 밥이 맛있어요.진심으로 맛있는 밥집예요.음식도 빨리 나오고 직원분들도 친절해요.오징어볶음 시켰는데  가격대비 양도 푸짐하고 맛있어요. 진짜 멈추지 않고 계속 오징어만 골라먹었어요.보통 야채가 오징어보다 많은데 야채보다 오징어 훨씬 많고 먹어도 먹어도 안주는 느낌^^ 담에도 오징어. 원픽예요.찌개도 맛집인데 다른분들은 찌개 많이 드시더라고요 ^^
솔직담백 솔담씨의 리뷰스토리,"다이어트,샐러드",예약 없이 이용,대기 시간 바로 입장,일상,혼자,특별한 메뉴가 있어요,가성비가 좋아요,건강한 맛이에요,재료가 신선해요,인테리어가 멋져요,새르 포케 먹으러 다녀왔어요 매장 깔끔하고 넘 예뻐요 두부 버섯 포케 주문해서 먹었는데 비주얼 맛 모두 만족하고 왔어요 재료를 아낌없이 주시고 야채가 정말 신선해요
솔직담백 솔담씨의 리뷰스토리,베이커리,예약 없이 이용,대기 시간 바로 입장,친목,지인・동료,빵이 맛있어요,특별한 메뉴가 있어요,가성비가 좋아요,음식이 맛있어요,종류가 다양해요,여기 정말 이탈리아에 온것같은 느낌의 카페예요평일 낮인데도 사람들도 많고 빵도 품절이고요 주말에 오면 진짜 더 대박일듯요진짜 빵도 맛있고 레몬 그라니따 최고예요꼭 먹어보세요
솔직담백 솔담씨의 리뷰스토리,"카페,디저트",예약 없이 이용,대기 시간 바로 입장,친목,지인・동료,특별한 메뉴가 있어요,0,0,0,0,두바이 초코 크럼블 완전 맛있어요고급지고 맛도 좋고 녹차라떼랑 함께 먹었는데 진짜 행복한 맛크럼블 찐 맛집예요 직접 로스팅한 원두로 사용하고 판매도 하더라고요
솔직담백 솔담씨의 리뷰스토리,"딤섬,중식만두",예약 없이 이용,대기 시간 바로 입장,나들이,지인・동료,가성비가 좋아요,대화하기 좋아요,아늑해요,0,0,대학로 공연 보러 갔다가 다녀왔어요음식도 빨리 나오고 회전율이 좋아요.딤섬이 맛있더라고요.메뉴도 다양해서 골고루 먹을수 있다는 점이 장점인듯 해요 참 양도 진짜 많아용
솔직담백 솔담씨의 리뷰스토리,일식당,예약 후 이용,대기 시간 바로 입장,나들이,친구,특별한 메뉴가 있어요,가성비가 좋아요,재료가 신선해요,음식이 맛있어요,반찬이 잘 나와요,마곡아트센터 공연보러 왔다가 타치가와텐 다녀왔어요 대표 메뉴인 올스타텐동 그리고 화와이언 텐동 시켰어요.진짜 푸짐하고 튀김이 바삭해서 맛있어요.아삭바삭 식감이 너무 좋았어요같이 간 지인도 넘 맛있다고 하고요
솔직담백 솔담씨의 리뷰스토리,"다이어트,샐러드",예약 없이 이용,대기 시간 바로 입장,나들이,친구,건강한 맛이에요,가성비가 좋아요,재료가 신선해요,혼밥하기 좋아요,차분한 분위기에요,사당역 보태닉 마켓 가성비 좋아용 재료도 신선해서 간단히 요기 하기 넘좋구요.메뉴도 다양해서 골라 먹을수 있는 샐러드 전문점 입니다 .가성비 갑 샐러드집이예요 요즘 샐러드 가격도 만만치 않은데 질 대비 진짜 만족 했어요
솔직담백 솔담씨의 리뷰스토리,베이커리,예약 없이 이용,대기 시간 바로 입장,나들이,지인・동료,음료가 맛있어요,특별한 메뉴가 있어요,가성비가 좋아요,건강한 맛이에요,메뉴 구성이 알차요,나들이 나와서 들른 누오바이탈리아이런 찐 이탈리아 감성 베이커리 맛집이예용카포나타랑 올리브 스필라티 꿀맛. 꿀조합 제 입맛에 너무 잘 맞아요 오렌지 착즙쥬스 진짜 넘 맛있었어요.공간도 넓고 위치도 코너에 있어서진짜 쉽게 찾아갔네요 또 오고 싶은 집 ㅎㅎ
솔직담백 솔담씨의 리뷰스토리,한식,예약 없이 이용,대기 시간 바로 입장,친목,지인・동료,음식이 맛있어요,특별한 메뉴가 있어요,가성비가 좋아요,건강한 맛이에요,반찬이 잘 나와요,휴식도 다녀왔어요 넘 깔끔하고 맛있는 곳이예요 점심 저녁 메뉴 따로 구성되어 있고요쌀을 직접 도정해서 밥을 짓는데 가게 도정기와 누룽지도 직접 만들어 제공해주십니다.일단 밥 질이 너무 좋고윤기 나면서 밥맛이 너무 좋아요 😍
솔직담백 솔담씨의 리뷰스토리,"백반,가정식",예약 없이 이용,대기 시간 바로 입장,일상,혼자,음식이 맛있어요,반찬이 잘 나와요,가성비가 좋아요,건강한 맛이에요,단체모임 하기 좋아요,미역국 진짜 좋아하는 사람으로서 여기 찐 맛집이예요가격도 과하지 않게 적정하고진짜 미역국 맛은 깊습니다.국내산 미역사용이 의미있는집이예요보돌미역 재방문 하고 싶은 맛집입니다일상적인 음식이 더 맛있기 힘든법인데 집밥 먹는 느낌이라 넘 좋았어요
솔직담백 솔담씨의 리뷰스토리,한식,예약 없이 이용,대기 시간 바로 입장,나들이,지인・동료,음식이 맛있어요,양이 많아요,특별한 메뉴가 있어요,반찬이 잘 나와요,단체모임 하기 좋아요,옥된장 된장전골부터 기본반찬 대파김치랑 볶음김치엄마가 직접 구워주신 느낌의 엄마김에 싸먹으면 진짜 밥한공기 뚝딱이요 오징어 미나리전도 함께 주문했는데미나리랑 오징어만 듬뿍이어서 진짜 맛있게 먹고 왔어요. 오징어미나리전 꼭 드셔보세용 강추
솔직담백 솔담씨의 리뷰스토리,양식,예약 없이 이용,대기 시간 바로 입장,나들이,지인・동료,특별한 메뉴가 있어요,가성비가 좋아요,음식이 맛있어요,매장이 넓어요,매장이 청결해요,바질 루꼴라 잠봉뵈르바질향 듬뿍 제가 좋아하는 루꼴라까지 고급 버터까지 듬뿍 발려서 완전 맛있게 먹었어요.당근라페그리고 르뱅쿠키 이거 완전 제 취향 초코 견과류 콕콕박혀 맛도식감도 완전 반했음돠다 맛있었어요 미국 갬성 물씬나고 분위기도 좋고요직원분들 친절하게 응대해줘서 기분도 좋게 먹고 왔어요 파스타 피자 메뉴도 있던데 다음에 먹어볼 예정입니다 ㅎㅎ 사람들이 많이 찾는곳은 다 이유가 있는것 같아요
솔직담백 솔담씨의 리뷰스토리,카페,예약 없이 이용,대기 시간 바로 입장,나들이,지인・동료,특별한 메뉴가 있어요,가성비가 좋아요,음식이 맛있어요,인테리어가 멋져요,사진이 잘 나와요,와우 인테리어가 넘 멋져서. 들어갔는데 세상에 분위기 좋았네요 베이글 천국이예요 이렇게 다양한 베이글은 첨 봤는데넘 맛있어요일단 기본 베이글이 쫄깃한 식감부터 앙버터 먹었는데. 넘 맛있게 먹었답니다 청양마요?? 이건 방문했을때 이미 품절였어요ㅜㅜ 진짜 먹어보고 싶었는데 담에. 또 가봐야 할듯합니다
솔직담백 솔담씨의 리뷰스토리,샌드위치,예약 없이 이용,대기 시간 바로 입장,나들이,지인・동료,음식이 맛있어요,양이 많아요,특별한 메뉴가 있어요,가성비가 좋아요,재료가 신선해요,한남동 댄스댄스댄스 방문했어요테이크 아웃 전문매장인데 굿즈들도 많고 넘 예뻐요 닭가슴살 샌드위치 와 두부 크림치즈 바게트 넘 좋아요 두부크림치즈 정말 기발하지 않나요 ㅎㅎ. 강추해요
솔직담백 솔담씨의 리뷰스토리,덮밥,예약 없이 이용,대기 시간 바로 입장,나들이,친구,양이 많아요,가성비가 좋아요,메뉴 구성이 알차요,사진이 잘 나와요,음악이 좋아요,오이드킨 부타동 맛집이예요마늘 소스 추가해서 부타동이랑 같이 먹었는데 넘 맛있너요. 마늘소스 취향저격입니다.칼칼한 우동 맛도 고기랑 잘어울리게 먹었어요부타동 세트메뉴 가성비 갑이네요
솔직담백 솔담씨의 리뷰스토리,"카페,디저트",예약 없이 이용,대기 시간 바로 입장,친목,지인・동료,디저트가 맛있어요,특별한 메뉴가 있어요,비싼 만큼 가치있어요,가성비가 좋아요,건강한 맛이에요,여기 최애 디저트 맛집입니다또 왔어요.역시 주말이라 사람 많군요
솔직담백 솔담씨의 리뷰스토리,"육류,고기요리",예약 후 이용,대기 시간 바로 입장,나들이,기타,음식이 맛있어요,잡내가 적어요,반찬이 잘 나와요,차분한 분위기에요,친절해요,양프렌치렉 먹으러 다녀왔어요.매장도 너무 한옥느낌이라서 고급스럽고요.음식 세팅이 너무 정갈하고 예뻐요.고기도 직접 구워주셔서 넘 맛있게. 먹고 기분좋게 돌아와습니다.기본찬세팅. 메뉴랑 플레이팅이 정말 고급스럽게예뻐요 대접할일 있을때 그 누군가 이곳으로 모셔오고 싶은 마음이 들게 하는 화양연화 입니다.음식도 맛있고 직원들도 친절하고 가게도 운치있고 예쁜공간이예요 다음에 또 오고 싶은 마음이 듭니다
솔직담백 솔담씨의 리뷰스토리,아시아음식,예약 없이 이용,대기 시간 바로 입장,친목,친구,현지 맛에 가까워요,가성비가 좋아요,건강한 맛이에요,아늑해요,인테리어가 멋져요,충무로 맛집 바오서울에 다녀왔어요대만식 햄버거랑 동파육 덮밥을 주문했죠바오 정말 맛있어요 사이즈 앙증 맞아서 혼자 먹기 좋은 사이즈고요동파육도 정말 맛있네요
솔직담백 솔담씨의 리뷰스토리,햄버거,예약 없이 이용,대기 시간 바로 입장,친목,친구,음식이 맛있어요,양이 많아요,특별한 메뉴가 있어요,건강한 맛이에요,0,데일리픽스 수제버거집에 다녀왔어요여기 넘 맛있어요 패티가 한수 100%라니요진짜 강민경씨 픽한 맛집인지 알것 같아요오랜만에 친한동생이랑 갔는데 둘다 만족하고 왔어요
솔직담백 솔담씨의 리뷰스토리,"카페,디저트",예약 없이 이용,대기 시간 바로 입장,친목,지인・동료,특별한 메뉴가 있어요,가성비가 좋아요,빵이 맛있어요,대화하기 좋아요,아늑해요,너무 예쁜 성북동 디저트 카페 달콤한 위로를 소개합니다 여기. 다쿠아즈 구움과자는 넘 맛있어요다쿠아즈 한번 먹고 반했네요선물용으로 구매하도 좋을것 같아요 한성대입구역에서 가까운 곳에 이런곳이 있는줄 몰랐어요 주택을 개조해서 더 멋스러운 공간이라서 좋았어요
솔직담백 솔담씨의 리뷰스토리,이탈리아음식,예약 후 이용,대기 시간 바로 입장,친목,지인・동료,음식이 맛있어요,특별한 메뉴가 있어요,디저트가 맛있어요,친절해요,매장이 청결해요,로마옥 도곡 맛집 인정해요.식전빵부터 시작해서 잣 카프레제 샐러드 정말 취저입니다.쑥티라미수 디저트도 진짜 참신한데 넘 맛있어요.쑥티라미수 라니 너무 기발하지 않나요?디저트 맛집이라고 소문 낼거예요. 쑥티라미수 꼭 드셔보세요.최애 레스토랑으로 손꼽는 곳입니다.분위기도 좋아서 연말에 또 갈게요 ㅎㅎ
솔직담백 솔담씨의 리뷰스토리,베이커리,예약 없이 이용,대기 시간 바로 입장,나들이,친구,빵이 맛있어요,특별한 메뉴가 있어요,건강한 맛이에요,컨셉이 독특해요,사진이 잘 나와요,여기 빵. 진짜 너무 제 스타일이예요.카스테라 전문인데 앙버터도 맛있고 쌀빵도 쫄깃쫄깃 식감 진짜 최고예요.앙버터는 스콘이 정말 부드럽거든요.제 최애 앙버터 맛집이예요 그리고 약간 레트로 감성도 물씬나서 매장가면 즐겁답니다.부모님들 모시고 가면 좋아하실듯한 비주얼이예요. 이곳 알밤빵이랑 사과빵은 진짜 조각처럼 예뻐서 먹기 아까울 지경입니다비주얼과 맛 분위기 삼박자가 조화를 이루는 경성빵공장 다음에 또 갈게요
솔직담백 솔담씨의 리뷰스토리,"해물,생선요리",예약 없이 이용,대기 시간 바로 입장,나들이,지인・동료,음식이 맛있어요,가성비가 좋아요,반찬이 잘 나와요,메뉴 구성이 알차요,건강한 맛이에요,코다리조림이 너무 먹고싶어서 다녀왔는데진짜 넘나 맛있어요시래기 코다리로 주문했는데 시래기진짜 따로 포장해오고 싶을 정도로맛나요계속 포장. 주문도 끊임없이 이어지더라고요기본으로 나오는 미역국도 정말 맛있고오코다리 맛집으로 인정해요
솔직담백 솔담씨의 리뷰스토리,"카페,디저트",예약 없이 이용,대기 시간 바로 입장,나들이,친구,디저트가 맛있어요,특별한 메뉴가 있어요,건강한 맛이에요,비싼 만큼 가치있어요,음식이 맛있어요,제가 최애하는 디저트카페 미니마이즈입니다이번에 초코쌀케이크와 시즌메뉴로 나온 밤치즈케이크 두개 골라봤어요초코 꾸덕꾸덕함이 진짜 취향저격 제대로예요.어쩜 이렇게 맛있는 쌀케이크가 있죠성분이 좋아서 안심하고 구매하는데 맛도 진짜 장난 아니예요 전 일반 베이커리 케이크보다 미니마이즈가 퀄리티가 훨씬 좋은것 같아요밤치즈는 달지않고 담백해서 먹기 부담없이 어른들도 좋아할 것 같은 무난한 맛이예요
솔직담백 솔담씨의 리뷰스토리,햄버거,예약 없이 이용,대기 시간 바로 입장,나들이,지인・동료,음식이 맛있어요,특별한 메뉴가 있어요,가성비가 좋아요,인테리어가 멋져요,컨셉이 독특해요,요즘 핫한 데일리 픽스 수제 버거집에 다녀왔어요수제 한우 패티 100%  수제 버거 맛집 인정해요다비치 강민경이 픽한 맛집이라더니이유를 알겠더라고요.전 더블 치즈로 주문해봤어요..치즈와 더블 패티가 양이 많아 배불렀네요.육즙도 풍부하고 번도 맛있고요.매장으로부터 할인받고 작성한 솔직한 후기입니다.
솔직담백 솔담씨의 리뷰스토리,"순대,순댓국",예약 없이 이용,대기 시간 바로 입장,나들이,지인・동료,특별한 메뉴가 있어요,잡내가 적어요,양이 많아요,음식이 맛있어요,반찬이 잘 나와요,독산역 근처 아로가 다녀왔는데순대 스테이크 특별한 메뉴 맛보고 왔어요직접 매장에서 만들고 판매도 하더라고요 그리고 순대국 질이 정말 푸짐하고 맛도 좋아요.고기 질이 좋아서 잡내없이 먹기 좋더라고요.순대국 맛집 인정합니다!!!1982 년부터 운영한 찐 맛집으로 인정합니다!!
솔직담백 솔담씨의 리뷰스토리,"찌개,전골",예약 없이 이용,대기 시간 바로 입장,나들이,혼자,양이 많아요,음식이 맛있어요,가성비가 좋아요,매장이 넓어요,0,홍대입구역 도보 2분거리 너무 위치 좋은곳에 ㄷ깔끔하고 밥이 맛있어요.진심으로 맛있는 밥집예요.음식도 빨리 나오고 직원분들도 친절해요.오징어볶음 시켰는데  가격대비 양도 푸짐하고 맛있어요. 진짜 멈추지 않고 계속 오징어만 골라먹었어요.보통 야채가 오징어보다 많은데 야채보다 오징어 훨씬 많고 먹어도 먹어도 안주는 느낌^^ 담에도 오징어. 원픽예요.찌개도 맛집인데 다른분들은 찌개 많이 드시더라고요 ^^
