﻿nickname,restaurant,reservation,waiting,purpose,withwho,tagging_1,tagging_2,tagging_3,tagging_4,tagging_5,content
아암마시따,두부요리,예약 없이 이용,대기 시간 30분 이내,친목,친구,음식이 맛있어요,0,0,0,0,아주 양많고 두부가 정말 맛있었어요또 올듯~
아암마시따,소고기구이,예약 없이 이용,대기 시간 바로 입장,친목,친구,음식이 맛있어요,고기 질이 좋아요,양이 많아요,0,0,아주 맛있었어요
아암마시따,"카페,디저트",예약 없이 이용,대기 시간 바로 입장,데이트,친구,인테리어가 멋져요,사진이 잘 나와요,커피가 맛있어요,디저트가 맛있어요,0,배키오맨션 오랜만에 왔는데~ 새로나온 쿠키 너무 맛있고 예뻐용>< 오랜만에 본 강아지들 너무 순하고 착하고 귀여워서힐링되는곳 ㅎㅎ 오래했으면 좋겠는 카페에요가까웠으면 자주오는데 아쉬워요 ㅠ
아암마시따,"카페,디저트",예약 없이 이용,대기 시간 바로 입장,데이트,연인・배우자,디저트가 맛있어요,음료가 맛있어요,인테리어가 멋져요,아늑해요,0,실타래 빙수가 완전 유명한곳이라서 꼭 와보고싶었는데 비주얼이 진짜 너무예쁘네요!!
아암마시따,양갈비,예약 후 이용,대기 시간 바로 입장,데이트,연인・배우자,인테리어가 멋져요,음식이 맛있어요,고기 질이 좋아요,특별한 메뉴가 있어요,잡내가 적어요,양고기가 잡내 하나 없고 아주 부드럽고 맛있었습니다.감사합니다~
아암마시따,"카페,디저트",예약 없이 이용,대기 시간 바로 입장,데이트,연인・배우자,커피가 맛있어요,디저트가 맛있어요,음료가 맛있어요,0,0,분위기가 좋고 커피가 진짜맛있어요 굳
아암마시따,마라탕,예약 없이 이용,대기 시간 바로 입장,"데이트, 친목","친구, 지인・동료",매장이 넓어요,음식이 맛있어요,재료가 신선해요,양이 많아요,0,여긴 참 맛있는곳이에요
아암마시따,양식,예약 없이 이용,대기 시간 바로 입장,친목,친구,가성비가 좋아요,0,0,0,0,루프탑이 참 좋아요!!
아암마시따,양식,예약 없이 이용,대기 시간 바로 입장,데이트,연인・배우자,가성비가 좋아요,컨셉이 독특해요,음악이 좋아요,0,0,오랜만에 왔습니다. 감성이 좋아서 가끔 놀러옵니다. 확실히 재즈는 가을 겨울되면 더 좋은것같네요
아암마시따,두부요리,예약 없이 이용,대기 시간 30분 이내,친목,친구,음식이 맛있어요,0,0,0,0,아주 양많고 두부가 정말 맛있었어요또 올듯~
아암마시따,소고기구이,예약 없이 이용,대기 시간 바로 입장,친목,친구,음식이 맛있어요,고기 질이 좋아요,양이 많아요,0,0,아주 맛있었어요
아암마시따,"카페,디저트",예약 없이 이용,대기 시간 바로 입장,데이트,친구,인테리어가 멋져요,사진이 잘 나와요,커피가 맛있어요,디저트가 맛있어요,0,배키오맨션 오랜만에 왔는데~ 새로나온 쿠키 너무 맛있고 예뻐용>< 오랜만에 본 강아지들 너무 순하고 착하고 귀여워서힐링되는곳 ㅎㅎ 오래했으면 좋겠는 카페에요가까웠으면 자주오는데 아쉬워요 ㅠ
아암마시따,"카페,디저트",예약 없이 이용,대기 시간 바로 입장,데이트,연인・배우자,디저트가 맛있어요,음료가 맛있어요,인테리어가 멋져요,아늑해요,0,실타래 빙수가 완전 유명한곳이라서 꼭 와보고싶었는데 비주얼이 진짜 너무예쁘네요!!
아암마시따,양갈비,예약 후 이용,대기 시간 바로 입장,데이트,연인・배우자,인테리어가 멋져요,음식이 맛있어요,고기 질이 좋아요,특별한 메뉴가 있어요,잡내가 적어요,양고기가 잡내 하나 없고 아주 부드럽고 맛있었습니다.감사합니다~
아암마시따,"카페,디저트",예약 없이 이용,대기 시간 바로 입장,데이트,연인・배우자,커피가 맛있어요,디저트가 맛있어요,음료가 맛있어요,0,0,분위기가 좋고 커피가 진짜맛있어요 굳
아암마시따,마라탕,예약 없이 이용,대기 시간 바로 입장,"데이트, 친목","친구, 지인・동료",매장이 넓어요,음식이 맛있어요,재료가 신선해요,양이 많아요,0,여긴 참 맛있는곳이에요
아암마시따,양식,예약 없이 이용,대기 시간 바로 입장,친목,친구,가성비가 좋아요,0,0,0,0,루프탑이 참 좋아요!!
아암마시따,양식,예약 없이 이용,대기 시간 바로 입장,데이트,연인・배우자,가성비가 좋아요,컨셉이 독특해요,음악이 좋아요,0,0,오랜만에 왔습니다. 감성이 좋아서 가끔 놀러옵니다. 확실히 재즈는 가을 겨울되면 더 좋은것같네요
아암마시따,두부요리,예약 없이 이용,대기 시간 30분 이내,친목,친구,음식이 맛있어요,0,0,0,0,아주 양많고 두부가 정말 맛있었어요또 올듯~
아암마시따,소고기구이,예약 없이 이용,대기 시간 바로 입장,친목,친구,음식이 맛있어요,고기 질이 좋아요,양이 많아요,0,0,아주 맛있었어요
아암마시따,"카페,디저트",예약 없이 이용,대기 시간 바로 입장,데이트,친구,인테리어가 멋져요,사진이 잘 나와요,커피가 맛있어요,디저트가 맛있어요,0,배키오맨션 오랜만에 왔는데~ 새로나온 쿠키 너무 맛있고 예뻐용>< 오랜만에 본 강아지들 너무 순하고 착하고 귀여워서힐링되는곳 ㅎㅎ 오래했으면 좋겠는 카페에요가까웠으면 자주오는데 아쉬워요 ㅠ
아암마시따,"카페,디저트",예약 없이 이용,대기 시간 바로 입장,데이트,연인・배우자,디저트가 맛있어요,음료가 맛있어요,인테리어가 멋져요,아늑해요,0,실타래 빙수가 완전 유명한곳이라서 꼭 와보고싶었는데 비주얼이 진짜 너무예쁘네요!!
아암마시따,양갈비,예약 후 이용,대기 시간 바로 입장,데이트,연인・배우자,인테리어가 멋져요,음식이 맛있어요,고기 질이 좋아요,특별한 메뉴가 있어요,잡내가 적어요,양고기가 잡내 하나 없고 아주 부드럽고 맛있었습니다.감사합니다~
아암마시따,"카페,디저트",예약 없이 이용,대기 시간 바로 입장,데이트,연인・배우자,커피가 맛있어요,디저트가 맛있어요,음료가 맛있어요,0,0,분위기가 좋고 커피가 진짜맛있어요 굳
아암마시따,마라탕,예약 없이 이용,대기 시간 바로 입장,"데이트, 친목","친구, 지인・동료",매장이 넓어요,음식이 맛있어요,재료가 신선해요,양이 많아요,0,여긴 참 맛있는곳이에요
아암마시따,양식,예약 없이 이용,대기 시간 바로 입장,친목,친구,가성비가 좋아요,0,0,0,0,루프탑이 참 좋아요!!
아암마시따,양식,예약 없이 이용,대기 시간 바로 입장,데이트,연인・배우자,가성비가 좋아요,컨셉이 독특해요,음악이 좋아요,0,0,오랜만에 왔습니다. 감성이 좋아서 가끔 놀러옵니다. 확실히 재즈는 가을 겨울되면 더 좋은것같네요
아암마시따,"칼국수,만두",예약 없이 이용,대기 시간 바로 입장,"데이트, 친목",친구,음식이 맛있어요,재료가 신선해요,양이 많아요,특별한 메뉴가 있어요,0,칼국수도 맛있고 김치가 아주 맛있는데요~
아암마시따,이자카야,예약 없이 이용,대기 시간 바로 입장,친목,친구,음식이 맛있어요,기본 안주가 좋아요,술이 다양해요,0,0,하이볼이 음료수같고 맛있었어요사시미도 부드럽고맛있네요 ㅎ
아암마시따,돼지고기구이,예약 없이 이용,대기 시간 바로 입장,데이트,연인・배우자,음식이 맛있어요,고기 질이 좋아요,0,0,0,폭탄계란찜이 맛있어요
아암마시따,카페,예약 없이 이용,대기 시간 바로 입장,친목,친구,커피가 맛있어요,디저트가 맛있어요,음료가 맛있어요,0,0,펠어커피 두바이 맛있네요!
아암마시따,카페,예약 없이 이용,대기 시간 바로 입장,데이트,연인・배우자,디저트가 맛있어요,음료가 맛있어요,0,0,0,"최애 도넛집 노티두 청담이 노티드 스튜디오로 재탄생 했네요! 저번에 케이크 사러 갔는데 수리중이어서 허탕치고 갔는데, 새로운 인테리어로 감동을 주네요.이제 도넛 말고 새로운 베이커리를 만나니까 더 반가웠어요. ㅎㅎ 화사한인테리어가 사진찍기 좋았어요!"
아암마시따,"맥주,호프",예약 없이 이용,대기 시간 바로 입장,여행,친구,음식이 맛있어요,술이 다양해요,0,0,0,피자가 증말 맛있네요.동행자가 맥주를 너무 마니마심요식당에 외국인이많아여 신기
아암마시따,"카페,디저트",예약 없이 이용,대기 시간 바로 입장,데이트,연인・배우자,커피가 맛있어요,디저트가 맛있어요,음료가 맛있어요,특별한 메뉴가 있어요,0,차은우가 다녀간 카페라고해서 성지순례 왔어요~새로생겼는지 아주 깨끗하고 호텔느낌인테리어가 좋아요! 사진찍기 딱이네영
아암마시따,생선회,예약 없이 이용,대기 시간 바로 입장,데이트,연인・배우자,음식이 맛있어요,재료가 신선해요,양이 많아요,0,0,커플기념이라고 하트모양으로 주셨어요~ 이 회가 2만원이라니 엄청 혜자입니다사장님도 짱 친절해용
아암마시따,두부요리,예약 없이 이용,대기 시간 30분 이내,친목,친구,음식이 맛있어요,0,0,0,0,아주 양많고 두부가 정말 맛있었어요또 올듯~
아암마시따,소고기구이,예약 없이 이용,대기 시간 바로 입장,친목,친구,음식이 맛있어요,고기 질이 좋아요,양이 많아요,0,0,아주 맛있었어요
아암마시따,"카페,디저트",예약 없이 이용,대기 시간 바로 입장,데이트,친구,인테리어가 멋져요,사진이 잘 나와요,커피가 맛있어요,디저트가 맛있어요,0,배키오맨션 오랜만에 왔는데~ 새로나온 쿠키 너무 맛있고 예뻐용>< 오랜만에 본 강아지들 너무 순하고 착하고 귀여워서힐링되는곳 ㅎㅎ 오래했으면 좋겠는 카페에요가까웠으면 자주오는데 아쉬워요 ㅠ
아암마시따,"카페,디저트",예약 없이 이용,대기 시간 바로 입장,데이트,연인・배우자,디저트가 맛있어요,음료가 맛있어요,인테리어가 멋져요,아늑해요,0,실타래 빙수가 완전 유명한곳이라서 꼭 와보고싶었는데 비주얼이 진짜 너무예쁘네요!!
아암마시따,양갈비,예약 후 이용,대기 시간 바로 입장,데이트,연인・배우자,인테리어가 멋져요,음식이 맛있어요,고기 질이 좋아요,특별한 메뉴가 있어요,잡내가 적어요,양고기가 잡내 하나 없고 아주 부드럽고 맛있었습니다.감사합니다~
아암마시따,"카페,디저트",예약 없이 이용,대기 시간 바로 입장,데이트,연인・배우자,커피가 맛있어요,디저트가 맛있어요,음료가 맛있어요,0,0,분위기가 좋고 커피가 진짜맛있어요 굳
아암마시따,마라탕,예약 없이 이용,대기 시간 바로 입장,"데이트, 친목","친구, 지인・동료",매장이 넓어요,음식이 맛있어요,재료가 신선해요,양이 많아요,0,여긴 참 맛있는곳이에요
아암마시따,양식,예약 없이 이용,대기 시간 바로 입장,친목,친구,가성비가 좋아요,0,0,0,0,루프탑이 참 좋아요!!
아암마시따,양식,예약 없이 이용,대기 시간 바로 입장,데이트,연인・배우자,가성비가 좋아요,컨셉이 독특해요,음악이 좋아요,0,0,오랜만에 왔습니다. 감성이 좋아서 가끔 놀러옵니다. 확실히 재즈는 가을 겨울되면 더 좋은것같네요
아암마시따,"칼국수,만두",예약 없이 이용,대기 시간 바로 입장,"데이트, 친목",친구,음식이 맛있어요,재료가 신선해요,양이 많아요,특별한 메뉴가 있어요,0,칼국수도 맛있고 김치가 아주 맛있는데요~
아암마시따,이자카야,예약 없이 이용,대기 시간 바로 입장,친목,친구,음식이 맛있어요,기본 안주가 좋아요,술이 다양해요,0,0,하이볼이 음료수같고 맛있었어요사시미도 부드럽고맛있네요 ㅎ
아암마시따,돼지고기구이,예약 없이 이용,대기 시간 바로 입장,데이트,연인・배우자,음식이 맛있어요,고기 질이 좋아요,0,0,0,폭탄계란찜이 맛있어요
아암마시따,카페,예약 없이 이용,대기 시간 바로 입장,친목,친구,커피가 맛있어요,디저트가 맛있어요,음료가 맛있어요,0,0,펠어커피 두바이 맛있네요!
아암마시따,카페,예약 없이 이용,대기 시간 바로 입장,데이트,연인・배우자,디저트가 맛있어요,음료가 맛있어요,0,0,0,"최애 도넛집 노티두 청담이 노티드 스튜디오로 재탄생 했네요! 저번에 케이크 사러 갔는데 수리중이어서 허탕치고 갔는데, 새로운 인테리어로 감동을 주네요.이제 도넛 말고 새로운 베이커리를 만나니까 더 반가웠어요. ㅎㅎ 화사한인테리어가 사진찍기 좋았어요!"
아암마시따,"맥주,호프",예약 없이 이용,대기 시간 바로 입장,여행,친구,음식이 맛있어요,술이 다양해요,0,0,0,피자가 증말 맛있네요.동행자가 맥주를 너무 마니마심요식당에 외국인이많아여 신기
