﻿nickname,restaurant,reservation,waiting,purpose,withwho,tagging_1,tagging_2,tagging_3,tagging_4,tagging_5,content
스마일엘라,떡볶이,예약 없이 이용,대기 시간 10분 이내 ,일상,친구,음식이 맛있어요,0,0,0,0,"어머어머..이 나누미 떡볶이 뭐예요? 너무 맛있어서 기절할 맛이잖아요.ㅋㅋ 갓 뽑은 듯 말랑말랑 쌀떡에 빨간양념이 끝내주네요. 순대도 잡내없이 쫀독하고, 어묵도 불지 않아서 너무 맛있었어요. 포장해올걸...살짝 후회되네요.ㅠ"
스마일엘라,카페,예약 없이 이용,대기 시간 바로 입장,일상,친구,커피가 맛있어요,디저트가 맛있어요,대화하기 좋아요,매장이 넓어요,화장실이 깨끗해요,최애커피 바닐라라떼랑 보늬밤 치즈케익 먹었어요. 많이 달지않고 밤이 가득 들어서 오독오독 씹는 재미가 있네요.
스마일엘라,인도음식,예약 없이 이용,대기 시간 10분 이내 ,일상,친구,음식이 맛있어요,재료가 신선해요,현지 맛에 가까워요,인테리어가 멋져요,친절해요,"예전에 한번 와보고 반해서 친구 데리고 또 왔어요. 깔리 런치세트 했는데, 탄두리치킨, 마크니치킨, 난에 라씨까지 너무 만족스러워요. 친구도 대만족!"
스마일엘라,"아귀찜,해물찜",예약 없이 이용,대기 시간 바로 입장,일상,부모님,음식이 맛있어요,재료가 신선해요,건강한 맛이에요,반찬이 잘 나와요,친절해요,아구지리탕이 진짜 시원하고 맛있어요. 매운탕이 아님에도 중독적이예요. 아구살도 탱글탱글하니 미나리향 듬뿍~ 담백하게 맛나요.
스마일엘라,추어탕,예약 없이 이용,대기 시간 바로 입장,일상,부모님,음식이 맛있어요,재료가 신선해요,가성비가 좋아요,반찬이 잘 나와요,친절해요,"로컬맛집 골목 추어탕에서 팥죽이랑 팥칼국수 먹었어요. 추어탕 집이지만 팥죽, 팥칼국수도 잘 하는 집이예요. 한시적으로 메밀전이 서비스래요. 개꿀~ 그리고 갓물김치가 끝내줘요. 2kg 사왔잖하요.ㅋㅋ"
스마일엘라,마라탕,포장·배달 이용,대기 시간 30분 이내,일상,아이,음식이 맛있어요,포장이 깔끔해요,0,0,0,마라탕은  아이마라! 즐겨먹어요. 가서도 먹고 포장도 해오고 배달도 시켜먹습니다. 오늘은 배달! 딸래미 미각을 만족시켜줬어요.ㅎㅎ
스마일엘라,일식당,예약 없이 이용,대기 시간 바로 입장,일상,0,음식이 맛있어요,메뉴 구성이 알차요,아늑해요,사진이 잘 나와요,0,"소유에비동 정식, 숙성사케동 정식 먹었어요. 단촛물 흰쌀밥이 고실고실하니 너무 맛있어요 밥만 먹어도 그냥 다 먹을 것 같더라구요. 새우&연어 얹어 맛있게 뚝딱!ㅎㅎ"
스마일엘라,퍼블릭골프장,0,0,0,0,필드 상태가 좋아요,클럽하우스가 잘 되어있어요,시설이 깔끔해요,0,0,유니아일랜드 노캐디로 다녀왔어요. 페어웨이도 넓고 그린 관리도 잘 되어 있네요. 티꽂이를 매트가 아닌 잔디에 꽂을 수 있어서 너무 좋았어요.  갈대와 함께 가을을 만끽하며 라운딩 했어요. 벙커가 많아서 벙커샷 연습 많이 했네요.ㅋㅋ
스마일엘라,쌈밥,예약 없이 이용,대기 시간 바로 입장,일상,친구,음식이 맛있어요,재료가 신선해요,건강한 맛이에요,음식이 빨리 나와요,0,라운딩 하기전 들렸던 농부쌈밥이예요. 제육에서 불맛이 나요. 무한리필 야채도 맘에들고 견과쌈장에 밑반찬도 하나같이 맛있어요. 솥밥이라 누룽지까지 즐길 수 있어서 👍 티업 시간이 다가와 여유롭게 못먹은게 아쉬울뿐...ㅋㅋ
스마일엘라,카페,예약 후 이용,대기 시간 바로 입장,일상,혼자,커피가 맛있어요,디저트가 맛있어요,특별한 메뉴가 있어요,오래 머무르기 좋아요,0,우와~ 소금빵이랑 스콘맛집 먹음베이커리예요. 이제껏 먹었던 소금빵은 다 가라! 스콘도 묵직하면서 달콤한게 딱 제 취향이네요. 시그니처라떼는 오트우유에 아몬드크림이 얹어진 쫀득한 크림이 아주 매력적인 라떼였어요.
스마일엘라,"카페,디저트",예약 후 이용,대기 시간 바로 입장,일상,혼자,커피가 맛있어요,디저트가 맛있어요,음료가 맛있어요,아늑해요,0,"르방이가 지키고 있는 카페 주황에서 주황비엔나라떼, 밀크티라떼, 말렌카 케이크 먹었어요. 곰돌모양 밀크티라떼아트 너무 귀엽쟈나...ㅋㅋ오렌지청이랑 오렌지크림 가득한 주황비엔나라떼는 상콤달콤하니  시그니처 커피라 해야 겠어요. 말렌카 케이크는 꾸덕쫀득하니 딱 제 취향!ㅎㅎ"
스마일엘라,"순대,순댓국",예약 없이 이용,대기 시간 바로 입장,일상,아이,음식이 맛있어요,양이 많아요,친절해요,음식이 빨리 나와요,0,언제부턴가 백순대볶음은 삼촌네~ 정겹게 맞아주시고 맛있게 볶아주셔요. 참기름소금에 버무린 간도 필수! 너무 고소하고 맛나여~ㅎㅎ
스마일엘라,소고기구이,예약 없이 이용,대기 시간 10분 이내 ,일상,"연인・배우자, 아이",음식이 맛있어요,고기 질이 좋아요,가성비가 좋아요,매장이 넓어요,친절해요,맛갈비 오랜만에 먹었는데 왜 이렇게 맛있어요? 셋이서 5인분 먹었어요.ㅋㅋ양념이 적당히 달콤짭짤하니 부드럽네요. 맛집인 이유가 있어요.
스마일엘라,중식당,예약 후 이용,대기 시간 바로 입장,가족모임,"부모님, 친척・형제",음식이 맛있어요,가성비가 좋아요,단체모임 하기 좋아요,아늑해요,룸이 잘 되어있어요,"이조에서 가족모임 가졌어요. 룸이 있어 가족모임 하기 좋으네요. 처음방문이라 맛보장 의문이였는데, 너무 맛있어서 다들 만족했어요. 유산슬, 짜장면, 짬뽕 다 맛있었는데 특히 찹쌀 탕수육이 그 어느집보다 맛있더라구요. 자주 찾게될듯요~"
스마일엘라,양식,예약 없이 이용,대기 시간 바로 입장,데이트,연인・배우자,술이 다양해요,매장이 넓어요,대화하기 좋아요,친절해요,0,저녁식사 후 로데오거리 거닐다 분위기가 좋아 가볍게 맥주 한잔 즐겼어요. 테라스에 앉아 사람구경 하는 재미가 있네요. 트러플향이 진한 프렌치프라이가 안주로 제격이네요.ㅎㅎ
스마일엘라,요리주점,예약 후 이용,대기 시간 바로 입장,데이트,연인・배우자,음식이 맛있어요,대화하기 좋아요,아늑해요,차분한 분위기에요,음식이 빨리 나와요,"딤섬연태하이볼세트로 즐겼어요. 연태고량주로 만든 하이볼 처음 먹어봤는데 완전 제 스타일~ 코인멘보샤, 춘권스틱부터 오향장육, 새우딤섬, 구채교, 소롱포, 무떡볶음까지 유명딤섬집 못지않게 맛있어요."
스마일엘라,요리주점,예약 후 이용,대기 시간 바로 입장,데이트,연인・배우자,음식이 맛있어요,술이 다양해요,인테리어가 멋져요,음악이 좋아요,매장이 청결해요,문래동 창작촌에 놀러왔다가 분위기 좋은 다이닝 야경세서 사시미랑 스끼야끼 먹었어요. 숙성회가 쫄깃하니 참치는 사르르 녹네요. 스끼야끼는 적당히 짭쪼롬하니 꼴딱꼴딱 넘어가요. 제 최애 얼그레이 하이볼이랑 냠냠. 예약하면 사케 한잔도 서비스 주신데요. wow~ 기분좋게 짠!ㅎㅎ
스마일엘라,카페,예약 없이 이용,대기 시간 바로 입장,일상,"연인・배우자, 부모님",커피가 맛있어요,디저트가 맛있어요,대화하기 좋아요,뷰가 좋아요,화장실이 깨끗해요,뷰맛집 에메랄드그린에서 호수멍 즐겼어요. 커피도 커핀데 흑당프레첼이 달다롬하니 맛있더라구요.
스마일엘라,굴요리,예약 없이 이용,대기 시간 바로 입장,일상,"연인・배우자, 부모님",음식이 맛있어요,재료가 신선해요,특별한 메뉴가 있어요,아늑해요,주차하기 편해요,골프치고 들린 거목산장~ 감자채 위에 굴이 가득 올려진 굴전이라 특이해요. 안어울릴것 같은데 어울리는 궁합이 👍 양념장에 솥굴밥 슥슥 비벼먹고 누룽지까지 즐기면 속이 든든하네요.
스마일엘라,"카페,디저트",예약 없이 이용,대기 시간 바로 입장,일상,부모님,커피가 맛있어요,대화하기 좋아요,친절해요,주차하기 편해요,좌석이 편해요,비오는날 창가에 앉아 커피 한잔 즐겼어요. 핸드드립 예가쳬프는 리필되서 너무 좋더라구요. 부드럽게 잘 내려주셔서 맛있게 즐겼어요. 로얄밀크티도 꼬소해서 설탕없이 녹진하게 즐겼어요~^^
스마일엘라,한식,예약 없이 이용,대기 시간 바로 입장,일상,부모님,음식이 맛있어요,재료가 신선해요,건강한 맛이에요,주차하기 편해요,음식이 빨리 나와요,"소문자자한 청산어죽에서 뜨끈얼큰한 어죽 즐겼어요. 비오는날엔 어죽이죠~ㅎㅎ 곁들임으로 도리뱅뱅이랑 민물새우튀김까지 즐겼어요. 도리뱅뱅 처음 먹었는데, 바삭하니 별미네요. 새우튀김은 말모말모...ㅋㅋ"
스마일엘라,"카페,디저트",예약 없이 이용,대기 시간 바로 입장,일상,아이,0,0,0,0,0,"대학로 거리를 걷다가 눈에 띤 쫀디를 먹어봤어요. 처음 맛보는 거라 매콤한 맛 기본을 먹어봤는데 쫜득쫜득 괜찮네요. 양이 너무 적은거 아닌가 싶었는데, 먹다보니 딱이였어요. 더 먹었다면 턱 나갈뻔...ㅋㅋ"
스마일엘라,인도음식,예약 없이 이용,대기 시간 바로 입장,일상,아이,음식이 맛있어요,재료가 신선해요,인테리어가 멋져요,아늑해요,아이와 가기 좋아요,"화려한 인테리어가 인상적이예요. 최애카레 마크니커리랑 쟈프란 탄두리 닭꼬치 먹었는데, 향신료맛이 강하지 않고 부드럽게 맛있어요. 신라면 맵기로 하니까 맵찔이 먹기 딱!ㅎㅎ"
스마일엘라,"멕시코,남미음식",예약 없이 이용,대기 시간 바로 입장,친목,친구,음식이 맛있어요,매장이 넓어요,친절해요,0,0,친구들 모임을 온더보더에서 가졌어요. 더블넥 퀘사디아랑 바질샐러드볼은 언제 먹어도 👍 타코는 비프맛 먹었는데 포크보다 못하네요. 전 이제 포크로 할게여ㅋㅋ
스마일엘라,카페,예약 없이 이용,대기 시간 바로 입장,일상,부모님,커피가 맛있어요,디저트가 맛있어요,대화하기 좋아요,매장이 넓어요,0,"팀홀튼 커피 드디어 맛봤습니다. 메이플라떼와 메이플딥 도넛set, 아메리카노랑 애플프리터 도넛 먹었어요. 음~ 녹진하고 달콤한 메이플 맛이 압권이네요. 왜 세트로 묶여 있는지 알겠어요. 딱 제 취저!ㅋㅋㅋ"
스마일엘라,"초밥,롤",예약 없이 이용,대기 시간 바로 입장,일상,연인・배우자,음식이 맛있어요,재료가 신선해요,가성비가 좋아요,메뉴 구성이 알차요,친절해요,"은둔식당맛집이래서 찾아갔어요. Wow!! 이렇게 가성비 좋고 맛도 좋을 수 있다구요? 5코스(죽, 회믜무침, 광어&연어초밥8개, 모밀, 마끼) 가 단돈 11000원! 이건 가성비 of 가성비 끝판왕! 남은건 간장뿐!ㅋㅋㅋ"
스마일엘라,오리요리,예약 없이 이용,대기 시간 바로 입장,나들이,연인・배우자,음식이 맛있어요,고기 질이 좋아요,잡내가 적어요,건강한 맛이에요,매장이 넓어요,경인 아래뱃길 자전거 라이딩 후 찾았어요. 오리주물럭 맛집이라더니 진짜 맛집 맞네요. 양도 푸짐하고 매콤한 양념에 반찬도 하나같이 다 맛있어요. 셀프코너 반찬 리필도 빠르게 리필되서 👍
스마일엘라,코스,0,0,0,0,0,0,0,0,0,"아라뱃길 자전거길 40km 라이딩~뱃길조각공원~아라인천여객터미널 왕복코스!아래뱃길에 수산물이?? 어쩌다 회 한접시 먹고, 오리주물럭으로 체력보강!"
스마일엘라,국밥,예약 없이 이용,대기 시간 바로 입장,일상,"연인・배우자, 아이",음식이 맛있어요,가성비가 좋아요,건강한 맛이에요,반찬이 잘 나와요,0,시루향기 콩나물국밥집을 찾는 이유는 바로 솥밥! 계란수란부터 누룽지까지 완벽조합! 반찬도 맛있는데 사진을 못찍었구만~ㅋ
스마일엘라,떡볶이,예약 없이 이용,대기 시간 10분 이내 ,일상,친구,음식이 맛있어요,0,0,0,0,"어머어머..이 나누미 떡볶이 뭐예요? 너무 맛있어서 기절할 맛이잖아요.ㅋㅋ 갓 뽑은 듯 말랑말랑 쌀떡에 빨간양념이 끝내주네요. 순대도 잡내없이 쫀독하고, 어묵도 불지 않아서 너무 맛있었어요. 포장해올걸...살짝 후회되네요.ㅠ"
스마일엘라,카페,예약 없이 이용,대기 시간 바로 입장,일상,친구,커피가 맛있어요,디저트가 맛있어요,대화하기 좋아요,매장이 넓어요,화장실이 깨끗해요,최애커피 바닐라라떼랑 보늬밤 치즈케익 먹었어요. 많이 달지않고 밤이 가득 들어서 오독오독 씹는 재미가 있네요.
스마일엘라,인도음식,예약 없이 이용,대기 시간 10분 이내 ,일상,친구,음식이 맛있어요,재료가 신선해요,현지 맛에 가까워요,인테리어가 멋져요,친절해요,"예전에 한번 와보고 반해서 친구 데리고 또 왔어요. 깔리 런치세트 했는데, 탄두리치킨, 마크니치킨, 난에 라씨까지 너무 만족스러워요. 친구도 대만족!"
스마일엘라,"아귀찜,해물찜",예약 없이 이용,대기 시간 바로 입장,일상,부모님,음식이 맛있어요,재료가 신선해요,건강한 맛이에요,반찬이 잘 나와요,친절해요,아구지리탕이 진짜 시원하고 맛있어요. 매운탕이 아님에도 중독적이예요. 아구살도 탱글탱글하니 미나리향 듬뿍~ 담백하게 맛나요.
스마일엘라,추어탕,예약 없이 이용,대기 시간 바로 입장,일상,부모님,음식이 맛있어요,재료가 신선해요,가성비가 좋아요,반찬이 잘 나와요,친절해요,"로컬맛집 골목 추어탕에서 팥죽이랑 팥칼국수 먹었어요. 추어탕 집이지만 팥죽, 팥칼국수도 잘 하는 집이예요. 한시적으로 메밀전이 서비스래요. 개꿀~ 그리고 갓물김치가 끝내줘요. 2kg 사왔잖하요.ㅋㅋ"
스마일엘라,마라탕,포장·배달 이용,대기 시간 30분 이내,일상,아이,음식이 맛있어요,포장이 깔끔해요,0,0,0,마라탕은  아이마라! 즐겨먹어요. 가서도 먹고 포장도 해오고 배달도 시켜먹습니다. 오늘은 배달! 딸래미 미각을 만족시켜줬어요.ㅎㅎ
스마일엘라,일식당,예약 없이 이용,대기 시간 바로 입장,일상,0,음식이 맛있어요,메뉴 구성이 알차요,아늑해요,사진이 잘 나와요,0,"소유에비동 정식, 숙성사케동 정식 먹었어요. 단촛물 흰쌀밥이 고실고실하니 너무 맛있어요 밥만 먹어도 그냥 다 먹을 것 같더라구요. 새우&연어 얹어 맛있게 뚝딱!ㅎㅎ"
스마일엘라,퍼블릭골프장,0,0,0,0,필드 상태가 좋아요,클럽하우스가 잘 되어있어요,시설이 깔끔해요,0,0,유니아일랜드 노캐디로 다녀왔어요. 페어웨이도 넓고 그린 관리도 잘 되어 있네요. 티꽂이를 매트가 아닌 잔디에 꽂을 수 있어서 너무 좋았어요.  갈대와 함께 가을을 만끽하며 라운딩 했어요. 벙커가 많아서 벙커샷 연습 많이 했네요.ㅋㅋ
스마일엘라,쌈밥,예약 없이 이용,대기 시간 바로 입장,일상,친구,음식이 맛있어요,재료가 신선해요,건강한 맛이에요,음식이 빨리 나와요,0,라운딩 하기전 들렸던 농부쌈밥이예요. 제육에서 불맛이 나요. 무한리필 야채도 맘에들고 견과쌈장에 밑반찬도 하나같이 맛있어요. 솥밥이라 누룽지까지 즐길 수 있어서 👍 티업 시간이 다가와 여유롭게 못먹은게 아쉬울뿐...ㅋㅋ
스마일엘라,카페,예약 후 이용,대기 시간 바로 입장,일상,혼자,커피가 맛있어요,디저트가 맛있어요,특별한 메뉴가 있어요,오래 머무르기 좋아요,0,우와~ 소금빵이랑 스콘맛집 먹음베이커리예요. 이제껏 먹었던 소금빵은 다 가라! 스콘도 묵직하면서 달콤한게 딱 제 취향이네요. 시그니처라떼는 오트우유에 아몬드크림이 얹어진 쫀득한 크림이 아주 매력적인 라떼였어요.
스마일엘라,"카페,디저트",예약 후 이용,대기 시간 바로 입장,일상,혼자,커피가 맛있어요,디저트가 맛있어요,음료가 맛있어요,아늑해요,0,"르방이가 지키고 있는 카페 주황에서 주황비엔나라떼, 밀크티라떼, 말렌카 케이크 먹었어요. 곰돌모양 밀크티라떼아트 너무 귀엽쟈나...ㅋㅋ오렌지청이랑 오렌지크림 가득한 주황비엔나라떼는 상콤달콤하니  시그니처 커피라 해야 겠어요. 말렌카 케이크는 꾸덕쫀득하니 딱 제 취향!ㅎㅎ"
스마일엘라,"순대,순댓국",예약 없이 이용,대기 시간 바로 입장,일상,아이,음식이 맛있어요,양이 많아요,친절해요,음식이 빨리 나와요,0,언제부턴가 백순대볶음은 삼촌네~ 정겹게 맞아주시고 맛있게 볶아주셔요. 참기름소금에 버무린 간도 필수! 너무 고소하고 맛나여~ㅎㅎ
스마일엘라,소고기구이,예약 없이 이용,대기 시간 10분 이내 ,일상,"연인・배우자, 아이",음식이 맛있어요,고기 질이 좋아요,가성비가 좋아요,매장이 넓어요,친절해요,맛갈비 오랜만에 먹었는데 왜 이렇게 맛있어요? 셋이서 5인분 먹었어요.ㅋㅋ양념이 적당히 달콤짭짤하니 부드럽네요. 맛집인 이유가 있어요.
스마일엘라,중식당,예약 후 이용,대기 시간 바로 입장,가족모임,"부모님, 친척・형제",음식이 맛있어요,가성비가 좋아요,단체모임 하기 좋아요,아늑해요,룸이 잘 되어있어요,"이조에서 가족모임 가졌어요. 룸이 있어 가족모임 하기 좋으네요. 처음방문이라 맛보장 의문이였는데, 너무 맛있어서 다들 만족했어요. 유산슬, 짜장면, 짬뽕 다 맛있었는데 특히 찹쌀 탕수육이 그 어느집보다 맛있더라구요. 자주 찾게될듯요~"
스마일엘라,양식,예약 없이 이용,대기 시간 바로 입장,데이트,연인・배우자,술이 다양해요,매장이 넓어요,대화하기 좋아요,친절해요,0,저녁식사 후 로데오거리 거닐다 분위기가 좋아 가볍게 맥주 한잔 즐겼어요. 테라스에 앉아 사람구경 하는 재미가 있네요. 트러플향이 진한 프렌치프라이가 안주로 제격이네요.ㅎㅎ
스마일엘라,요리주점,예약 후 이용,대기 시간 바로 입장,데이트,연인・배우자,음식이 맛있어요,대화하기 좋아요,아늑해요,차분한 분위기에요,음식이 빨리 나와요,"딤섬연태하이볼세트로 즐겼어요. 연태고량주로 만든 하이볼 처음 먹어봤는데 완전 제 스타일~ 코인멘보샤, 춘권스틱부터 오향장육, 새우딤섬, 구채교, 소롱포, 무떡볶음까지 유명딤섬집 못지않게 맛있어요."
스마일엘라,요리주점,예약 후 이용,대기 시간 바로 입장,데이트,연인・배우자,음식이 맛있어요,술이 다양해요,인테리어가 멋져요,음악이 좋아요,매장이 청결해요,문래동 창작촌에 놀러왔다가 분위기 좋은 다이닝 야경세서 사시미랑 스끼야끼 먹었어요. 숙성회가 쫄깃하니 참치는 사르르 녹네요. 스끼야끼는 적당히 짭쪼롬하니 꼴딱꼴딱 넘어가요. 제 최애 얼그레이 하이볼이랑 냠냠. 예약하면 사케 한잔도 서비스 주신데요. wow~ 기분좋게 짠!ㅎㅎ
스마일엘라,카페,예약 없이 이용,대기 시간 바로 입장,일상,"연인・배우자, 부모님",커피가 맛있어요,디저트가 맛있어요,대화하기 좋아요,뷰가 좋아요,화장실이 깨끗해요,뷰맛집 에메랄드그린에서 호수멍 즐겼어요. 커피도 커핀데 흑당프레첼이 달다롬하니 맛있더라구요.
스마일엘라,굴요리,예약 없이 이용,대기 시간 바로 입장,일상,"연인・배우자, 부모님",음식이 맛있어요,재료가 신선해요,특별한 메뉴가 있어요,아늑해요,주차하기 편해요,골프치고 들린 거목산장~ 감자채 위에 굴이 가득 올려진 굴전이라 특이해요. 안어울릴것 같은데 어울리는 궁합이 👍 양념장에 솥굴밥 슥슥 비벼먹고 누룽지까지 즐기면 속이 든든하네요.
스마일엘라,"카페,디저트",예약 없이 이용,대기 시간 바로 입장,일상,부모님,커피가 맛있어요,대화하기 좋아요,친절해요,주차하기 편해요,좌석이 편해요,비오는날 창가에 앉아 커피 한잔 즐겼어요. 핸드드립 예가쳬프는 리필되서 너무 좋더라구요. 부드럽게 잘 내려주셔서 맛있게 즐겼어요. 로얄밀크티도 꼬소해서 설탕없이 녹진하게 즐겼어요~^^
스마일엘라,한식,예약 없이 이용,대기 시간 바로 입장,일상,부모님,음식이 맛있어요,재료가 신선해요,건강한 맛이에요,주차하기 편해요,음식이 빨리 나와요,"소문자자한 청산어죽에서 뜨끈얼큰한 어죽 즐겼어요. 비오는날엔 어죽이죠~ㅎㅎ 곁들임으로 도리뱅뱅이랑 민물새우튀김까지 즐겼어요. 도리뱅뱅 처음 먹었는데, 바삭하니 별미네요. 새우튀김은 말모말모...ㅋㅋ"
