﻿nickname,restaurant,reservation,waiting,purpose,withwho,tagging_1,tagging_2,tagging_3,tagging_4,tagging_5,content
Reenfldos,카페,예약 없이 이용,대기 시간 바로 입장,0,0,음료가 맛있어요,0,0,0,0,쿠키밀크쉐이크….얼음이 고루 갈려서 더 맛있어요…
Reenfldos,카페,예약 없이 이용,대기 시간 바로 입장,0,0,음료가 맛있어요,0,0,0,0,최애음료
Reenfldos,카페,예약 없이 이용,대기 시간 바로 입장,0,0,음료가 맛있어요,0,0,0,0,커피밀크쉐이크 먹었습니다~ 🐻
Reenfldos,햄버거,예약 없이 이용,대기 시간 바로 입장,친목,친구,음식이 맛있어요,0,0,0,0,지못미가되 ˶ᵔ ᵕ ᵔ˶
Reenfldos,돈가스,예약 없이 이용,대기 시간 바로 입장,친목,친구,음식이 맛있어요,0,0,0,0,사장님이 친절하고 음식이 맛있어요 ˶ᵔ ᵕ ᵔ˶
Reenfldos,달볶이,예약 없이 이용,대기 시간 바로 입장,0,0,음식이 맛있어요,0,0,0,0,아웅 맛있어음료수 놓고 간 거 알려주셔서 감사합니다.. ˶ᵔ ᵕ ᵔ˶
Reenfldos,분식,예약 없이 이용,대기 시간 바로 입장,일상,혼자,음식이 맛있어요,0,0,0,0,참치김밥 중독 돼요
Reenfldos,카페,대기 시간 바로 입장,친목,친구,0,커피가 맛있어요,0,0,0,0,숙대생도 인정하는 커피 맛집 ♡ ……
Reenfldos,일본식라면,예약 없이 이용,대기 시간 바로 입장,친목,친구,친절해요,음식이 맛있어요,재료가 신선해요,특별한 메뉴가 있어요,인테리어가 멋져요,라멘 맛집!!!!!!!!!!!!!!! 오이시쿠나레~
Reenfldos,"카페,디저트",예약 없이 이용,대기 시간 바로 입장,친목,친구,인테리어가 멋져요,대화하기 좋아요,집중하기 좋아요,커피가 맛있어요,디저트가 맛있어요,쥬아요……
Reenfldos,카페,예약 없이 이용,대기 시간 바로 입장,0,0,음료가 맛있어요,0,0,0,0,쿠키밀크쉐이크….얼음이 고루 갈려서 더 맛있어요…
Reenfldos,카페,예약 없이 이용,대기 시간 바로 입장,0,0,음료가 맛있어요,0,0,0,0,최애음료
Reenfldos,카페,예약 없이 이용,대기 시간 바로 입장,0,0,음료가 맛있어요,0,0,0,0,커피밀크쉐이크 먹었습니다~ 🐻
Reenfldos,햄버거,예약 없이 이용,대기 시간 바로 입장,친목,친구,음식이 맛있어요,0,0,0,0,지못미가되 ˶ᵔ ᵕ ᵔ˶
Reenfldos,돈가스,예약 없이 이용,대기 시간 바로 입장,친목,친구,음식이 맛있어요,0,0,0,0,사장님이 친절하고 음식이 맛있어요 ˶ᵔ ᵕ ᵔ˶
Reenfldos,달볶이,예약 없이 이용,대기 시간 바로 입장,0,0,음식이 맛있어요,0,0,0,0,아웅 맛있어음료수 놓고 간 거 알려주셔서 감사합니다.. ˶ᵔ ᵕ ᵔ˶
Reenfldos,분식,예약 없이 이용,대기 시간 바로 입장,일상,혼자,음식이 맛있어요,0,0,0,0,참치김밥 중독 돼요
Reenfldos,카페,대기 시간 바로 입장,친목,친구,0,커피가 맛있어요,0,0,0,0,숙대생도 인정하는 커피 맛집 ♡ ……
Reenfldos,일본식라면,예약 없이 이용,대기 시간 바로 입장,친목,친구,친절해요,음식이 맛있어요,재료가 신선해요,특별한 메뉴가 있어요,인테리어가 멋져요,라멘 맛집!!!!!!!!!!!!!!! 오이시쿠나레~
Reenfldos,"카페,디저트",예약 없이 이용,대기 시간 바로 입장,친목,친구,인테리어가 멋져요,대화하기 좋아요,집중하기 좋아요,커피가 맛있어요,디저트가 맛있어요,쥬아요……
Reenfldos,카페,예약 없이 이용,대기 시간 바로 입장,0,0,음료가 맛있어요,0,0,0,0,쿠키밀크쉐이크….얼음이 고루 갈려서 더 맛있어요…
Reenfldos,카페,예약 없이 이용,대기 시간 바로 입장,0,0,음료가 맛있어요,0,0,0,0,최애음료
Reenfldos,카페,예약 없이 이용,대기 시간 바로 입장,0,0,음료가 맛있어요,0,0,0,0,커피밀크쉐이크 먹었습니다~ 🐻
Reenfldos,햄버거,예약 없이 이용,대기 시간 바로 입장,친목,친구,음식이 맛있어요,0,0,0,0,지못미가되 ˶ᵔ ᵕ ᵔ˶
Reenfldos,돈가스,예약 없이 이용,대기 시간 바로 입장,친목,친구,음식이 맛있어요,0,0,0,0,사장님이 친절하고 음식이 맛있어요 ˶ᵔ ᵕ ᵔ˶
Reenfldos,달볶이,예약 없이 이용,대기 시간 바로 입장,0,0,음식이 맛있어요,0,0,0,0,아웅 맛있어음료수 놓고 간 거 알려주셔서 감사합니다.. ˶ᵔ ᵕ ᵔ˶
Reenfldos,분식,예약 없이 이용,대기 시간 바로 입장,일상,혼자,음식이 맛있어요,0,0,0,0,참치김밥 중독 돼요
Reenfldos,카페,대기 시간 바로 입장,친목,친구,0,커피가 맛있어요,0,0,0,0,숙대생도 인정하는 커피 맛집 ♡ ……
Reenfldos,일본식라면,예약 없이 이용,대기 시간 바로 입장,친목,친구,친절해요,음식이 맛있어요,재료가 신선해요,특별한 메뉴가 있어요,인테리어가 멋져요,라멘 맛집!!!!!!!!!!!!!!! 오이시쿠나레~
Reenfldos,"카페,디저트",예약 없이 이용,대기 시간 바로 입장,친목,친구,인테리어가 멋져요,대화하기 좋아요,집중하기 좋아요,커피가 맛있어요,디저트가 맛있어요,쥬아요……
Reenfldos,카페,예약 없이 이용,대기 시간 바로 입장,0,0,음료가 맛있어요,0,0,0,0,쿠키밀크쉐이크….얼음이 고루 갈려서 더 맛있어요…
Reenfldos,카페,예약 없이 이용,대기 시간 바로 입장,0,0,음료가 맛있어요,0,0,0,0,최애음료
Reenfldos,카페,예약 없이 이용,대기 시간 바로 입장,0,0,음료가 맛있어요,0,0,0,0,커피밀크쉐이크 먹었습니다~ 🐻
Reenfldos,햄버거,예약 없이 이용,대기 시간 바로 입장,친목,친구,음식이 맛있어요,0,0,0,0,지못미가되 ˶ᵔ ᵕ ᵔ˶
Reenfldos,돈가스,예약 없이 이용,대기 시간 바로 입장,친목,친구,음식이 맛있어요,0,0,0,0,사장님이 친절하고 음식이 맛있어요 ˶ᵔ ᵕ ᵔ˶
Reenfldos,달볶이,예약 없이 이용,대기 시간 바로 입장,0,0,음식이 맛있어요,0,0,0,0,아웅 맛있어음료수 놓고 간 거 알려주셔서 감사합니다.. ˶ᵔ ᵕ ᵔ˶
Reenfldos,분식,예약 없이 이용,대기 시간 바로 입장,일상,혼자,음식이 맛있어요,0,0,0,0,참치김밥 중독 돼요
Reenfldos,카페,대기 시간 바로 입장,친목,친구,0,커피가 맛있어요,0,0,0,0,숙대생도 인정하는 커피 맛집 ♡ ……
Reenfldos,일본식라면,예약 없이 이용,대기 시간 바로 입장,친목,친구,친절해요,음식이 맛있어요,재료가 신선해요,특별한 메뉴가 있어요,인테리어가 멋져요,라멘 맛집!!!!!!!!!!!!!!! 오이시쿠나레~
Reenfldos,"카페,디저트",예약 없이 이용,대기 시간 바로 입장,친목,친구,인테리어가 멋져요,대화하기 좋아요,집중하기 좋아요,커피가 맛있어요,디저트가 맛있어요,쥬아요……
Reenfldos,카페,예약 없이 이용,대기 시간 바로 입장,0,0,음료가 맛있어요,0,0,0,0,쿠키밀크쉐이크….얼음이 고루 갈려서 더 맛있어요…
Reenfldos,카페,예약 없이 이용,대기 시간 바로 입장,0,0,음료가 맛있어요,0,0,0,0,최애음료
Reenfldos,카페,예약 없이 이용,대기 시간 바로 입장,0,0,음료가 맛있어요,0,0,0,0,커피밀크쉐이크 먹었습니다~ 🐻
Reenfldos,햄버거,예약 없이 이용,대기 시간 바로 입장,친목,친구,음식이 맛있어요,0,0,0,0,지못미가되 ˶ᵔ ᵕ ᵔ˶
Reenfldos,돈가스,예약 없이 이용,대기 시간 바로 입장,친목,친구,음식이 맛있어요,0,0,0,0,사장님이 친절하고 음식이 맛있어요 ˶ᵔ ᵕ ᵔ˶
Reenfldos,달볶이,예약 없이 이용,대기 시간 바로 입장,0,0,음식이 맛있어요,0,0,0,0,아웅 맛있어음료수 놓고 간 거 알려주셔서 감사합니다.. ˶ᵔ ᵕ ᵔ˶
Reenfldos,분식,예약 없이 이용,대기 시간 바로 입장,일상,혼자,음식이 맛있어요,0,0,0,0,참치김밥 중독 돼요
Reenfldos,카페,대기 시간 바로 입장,친목,친구,0,커피가 맛있어요,0,0,0,0,숙대생도 인정하는 커피 맛집 ♡ ……
Reenfldos,일본식라면,예약 없이 이용,대기 시간 바로 입장,친목,친구,친절해요,음식이 맛있어요,재료가 신선해요,특별한 메뉴가 있어요,인테리어가 멋져요,라멘 맛집!!!!!!!!!!!!!!! 오이시쿠나레~
Reenfldos,"카페,디저트",예약 없이 이용,대기 시간 바로 입장,친목,친구,인테리어가 멋져요,대화하기 좋아요,집중하기 좋아요,커피가 맛있어요,디저트가 맛있어요,쥬아요……
