﻿nickname,restaurant,reservation,waiting,purpose,withwho,tagging_1,tagging_2,tagging_3,tagging_4,tagging_5,content
iamimmm,"족발,보쌈",예약 후 이용,대기 시간 바로 입장,데이트,연인・배우자,음식이 맛있어요,0,0,0,0,2900원짜리 족발이 어딨냐구요ㅠㅠ 진짜 가성비 미쳤고 맛도 미쳤음 돌판이라 오랫동안 따뜻하게 먹을 수 있어서 더 좋았고 순살 족발후라이드는 또 뭔가여.. 너무 맛있잖아….. 비빔막국수랑 주먹밥도 양이 어마무시함👍🏻 기본서비스로 칼칼한 순두부찌개 나오는것도 너무 좋고 특히 무말랭이가 미친놈임🤦🏻‍♀️
iamimmm,"맥주,호프",예약 후 이용,대기 시간 바로 입장,데이트,연인・배우자,음식이 맛있어요,특별한 메뉴가 있어요,단체모임 하기 좋아요,매장이 넓어요,친절해요,바다 그 자체🩵 모든 안주가 다 싱싱하고 맛있음 특히 백합전골 칼국수 육수 미쳤고 떡볶이도 미쳤음.. 강남 한복판인데 소주가격이 4900원 실화냐구요 소주파들 여기 진짜 헤쳐모여야합니다 얼음생맥주도 근본 그자체🍺 단체모임 회식하기도 좋고 100명 대관도 가능!
iamimmm,요리주점,예약 후 이용,대기 시간 바로 입장,친목,친구,대화하기 좋아요,음식이 맛있어요,기본 안주가 좋아요,술이 다양해요,특별한 메뉴가 있어요,냉수육 처음 먹어봤는데 ㅘ.. 진짜 맛있음… 새콤상콤.. 이제 온수육보다 냉수육 먹을래ㅠㅠㅠ 들기름막국수도 너무 고소하고 맛있고 상콤한 냉수육을 고소한 들기름막국수에 싸먹으면 진짜 맛있더라구요 꿀팁입니다!
iamimmm,정육식당,예약 후 이용,대기 시간 바로 입장,가족모임,부모님,매장이 넓어요,단체모임 하기 좋아요,음식이 맛있어요,고기 질이 좋아요,가성비가 좋아요,두동이 벚꽃명소 단풍명소이기도해서 드라이브 갔다가 가성비 좋고 맛있는 고기먹기 너무 좋은곳! 실내가 엄청 넓어서 단체 가족모임하기도 좋고 고기는 물론이고 찌개 육회비빔밥도 다 맛있음👍🏻
iamimmm,닭갈비,예약 후 이용,대기 시간 바로 입장,데이트,연인・배우자,음식이 맛있어요,재료가 신선해요,반려동물과 가기 좋아요,단체모임 하기 좋아요,야외공간이 멋져요,신림 야장으로 미쳤어요!!!!! 게다가 야외테라스에는 반려동물 동반도 가능함👍🏻 닭갈비가 냉동이 아니라 국내산 생닭고기라서 그런지 너무 야들야들하고 잡내도 1도 안남 온국수도 순두부찌개도 다 맛있네요ㅠㅠㅠ
iamimmm,양식,예약 후 이용,대기 시간 바로 입장,친목,친구,매장이 넓어요,단체모임 하기 좋아요,야외공간이 멋져요,음식이 맛있어요,특별한 날 가기 좋아요,요즘같이 선선한 날씨에 야외테라스에 앉아서 먹으면 너무 좋음👍🏻 실내가 진짜 넓어서 모임하기 최고! 역시 남포동 돈까스 맛집답게 돈까스는 말해뭐해..ㅠㅠ 함박 스테이크도 진짜 맛있어서 추천합니다!
iamimmm,바(BAR),예약 후 이용,대기 시간 바로 입장,친목,친구,특별한 날 가기 좋아요,술이 다양해요,인테리어가 멋져요,음악이 좋아요,매장이 넓어요,"진심 분위기 미챠쓰요…… 카페같기도 레스토랑같이도한 와인바 ㅠㅠㅠ 음식도 맛있고 분위기가 좋아서 음식맛도 더 있는듯ㅋㅋㅋ 특별한날 데이트하기도 좋고 금,토는 디제잉도 볼 수 있어서 친구들이랑 가기도 너무 좋음!"
iamimmm,"일식튀김,꼬치",예약 없이 이용,대기 시간 바로 입장,친목,친구,특별한 날 가기 좋아요,인테리어가 멋져요,아늑해요,대화하기 좋아요,혼술하기 좋아요,걍 내 최애 말모🫶🏻
iamimmm,요리주점,예약 후 이용,대기 시간 바로 입장,친목,친구,음악이 좋아요,친절해요,룸이 잘 되어있어요,음식이 맛있어요,라이브공연이 훌륭해요,"분위기가 너무 좋고 프라이빗 룸도 있어서 모임이나 회식하기도 좋을듯! 보통 금,토에 라이브 공연을 하는데 담번엔 꼭 공연보면서 술마셔야지ㅠㅠㅠ 안주도 다 너무 맛있었던 지트👍🏻"
iamimmm,생선회,예약 후 이용,대기 시간 바로 입장,친목,친구,음식이 맛있어요,재료가 신선해요,가성비가 좋아요,메뉴 구성이 알차요,친절해요,회도 저렴한데 기본서비스로 나오는 퀄리티 보십셔…. 진짜 미친집임 나오는 모든 음식이 다 맛있고 회도 신선하고 걍 가성비 오지는 횟집!!!
iamimmm,양식,예약 후 이용,대기 시간 바로 입장,가족모임,부모님,인테리어가 멋져요,뷰가 좋아요,야외공간이 멋져요,주차하기 편해요,음식이 맛있어요,야외마당이 너무좋고 작천정 벚꽃길 시작점에 위치해있어서 위치 미쳤음 봄되면 여기 완전 벚꽃명소ㅠㅠㅠ 그리고 무엇보다 음식이.. 진짜 하나같이 다ㅏㅏㅏ 맛있음 부모님도 너무 맛있게 잘드셨고 우리 모두의 원픽은 통오징어먹물리조또!!! 오일파스타도 미쳤고ㅠㅠㅠ 걍 다 맛있음..👍🏻
iamimmm,감자탕,예약 후 이용,대기 시간 바로 입장,친목,친구,매장이 넓어요,단체모임 하기 좋아요,음식이 맛있어요,특별한 메뉴가 있어요,매장이 청결해요,간장뼈찜은 처음인데 너ㅓㅓㅓㅓ무 맛있음!!! 기본으로 당면사리가 들어있지만 사리귀신이라 우동도 추가해서 사리 대환장파티 ㅋㅋㅋ 소자 기준으로 큼지막한 등뼈가 4개 들어있고 살이 진짜 많이 붙어있고 밥으로도 좋지만 안주로도 최고👍🏻
iamimmm,중식당,예약 없이 이용,대기 시간 바로 입장,친목,친구,매장이 넓어요,혼밥하기 좋아요,단체모임 하기 좋아요,주차하기 편해요,음식이 맛있어요,2차로 술마시러 가기도 좋아요! 짬뽕 국물 개칼칼
iamimmm,"족발,보쌈",예약 후 이용,대기 시간 바로 입장,친목,친구,매장이 넓어요,단체모임 하기 좋아요,음식이 맛있어요,특별한 메뉴가 있어요,잡내가 적어요,마늘족발 미친놈임……. 진짜 맛있어요!!!!! 평일인데 그 넓은 매장이 만석인 이유가 있었음 ㅠㅠㅠ 촉촉 야들 난리났고 마늘소스 너무 맛있..👍🏻👍🏻👍🏻 그리고 메인을 주문하면 우거지감자탕이랑 막국수가 서비스로 나오다뇨.. 진짜 심각함…….. 서비스인데 양도 많고 무엇보다 걍 맛있음! 매장이 넓어서 단체모임 단체회식하는 분들이 많았고 가족외식하기도 너무 좋을듯!
iamimmm,요리주점,예약 후 이용,대기 시간 바로 입장,데이트,연인・배우자,음식이 맛있어요,기본 안주가 좋아요,술이 다양해요,뷰가 좋아요,매장이 넓어요,어마무시한 뷰맛집.. 심지어 저게 벚나무라니!!! 봄 벚꽃시즌에 무조건 재방문 각!!! 벚꽃명소가 바로 여기였음 ㅠㅠㅠ 게다가 음식도 하나같이 다 맛있어서 기절입니다 점심도 가능한 술집이라 낮술도 쌉가능👍🏻
iamimmm,요리주점,예약 후 이용,대기 시간 바로 입장,데이트,연인・배우자,음식이 맛있어요,기본 안주가 좋아요,인테리어가 멋져요,대화하기 좋아요,친절해요,대패칼비빔면에 육회 조합 굿👍🏻 비빔면에 육회 올려먹으니 훨씬 맛있네욤 인테리어 너무 깔끔하고 깨끗해서 너무 좋았고 직원분이 엄청 친절하셔서 더 좋았어요🫶🏻
iamimmm,닭볶음탕,예약 없이 이용,대기 시간 바로 입장,데이트,연인・배우자,아늑해요,음식이 맛있어요,특별한 메뉴가 있어요,0,0,인스타에서 오징어덮채 영상에 꽂혀서 당장 달려갔는데 와.. 진짜 맛있었음…………👍🏻👍🏻👍🏻
iamimmm,일식당,예약 없이 이용,대기 시간 바로 입장,데이트,연인・배우자,음식이 맛있어요,가성비가 좋아요,메뉴 구성이 알차요,아늑해요,0,신림에 이런 가성비 오지는 횟집이 있었다니!! 나만 이제 알았네.. 회 중자에 소주에 매운탕에 사리까지 넣어도 5만원대 실화?
iamimmm,이자카야,예약 후 이용,대기 시간 바로 입장,친목,친구,인테리어가 멋져요,대화하기 좋아요,혼술하기 좋아요,음식이 맛있어요,매장이 청결해요,이미 들어가고싶게 생긴 입구💚 분위기 너무 좋고 아늑한 바 자리도 있어서 두명 오거나 혼술할때 바 자리 추천! 안주도 하나같이 다 맛있는데 친구랑 둘다 원픽은 삿포로 스프커리!!! 존맛.. 먹자마자 바로 공기밥 추가..ㅋㅋㅋ 다른 안주도 다 무조건 맛있을듯!
iamimmm,"육류,고기요리",예약 후 이용,대기 시간 바로 입장,친목,친구,음식이 맛있어요,재료가 신선해요,반찬이 잘 나와요,친절해요,주차하기 편해요,전복해물버터찜 이 메뉴 처음 먹어보는데 진짜 너ㅓㅓㅓㅓㅓㅓ무 맛있음…….. 버터향 미쳤고 간도 어케 이렇게 딱맞는지 반찬들도 다 맛있고 된찌도 맛있고 걍 다 존맛 ㅠㅠ 그리고 전복해물버터찜 먹고나서 남은 소스에 무조건 밥 비벼야합니다!!!!! 무. 조. 건.
iamimmm,"일식튀김,꼬치",예약 없이 이용,대기 시간 바로 입장,데이트,연인・배우자,친절해요,대화하기 좋아요,혼술하기 좋아요,음식이 맛있어요,반찬이 잘 나와요,최애라고 말하기도 이젠 입아플지경🫶🏻👍🏻
iamimmm,중식당,예약 없이 이용,대기 시간 바로 입장,데이트,연인・배우자,음식이 맛있어요,혼밥하기 좋아요,아늑해요,0,0,진짜 존맛…… 사천간짜장 존맛이고 잡채밥 미친놈이고 탕수육도 맛있었음 할머니 혼자하셔서 음식나오기까지는 시간 조금 걸리니 여유있게 방문하세요 그리고 위생에 민감하신 분들께는 추천하지 않을게요 아무래도 할머니 혼자 하시다보니..ㅋㅋㅋ 눈감아.. 흐린눈 장착ㅋㅋㅋ 저는 민감하지 않아서 괜찮았고 음식 먹자마자 걍 다 잊음 그정도로 맛있ㅋㅋㅋ
iamimmm,"육류,고기요리",예약 없이 이용,대기 시간 10분 이내 ,데이트,연인・배우자,매장이 넓어요,단체모임 하기 좋아요,음식이 맛있어요,반찬이 잘 나와요,0,늦은밤시간에도 사람이 많았다 고기도 계란찜도 김치말이국수도 볶음밥도 다 맛있었는데 바쁘셔서 그런지 빈자리들이 있음에도 빨리 치워지지 않아서 계속 대기를 했고 요청사항도 주방에 전달하시는건 들었는데 결국 반영되지 않은채로 나왔다 ㅋㅋ 뭐 많이 바쁘셔서 그랬던듯..ㅋㅋ 그래도 고기랑 사이드 다 맛있었음!
iamimmm,"족발,보쌈",예약 후 이용,대기 시간 바로 입장,데이트,연인・배우자,음식이 맛있어요,0,0,0,0,2900원짜리 족발이 어딨냐구요ㅠㅠ 진짜 가성비 미쳤고 맛도 미쳤음 돌판이라 오랫동안 따뜻하게 먹을 수 있어서 더 좋았고 순살 족발후라이드는 또 뭔가여.. 너무 맛있잖아….. 비빔막국수랑 주먹밥도 양이 어마무시함👍🏻 기본서비스로 칼칼한 순두부찌개 나오는것도 너무 좋고 특히 무말랭이가 미친놈임🤦🏻‍♀️
iamimmm,"맥주,호프",예약 후 이용,대기 시간 바로 입장,데이트,연인・배우자,음식이 맛있어요,특별한 메뉴가 있어요,단체모임 하기 좋아요,매장이 넓어요,친절해요,바다 그 자체🩵 모든 안주가 다 싱싱하고 맛있음 특히 백합전골 칼국수 육수 미쳤고 떡볶이도 미쳤음.. 강남 한복판인데 소주가격이 4900원 실화냐구요 소주파들 여기 진짜 헤쳐모여야합니다 얼음생맥주도 근본 그자체🍺 단체모임 회식하기도 좋고 100명 대관도 가능!
iamimmm,요리주점,예약 후 이용,대기 시간 바로 입장,친목,친구,대화하기 좋아요,음식이 맛있어요,기본 안주가 좋아요,술이 다양해요,특별한 메뉴가 있어요,냉수육 처음 먹어봤는데 ㅘ.. 진짜 맛있음… 새콤상콤.. 이제 온수육보다 냉수육 먹을래ㅠㅠㅠ 들기름막국수도 너무 고소하고 맛있고 상콤한 냉수육을 고소한 들기름막국수에 싸먹으면 진짜 맛있더라구요 꿀팁입니다!
iamimmm,정육식당,예약 후 이용,대기 시간 바로 입장,가족모임,부모님,매장이 넓어요,단체모임 하기 좋아요,음식이 맛있어요,고기 질이 좋아요,가성비가 좋아요,두동이 벚꽃명소 단풍명소이기도해서 드라이브 갔다가 가성비 좋고 맛있는 고기먹기 너무 좋은곳! 실내가 엄청 넓어서 단체 가족모임하기도 좋고 고기는 물론이고 찌개 육회비빔밥도 다 맛있음👍🏻
iamimmm,닭갈비,예약 후 이용,대기 시간 바로 입장,데이트,연인・배우자,음식이 맛있어요,재료가 신선해요,반려동물과 가기 좋아요,단체모임 하기 좋아요,야외공간이 멋져요,신림 야장으로 미쳤어요!!!!! 게다가 야외테라스에는 반려동물 동반도 가능함👍🏻 닭갈비가 냉동이 아니라 국내산 생닭고기라서 그런지 너무 야들야들하고 잡내도 1도 안남 온국수도 순두부찌개도 다 맛있네요ㅠㅠㅠ
iamimmm,양식,예약 후 이용,대기 시간 바로 입장,친목,친구,매장이 넓어요,단체모임 하기 좋아요,야외공간이 멋져요,음식이 맛있어요,특별한 날 가기 좋아요,요즘같이 선선한 날씨에 야외테라스에 앉아서 먹으면 너무 좋음👍🏻 실내가 진짜 넓어서 모임하기 최고! 역시 남포동 돈까스 맛집답게 돈까스는 말해뭐해..ㅠㅠ 함박 스테이크도 진짜 맛있어서 추천합니다!
iamimmm,바(BAR),예약 후 이용,대기 시간 바로 입장,친목,친구,특별한 날 가기 좋아요,술이 다양해요,인테리어가 멋져요,음악이 좋아요,매장이 넓어요,"진심 분위기 미챠쓰요…… 카페같기도 레스토랑같이도한 와인바 ㅠㅠㅠ 음식도 맛있고 분위기가 좋아서 음식맛도 더 있는듯ㅋㅋㅋ 특별한날 데이트하기도 좋고 금,토는 디제잉도 볼 수 있어서 친구들이랑 가기도 너무 좋음!"
iamimmm,"일식튀김,꼬치",예약 없이 이용,대기 시간 바로 입장,친목,친구,특별한 날 가기 좋아요,인테리어가 멋져요,아늑해요,대화하기 좋아요,혼술하기 좋아요,걍 내 최애 말모🫶🏻
iamimmm,요리주점,예약 후 이용,대기 시간 바로 입장,친목,친구,음악이 좋아요,친절해요,룸이 잘 되어있어요,음식이 맛있어요,라이브공연이 훌륭해요,"분위기가 너무 좋고 프라이빗 룸도 있어서 모임이나 회식하기도 좋을듯! 보통 금,토에 라이브 공연을 하는데 담번엔 꼭 공연보면서 술마셔야지ㅠㅠㅠ 안주도 다 너무 맛있었던 지트👍🏻"
iamimmm,생선회,예약 후 이용,대기 시간 바로 입장,친목,친구,음식이 맛있어요,재료가 신선해요,가성비가 좋아요,메뉴 구성이 알차요,친절해요,회도 저렴한데 기본서비스로 나오는 퀄리티 보십셔…. 진짜 미친집임 나오는 모든 음식이 다 맛있고 회도 신선하고 걍 가성비 오지는 횟집!!!
iamimmm,양식,예약 후 이용,대기 시간 바로 입장,가족모임,부모님,인테리어가 멋져요,뷰가 좋아요,야외공간이 멋져요,주차하기 편해요,음식이 맛있어요,야외마당이 너무좋고 작천정 벚꽃길 시작점에 위치해있어서 위치 미쳤음 봄되면 여기 완전 벚꽃명소ㅠㅠㅠ 그리고 무엇보다 음식이.. 진짜 하나같이 다ㅏㅏㅏ 맛있음 부모님도 너무 맛있게 잘드셨고 우리 모두의 원픽은 통오징어먹물리조또!!! 오일파스타도 미쳤고ㅠㅠㅠ 걍 다 맛있음..👍🏻
iamimmm,감자탕,예약 후 이용,대기 시간 바로 입장,친목,친구,매장이 넓어요,단체모임 하기 좋아요,음식이 맛있어요,특별한 메뉴가 있어요,매장이 청결해요,간장뼈찜은 처음인데 너ㅓㅓㅓㅓ무 맛있음!!! 기본으로 당면사리가 들어있지만 사리귀신이라 우동도 추가해서 사리 대환장파티 ㅋㅋㅋ 소자 기준으로 큼지막한 등뼈가 4개 들어있고 살이 진짜 많이 붙어있고 밥으로도 좋지만 안주로도 최고👍🏻
iamimmm,중식당,예약 없이 이용,대기 시간 바로 입장,친목,친구,매장이 넓어요,혼밥하기 좋아요,단체모임 하기 좋아요,주차하기 편해요,음식이 맛있어요,2차로 술마시러 가기도 좋아요! 짬뽕 국물 개칼칼
iamimmm,"족발,보쌈",예약 후 이용,대기 시간 바로 입장,친목,친구,매장이 넓어요,단체모임 하기 좋아요,음식이 맛있어요,특별한 메뉴가 있어요,잡내가 적어요,마늘족발 미친놈임……. 진짜 맛있어요!!!!! 평일인데 그 넓은 매장이 만석인 이유가 있었음 ㅠㅠㅠ 촉촉 야들 난리났고 마늘소스 너무 맛있..👍🏻👍🏻👍🏻 그리고 메인을 주문하면 우거지감자탕이랑 막국수가 서비스로 나오다뇨.. 진짜 심각함…….. 서비스인데 양도 많고 무엇보다 걍 맛있음! 매장이 넓어서 단체모임 단체회식하는 분들이 많았고 가족외식하기도 너무 좋을듯!
iamimmm,요리주점,예약 후 이용,대기 시간 바로 입장,데이트,연인・배우자,음식이 맛있어요,기본 안주가 좋아요,술이 다양해요,뷰가 좋아요,매장이 넓어요,어마무시한 뷰맛집.. 심지어 저게 벚나무라니!!! 봄 벚꽃시즌에 무조건 재방문 각!!! 벚꽃명소가 바로 여기였음 ㅠㅠㅠ 게다가 음식도 하나같이 다 맛있어서 기절입니다 점심도 가능한 술집이라 낮술도 쌉가능👍🏻
iamimmm,요리주점,예약 후 이용,대기 시간 바로 입장,데이트,연인・배우자,음식이 맛있어요,기본 안주가 좋아요,인테리어가 멋져요,대화하기 좋아요,친절해요,대패칼비빔면에 육회 조합 굿👍🏻 비빔면에 육회 올려먹으니 훨씬 맛있네욤 인테리어 너무 깔끔하고 깨끗해서 너무 좋았고 직원분이 엄청 친절하셔서 더 좋았어요🫶🏻
iamimmm,닭볶음탕,예약 없이 이용,대기 시간 바로 입장,데이트,연인・배우자,아늑해요,음식이 맛있어요,특별한 메뉴가 있어요,0,0,인스타에서 오징어덮채 영상에 꽂혀서 당장 달려갔는데 와.. 진짜 맛있었음…………👍🏻👍🏻👍🏻
iamimmm,일식당,예약 없이 이용,대기 시간 바로 입장,데이트,연인・배우자,음식이 맛있어요,가성비가 좋아요,메뉴 구성이 알차요,아늑해요,0,신림에 이런 가성비 오지는 횟집이 있었다니!! 나만 이제 알았네.. 회 중자에 소주에 매운탕에 사리까지 넣어도 5만원대 실화?
iamimmm,이자카야,예약 후 이용,대기 시간 바로 입장,친목,친구,인테리어가 멋져요,대화하기 좋아요,혼술하기 좋아요,음식이 맛있어요,매장이 청결해요,이미 들어가고싶게 생긴 입구💚 분위기 너무 좋고 아늑한 바 자리도 있어서 두명 오거나 혼술할때 바 자리 추천! 안주도 하나같이 다 맛있는데 친구랑 둘다 원픽은 삿포로 스프커리!!! 존맛.. 먹자마자 바로 공기밥 추가..ㅋㅋㅋ 다른 안주도 다 무조건 맛있을듯!
iamimmm,"육류,고기요리",예약 후 이용,대기 시간 바로 입장,친목,친구,음식이 맛있어요,재료가 신선해요,반찬이 잘 나와요,친절해요,주차하기 편해요,전복해물버터찜 이 메뉴 처음 먹어보는데 진짜 너ㅓㅓㅓㅓㅓㅓ무 맛있음…….. 버터향 미쳤고 간도 어케 이렇게 딱맞는지 반찬들도 다 맛있고 된찌도 맛있고 걍 다 존맛 ㅠㅠ 그리고 전복해물버터찜 먹고나서 남은 소스에 무조건 밥 비벼야합니다!!!!! 무. 조. 건.
iamimmm,"일식튀김,꼬치",예약 없이 이용,대기 시간 바로 입장,데이트,연인・배우자,친절해요,대화하기 좋아요,혼술하기 좋아요,음식이 맛있어요,반찬이 잘 나와요,최애라고 말하기도 이젠 입아플지경🫶🏻👍🏻
iamimmm,중식당,예약 없이 이용,대기 시간 바로 입장,데이트,연인・배우자,음식이 맛있어요,혼밥하기 좋아요,아늑해요,0,0,진짜 존맛…… 사천간짜장 존맛이고 잡채밥 미친놈이고 탕수육도 맛있었음 할머니 혼자하셔서 음식나오기까지는 시간 조금 걸리니 여유있게 방문하세요 그리고 위생에 민감하신 분들께는 추천하지 않을게요 아무래도 할머니 혼자 하시다보니..ㅋㅋㅋ 눈감아.. 흐린눈 장착ㅋㅋㅋ 저는 민감하지 않아서 괜찮았고 음식 먹자마자 걍 다 잊음 그정도로 맛있ㅋㅋㅋ
iamimmm,"육류,고기요리",예약 없이 이용,대기 시간 10분 이내 ,데이트,연인・배우자,매장이 넓어요,단체모임 하기 좋아요,음식이 맛있어요,반찬이 잘 나와요,0,늦은밤시간에도 사람이 많았다 고기도 계란찜도 김치말이국수도 볶음밥도 다 맛있었는데 바쁘셔서 그런지 빈자리들이 있음에도 빨리 치워지지 않아서 계속 대기를 했고 요청사항도 주방에 전달하시는건 들었는데 결국 반영되지 않은채로 나왔다 ㅋㅋ 뭐 많이 바쁘셔서 그랬던듯..ㅋㅋ 그래도 고기랑 사이드 다 맛있었음!
iamimmm,"족발,보쌈",예약 후 이용,대기 시간 바로 입장,데이트,연인・배우자,음식이 맛있어요,0,0,0,0,2900원짜리 족발이 어딨냐구요ㅠㅠ 진짜 가성비 미쳤고 맛도 미쳤음 돌판이라 오랫동안 따뜻하게 먹을 수 있어서 더 좋았고 순살 족발후라이드는 또 뭔가여.. 너무 맛있잖아….. 비빔막국수랑 주먹밥도 양이 어마무시함👍🏻 기본서비스로 칼칼한 순두부찌개 나오는것도 너무 좋고 특히 무말랭이가 미친놈임🤦🏻‍♀️
iamimmm,"맥주,호프",예약 후 이용,대기 시간 바로 입장,데이트,연인・배우자,음식이 맛있어요,특별한 메뉴가 있어요,단체모임 하기 좋아요,매장이 넓어요,친절해요,바다 그 자체🩵 모든 안주가 다 싱싱하고 맛있음 특히 백합전골 칼국수 육수 미쳤고 떡볶이도 미쳤음.. 강남 한복판인데 소주가격이 4900원 실화냐구요 소주파들 여기 진짜 헤쳐모여야합니다 얼음생맥주도 근본 그자체🍺 단체모임 회식하기도 좋고 100명 대관도 가능!
iamimmm,요리주점,예약 후 이용,대기 시간 바로 입장,친목,친구,대화하기 좋아요,음식이 맛있어요,기본 안주가 좋아요,술이 다양해요,특별한 메뉴가 있어요,냉수육 처음 먹어봤는데 ㅘ.. 진짜 맛있음… 새콤상콤.. 이제 온수육보다 냉수육 먹을래ㅠㅠㅠ 들기름막국수도 너무 고소하고 맛있고 상콤한 냉수육을 고소한 들기름막국수에 싸먹으면 진짜 맛있더라구요 꿀팁입니다!
iamimmm,정육식당,예약 후 이용,대기 시간 바로 입장,가족모임,부모님,매장이 넓어요,단체모임 하기 좋아요,음식이 맛있어요,고기 질이 좋아요,가성비가 좋아요,두동이 벚꽃명소 단풍명소이기도해서 드라이브 갔다가 가성비 좋고 맛있는 고기먹기 너무 좋은곳! 실내가 엄청 넓어서 단체 가족모임하기도 좋고 고기는 물론이고 찌개 육회비빔밥도 다 맛있음👍🏻
