﻿nickname,restaurant,reservation,waiting,purpose,withwho,tagging_1,tagging_2,tagging_3,tagging_4,tagging_5,content
Junns,양식,예약 후 이용,대기 시간 바로 입장,친목,친구,음식이 맛있어요,0,0,0,0,맛있게 먹고 가용
Junns,"카페,디저트",예약 없이 이용,데이트,연인・배우자,0,사진이 잘 나와요,커피가 맛있어요,디저트가 맛있어요,음료가 맛있어요,특별한 메뉴가 있어요,"서울 앵무새는 유명한 시나몬롤집입니다.여러가지 맛의 시나몬롤과 퀸아망,,,,  너무 맛있어용"
Junns,"멕시코,남미음식",예약 없이 이용,대기 시간 바로 입장,데이트,연인・배우자,매장이 넓어요,음식이 맛있어요,재료가 신선해요,양이 많아요,특별한 메뉴가 있어요,풍미 깊은 버섯 크림 파스타랑 한국 느낌의 엔칠라다 맛잇게 먹었습니다!
Junns,"카페,디저트",예약 없이 이용,대기 시간 바로 입장,데이트,연인・배우자,커피가 맛있어요,음료가 맛있어요,사진이 잘 나와요,대화하기 좋아요,0,동네에서 젤 좋은 카페
Junns,돼지고기구이,예약 후 이용,대기 시간 바로 입장,친목,친구,단체모임 하기 좋아요,음식이 맛있어요,고기 질이 좋아요,양이 많아요,0,오겹살 맛있게 먹고왔습니당~
Junns,"찌개,전골",예약 없이 이용,대기 시간 바로 입장,데이트,연인・배우자,음식이 맛있어요,재료가 신선해요,양이 많아요,가성비가 좋아요,건강한 맛이에요,"건강한 한식을 먹고싶어서 왔습니다.반찬,  음식 전부 맛있었어요~"
Junns,"카페,디저트",예약 없이 이용,대기 시간 바로 입장,데이트,연인・배우자,커피가 맛있어요,디저트가 맛있어요,음료가 맛있어요,특별한 메뉴가 있어요,0,분위기 좋은 반지하 카페
Junns,피자,예약 없이 이용,대기 시간 바로 입장,데이트,연인・배우자,음식이 맛있어요,양이 많아요,특별한 메뉴가 있어요,인테리어가 멋져요,아늑해요,진짜 뉴욕 스타일 피자얇고 크리스피하 도우가 넘 맛있어요
Junns,"카페,디저트",예약 없이 이용,대기 시간 바로 입장,데이트,연인・배우자,커피가 맛있어요,디저트가 맛있어요,음료가 맛있어요,인테리어가 멋져요,사진이 잘 나와요,좋은 분위기에서 맛있는 커피 마셨습니다.
Junns,"족발,보쌈",예약 후 이용,대기 시간 바로 입장,친목,친구,음식이 맛있어요,고기 질이 좋아요,양이 많아요,매장이 넓어요,단체모임 하기 좋아요,냉채족발 가장 맛있게 하는 집!맛있는 음식 먹으면서 좋은 시간 보냈습니다~
Junns,"아귀찜,해물찜",예약 없이 이용,대기 시간 바로 입장,데이트,연인・배우자,음식이 맛있어요,양이 많아요,매장이 넓어요,단체모임 하기 좋아요,0,동네에 이런 아구찜 맛집 있어서 정말 좋네요~
Junns,"카페,디저트",예약 없이 이용,대기 시간 바로 입장,데이트,연인・배우자,커피가 맛있어요,디저트가 맛있어요,음료가 맛있어요,특별한 메뉴가 있어요,인테리어가 멋져요,이렇게 넓고 좋은 한옥 카페가 있어서 좋았습니다.
Junns,베이커리,예약 없이 이용,대기 시간 바로 입장,친목,친구,인테리어가 멋져요,대화하기 좋아요,빵이 맛있어요,커피가 맛있어요,음료가 맛있어요,압구정 로데오 단골 카페
Junns,일식당,예약 후 이용,대기 시간 바로 입장,친목,친구,음식이 맛있어요,재료가 신선해요,양이 많아요,매장이 넓어요,단체모임 하기 좋아요,한국에서 느끼는 나고야식 장어덮밥 히츠마부시.나고야에서 먹었단 맛 그대로라서 너무 좋았습니다.
Junns,양식,예약 후 이용,대기 시간 바로 입장,친목,지인・동료,단체모임 하기 좋아요,아늑해요,음식이 맛있어요,양이 많아요,특별한 메뉴가 있어요,단체 모임을 정말 만족스럽게 하고 왔습니다.인원수가 많아서 미리 주문을 받아주셔서 요리가 금방 나왔습니다.아늑하면서도 단체모임하기 너무 좋았어요~
Junns,"육류,고기요리",예약 후 이용,대기 시간 바로 입장,일상,친구,인테리어가 멋져요,음식이 맛있어요,고기 질이 좋아요,비싼 만큼 가치있어요,0,"정말 좋은 시간 가지고 갔습니다.직접 구워주신 고기가 너무 맛있었고, 분위기도 좋았습니다.콜키지 프리라서 너무 좋았네요."
Junns,프랑스음식,예약 없이 이용,대기 시간 바로 입장,데이트,연인・배우자,음식이 맛있어요,특별한 메뉴가 있어요,인테리어가 멋져요,매장이 넓어요,단체모임 하기 좋아요,"정말 맛있는 프렌치 레스토랑입니다.먹어보고 싶은 메뉴들이 많았고, 주문한 메뉴들은 다 맛있었습니다.분위기도 좋아서 데이트나 모임을 하기에도 좋은 것 같아요."
Junns,이자카야,예약 없이 이용,대기 시간 바로 입장,친목,친구,음식이 맛있어요,인테리어가 멋져요,대화하기 좋아요,0,0,분위기 좋은 우니 맛집
Junns,"카페,디저트",예약 없이 이용,대기 시간 바로 입장,데이트,연인・배우자,인테리어가 멋져요,사진이 잘 나와요,집중하기 좋아요,매장이 넓어요,음료가 맛있어요,매장이 엄청 넓고 깔끔하네요
Junns,돈가스,예약 없이 이용,대기 시간 10분 이내 ,일상,혼자,음식이 맛있어요,재료가 신선해요,특별한 메뉴가 있어요,혼밥하기 좋아요,0,동네에 있는 돈까스 맛집~맛있게 먹고 가요!
Junns,"카페,디저트",예약 없이 이용,대기 시간 바로 입장,데이트,연인・배우자,디저트가 맛있어요,특별한 메뉴가 있어요,대화하기 좋아요,아늑해요,0,요거트 아이스크림은 사과당
Junns,수산물,0,0,0,0,친절해요,신선해요,맛있어요,0,0,싱싱한 전복 두마리 잘 먹고 갑니다.싱싱해서 맛있네요~!
Junns,생선회,포장·배달 이용,대기 시간 바로 입장,데이트,연인・배우자,음식이 맛있어요,재료가 신선해요,양이 많아요,0,0,노량진에서 회는 항상 여기서 먹습니다.오늘도 너무 맛있게 먹었습니다~
Junns,중식당,예약 없이 이용,대기 시간 바로 입장,데이트,연인・배우자,음식이 맛있어요,재료가 신선해요,양이 많아요,특별한 메뉴가 있어요,0,음식이 전반적으로 깔끔해서 좋았습니다.기름지지 않아서 부대끼지 않아서 좋네요.맛도 맛있습니다.
Junns,분식,예약 없이 이용,대기 시간 바로 입장,일상,혼자,음식이 맛있어요,양이 많아요,혼밥하기 좋아요,아늑해요,0,시간이 잠깐 나서 빠르게 먹고 갔어요.음식이 맛잇네요
Junns,"다이어트,샐러드",대기 시간 바로 입장,일상,혼자,0,음식이 맛있어요,재료가 신선해요,0,0,0,신메뉴 맛있게 먹엇습니다.연어는 조금 아쉽네요
Junns,닭발,예약 없이 이용,대기 시간 바로 입장,데이트,연인・배우자,단체모임 하기 좋아요,음식이 맛있어요,양이 많아요,가성비가 좋아요,메뉴 구성이 알차요,동네에 이런 닭발집이!메뉴 구성도 알차고 닭발이 감칠맛나서 너무 맛있게 먹었습니다!오돌뼈 주먹밥 계란찜 전부 양도 많고 맛도 좋아요.!
Junns,양식,예약 후 이용,대기 시간 바로 입장,친목,친구,음식이 맛있어요,0,0,0,0,맛있게 먹고 가용
Junns,"카페,디저트",예약 없이 이용,데이트,연인・배우자,0,사진이 잘 나와요,커피가 맛있어요,디저트가 맛있어요,음료가 맛있어요,특별한 메뉴가 있어요,"서울 앵무새는 유명한 시나몬롤집입니다.여러가지 맛의 시나몬롤과 퀸아망,,,,  너무 맛있어용"
Junns,"멕시코,남미음식",예약 없이 이용,대기 시간 바로 입장,데이트,연인・배우자,매장이 넓어요,음식이 맛있어요,재료가 신선해요,양이 많아요,특별한 메뉴가 있어요,풍미 깊은 버섯 크림 파스타랑 한국 느낌의 엔칠라다 맛잇게 먹었습니다!
Junns,"카페,디저트",예약 없이 이용,대기 시간 바로 입장,데이트,연인・배우자,커피가 맛있어요,음료가 맛있어요,사진이 잘 나와요,대화하기 좋아요,0,동네에서 젤 좋은 카페
Junns,돼지고기구이,예약 후 이용,대기 시간 바로 입장,친목,친구,단체모임 하기 좋아요,음식이 맛있어요,고기 질이 좋아요,양이 많아요,0,오겹살 맛있게 먹고왔습니당~
Junns,"찌개,전골",예약 없이 이용,대기 시간 바로 입장,데이트,연인・배우자,음식이 맛있어요,재료가 신선해요,양이 많아요,가성비가 좋아요,건강한 맛이에요,"건강한 한식을 먹고싶어서 왔습니다.반찬,  음식 전부 맛있었어요~"
Junns,"카페,디저트",예약 없이 이용,대기 시간 바로 입장,데이트,연인・배우자,커피가 맛있어요,디저트가 맛있어요,음료가 맛있어요,특별한 메뉴가 있어요,0,분위기 좋은 반지하 카페
Junns,피자,예약 없이 이용,대기 시간 바로 입장,데이트,연인・배우자,음식이 맛있어요,양이 많아요,특별한 메뉴가 있어요,인테리어가 멋져요,아늑해요,진짜 뉴욕 스타일 피자얇고 크리스피하 도우가 넘 맛있어요
Junns,"카페,디저트",예약 없이 이용,대기 시간 바로 입장,데이트,연인・배우자,커피가 맛있어요,디저트가 맛있어요,음료가 맛있어요,인테리어가 멋져요,사진이 잘 나와요,좋은 분위기에서 맛있는 커피 마셨습니다.
Junns,"족발,보쌈",예약 후 이용,대기 시간 바로 입장,친목,친구,음식이 맛있어요,고기 질이 좋아요,양이 많아요,매장이 넓어요,단체모임 하기 좋아요,냉채족발 가장 맛있게 하는 집!맛있는 음식 먹으면서 좋은 시간 보냈습니다~
Junns,"아귀찜,해물찜",예약 없이 이용,대기 시간 바로 입장,데이트,연인・배우자,음식이 맛있어요,양이 많아요,매장이 넓어요,단체모임 하기 좋아요,0,동네에 이런 아구찜 맛집 있어서 정말 좋네요~
Junns,"카페,디저트",예약 없이 이용,대기 시간 바로 입장,데이트,연인・배우자,커피가 맛있어요,디저트가 맛있어요,음료가 맛있어요,특별한 메뉴가 있어요,인테리어가 멋져요,이렇게 넓고 좋은 한옥 카페가 있어서 좋았습니다.
Junns,베이커리,예약 없이 이용,대기 시간 바로 입장,친목,친구,인테리어가 멋져요,대화하기 좋아요,빵이 맛있어요,커피가 맛있어요,음료가 맛있어요,압구정 로데오 단골 카페
Junns,일식당,예약 후 이용,대기 시간 바로 입장,친목,친구,음식이 맛있어요,재료가 신선해요,양이 많아요,매장이 넓어요,단체모임 하기 좋아요,한국에서 느끼는 나고야식 장어덮밥 히츠마부시.나고야에서 먹었단 맛 그대로라서 너무 좋았습니다.
Junns,양식,예약 후 이용,대기 시간 바로 입장,친목,지인・동료,단체모임 하기 좋아요,아늑해요,음식이 맛있어요,양이 많아요,특별한 메뉴가 있어요,단체 모임을 정말 만족스럽게 하고 왔습니다.인원수가 많아서 미리 주문을 받아주셔서 요리가 금방 나왔습니다.아늑하면서도 단체모임하기 너무 좋았어요~
Junns,"육류,고기요리",예약 후 이용,대기 시간 바로 입장,일상,친구,인테리어가 멋져요,음식이 맛있어요,고기 질이 좋아요,비싼 만큼 가치있어요,0,"정말 좋은 시간 가지고 갔습니다.직접 구워주신 고기가 너무 맛있었고, 분위기도 좋았습니다.콜키지 프리라서 너무 좋았네요."
Junns,프랑스음식,예약 없이 이용,대기 시간 바로 입장,데이트,연인・배우자,음식이 맛있어요,특별한 메뉴가 있어요,인테리어가 멋져요,매장이 넓어요,단체모임 하기 좋아요,"정말 맛있는 프렌치 레스토랑입니다.먹어보고 싶은 메뉴들이 많았고, 주문한 메뉴들은 다 맛있었습니다.분위기도 좋아서 데이트나 모임을 하기에도 좋은 것 같아요."
Junns,이자카야,예약 없이 이용,대기 시간 바로 입장,친목,친구,음식이 맛있어요,인테리어가 멋져요,대화하기 좋아요,0,0,분위기 좋은 우니 맛집
Junns,"카페,디저트",예약 없이 이용,대기 시간 바로 입장,데이트,연인・배우자,인테리어가 멋져요,사진이 잘 나와요,집중하기 좋아요,매장이 넓어요,음료가 맛있어요,매장이 엄청 넓고 깔끔하네요
Junns,돈가스,예약 없이 이용,대기 시간 10분 이내 ,일상,혼자,음식이 맛있어요,재료가 신선해요,특별한 메뉴가 있어요,혼밥하기 좋아요,0,동네에 있는 돈까스 맛집~맛있게 먹고 가요!
Junns,"카페,디저트",예약 없이 이용,대기 시간 바로 입장,데이트,연인・배우자,디저트가 맛있어요,특별한 메뉴가 있어요,대화하기 좋아요,아늑해요,0,요거트 아이스크림은 사과당
Junns,수산물,0,0,0,0,친절해요,신선해요,맛있어요,0,0,싱싱한 전복 두마리 잘 먹고 갑니다.싱싱해서 맛있네요~!
Junns,생선회,포장·배달 이용,대기 시간 바로 입장,데이트,연인・배우자,음식이 맛있어요,재료가 신선해요,양이 많아요,0,0,노량진에서 회는 항상 여기서 먹습니다.오늘도 너무 맛있게 먹었습니다~
