﻿nickname,restaurant,reservation,waiting,purpose,withwho,tagging_1,tagging_2,tagging_3,tagging_4,tagging_5,content
꿀맥주,이자카야,예약 없이 이용,대기 시간 바로 입장,데이트,연인・배우자,음식이 맛있어요,0,0,0,0,"잇키마키, 라구해쉬포테이토, 닭야채구이 먹었는데 맛있었습니다. 모든 메뉴가 맛있을 각입니다. 📐"
꿀맥주,"카페,디저트",예약 없이 이용,대기 시간 바로 입장,친목,지인・동료,커피가 맛있어요,0,0,0,0,분위기 좋고 스페셜티 커피가 맛있었습니다.
꿀맥주,"우동,소바",예약 없이 이용,대기 시간 바로 입장,친목,지인・동료,음식이 맛있어요,0,0,0,0,"붓카케우동이 유명하다는데 요즘같이 쌀쌀해진 날씨에 국물우동도 딱 좋았습니다. 키츠네우동에 계란, 고기 추가해서 먹으니 묵직한 고기국물이되어 든든했습니다. 😋"
꿀맥주,일본식라면,예약 없이 이용,대기 시간 바로 입장,데이트,연인・배우자,음식이 맛있어요,0,0,0,0,차슈가 부드럽고 컨셉이 확실해서 재밌게 맛있게 먹었습니다. 😋
꿀맥주,"장어,먹장어요리",예약 없이 이용,대기 시간 바로 입장,"데이트, 친목",부모님,음식이 맛있어요,0,0,0,0,정말 가성비 좋은 민물장어를 먹을 수 있는 곳입니다. 인천대공원 근처에있어 가족 나들이 후 방문하기 좋습니다.
꿀맥주,돈가스,예약 없이 이용,대기 시간 바로 입장,나들이,혼자,음식이 맛있어요,0,0,0,0,어여쁜 샛노랑 빛깔의 돈카츠부드러운 육질과 풍부한 육향의 흑돼지 카츠입니다. 갸능하다면 특모듬 주문 추천합니다. 👍🏻
꿀맥주,일본식라면,예약 없이 이용,대기 시간 바로 입장,데이트,연인・배우자,음식이 맛있어요,0,0,0,0,"아기자기한 공간에서 따끈한 라멘 한그릇하기 좋은곳입니다. 상호답게 정말 작은식당인데요, 닭고기 향 가득한 토리파이탄 과 커리우동 정갈하고 맛있게 식사하고 갑니다."
꿀맥주,냉면,예약 없이 이용,대기 시간 바로 입장,데이트,연인・배우자,음식이 맛있어요,0,0,0,0,날씨가 선선해지면 더욱 생각나는 평양냉면입니다. 의정부계열의 뿌리인 의정부 평양면옥은 역시 안정된 육수가 인상적이었습니다.맑은 육수에 고춧가루가 뿌려져 나오는 특유의 스타일의 간 배합이 아주 적절했습니다.
꿀맥주,"카페,디저트",예약 없이 이용,대기 시간 바로 입장,데이트,연인・배우자,디저트가 맛있어요,0,0,0,0,약과 진짜 맛있네요. 손에 묻어나지도 않고 많이 달지 않으면서 딱 깔끔한 맛입니다. 👍🏻
꿀맥주,막국수,예약 없이 이용,대기 시간 바로 입장,데이트,연인・배우자,음식이 맛있어요,0,0,0,0,막국수 시원하니 맛있네요
꿀맥주,"초밥,롤",예약 없이 이용,대기 시간 바로 입장,데이트,연인・배우자,음식이 맛있어요,0,0,0,0,동네 롯데마트에 생겨서 접근성도 좋고 무엇보다 음식이 신선하고 맛있습니다!👍🏻
꿀맥주,돼지고기구이,예약 없이 이용,대기 시간 바로 입장,데이트,연인・배우자,음식이 맛있어요,고기 질이 좋아요,0,0,0,참숯향이 가득밴 목살 한점 배어물면 육즙이 입안가득 터집니다. 직원분들이 숙련된 솜씨로 적당한 굽기로 구워주셔서 쫄깃한 식감으로 즐길 수 있습니다. 목살구이 원탑이라고 말할 수 있는 곳입니다👍🏻
꿀맥주,돈가스,예약 없이 이용,대기 시간 바로 입장,데이트,연인・배우자,음식이 맛있어요,0,0,0,0,짬쪼름한 튀김옷과 부드러운 육질의 돼지고기가 잘어울립니다. 구수한 돈지루와 흰쌀밥까지 먹으면 든든한 한끼가 완성됩니다. 가라아게도 새콤한 마요소스와 잘 어울려서 필수 주문메뉴입니다. 😊
꿀맥주,술집,예약 없이 이용,대기 시간 바로 입장,데이트,연인・배우자,음식이 맛있어요,0,0,0,0,동네에 이런 곳이 있는줄 몰랐네요원적산 언덕 한켠에 위치해있어 정말 ‘숨겨진’ 장소 입니다. 매콤닭발은 매콤하고 야들야들 맛있었습니다. 무알콜맥주도 있어서 부담없이 즐기기 좋았습니다.
꿀맥주,돈가스,예약 없이 이용,대기 시간 바로 입장,데이트,연인・배우자,음식이 맛있어요,0,0,0,0,신메뉴 히레스튜 맛있습니다. 오이절임도 새콤하고 짠맛이 안주로 잘 어울립니다. 야끼소바와 히레도그는 자주 먹는데 역시 맛있네요😋
꿀맥주,카페,예약 없이 이용,대기 시간 바로 입장,데이트,연인・배우자,커피가 맛있어요,디저트가 맛있어요,0,0,0,스모어 비주얼이 좋네요. 말차도 맛있었고 필터커피도 향긋했습니다. 계양산 뷰와 함께 즐길 수 있어서 좋았습니다.
꿀맥주,돈가스,예약 없이 이용,대기 시간 30분 이상,데이트,연인・배우자,음식이 맛있어요,0,0,0,0,특목살 육향이 진하고 식감이 쫀득해서 정말 맛있습니다.🐷
꿀맥주,"카페,디저트",예약 없이 이용,대기 시간 바로 입장,데이트,연인・배우자,인테리어가 멋져요,커피가 맛있어요,디저트가 맛있어요,0,0,한옥인테리어에 달달한 커피와 디저트가 맛있는 곳입니다. 시원한 충주호 뷰를 보며 탱글 달달한 푸딩 먹으면 누구나 기분이 좋아질 것 같습니다. 😊
꿀맥주,"순대,순댓국",예약 없이 이용,대기 시간 바로 입장,데이트,연인・배우자,음식이 맛있어요,0,0,0,0,시래기가 들어간 순댓국으로 맵짠 맛이 아주 맛있었습니다.
꿀맥주,베이커리,예약 없이 이용,대기 시간 바로 입장,데이트,연인・배우자,빵이 맛있어요,0,0,0,0,"충주에서 맛있는 빵을 찾는다면 이곳에 방문하면 됩니다. 무화과깜빠뉴, 밤데니쉬, 커스터드크로핀 모두 맛있었습니다. 🍞"
꿀맥주,생선회,예약 없이 이용,대기 시간 바로 입장,데이트,연인・배우자,음식이 맛있어요,0,0,0,0,"송어, 향어회를 맛있게 먹을 수 있는 곳입니다. 상호 그대로 맛있는 초고추장에 송어 야채양념을 만들어 먹는데 같이 나오는 매운탕과 잘 어울렸습니다. 😋"
꿀맥주,이자카야,예약 없이 이용,대기 시간 바로 입장,데이트,연인・배우자,음식이 맛있어요,0,0,0,0,"잇키마키, 라구해쉬포테이토, 닭야채구이 먹었는데 맛있었습니다. 모든 메뉴가 맛있을 각입니다. 📐"
꿀맥주,"카페,디저트",예약 없이 이용,대기 시간 바로 입장,친목,지인・동료,커피가 맛있어요,0,0,0,0,분위기 좋고 스페셜티 커피가 맛있었습니다.
꿀맥주,"우동,소바",예약 없이 이용,대기 시간 바로 입장,친목,지인・동료,음식이 맛있어요,0,0,0,0,"붓카케우동이 유명하다는데 요즘같이 쌀쌀해진 날씨에 국물우동도 딱 좋았습니다. 키츠네우동에 계란, 고기 추가해서 먹으니 묵직한 고기국물이되어 든든했습니다. 😋"
꿀맥주,일본식라면,예약 없이 이용,대기 시간 바로 입장,데이트,연인・배우자,음식이 맛있어요,0,0,0,0,차슈가 부드럽고 컨셉이 확실해서 재밌게 맛있게 먹었습니다. 😋
꿀맥주,"장어,먹장어요리",예약 없이 이용,대기 시간 바로 입장,"데이트, 친목",부모님,음식이 맛있어요,0,0,0,0,정말 가성비 좋은 민물장어를 먹을 수 있는 곳입니다. 인천대공원 근처에있어 가족 나들이 후 방문하기 좋습니다.
꿀맥주,돈가스,예약 없이 이용,대기 시간 바로 입장,나들이,혼자,음식이 맛있어요,0,0,0,0,어여쁜 샛노랑 빛깔의 돈카츠부드러운 육질과 풍부한 육향의 흑돼지 카츠입니다. 갸능하다면 특모듬 주문 추천합니다. 👍🏻
꿀맥주,일본식라면,예약 없이 이용,대기 시간 바로 입장,데이트,연인・배우자,음식이 맛있어요,0,0,0,0,"아기자기한 공간에서 따끈한 라멘 한그릇하기 좋은곳입니다. 상호답게 정말 작은식당인데요, 닭고기 향 가득한 토리파이탄 과 커리우동 정갈하고 맛있게 식사하고 갑니다."
꿀맥주,냉면,예약 없이 이용,대기 시간 바로 입장,데이트,연인・배우자,음식이 맛있어요,0,0,0,0,날씨가 선선해지면 더욱 생각나는 평양냉면입니다. 의정부계열의 뿌리인 의정부 평양면옥은 역시 안정된 육수가 인상적이었습니다.맑은 육수에 고춧가루가 뿌려져 나오는 특유의 스타일의 간 배합이 아주 적절했습니다.
꿀맥주,"카페,디저트",예약 없이 이용,대기 시간 바로 입장,데이트,연인・배우자,디저트가 맛있어요,0,0,0,0,약과 진짜 맛있네요. 손에 묻어나지도 않고 많이 달지 않으면서 딱 깔끔한 맛입니다. 👍🏻
꿀맥주,막국수,예약 없이 이용,대기 시간 바로 입장,데이트,연인・배우자,음식이 맛있어요,0,0,0,0,막국수 시원하니 맛있네요
꿀맥주,"초밥,롤",예약 없이 이용,대기 시간 바로 입장,데이트,연인・배우자,음식이 맛있어요,0,0,0,0,동네 롯데마트에 생겨서 접근성도 좋고 무엇보다 음식이 신선하고 맛있습니다!👍🏻
꿀맥주,돼지고기구이,예약 없이 이용,대기 시간 바로 입장,데이트,연인・배우자,음식이 맛있어요,고기 질이 좋아요,0,0,0,참숯향이 가득밴 목살 한점 배어물면 육즙이 입안가득 터집니다. 직원분들이 숙련된 솜씨로 적당한 굽기로 구워주셔서 쫄깃한 식감으로 즐길 수 있습니다. 목살구이 원탑이라고 말할 수 있는 곳입니다👍🏻
꿀맥주,돈가스,예약 없이 이용,대기 시간 바로 입장,데이트,연인・배우자,음식이 맛있어요,0,0,0,0,짬쪼름한 튀김옷과 부드러운 육질의 돼지고기가 잘어울립니다. 구수한 돈지루와 흰쌀밥까지 먹으면 든든한 한끼가 완성됩니다. 가라아게도 새콤한 마요소스와 잘 어울려서 필수 주문메뉴입니다. 😊
꿀맥주,술집,예약 없이 이용,대기 시간 바로 입장,데이트,연인・배우자,음식이 맛있어요,0,0,0,0,동네에 이런 곳이 있는줄 몰랐네요원적산 언덕 한켠에 위치해있어 정말 ‘숨겨진’ 장소 입니다. 매콤닭발은 매콤하고 야들야들 맛있었습니다. 무알콜맥주도 있어서 부담없이 즐기기 좋았습니다.
꿀맥주,돈가스,예약 없이 이용,대기 시간 바로 입장,데이트,연인・배우자,음식이 맛있어요,0,0,0,0,신메뉴 히레스튜 맛있습니다. 오이절임도 새콤하고 짠맛이 안주로 잘 어울립니다. 야끼소바와 히레도그는 자주 먹는데 역시 맛있네요😋
꿀맥주,카페,예약 없이 이용,대기 시간 바로 입장,데이트,연인・배우자,커피가 맛있어요,디저트가 맛있어요,0,0,0,스모어 비주얼이 좋네요. 말차도 맛있었고 필터커피도 향긋했습니다. 계양산 뷰와 함께 즐길 수 있어서 좋았습니다.
꿀맥주,돈가스,예약 없이 이용,대기 시간 30분 이상,데이트,연인・배우자,음식이 맛있어요,0,0,0,0,특목살 육향이 진하고 식감이 쫀득해서 정말 맛있습니다.🐷
꿀맥주,"카페,디저트",예약 없이 이용,대기 시간 바로 입장,데이트,연인・배우자,인테리어가 멋져요,커피가 맛있어요,디저트가 맛있어요,0,0,한옥인테리어에 달달한 커피와 디저트가 맛있는 곳입니다. 시원한 충주호 뷰를 보며 탱글 달달한 푸딩 먹으면 누구나 기분이 좋아질 것 같습니다. 😊
꿀맥주,"순대,순댓국",예약 없이 이용,대기 시간 바로 입장,데이트,연인・배우자,음식이 맛있어요,0,0,0,0,시래기가 들어간 순댓국으로 맵짠 맛이 아주 맛있었습니다.
꿀맥주,베이커리,예약 없이 이용,대기 시간 바로 입장,데이트,연인・배우자,빵이 맛있어요,0,0,0,0,"충주에서 맛있는 빵을 찾는다면 이곳에 방문하면 됩니다. 무화과깜빠뉴, 밤데니쉬, 커스터드크로핀 모두 맛있었습니다. 🍞"
꿀맥주,생선회,예약 없이 이용,대기 시간 바로 입장,데이트,연인・배우자,음식이 맛있어요,0,0,0,0,"송어, 향어회를 맛있게 먹을 수 있는 곳입니다. 상호 그대로 맛있는 초고추장에 송어 야채양념을 만들어 먹는데 같이 나오는 매운탕과 잘 어울렸습니다. 😋"
꿀맥주,"카페,디저트",예약 없이 이용,대기 시간 바로 입장,데이트,연인・배우자,커피가 맛있어요,0,0,0,0,드립커피가 향긋하니 맛있었습니다.
꿀맥주,돈가스,예약 없이 이용,대기 시간 바로 입장,데이트,혼자,음식이 맛있어요,0,0,0,0,충주시 작은 마을의 아기자기한 돈카츠집입니다. 숙성고기라 부드러워 맛있게 잘 먹었습니다.
꿀맥주,아이스크림,예약 없이 이용,대기 시간 바로 입장,데이트,연인・배우자,특별한 메뉴가 있어요,0,0,0,0,두바이초콜릿 모찌 맛있습니다.
꿀맥주,일식당,예약 없이 이용,대기 시간 바로 입장,데이트,연인・배우자,음식이 맛있어요,0,0,0,0,"큼직한 장어튀김이 올라간 소바, 완전 별미였습니다. 눅눅해지지 않고 바삭함이 어느정도 유지되어서 맛있게 잘 먹었습니다. 😊"
꿀맥주,일식당,예약 없이 이용,대기 시간 바로 입장,나들이,혼자,음식이 맛있어요,0,0,0,0,언제 먹어도 너무 맛있습니다.
꿀맥주,"족발,보쌈",예약 없이 이용,대기 시간 바로 입장,데이트,연인・배우자,음식이 맛있어요,특별한 메뉴가 있어요,0,0,0,"그냥 먹어도 맛있는 족발, 튀겨 먹으니 더 맛있습니다. 아무래도 기름져서 많이 먹기에는 느끼한데 파채 추가해서 먹으면 딱 좋습니다. 기본찬으로 나오는 껍데기와 순두부라면도 은근 먹을만 합니다. 😊"
꿀맥주,"카페,디저트",예약 없이 이용,대기 시간 바로 입장,데이트,연인・배우자,커피가 맛있어요,0,0,0,0,드립커피가 맛있네요인테리어도 감각적이고 카페 배경음악들도 좋은 음악들로 틀어주셔서 좋은 시간 보내다가 갑니다. 😊
꿀맥주,요리주점,예약 없이 이용,대기 시간 바로 입장,데이트,연인・배우자,음식이 맛있어요,특별한 메뉴가 있어요,0,0,0,"동네 요리주점이라 가벼운 마음으로 방문했는데 너무 멋진 곳이었습니다. 사장님이 요리에 대한 열정이 가득하신 만큼 설명도 친절하게 잘 해주셨고, 무엇보다 장작을 이용한 훈제 요리들이 무척 맛있었습니다. 동네 음식점에서 육회타르타르에 생트러플이 올라간 메뉴를 볼줄은 몰랐네요. 잘 먹었습니다. 😊"
