﻿nickname,restaurant,reservation,waiting,purpose,withwho,tagging_1,tagging_2,tagging_3,tagging_4,tagging_5,content
뚝딱64,"카페,디저트",예약 없이 이용,대기 시간 바로 입장,데이트,연인・배우자,디저트가 맛있어요,특별한 메뉴가 있어요,0,0,0,달지않아 짱 맛있습니당
뚝딱64,한식,예약 없이 이용,대기 시간 바로 입장,데이트,연인・배우자,매장이 넓어요,0,0,0,0,따뜻한콩국 1 먹었는데 너무 맛있습니당 뜨뜻해요
뚝딱64,분식,예약 후 이용,대기 시간 30분 이상,일상,친구,음식이 맛있어요,특별한 메뉴가 있어요,인테리어가 멋져요,0,0,너무 맛있습니당ㅇ
뚝딱64,"카페,디저트",예약 없이 이용,대기 시간 바로 입장,일상,혼자,인테리어가 멋져요,커피가 맛있어요,디저트가 맛있어요,음료가 맛있어요,특별한 메뉴가 있어요,올때마다 행복하구 오래 머물고싶은 곳이예요~ 음식들 역시 최고입니당
뚝딱64,일식당,예약 없이 이용,대기 시간 바로 입장,일상,부모님,음식이 맛있어요,양이 많아요,특별한 메뉴가 있어요,인테리어가 멋져요,매장이 넓어요,양도 많고 맛있어요~
뚝딱64,김밥,예약 없이 이용,대기 시간 바로 입장,일상,혼자,혼밥하기 좋아요,음식이 맛있어요,재료가 신선해요,특별한 메뉴가 있어요,0,맛있어요
뚝딱64,양식,예약 후 이용,대기 시간 바로 입장,데이트,연인・배우자,음식이 맛있어요,재료가 신선해요,양이 많아요,특별한 메뉴가 있어요,인테리어가 멋져요,아스론가 예약하구 맛있는거 먹으러왔어요! 역시 연신내 맛집인거 같아요~~~
뚝딱64,"치킨,닭강정",예약 없이 이용,대기 시간 바로 입장,친목,친구,인테리어가 멋져요,매장이 넓어요,음식이 맛있어요,양이 많아요,특별한 메뉴가 있어요,맛있습니당
뚝딱64,국수,예약 없이 이용,대기 시간 바로 입장,데이트,연인・배우자,인테리어가 멋져요,매장이 넓어요,음식이 맛있어요,양이 많아요,특별한 메뉴가 있어요,짱맛있어용
뚝딱64,"맥주,호프",예약 없이 이용,대기 시간 바로 입장,데이트,연인・배우자,음식이 맛있어요,기본 안주가 좋아요,특별한 메뉴가 있어요,대화하기 좋아요,0,맛있습니다
뚝딱64,"카페,디저트",예약 없이 이용,대기 시간 바로 입장,일상,혼자,인테리어가 멋져요,커피가 맛있어요,디저트가 맛있어요,음료가 맛있어요,특별한 메뉴가 있어요,말차유자케이크 맛있어요~!
뚝딱64,양갈비,예약 없이 이용,대기 시간 바로 입장,데이트,연인・배우자,음식이 맛있어요,고기 질이 좋아요,양이 많아요,특별한 메뉴가 있어요,인테리어가 멋져요,너무 맛있습니당
뚝딱64,카페,예약 없이 이용,대기 시간 바로 입장,일상,혼자,대화하기 좋아요,커피가 맛있어요,디저트가 맛있어요,음료가 맛있어요,0,맛있어요
뚝딱64,빙수,예약 없이 이용,대기 시간 바로 입장,일상,혼자,특별한 메뉴가 있어요,가성비가 좋아요,디저트가 맛있어요,단체모임 하기 좋아요,0,맛있어요
뚝딱64,태국음식,예약 후 이용,대기 시간 바로 입장,친목,지인・동료,인테리어가 멋져요,음식이 맛있어요,양이 많아요,현지 맛에 가까워요,0,맛있어용👍👍
뚝딱64,양식,예약 없이 이용,대기 시간 바로 입장,일상,친구,인테리어가 멋져요,음식이 맛있어요,특별한 메뉴가 있어요,0,0,분위기 좋아오~!
뚝딱64,"치킨,닭강정",예약 없이 이용,대기 시간 바로 입장,일상,친구,매장이 넓어요,음식이 맛있어요,양이 많아요,특별한 메뉴가 있어요,0,맛있어요
뚝딱64,"치킨,닭강정",예약 없이 이용,대기 시간 바로 입장,친목,친구,음식이 맛있어요,양이 많아요,특별한 메뉴가 있어요,가성비가 좋아요,0,후라이드가 짭조름하니 맛있었습니다
뚝딱64,카페,예약 없이 이용,대기 시간 바로 입장,친목,친구,커피가 맛있어요,디저트가 맛있어요,음료가 맛있어요,특별한 메뉴가 있어요,0,카카오아메리카노 맛있고 전반적으로 괜찮았어요
뚝딱64,돈가스,예약 없이 이용,대기 시간 바로 입장,데이트,연인・배우자,음식이 맛있어요,재료가 신선해요,양이 많아요,특별한 메뉴가 있어요,혼밥하기 좋아요,판모밀 면추가해서 먹었는데 너무 맛있네용
뚝딱64,"카페,디저트",예약 없이 이용,대기 시간 바로 입장,데이트,연인・배우자,디저트가 맛있어요,특별한 메뉴가 있어요,0,0,0,달지않아 짱 맛있습니당
뚝딱64,한식,예약 없이 이용,대기 시간 바로 입장,데이트,연인・배우자,매장이 넓어요,0,0,0,0,따뜻한콩국 1 먹었는데 너무 맛있습니당 뜨뜻해요
뚝딱64,분식,예약 후 이용,대기 시간 30분 이상,일상,친구,음식이 맛있어요,특별한 메뉴가 있어요,인테리어가 멋져요,0,0,너무 맛있습니당ㅇ
뚝딱64,"카페,디저트",예약 없이 이용,대기 시간 바로 입장,일상,혼자,인테리어가 멋져요,커피가 맛있어요,디저트가 맛있어요,음료가 맛있어요,특별한 메뉴가 있어요,올때마다 행복하구 오래 머물고싶은 곳이예요~ 음식들 역시 최고입니당
뚝딱64,일식당,예약 없이 이용,대기 시간 바로 입장,일상,부모님,음식이 맛있어요,양이 많아요,특별한 메뉴가 있어요,인테리어가 멋져요,매장이 넓어요,양도 많고 맛있어요~
뚝딱64,김밥,예약 없이 이용,대기 시간 바로 입장,일상,혼자,혼밥하기 좋아요,음식이 맛있어요,재료가 신선해요,특별한 메뉴가 있어요,0,맛있어요
뚝딱64,양식,예약 후 이용,대기 시간 바로 입장,데이트,연인・배우자,음식이 맛있어요,재료가 신선해요,양이 많아요,특별한 메뉴가 있어요,인테리어가 멋져요,아스론가 예약하구 맛있는거 먹으러왔어요! 역시 연신내 맛집인거 같아요~~~
뚝딱64,"치킨,닭강정",예약 없이 이용,대기 시간 바로 입장,친목,친구,인테리어가 멋져요,매장이 넓어요,음식이 맛있어요,양이 많아요,특별한 메뉴가 있어요,맛있습니당
뚝딱64,국수,예약 없이 이용,대기 시간 바로 입장,데이트,연인・배우자,인테리어가 멋져요,매장이 넓어요,음식이 맛있어요,양이 많아요,특별한 메뉴가 있어요,짱맛있어용
뚝딱64,"맥주,호프",예약 없이 이용,대기 시간 바로 입장,데이트,연인・배우자,음식이 맛있어요,기본 안주가 좋아요,특별한 메뉴가 있어요,대화하기 좋아요,0,맛있습니다
뚝딱64,"카페,디저트",예약 없이 이용,대기 시간 바로 입장,일상,혼자,인테리어가 멋져요,커피가 맛있어요,디저트가 맛있어요,음료가 맛있어요,특별한 메뉴가 있어요,말차유자케이크 맛있어요~!
뚝딱64,양갈비,예약 없이 이용,대기 시간 바로 입장,데이트,연인・배우자,음식이 맛있어요,고기 질이 좋아요,양이 많아요,특별한 메뉴가 있어요,인테리어가 멋져요,너무 맛있습니당
뚝딱64,카페,예약 없이 이용,대기 시간 바로 입장,일상,혼자,대화하기 좋아요,커피가 맛있어요,디저트가 맛있어요,음료가 맛있어요,0,맛있어요
뚝딱64,빙수,예약 없이 이용,대기 시간 바로 입장,일상,혼자,특별한 메뉴가 있어요,가성비가 좋아요,디저트가 맛있어요,단체모임 하기 좋아요,0,맛있어요
뚝딱64,태국음식,예약 후 이용,대기 시간 바로 입장,친목,지인・동료,인테리어가 멋져요,음식이 맛있어요,양이 많아요,현지 맛에 가까워요,0,맛있어용👍👍
뚝딱64,양식,예약 없이 이용,대기 시간 바로 입장,일상,친구,인테리어가 멋져요,음식이 맛있어요,특별한 메뉴가 있어요,0,0,분위기 좋아오~!
뚝딱64,"치킨,닭강정",예약 없이 이용,대기 시간 바로 입장,일상,친구,매장이 넓어요,음식이 맛있어요,양이 많아요,특별한 메뉴가 있어요,0,맛있어요
뚝딱64,"치킨,닭강정",예약 없이 이용,대기 시간 바로 입장,친목,친구,음식이 맛있어요,양이 많아요,특별한 메뉴가 있어요,가성비가 좋아요,0,후라이드가 짭조름하니 맛있었습니다
뚝딱64,카페,예약 없이 이용,대기 시간 바로 입장,친목,친구,커피가 맛있어요,디저트가 맛있어요,음료가 맛있어요,특별한 메뉴가 있어요,0,카카오아메리카노 맛있고 전반적으로 괜찮았어요
뚝딱64,돈가스,예약 없이 이용,대기 시간 바로 입장,데이트,연인・배우자,음식이 맛있어요,재료가 신선해요,양이 많아요,특별한 메뉴가 있어요,혼밥하기 좋아요,판모밀 면추가해서 먹었는데 너무 맛있네용
뚝딱64,"곱창,막창,양",예약 후 이용,대기 시간 바로 입장,데이트,연인・배우자,음식이 맛있어요,고기 질이 좋아요,양이 많아요,특별한 메뉴가 있어요,0,진짜 맛있어요~ 술술 들어갑니다
뚝딱64,"치킨,닭강정",예약 후 이용,대기 시간 바로 입장,친목,지인・동료,음식이 맛있어요,재료가 신선해요,양이 많아요,특별한 메뉴가 있어요,0,맛있어요
뚝딱64,"육류,고기요리",예약 후 이용,대기 시간 30분 이내,친목,"친구, 지인・동료",음식이 맛있어요,고기 질이 좋아요,특별한 메뉴가 있어요,가성비가 좋아요,0,진짜 맛있어요
뚝딱64,닭요리,예약 없이 이용,대기 시간 바로 입장,친목,친구,음식이 맛있어요,고기 질이 좋아요,특별한 메뉴가 있어요,0,0,맛있어여~
뚝딱64,"족발,보쌈",예약 없이 이용,대기 시간 바로 입장,데이트,연인・배우자,매장이 넓어요,음식이 맛있어요,고기 질이 좋아요,양이 많아요,특별한 메뉴가 있어요,불족발 진짜 맛있어여 야들야들해요~~~
뚝딱64,"순대,순댓국",예약 없이 이용,대기 시간 바로 입장,일상,혼자,혼밥하기 좋아요,음식이 맛있어요,고기 질이 좋아요,양이 많아요,특별한 메뉴가 있어요,맛있습니당
뚝딱64,"카페,디저트",예약 없이 이용,대기 시간 바로 입장,"친목, 일상",친구,대화하기 좋아요,커피가 맛있어요,디저트가 맛있어요,음료가 맛있어요,특별한 메뉴가 있어요,맛있어요~
뚝딱64,0,예약 없이 이용,대기 시간 바로 입장,친목,지인・동료,음식이 맛있어요,재료가 신선해요,양이 많아요,특별한 메뉴가 있어요,0,맛있어요!
뚝딱64,"맥주,호프",예약 없이 이용,대기 시간 10분 이내 ,"친목, 일상",친구,음식이 맛있어요,기본 안주가 좋아요,술이 다양해요,특별한 메뉴가 있어요,인테리어가 멋져요,맛있어요! 특히 밥에 간이 되어있어 계속 들어가요!
뚝딱64,돈가스,예약 없이 이용,대기 시간 바로 입장,친목,지인・동료,혼밥하기 좋아요,음식이 맛있어요,재료가 신선해요,양이 많아요,특별한 메뉴가 있어요,맛있어요~
