﻿nickname,restaurant,reservation,waiting,purpose,withwho,tagging_1,tagging_2,tagging_3,tagging_4,tagging_5,content
u07****,국수,예약 없이 이용,대기 시간 바로 입장,일상,혼자,혼밥하기 좋아요,0,0,0,0,혼자가서 기다리지 않고 바로 들어감.콩물은 약간 미숫가루맛이 남.명성에 비해 내 입맛에는 그닥...
u07****,생선회,포장·배달 이용,여행,"연인・배우자, 친척・형제",0,음식이 맛있어요,0,0,0,0,평소 가던 곳이 휴가라 다른 곳 추천받아 간 별주부횟집! 일단 매장이 엄청 깨끗해서 마음에 듦.와 양도 엄청 많고 일단 회가 두툼함.두툼하니까 맛도 좋고 씹는 맛도 좋고 기름진 부위를 많이 넣어주심.그리고 양이 엄청 남. 중짜리 2개 시키니까 7명 먹기에 좋음.
u07****,일식당,예약 없이 이용,대기 시간 바로 입장,일상,지인・동료,특별한 메뉴가 있어요,0,0,0,0,여름이라 새로 나온 메뉴인 것 같은 냉우동+돈까스.돈까스에 고추냉이 올려먹으면 맛있음.하지만 육수가 너무너무너무 짬....물 엄청 부어 먹어도 이미 유부에 육수가 스며들어 짬...
u07****,"카페,디저트",예약 없이 이용,대기 시간 바로 입장,친목,친구,인테리어가 멋져요,0,0,0,0,혼자서 주문받고 만드셔도 아무리 그래도 주문하고 서빙까지 15분이 넘게 걸림.만드시는 분이 너무 느림....생각보다 커피가 그렇게 맛있지는 않음.
u07****,한식,예약 없이 이용,대기 시간 바로 입장,일상,연인・배우자,음식이 맛있어요,특별한 메뉴가 있어요,차분한 분위기에요,대화하기 좋아요,0,밥이 먹고 싶어 네이버지도보고 찾아갔는데 오! 좋음.엄청 조용해서 이야기하기 좋음.음식이 조금 늦게 나와 아쉽지만 맛있어서 괜찮음.코다리갈비 - 가시가 없어 먹기 진짜 좋음. 간장양념이 맛있음. 반찬이 전반적으로 간이 정확하게 맞으며 맛있음. 양이 적지않음.감자전 - 간이 되어 있어서 간장이 나오지 않는다고 해주심. 요청하면 간장 주심. 슴슴하게 먹는 내 입에는 맞지만 조금 싱겁게 느껴질 수 있을 듯. 그래도 짱맛. 감자의 맛이 좋음.
u07****,국수,예약 없이 이용,대기 시간 바로 입장,일상,연인・배우자,음식이 맛있어요,양이 많아요,매장이 넓어요,친절해요,매장이 청결해요,망향은 항상 사랑임.갈비만두 - 처음 시켜봤는데 맛있네? 내용도 실하고 맛있음.비빔국수 - 이 지점은 약간 면에서 밀가루 맛이 난다. 그 부분만 잡는다면 더 맛있을 듯.
u07****,이탈리아음식,예약 없이 이용,대기 시간 바로 입장,데이트,연인・배우자,친절해요,0,0,0,0,갈비스튜 : 양이 너무 작음. 곱빼기가 있는 이유가 있음. 무한리필 밥이 없다면 배 고플 양.스테이크 샐러드 : 가격 대비 질이 딱히 좋은 편이 아님. 소고기가 질김. 이 가격에 여기 다시 안 옴. 모든게 셀프인데 가격도 비싸고 비싼만큼 음식의 질이 좋지 않음.
u07****,"치킨,닭강정",0,0,0,0,음식이 맛있어요,특별한 메뉴가 있어요,친절해요,매장이 청결해요,0,진짜 너어어어어어무 맛있음.반반으로 시켰는데 불닭맛이 많이 맵지않고 적당함.누룽지도 너무 맛있고 진짜 최고.서울 드론쇼때 방문해서 대기가 좀 길었지만 대기할 만 함.바쁜데도 직원분들이 너무 친절함.
u07****,두부요리,0,0,0,0,음식이 맛있어요,가성비가 좋아요,매장이 넓어요,친절해요,매장이 청결해요,일단 밑반찬부터 맛있음.무한리필 순두부도 진짜 미쳤음.들개순두부 : 들깨향이 진하게 나면서 안에 들어가 야채와의 조화가 진짜 너무너무 맛있음.비지찌개 : 맛있지만 김치맛이 조금 강함.두부완자 : 집에서 엄마가 부쳐주는 동그랑땡 느낌. 이집은 진짜 너무 맛있음. 다음에 안 먹어본 메뉴 먹으러 갈 예정.
u07****,"초밥,롤",0,0,0,0,음식이 맛있어요,재료가 신선해요,특별한 메뉴가 있어요,친절해요,매장이 청결해요,정말 스시경은 와도와도 질리지않음.항상 모듬에 특모듬 그리고 장어랑 광어 지느러미까지 추가로 시키게 됨.장어랑 광어 지느라미가 진짜 미쳤음.
u07****,"멕시코,남미음식",0,0,0,0,음식이 맛있어요,매장이 넓어요,친절해요,매장이 청결해요,화장실이 깨끗해요,새우 타코가 맛있음.새우 퀘사디아는 안에 치즈가 많아 피자 같으며 생각보다 새우가 많이 들어가있지 않음.타코 샐러드는 생각보다 별로... 소스도 너무 쎄고 겉에 과자와의 조화가 별로임.
u07****,막국수,0,0,0,0,음식이 맛있어요,재료가 신선해요,특별한 메뉴가 있어요,인테리어가 멋져요,친절해요,진짜 들기름 막국수 너무 맛있음ㅜ 일정 주기마다 생각나는 맛.마지막에 육수 넣어 먹으면 감칠맛 폭발.수육과 같이먹는 김치도 정말 최고.
u07****,"칼국수,만두",0,0,0,0,음식이 맛있어요,매장이 넓어요,음식이 빨리 나와요,0,0,강한 마늘향과 맛이 좋음.칼국수와 죽이 너무 맛있음. 칼국수 넣기 전 깔끔한 국물이 최고.
u07****,술집,0,0,0,0,음식이 맛있어요,매장이 넓어요,친절해요,매장이 청결해요,0,진짜 안주가 너무너무 맛있음. 감자전은 엄청 바삭하고 낙지소면은 양념이랑 면의 조화가 너무 좋음.
u07****,중식당,0,0,0,0,음식이 맛있어요,양이 많아요,매장이 넓어요,친절해요,매장이 청결해요,차이로드는 정말 언제가도 맛있음.짬뽕은 기름기가 많지않고 개운하고 진한편.볶음밥은 고슬고슬 잘 볶아졌지만 자장이 조금 짠 편.유린기는 정말 너무 맛있음. 고추도 넉넉하게 올라가서 느끼하지 않음.
u07****,카페,0,0,0,0,커피가 맛있어요,음료가 맛있어요,특별한 메뉴가 있어요,인테리어가 멋져요,친절해요,피스타치오 맛이 진하게 나면서 커피랑 너무 잘 어울림.직원분들이 자리까지 직접 커피도 가져다 주시고 너무 친절함
u07****,"찌개,전골",0,0,0,0,음식이 맛있어요,매장이 넓어요,친절해요,0,0,부대찌개 양도 많고 괜찮음.반찬이 맛있음.
u07****,국수,예약 없이 이용,대기 시간 바로 입장,일상,혼자,혼밥하기 좋아요,0,0,0,0,혼자가서 기다리지 않고 바로 들어감.콩물은 약간 미숫가루맛이 남.명성에 비해 내 입맛에는 그닥...
u07****,생선회,포장·배달 이용,여행,"연인・배우자, 친척・형제",0,음식이 맛있어요,0,0,0,0,평소 가던 곳이 휴가라 다른 곳 추천받아 간 별주부횟집! 일단 매장이 엄청 깨끗해서 마음에 듦.와 양도 엄청 많고 일단 회가 두툼함.두툼하니까 맛도 좋고 씹는 맛도 좋고 기름진 부위를 많이 넣어주심.그리고 양이 엄청 남. 중짜리 2개 시키니까 7명 먹기에 좋음.
u07****,일식당,예약 없이 이용,대기 시간 바로 입장,일상,지인・동료,특별한 메뉴가 있어요,0,0,0,0,여름이라 새로 나온 메뉴인 것 같은 냉우동+돈까스.돈까스에 고추냉이 올려먹으면 맛있음.하지만 육수가 너무너무너무 짬....물 엄청 부어 먹어도 이미 유부에 육수가 스며들어 짬...
u07****,"카페,디저트",예약 없이 이용,대기 시간 바로 입장,친목,친구,인테리어가 멋져요,0,0,0,0,혼자서 주문받고 만드셔도 아무리 그래도 주문하고 서빙까지 15분이 넘게 걸림.만드시는 분이 너무 느림....생각보다 커피가 그렇게 맛있지는 않음.
u07****,한식,예약 없이 이용,대기 시간 바로 입장,일상,연인・배우자,음식이 맛있어요,특별한 메뉴가 있어요,차분한 분위기에요,대화하기 좋아요,0,밥이 먹고 싶어 네이버지도보고 찾아갔는데 오! 좋음.엄청 조용해서 이야기하기 좋음.음식이 조금 늦게 나와 아쉽지만 맛있어서 괜찮음.코다리갈비 - 가시가 없어 먹기 진짜 좋음. 간장양념이 맛있음. 반찬이 전반적으로 간이 정확하게 맞으며 맛있음. 양이 적지않음.감자전 - 간이 되어 있어서 간장이 나오지 않는다고 해주심. 요청하면 간장 주심. 슴슴하게 먹는 내 입에는 맞지만 조금 싱겁게 느껴질 수 있을 듯. 그래도 짱맛. 감자의 맛이 좋음.
u07****,국수,예약 없이 이용,대기 시간 바로 입장,일상,연인・배우자,음식이 맛있어요,양이 많아요,매장이 넓어요,친절해요,매장이 청결해요,망향은 항상 사랑임.갈비만두 - 처음 시켜봤는데 맛있네? 내용도 실하고 맛있음.비빔국수 - 이 지점은 약간 면에서 밀가루 맛이 난다. 그 부분만 잡는다면 더 맛있을 듯.
u07****,이탈리아음식,예약 없이 이용,대기 시간 바로 입장,데이트,연인・배우자,친절해요,0,0,0,0,갈비스튜 : 양이 너무 작음. 곱빼기가 있는 이유가 있음. 무한리필 밥이 없다면 배 고플 양.스테이크 샐러드 : 가격 대비 질이 딱히 좋은 편이 아님. 소고기가 질김. 이 가격에 여기 다시 안 옴. 모든게 셀프인데 가격도 비싸고 비싼만큼 음식의 질이 좋지 않음.
u07****,"치킨,닭강정",0,0,0,0,음식이 맛있어요,특별한 메뉴가 있어요,친절해요,매장이 청결해요,0,진짜 너어어어어어무 맛있음.반반으로 시켰는데 불닭맛이 많이 맵지않고 적당함.누룽지도 너무 맛있고 진짜 최고.서울 드론쇼때 방문해서 대기가 좀 길었지만 대기할 만 함.바쁜데도 직원분들이 너무 친절함.
u07****,두부요리,0,0,0,0,음식이 맛있어요,가성비가 좋아요,매장이 넓어요,친절해요,매장이 청결해요,일단 밑반찬부터 맛있음.무한리필 순두부도 진짜 미쳤음.들개순두부 : 들깨향이 진하게 나면서 안에 들어가 야채와의 조화가 진짜 너무너무 맛있음.비지찌개 : 맛있지만 김치맛이 조금 강함.두부완자 : 집에서 엄마가 부쳐주는 동그랑땡 느낌. 이집은 진짜 너무 맛있음. 다음에 안 먹어본 메뉴 먹으러 갈 예정.
u07****,"초밥,롤",0,0,0,0,음식이 맛있어요,재료가 신선해요,특별한 메뉴가 있어요,친절해요,매장이 청결해요,정말 스시경은 와도와도 질리지않음.항상 모듬에 특모듬 그리고 장어랑 광어 지느러미까지 추가로 시키게 됨.장어랑 광어 지느라미가 진짜 미쳤음.
u07****,"멕시코,남미음식",0,0,0,0,음식이 맛있어요,매장이 넓어요,친절해요,매장이 청결해요,화장실이 깨끗해요,새우 타코가 맛있음.새우 퀘사디아는 안에 치즈가 많아 피자 같으며 생각보다 새우가 많이 들어가있지 않음.타코 샐러드는 생각보다 별로... 소스도 너무 쎄고 겉에 과자와의 조화가 별로임.
u07****,막국수,0,0,0,0,음식이 맛있어요,재료가 신선해요,특별한 메뉴가 있어요,인테리어가 멋져요,친절해요,진짜 들기름 막국수 너무 맛있음ㅜ 일정 주기마다 생각나는 맛.마지막에 육수 넣어 먹으면 감칠맛 폭발.수육과 같이먹는 김치도 정말 최고.
u07****,"칼국수,만두",0,0,0,0,음식이 맛있어요,매장이 넓어요,음식이 빨리 나와요,0,0,강한 마늘향과 맛이 좋음.칼국수와 죽이 너무 맛있음. 칼국수 넣기 전 깔끔한 국물이 최고.
u07****,술집,0,0,0,0,음식이 맛있어요,매장이 넓어요,친절해요,매장이 청결해요,0,진짜 안주가 너무너무 맛있음. 감자전은 엄청 바삭하고 낙지소면은 양념이랑 면의 조화가 너무 좋음.
u07****,중식당,0,0,0,0,음식이 맛있어요,양이 많아요,매장이 넓어요,친절해요,매장이 청결해요,차이로드는 정말 언제가도 맛있음.짬뽕은 기름기가 많지않고 개운하고 진한편.볶음밥은 고슬고슬 잘 볶아졌지만 자장이 조금 짠 편.유린기는 정말 너무 맛있음. 고추도 넉넉하게 올라가서 느끼하지 않음.
u07****,카페,0,0,0,0,커피가 맛있어요,음료가 맛있어요,특별한 메뉴가 있어요,인테리어가 멋져요,친절해요,피스타치오 맛이 진하게 나면서 커피랑 너무 잘 어울림.직원분들이 자리까지 직접 커피도 가져다 주시고 너무 친절함
u07****,"찌개,전골",0,0,0,0,음식이 맛있어요,매장이 넓어요,친절해요,0,0,부대찌개 양도 많고 괜찮음.반찬이 맛있음.
u07****,빙수,0,0,0,0,특별한 메뉴가 있어요,디저트가 맛있어요,단체모임 하기 좋아요,매장이 넓어요,0,오늘 유난히 더 맛있었음.메론도 너무너무 달고 최고.
u07****,"카페,디저트",0,0,0,0,커피가 맛있어요,음료가 맛있어요,특별한 메뉴가 있어요,인테리어가 멋져요,친절해요,여기만의 특별한 메뉴가 있음.전망도 너무 좋고 실내도 너무 조용하고 좋음.다시 방문하고 싶음.
u07****,"육류,고기요리",0,0,0,0,음식이 맛있어요,고기 질이 좋아요,친절해요,직접 잘 구워줘요,0,서울에서 제일 좋아하는 소고기 맛집!오늘은 저번방문과 숙성이 다른듯 한 맛.안심이 부서지듯 뭉개지는 느낌으로 부드러움.등심도 오늘은 좀 더 부드러운 듯.약간의 숙성의 쿰쿰함이 조금 올라옴.여전히 너무 맛있음
u07****,분식,0,0,0,0,음식이 맛있어요,혼밥하기 좋아요,친절해요,매장이 청결해요,0,여기 김가네 맛있음.오랜만에 방문했더니 가격이 사악... 치즈김밥이 5300원이라니ㄷㄷ
u07****,"카페,디저트",0,0,0,0,특별한 메뉴가 있어요,인테리어가 멋져요,0,0,0,시그니처 밀크티 : 확실히 다른 카페와 차별이 있는 맛쑥 밀크티 : 끝에 살짝 쑥 향이 나며 너무 달다크림팡도르 : 옛날느낌의 빵맛으로 개인적으로 맛있었음팥케익 : 이도저도 아닌 그냥 단 케익. 별로...
u07****,"순대,순댓국",0,0,0,0,음식이 맛있어요,매장이 넓어요,혼밥하기 좋아요,친절해요,매장이 청결해요,고향옥운 갈 때 마다 맛있음. 특히 열무김치ㅜ 너무 맛있음. 고기랑 양파랑 열무김치랑 먹으면 최고!
u07****,"족발,보쌈",0,0,0,0,음식이 맛있어요,매장이 넓어요,친절해요,매장이 청결해요,0,점심으로 먹기 좋아요
u07****,"카페,디저트",0,0,0,0,디저트가 맛있어요,특별한 메뉴가 있어요,인테리어가 멋져요,친절해요,매장이 청결해요,구워서 먹으면 진짜 짱맛! 스프레드 양도 넉넉해서 충분함
u07****,0,0,0,0,0,매장이 넓어요,친절해요,0,0,0,그냥그럼...
u07****,죽,0,0,0,0,음식이 맛있어요,매장이 넓어요,혼밥하기 좋아요,친절해요,매장이 청결해요,내시경 때문에 요청한 사항들 잘 들어주시고 낙지가 양이 진짜 많음!
u07****,국수,예약 없이 이용,대기 시간 바로 입장,일상,혼자,혼밥하기 좋아요,0,0,0,0,혼자가서 기다리지 않고 바로 들어감.콩물은 약간 미숫가루맛이 남.명성에 비해 내 입맛에는 그닥...
u07****,생선회,포장·배달 이용,여행,"연인・배우자, 친척・형제",0,음식이 맛있어요,0,0,0,0,평소 가던 곳이 휴가라 다른 곳 추천받아 간 별주부횟집! 일단 매장이 엄청 깨끗해서 마음에 듦.와 양도 엄청 많고 일단 회가 두툼함.두툼하니까 맛도 좋고 씹는 맛도 좋고 기름진 부위를 많이 넣어주심.그리고 양이 엄청 남. 중짜리 2개 시키니까 7명 먹기에 좋음.
u07****,일식당,예약 없이 이용,대기 시간 바로 입장,일상,지인・동료,특별한 메뉴가 있어요,0,0,0,0,여름이라 새로 나온 메뉴인 것 같은 냉우동+돈까스.돈까스에 고추냉이 올려먹으면 맛있음.하지만 육수가 너무너무너무 짬....물 엄청 부어 먹어도 이미 유부에 육수가 스며들어 짬...
u07****,"카페,디저트",예약 없이 이용,대기 시간 바로 입장,친목,친구,인테리어가 멋져요,0,0,0,0,혼자서 주문받고 만드셔도 아무리 그래도 주문하고 서빙까지 15분이 넘게 걸림.만드시는 분이 너무 느림....생각보다 커피가 그렇게 맛있지는 않음.
u07****,한식,예약 없이 이용,대기 시간 바로 입장,일상,연인・배우자,음식이 맛있어요,특별한 메뉴가 있어요,차분한 분위기에요,대화하기 좋아요,0,밥이 먹고 싶어 네이버지도보고 찾아갔는데 오! 좋음.엄청 조용해서 이야기하기 좋음.음식이 조금 늦게 나와 아쉽지만 맛있어서 괜찮음.코다리갈비 - 가시가 없어 먹기 진짜 좋음. 간장양념이 맛있음. 반찬이 전반적으로 간이 정확하게 맞으며 맛있음. 양이 적지않음.감자전 - 간이 되어 있어서 간장이 나오지 않는다고 해주심. 요청하면 간장 주심. 슴슴하게 먹는 내 입에는 맞지만 조금 싱겁게 느껴질 수 있을 듯. 그래도 짱맛. 감자의 맛이 좋음.
u07****,국수,예약 없이 이용,대기 시간 바로 입장,일상,연인・배우자,음식이 맛있어요,양이 많아요,매장이 넓어요,친절해요,매장이 청결해요,망향은 항상 사랑임.갈비만두 - 처음 시켜봤는데 맛있네? 내용도 실하고 맛있음.비빔국수 - 이 지점은 약간 면에서 밀가루 맛이 난다. 그 부분만 잡는다면 더 맛있을 듯.
