﻿nickname,restaurant,reservation,waiting,purpose,withwho,tagging_1,tagging_2,tagging_3,tagging_4,tagging_5,content
잡덕수집가,"해물,생선요리",예약 없이 이용,대기 시간 바로 입장,일상,지인・동료,음식이 맛있어요,0,0,0,0,간이 세지 않아서 좋습니다.
잡덕수집가,"장어,먹장어요리",예약 없이 이용,대기 시간 바로 입장,일상,지인・동료,음식이 맛있어요,0,0,0,0,식감이 엄청 부드럽습니다.
잡덕수집가,카페,예약 없이 이용,대기 시간 바로 입장,일상,부모님,음료가 맛있어요,0,0,0,0,볼거리도 있고 먹을거리도 있어요
잡덕수집가,국수,예약 후 이용,대기 시간 1시간 이상,일상,지인・동료,음식이 맛있어요,양이 많아요,0,0,0,맵찔이는 비추천이에요. 위가 쓰려요. 한입만 찬스 쓰세요
잡덕수집가,"카페,디저트",예약 없이 이용,대기 시간 바로 입장,일상,부모님,종류가 다양해요,매장이 청결해요,0,0,0,바로 구워서 주기 때문에 조금 기다려야 하는데 맛있습니다
잡덕수집가,생선회,예약 없이 이용,대기 시간 바로 입장,일상,부모님,음식이 맛있어요,0,0,0,0,막회 맛있어요. 국수 곁들여서 막기도 좋습니다
잡덕수집가,베트남음식,예약 없이 이용,대기 시간 바로 입장,일상,지인・동료,가성비가 좋아요,0,0,0,0,빠르게 먹을 수 있고 고수 옵션 있습니다
잡덕수집가,카페,예약 없이 이용,대기 시간 바로 입장,일상,지인・동료,음료가 맛있어요,0,0,0,0,기차표 할인되서 좋아요
잡덕수집가,카페,예약 없이 이용,대기 시간 바로 입장,일상,혼자,집중하기 좋아요,오래 머무르기 좋아요,0,0,0,유자 껍질이 씹혀서 상큼해요
잡덕수집가,한식,예약 없이 이용,대기 시간 바로 입장,일상,부모님,차분한 분위기에요,0,0,0,0,보기보다 가격대가 있는 편이네요
잡덕수집가,"카페,디저트",예약 없이 이용,대기 시간 30분 이내,친목,지인・동료,인테리어가 멋져요,0,0,0,0,사람이 많아서 정신없네요. 텐트 자리는 모임하기 좋습니다
잡덕수집가,"카페,디저트",예약 없이 이용,대기 시간 바로 입장,일상,0,가성비가 좋아요,0,0,0,0,모닝커피 한잔 뚝딱 가능합니다
잡덕수집가,한식,예약 없이 이용,대기 시간 바로 입장,일상,지인・동료,음식이 맛있어요,가성비가 좋아요,0,0,0,각자 2인분씩 순삭이요
잡덕수집가,"칼국수,만두",예약 없이 이용,대기 시간 바로 입장,일상,지인・동료,음식이 맛있어요,가성비가 좋아요,0,0,0,풋고추가 엄청 크고 아삭 맛있어요
잡덕수집가,찜닭,예약 없이 이용,대기 시간 바로 입장,일상,부모님,음식이 맛있어요,매장이 넓어요,0,0,0,배달로 먹다가 직접 먹으러 왔어요
잡덕수집가,"백숙,삼계탕",예약 없이 이용,대기 시간 바로 입장,가족모임,"부모님, 친척・형제",음식이 맛있어요,0,0,0,0,다른데 먹어봐도 여기가 제일 맛있어요
잡덕수집가,이탈리아음식,예약 없이 이용,대기 시간 바로 입장,일상,부모님,음식이 맛있어요,0,0,0,0,매장이 복잡하지 않아서 좋아요
잡덕수집가,한식,예약 없이 이용,대기 시간 바로 입장,일상,지인・동료,음식이 맛있어요,0,0,0,0,따뜻한 음식 빠르게 나와서 좋습니다
잡덕수집가,"과일,주스전문점",예약 없이 이용,대기 시간 바로 입장,일상,지인・동료,특별한 메뉴가 있어요,0,0,0,0,깍두기 망고 재밌습니다
잡덕수집가,"해물,생선요리",예약 없이 이용,대기 시간 바로 입장,일상,지인・동료,음식이 맛있어요,0,0,0,0,간이 세지 않아서 좋습니다.
잡덕수집가,"장어,먹장어요리",예약 없이 이용,대기 시간 바로 입장,일상,지인・동료,음식이 맛있어요,0,0,0,0,식감이 엄청 부드럽습니다.
잡덕수집가,카페,예약 없이 이용,대기 시간 바로 입장,일상,부모님,음료가 맛있어요,0,0,0,0,볼거리도 있고 먹을거리도 있어요
잡덕수집가,국수,예약 후 이용,대기 시간 1시간 이상,일상,지인・동료,음식이 맛있어요,양이 많아요,0,0,0,맵찔이는 비추천이에요. 위가 쓰려요. 한입만 찬스 쓰세요
잡덕수집가,"카페,디저트",예약 없이 이용,대기 시간 바로 입장,일상,부모님,종류가 다양해요,매장이 청결해요,0,0,0,바로 구워서 주기 때문에 조금 기다려야 하는데 맛있습니다
잡덕수집가,생선회,예약 없이 이용,대기 시간 바로 입장,일상,부모님,음식이 맛있어요,0,0,0,0,막회 맛있어요. 국수 곁들여서 막기도 좋습니다
잡덕수집가,베트남음식,예약 없이 이용,대기 시간 바로 입장,일상,지인・동료,가성비가 좋아요,0,0,0,0,빠르게 먹을 수 있고 고수 옵션 있습니다
잡덕수집가,카페,예약 없이 이용,대기 시간 바로 입장,일상,지인・동료,음료가 맛있어요,0,0,0,0,기차표 할인되서 좋아요
잡덕수집가,카페,예약 없이 이용,대기 시간 바로 입장,일상,혼자,집중하기 좋아요,오래 머무르기 좋아요,0,0,0,유자 껍질이 씹혀서 상큼해요
잡덕수집가,한식,예약 없이 이용,대기 시간 바로 입장,일상,부모님,차분한 분위기에요,0,0,0,0,보기보다 가격대가 있는 편이네요
잡덕수집가,"카페,디저트",예약 없이 이용,대기 시간 30분 이내,친목,지인・동료,인테리어가 멋져요,0,0,0,0,사람이 많아서 정신없네요. 텐트 자리는 모임하기 좋습니다
잡덕수집가,"카페,디저트",예약 없이 이용,대기 시간 바로 입장,일상,0,가성비가 좋아요,0,0,0,0,모닝커피 한잔 뚝딱 가능합니다
잡덕수집가,한식,예약 없이 이용,대기 시간 바로 입장,일상,지인・동료,음식이 맛있어요,가성비가 좋아요,0,0,0,각자 2인분씩 순삭이요
잡덕수집가,"칼국수,만두",예약 없이 이용,대기 시간 바로 입장,일상,지인・동료,음식이 맛있어요,가성비가 좋아요,0,0,0,풋고추가 엄청 크고 아삭 맛있어요
잡덕수집가,찜닭,예약 없이 이용,대기 시간 바로 입장,일상,부모님,음식이 맛있어요,매장이 넓어요,0,0,0,배달로 먹다가 직접 먹으러 왔어요
잡덕수집가,"백숙,삼계탕",예약 없이 이용,대기 시간 바로 입장,가족모임,"부모님, 친척・형제",음식이 맛있어요,0,0,0,0,다른데 먹어봐도 여기가 제일 맛있어요
잡덕수집가,이탈리아음식,예약 없이 이용,대기 시간 바로 입장,일상,부모님,음식이 맛있어요,0,0,0,0,매장이 복잡하지 않아서 좋아요
잡덕수집가,한식,예약 없이 이용,대기 시간 바로 입장,일상,지인・동료,음식이 맛있어요,0,0,0,0,따뜻한 음식 빠르게 나와서 좋습니다
잡덕수집가,"과일,주스전문점",예약 없이 이용,대기 시간 바로 입장,일상,지인・동료,특별한 메뉴가 있어요,0,0,0,0,깍두기 망고 재밌습니다
잡덕수집가,"육류,고기요리",대기 시간 바로 입장,일상,0,0,고기 질이 좋아요,0,0,0,0,고기 질이 좋아요
잡덕수집가,"육류,고기요리",예약 없이 이용,대기 시간 바로 입장,일상,지인・동료,가성비가 좋아요,0,0,0,0,반찬 인심이 좋습니다.
잡덕수집가,종합분식,예약 없이 이용,대기 시간 바로 입장,일상,지인・동료,가성비가 좋아요,혼밥하기 좋아요,0,0,0,전주 오면 당연한 코스 같은 식당입니다.
잡덕수집가,일식당,예약 없이 이용,대기 시간 바로 입장,일상,지인・동료,음식이 맛있어요,0,0,0,0,메뉴 다양하게 맛볼 수 있습니다.
잡덕수집가,카페,예약 없이 이용,대기 시간 바로 입장,친목,지인・동료,커피가 맛있어요,뷰가 좋아요,0,0,0,야외 공간도 있어서 바람 맞으면서 마시니까 좋아요.
잡덕수집가,한식,예약 없이 이용,대기 시간 바로 입장,가족모임,친척・형제,특별한 메뉴가 있어요,0,0,0,0,통감자전 바삭하니 술안주로 좋아요
잡덕수집가,"맥주,호프",예약 없이 이용,대기 시간 바로 입장,일상,부모님,특별한 메뉴가 있어요,0,0,0,0,술 종류보다 술안주 다양합니다.
잡덕수집가,한식,예약 없이 이용,대기 시간 바로 입장,가족모임,친척・형제,음식이 맛있어요,0,0,0,0,남녀노소 다양하게 먹을 수 있어서 좋아요.
잡덕수집가,"해물,생선요리",예약 없이 이용,대기 시간 바로 입장,일상,지인・동료,음식이 맛있어요,0,0,0,0,간이 세지 않아서 좋습니다.
잡덕수집가,"장어,먹장어요리",예약 없이 이용,대기 시간 바로 입장,일상,지인・동료,음식이 맛있어요,0,0,0,0,식감이 엄청 부드럽습니다.
잡덕수집가,카페,예약 없이 이용,대기 시간 바로 입장,일상,부모님,음료가 맛있어요,0,0,0,0,볼거리도 있고 먹을거리도 있어요
잡덕수집가,국수,예약 후 이용,대기 시간 1시간 이상,일상,지인・동료,음식이 맛있어요,양이 많아요,0,0,0,맵찔이는 비추천이에요. 위가 쓰려요. 한입만 찬스 쓰세요
