﻿nickname,restaurant,reservation,waiting,purpose,withwho,tagging_1,tagging_2,tagging_3,tagging_4,tagging_5,content
지민5717,"치킨,닭강정",예약 없이 이용,대기 시간 바로 입장,일상,혼자,음식이 맛있어요,0,0,0,0,컵 닭강정 긴 컵에 주십니다 먹다보면 생각보다 양 괜찮아요 간식으로 먹기에 충분하고 닭 촉촉하고 튀김 바삭하고 좋아요 떡도 쫄깃해서 별미 ! 사장님 친절하십니다
지민5717,"카페,디저트",예약 없이 이용,대기 시간 바로 입장,데이트,연인・배우자,인테리어가 멋져요,0,0,0,0,다들 오렌지라떼하세요 ..👍근래 먹은 이색 라떼 중 최교과하지고 적지도 않게 기분 좋은 오렌지향이 커피랑 완전 잘 어울려요 !!
지민5717,베이커리,예약 없이 이용,대기 시간 바로 입장,일상,지인・동료,커피가 맛있어요,음료가 맛있어요,인테리어가 멋져요,0,0,새로 생겨서 깔끔하고 내부에 자리도 많아요 ! 이벤트도 10/11까지 진행중이예요 !!
지민5717,"과일,주스전문점",예약 없이 이용,대기 시간 바로 입장,일상,혼자,인테리어가 멋져요,사진이 잘 나와요,음료가 맛있어요,재료가 신선해요,디저트가 맛있어요,"과일은 모두 당도 높고 신선했어요 ! 손질 안 하고 다 한 입 크기로 되어있어서 먹기 좋았습니다 :) 맛도 맛인데 비주얼이 너무 이쁘지 않나요 .. 과일컵 아니고 보석함.. 단체주문으로 너무 딱일 것 같은 비주얼 ! 토마토주스는 꿀 없이로 요청했는데 꿀 없어도 달달 시원하니 좋았어요 크루키는 땅콩쿠키로 선택했는데 진짜 한 입 먹자마자 눈이 띠용 ,, 너무 맛있어요 땅콩쿠기 이렇게 맛있는 건 줄 처음 알았고 고구마는 꿀밤고구마 그 자체 촉촉하고 달달한데 밀도도 엄청 높아요 !! 밤 고구마인데 꿀처럼 달달하고 살짝의 촉촉해서 꿀떡꿀떡 넘어가요 ! 과일도 맛있는데 고구마 크루키 맛집 인정합니다 😏 포장 주문하는데 사장님도 너무 친절하셨어요 🤍🤍"
지민5717,"카페,디저트",예약 없이 이용,대기 시간 바로 입장,친목,친구,디저트가 맛있어요,특별한 메뉴가 있어요,인테리어가 멋져요,음악이 좋아요,0,밤에 와도 분위기가 너무 좋어요 🤍 말차 빙수 맛 엄청 진하고 맛있어요.. 또 먹으러 와야겠어요 진짜 ㄹㅇ 존맛 !! 실타래라 식감도 넘 좋아요 그리구 생일이라고 꽃도 주셨는데 너무 깜짝 놀라고 ㅠㅠ 덕분에 행복한 하루로 마무리했어요 🤍 너무 친절하시고 스윗하십니다 🥹 단골할게요 🤍🤍
지민5717,카페,예약 후 이용,대기 시간 바로 입장,일상,혼자,커피가 맛있어요,디저트가 맛있어요,음료가 맛있어요,인테리어가 멋져요,음악이 좋아요,혼자 와서 생각 정리하기 좋았어요 ! 인테리어가 영국 느낌이 낭낭해서 너무 이뻤어요 정말 영국 고급 찻집에서 밀크티를 먹는 느낌 ! 저는 설탕이 들어가지 않은 일본식 로얄밀크티 먹었는데 부드러운 맛이 일품이었고 설탕도 따로 주셔서 좋았어요 얼그레이 치즈케이크는 달지 않아 차의 향을 해치지 않았다는 게 좋았어요! 되게 부드럽고 가벼운 느낌의 치즈케이크 🤍 티랑 너무 잘 어울려서 추천드려요 💗
지민5717,베이커리,포장·배달 이용,대기 시간 바로 입장,일상,혼자,매장이 청결해요,음식이 빨리 나와요,빵이 맛있어요,커피가 맛있어요,음료가 맛있어요,앞으로 길거리 간식은 붕어빵이 아니라 요놈입니다 여러분 .. 오리지널이랑 커스타드 먹었는데 겉은 바삭 속은 몽글몽글 미쳤어요 🥺 겉에 태두리 부분 바짝한게 진짜 맛있고 오리지널에 모짜렐라 뿐만 아니라 크림치즈도 들어가는데 요놈이 킥!!! 따뜻할때 먹어야 치즈 쫙쫙 잘 늘어나서 맛도 있구 꼬소하고 💗 커스타드는 안에 필링을 제 주먹만큼 넣어주시더라고요 ..? 안 맛있을 수가 없움 붕어빵 커스타드 맛 없는 거 종종 있는 거 알쥬 그런 맛 전혀 아니고 진짜 맛있는 커스타드여서 감동이었어요 🥺 커스타드 붕어빵파로써 이놈도 강추드립니다 앞으로 겨울철 간식은 붕어빵아니구 십원빵~ 글고 아아 가격 저렴한데 콜드브루라 진짜 맛있어요👍👍 밀크티도 데자와 아니고 직접 우려난 티 맛 나요 ! 엄청 달지 않아서 빵이랑 잘어울려요
지민5717,돈가스,포장·배달 이용,대기 시간 바로 입장,일상,혼자,음식이 맛있어요,양이 많아요,친절해요,0,0,돈까스 자체는 맛있지는 않은데 돈까스 소스가 진짜 맛도리 ! 바삭한 돈까스 좋아해서 찍먹하려다가 여기는 부먹으로 먹어야함을 깨달았어요 !! 다들 소스에 부어서 부드럽게 먹는 걸 추천드립니다 ~ 샐러드 소스도 넘 맛있어요🥹
지민5717,"카페,디저트",예약 없이 이용,대기 시간 바로 입장,데이트,연인・배우자,커피가 맛있어요,디저트가 맛있어요,음료가 맛있어요,인테리어가 멋져요,대화하기 좋아요,연남동 리틀포레스트를 발견했어요 🥹 노래 선곡 너무 좋고 매장 내 분위기 인테리어 진짜 취저 당했어요 ! 평일 오후 혼카페하러 오기에 너무 좋을 것 같아여 💗 제가 캐모마일 처돌이인데 여기 티 좋고 유명한 거 쓰시더라구요 !! 캐모마일 바닐라 꿀 베이스 향이 느껴져서 너무 맛있었어요 티 좋아하시면 강추 !! 자몽 타르트 자몽이 크구 꽉 차고 쓴 맛하나도 안나며 달달했어요 🤍 퐁신하면서 바싹한 타르트지에 상큼한 요거트 크림과 자몽이 너무 잘 어울려 후회없던 메뉴였어요 👍👍
지민5717,소고기구이,예약 후 이용,대기 시간 바로 입장,데이트,연인・배우자,매장이 넓어요,음식이 맛있어요,고기 질이 좋아요,잡내가 적어요,재료가 신선해요,가격도 괜찮은데 맛도 넘 좋아요 !! 소갈비 연하고 부드럽고 질도 좋네요 :) 양념도 삼삼하고 달달해서 고기의 본연의 맛을 잘 즐길 수 있었습니다 !! 매장도 넓고 쾌적해서 가족끼리 밥 먹으러 오기 넘 좋은 것 같아요 무생채비빔밥에 기본찬으로 나오는 육회 같이 먹는 거 꿀조합.. 꼭 드셔보세요 🥹
지민5717,요리주점,예약 후 이용,대기 시간 바로 입장,데이트,연인・배우자,음식이 맛있어요,기본 안주가 좋아요,가성비가 좋아요,인테리어가 멋져요,음악이 좋아요,여기 닭도리탕이 찐이예요.. 진짜 양념 감칠맛 장난아니고 당장 공깃밥을 부르는 맛이었는데 계란말이랑 너무 잘 어울려서 참을 수 있었어요.. 고추의 칼칼함과 살짝의 달달함이 만나 손에 꼽히는 닭도리탕이었슴니다 🥹 계란말이는 치즈가 진짜 많이 들어가서 닭도리탕이나 김치찜의 사이드메뉴로 증말 훌륭했어요 !! 위에 양념도 너무 넉넉해서 짱 좋았어요 🫶
지민5717,베이커리,예약 없이 이용,대기 시간 바로 입장,일상,부모님,빵이 맛있어요,커피가 맛있어요,특별한 메뉴가 있어요,가성비가 좋아요,양이 많아요,무화과 깜빠뉴 맛집 찾았어요 .. 🥹 무화과 실하게 들어있고 깜빠뉴인데 빵 안 질기고 진짜 쫄깃쫄깃해서 감탄하며 먹는 중입니다.. 겉에는 딱 좋게 빠짝한게 멈출 수 없는 맛… 무화과가 다른 곳은 너무 달게 조린 곳도 있는데 여긴 진짜 딱 알맞게 달아서 좋아요 !! 다른 빵들도 쫄깃퐁신한게 여기는 반죽이 다릅니다 안 가보셨으면 당장 달려가세요 반죽이 맛있는 걸 보니 치아바타류 진짜 맛있을 거 같아요 식빵도 유명하던데 냉동실에 식빵 있어서 안 사왔거든요..? 후회즁입니더..🥹🥹 전체적으로 많이 안 달아서 좋았구 아버지도 여기 빵 맛있다고 하시면서 좋아했어요 😆😆 그리구 사장님 직원분들 너무 친절하셔서 빵 고르는데 넘 기분 좋게 사갔어요 좋은 에너지 주셔서 너무 감사합니다 :)
지민5717,요리주점,예약 후 이용,대기 시간 바로 입장,친목,친구,매장이 넓어요,음식이 맛있어요,기본 안주가 좋아요,술이 다양해요,양이 많아요,순두부찌개 장사하셔도 될 것 같아요 😂 순찌가 흔히 알던 맛과 약간 다른데 더 맛있어요 .. 술집에서 순찌 흡입한 사람 저입니다 🤣 물골뱅이는 상콤시원달달해서 비교적 자극적인 순찌랑 먹으니까 무한흡입이 가능하더라구요 … 골뱅이 통째로 가득 들어있어서 원없이 먹구 나왔어요 🫶 술 종류가 진짜 많아서 이것저것 시도하기 좋았구 제 술잔에서 픽은 독도진주하이볼입니다 :)
지민5717,"육류,고기요리",예약 없이 이용,대기 시간 바로 입장,데이트,연인・배우자,인테리어가 멋져요,매장이 청결해요,화장실이 깨끗해요,고기 질이 좋아요,재료가 신선해요,"혜화에 이런 분위기 좋은 고깃집이 있다니.. 고기 구워주는 곳 맞나요 안에서 고기 냄새 안나서 좋았어요 🥹 옷에 고기 냄새 밸 걱정 없어서 넘 좋았구 전골도 너무 푸짐해서 잘 먹구 왔어요 🥰 고기가 질 좋은 게 느껴지는 게 전혀 질기지도 않구 비계가 적당히 있어 넘 고소했던 🤍 육수도 살짝 칼칼하며 감칠맛이 나서 계속 국물 엄청 마시다 왔어요 🤣 우동도 완전 쫠깃해서 맛남 ,, 소개팅할 정도로 분위기 좋았구 화장실이 이렇게 깔끔하고 잘 꾸며진 집은 처음이라 놀랐어요 .. 혜화 오시면 무족건 가세요 평일에도 웨이팅있는 핫플임"
지민5717,양식,대기 시간 바로 입장,친목,친구,0,음식이 맛있어요,특별한 메뉴가 있어요,인테리어가 멋져요,차분한 분위기에요,대화하기 좋아요,바질페스토 브루스케타 무조건 드세요 진짜 너무 맛있어서 이거 먹으러 또 올거예요 .. 바질 맛집인게 분명함 들기름 냉파스타도 들기름향 많이 나서 좋았어요! 하우스 와인은 향도 좋고 많이 달지 않아서 음식이랑 곁들이기에 너무 좋았어요 와인 맛집 인정하고 와인 마시러 기념일이나 데이트하러 올 거 같아요 사장님도 너무 다정하시고 친절하심 번창하세요 !
지민5717,카페,예약 없이 이용,대기 시간 바로 입장,친목,친구,매장이 넓어요,디저트가 맛있어요,0,0,0,그 유명한 두바이초콜릿 푸딩이 있어서 바로 들어와서 먹어봤는데 은은한 피스타치오맛과 바짝한 카다이프 식감이 너무 좋았어요 ! 피스타치오 맛이 연해서 살짝 아쉬웠는데 요즘 만원 넘는 두바이 시리즈를 이 가격으로 먹을 수 있다는 것에 만족.. 계속 먹다보면 느끼해서 아아는 필수입니다
지민5717,이자카야,예약 후 이용,대기 시간 바로 입장,일상,친구,음식이 맛있어요,술이 다양해요,가성비가 좋아요,인테리어가 멋져요,대화하기 좋아요,주류 가격 가성비 너무 좋고 안주들고 가격이 너무 좋은데 맛도 너무 훌륭해요 !! 그린애플사와 달달하니 음료같아 쭉쭉 들어가구 얼그레이하이볼 다른 주류랑 가격이 똑같은데도 넘 맛있어요 .. 사시미 비린 맛 하나도 안나구 스테이쿠도 넘 맛있었습니다 !
지민5717,카페,예약 없이 이용,대기 시간 바로 입장,데이트,연인・배우자,매장이 청결해요,좌석이 편해요,0,0,0,매장이 넓고 쾌적해요 바닐라프렌치라떼는 많이 단 바닐라라떼맛 ! 따뜻하게 먹는게 더 맛난 거 같아요
지민5717,일본식라면,예약 없이 이용,대기 시간 바로 입장,데이트,연인・배우자,매장이 넓어요,혼밥하기 좋아요,음식이 맛있어요,메뉴 구성이 알차요,0,슴슴하고 느끼하지 않아서 맛있어요 ! 반숙란 맛있구 닭고기 완전 부드러워요🤩 차슈도 초음 먹어보는데 넘 맛있어요 .. 맛있게 저녁 한끼하구 갑니다! 덮밥이랑 가라아게도 맛있어욥🤍
지민5717,아이스크림,예약 없이 이용,대기 시간 바로 입장,여행,친구,특별한 메뉴가 있어요,인테리어가 멋져요,사진이 잘 나와요,0,0,안목해변 구경 후 가기 좋어요 순두부젤라또 처음 먹는데 저는 불호? 경험으로 만족했고 뭔가 저한테는 찰흙맛..? 다른 맛들이 더 맛있을 것 같아요 식감은 좋았습니다~
지민5717,"치킨,닭강정",예약 없이 이용,대기 시간 바로 입장,일상,혼자,음식이 맛있어요,0,0,0,0,컵 닭강정 긴 컵에 주십니다 먹다보면 생각보다 양 괜찮아요 간식으로 먹기에 충분하고 닭 촉촉하고 튀김 바삭하고 좋아요 떡도 쫄깃해서 별미 ! 사장님 친절하십니다
지민5717,"카페,디저트",예약 없이 이용,대기 시간 바로 입장,데이트,연인・배우자,인테리어가 멋져요,0,0,0,0,다들 오렌지라떼하세요 ..👍근래 먹은 이색 라떼 중 최교과하지고 적지도 않게 기분 좋은 오렌지향이 커피랑 완전 잘 어울려요 !!
지민5717,베이커리,예약 없이 이용,대기 시간 바로 입장,일상,지인・동료,커피가 맛있어요,음료가 맛있어요,인테리어가 멋져요,0,0,새로 생겨서 깔끔하고 내부에 자리도 많아요 ! 이벤트도 10/11까지 진행중이예요 !!
지민5717,"과일,주스전문점",예약 없이 이용,대기 시간 바로 입장,일상,혼자,인테리어가 멋져요,사진이 잘 나와요,음료가 맛있어요,재료가 신선해요,디저트가 맛있어요,"과일은 모두 당도 높고 신선했어요 ! 손질 안 하고 다 한 입 크기로 되어있어서 먹기 좋았습니다 :) 맛도 맛인데 비주얼이 너무 이쁘지 않나요 .. 과일컵 아니고 보석함.. 단체주문으로 너무 딱일 것 같은 비주얼 ! 토마토주스는 꿀 없이로 요청했는데 꿀 없어도 달달 시원하니 좋았어요 크루키는 땅콩쿠키로 선택했는데 진짜 한 입 먹자마자 눈이 띠용 ,, 너무 맛있어요 땅콩쿠기 이렇게 맛있는 건 줄 처음 알았고 고구마는 꿀밤고구마 그 자체 촉촉하고 달달한데 밀도도 엄청 높아요 !! 밤 고구마인데 꿀처럼 달달하고 살짝의 촉촉해서 꿀떡꿀떡 넘어가요 ! 과일도 맛있는데 고구마 크루키 맛집 인정합니다 😏 포장 주문하는데 사장님도 너무 친절하셨어요 🤍🤍"
지민5717,"카페,디저트",예약 없이 이용,대기 시간 바로 입장,친목,친구,디저트가 맛있어요,특별한 메뉴가 있어요,인테리어가 멋져요,음악이 좋아요,0,밤에 와도 분위기가 너무 좋어요 🤍 말차 빙수 맛 엄청 진하고 맛있어요.. 또 먹으러 와야겠어요 진짜 ㄹㅇ 존맛 !! 실타래라 식감도 넘 좋아요 그리구 생일이라고 꽃도 주셨는데 너무 깜짝 놀라고 ㅠㅠ 덕분에 행복한 하루로 마무리했어요 🤍 너무 친절하시고 스윗하십니다 🥹 단골할게요 🤍🤍
지민5717,카페,예약 후 이용,대기 시간 바로 입장,일상,혼자,커피가 맛있어요,디저트가 맛있어요,음료가 맛있어요,인테리어가 멋져요,음악이 좋아요,혼자 와서 생각 정리하기 좋았어요 ! 인테리어가 영국 느낌이 낭낭해서 너무 이뻤어요 정말 영국 고급 찻집에서 밀크티를 먹는 느낌 ! 저는 설탕이 들어가지 않은 일본식 로얄밀크티 먹었는데 부드러운 맛이 일품이었고 설탕도 따로 주셔서 좋았어요 얼그레이 치즈케이크는 달지 않아 차의 향을 해치지 않았다는 게 좋았어요! 되게 부드럽고 가벼운 느낌의 치즈케이크 🤍 티랑 너무 잘 어울려서 추천드려요 💗
지민5717,베이커리,포장·배달 이용,대기 시간 바로 입장,일상,혼자,매장이 청결해요,음식이 빨리 나와요,빵이 맛있어요,커피가 맛있어요,음료가 맛있어요,앞으로 길거리 간식은 붕어빵이 아니라 요놈입니다 여러분 .. 오리지널이랑 커스타드 먹었는데 겉은 바삭 속은 몽글몽글 미쳤어요 🥺 겉에 태두리 부분 바짝한게 진짜 맛있고 오리지널에 모짜렐라 뿐만 아니라 크림치즈도 들어가는데 요놈이 킥!!! 따뜻할때 먹어야 치즈 쫙쫙 잘 늘어나서 맛도 있구 꼬소하고 💗 커스타드는 안에 필링을 제 주먹만큼 넣어주시더라고요 ..? 안 맛있을 수가 없움 붕어빵 커스타드 맛 없는 거 종종 있는 거 알쥬 그런 맛 전혀 아니고 진짜 맛있는 커스타드여서 감동이었어요 🥺 커스타드 붕어빵파로써 이놈도 강추드립니다 앞으로 겨울철 간식은 붕어빵아니구 십원빵~ 글고 아아 가격 저렴한데 콜드브루라 진짜 맛있어요👍👍 밀크티도 데자와 아니고 직접 우려난 티 맛 나요 ! 엄청 달지 않아서 빵이랑 잘어울려요
지민5717,돈가스,포장·배달 이용,대기 시간 바로 입장,일상,혼자,음식이 맛있어요,양이 많아요,친절해요,0,0,돈까스 자체는 맛있지는 않은데 돈까스 소스가 진짜 맛도리 ! 바삭한 돈까스 좋아해서 찍먹하려다가 여기는 부먹으로 먹어야함을 깨달았어요 !! 다들 소스에 부어서 부드럽게 먹는 걸 추천드립니다 ~ 샐러드 소스도 넘 맛있어요🥹
지민5717,"카페,디저트",예약 없이 이용,대기 시간 바로 입장,데이트,연인・배우자,커피가 맛있어요,디저트가 맛있어요,음료가 맛있어요,인테리어가 멋져요,대화하기 좋아요,연남동 리틀포레스트를 발견했어요 🥹 노래 선곡 너무 좋고 매장 내 분위기 인테리어 진짜 취저 당했어요 ! 평일 오후 혼카페하러 오기에 너무 좋을 것 같아여 💗 제가 캐모마일 처돌이인데 여기 티 좋고 유명한 거 쓰시더라구요 !! 캐모마일 바닐라 꿀 베이스 향이 느껴져서 너무 맛있었어요 티 좋아하시면 강추 !! 자몽 타르트 자몽이 크구 꽉 차고 쓴 맛하나도 안나며 달달했어요 🤍 퐁신하면서 바싹한 타르트지에 상큼한 요거트 크림과 자몽이 너무 잘 어울려 후회없던 메뉴였어요 👍👍
지민5717,소고기구이,예약 후 이용,대기 시간 바로 입장,데이트,연인・배우자,매장이 넓어요,음식이 맛있어요,고기 질이 좋아요,잡내가 적어요,재료가 신선해요,가격도 괜찮은데 맛도 넘 좋아요 !! 소갈비 연하고 부드럽고 질도 좋네요 :) 양념도 삼삼하고 달달해서 고기의 본연의 맛을 잘 즐길 수 있었습니다 !! 매장도 넓고 쾌적해서 가족끼리 밥 먹으러 오기 넘 좋은 것 같아요 무생채비빔밥에 기본찬으로 나오는 육회 같이 먹는 거 꿀조합.. 꼭 드셔보세요 🥹
지민5717,요리주점,예약 후 이용,대기 시간 바로 입장,데이트,연인・배우자,음식이 맛있어요,기본 안주가 좋아요,가성비가 좋아요,인테리어가 멋져요,음악이 좋아요,여기 닭도리탕이 찐이예요.. 진짜 양념 감칠맛 장난아니고 당장 공깃밥을 부르는 맛이었는데 계란말이랑 너무 잘 어울려서 참을 수 있었어요.. 고추의 칼칼함과 살짝의 달달함이 만나 손에 꼽히는 닭도리탕이었슴니다 🥹 계란말이는 치즈가 진짜 많이 들어가서 닭도리탕이나 김치찜의 사이드메뉴로 증말 훌륭했어요 !! 위에 양념도 너무 넉넉해서 짱 좋았어요 🫶
지민5717,베이커리,예약 없이 이용,대기 시간 바로 입장,일상,부모님,빵이 맛있어요,커피가 맛있어요,특별한 메뉴가 있어요,가성비가 좋아요,양이 많아요,무화과 깜빠뉴 맛집 찾았어요 .. 🥹 무화과 실하게 들어있고 깜빠뉴인데 빵 안 질기고 진짜 쫄깃쫄깃해서 감탄하며 먹는 중입니다.. 겉에는 딱 좋게 빠짝한게 멈출 수 없는 맛… 무화과가 다른 곳은 너무 달게 조린 곳도 있는데 여긴 진짜 딱 알맞게 달아서 좋아요 !! 다른 빵들도 쫄깃퐁신한게 여기는 반죽이 다릅니다 안 가보셨으면 당장 달려가세요 반죽이 맛있는 걸 보니 치아바타류 진짜 맛있을 거 같아요 식빵도 유명하던데 냉동실에 식빵 있어서 안 사왔거든요..? 후회즁입니더..🥹🥹 전체적으로 많이 안 달아서 좋았구 아버지도 여기 빵 맛있다고 하시면서 좋아했어요 😆😆 그리구 사장님 직원분들 너무 친절하셔서 빵 고르는데 넘 기분 좋게 사갔어요 좋은 에너지 주셔서 너무 감사합니다 :)
지민5717,요리주점,예약 후 이용,대기 시간 바로 입장,친목,친구,매장이 넓어요,음식이 맛있어요,기본 안주가 좋아요,술이 다양해요,양이 많아요,순두부찌개 장사하셔도 될 것 같아요 😂 순찌가 흔히 알던 맛과 약간 다른데 더 맛있어요 .. 술집에서 순찌 흡입한 사람 저입니다 🤣 물골뱅이는 상콤시원달달해서 비교적 자극적인 순찌랑 먹으니까 무한흡입이 가능하더라구요 … 골뱅이 통째로 가득 들어있어서 원없이 먹구 나왔어요 🫶 술 종류가 진짜 많아서 이것저것 시도하기 좋았구 제 술잔에서 픽은 독도진주하이볼입니다 :)
지민5717,"육류,고기요리",예약 없이 이용,대기 시간 바로 입장,데이트,연인・배우자,인테리어가 멋져요,매장이 청결해요,화장실이 깨끗해요,고기 질이 좋아요,재료가 신선해요,"혜화에 이런 분위기 좋은 고깃집이 있다니.. 고기 구워주는 곳 맞나요 안에서 고기 냄새 안나서 좋았어요 🥹 옷에 고기 냄새 밸 걱정 없어서 넘 좋았구 전골도 너무 푸짐해서 잘 먹구 왔어요 🥰 고기가 질 좋은 게 느껴지는 게 전혀 질기지도 않구 비계가 적당히 있어 넘 고소했던 🤍 육수도 살짝 칼칼하며 감칠맛이 나서 계속 국물 엄청 마시다 왔어요 🤣 우동도 완전 쫠깃해서 맛남 ,, 소개팅할 정도로 분위기 좋았구 화장실이 이렇게 깔끔하고 잘 꾸며진 집은 처음이라 놀랐어요 .. 혜화 오시면 무족건 가세요 평일에도 웨이팅있는 핫플임"
지민5717,양식,대기 시간 바로 입장,친목,친구,0,음식이 맛있어요,특별한 메뉴가 있어요,인테리어가 멋져요,차분한 분위기에요,대화하기 좋아요,바질페스토 브루스케타 무조건 드세요 진짜 너무 맛있어서 이거 먹으러 또 올거예요 .. 바질 맛집인게 분명함 들기름 냉파스타도 들기름향 많이 나서 좋았어요! 하우스 와인은 향도 좋고 많이 달지 않아서 음식이랑 곁들이기에 너무 좋았어요 와인 맛집 인정하고 와인 마시러 기념일이나 데이트하러 올 거 같아요 사장님도 너무 다정하시고 친절하심 번창하세요 !
지민5717,카페,예약 없이 이용,대기 시간 바로 입장,친목,친구,매장이 넓어요,디저트가 맛있어요,0,0,0,그 유명한 두바이초콜릿 푸딩이 있어서 바로 들어와서 먹어봤는데 은은한 피스타치오맛과 바짝한 카다이프 식감이 너무 좋았어요 ! 피스타치오 맛이 연해서 살짝 아쉬웠는데 요즘 만원 넘는 두바이 시리즈를 이 가격으로 먹을 수 있다는 것에 만족.. 계속 먹다보면 느끼해서 아아는 필수입니다
지민5717,이자카야,예약 후 이용,대기 시간 바로 입장,일상,친구,음식이 맛있어요,술이 다양해요,가성비가 좋아요,인테리어가 멋져요,대화하기 좋아요,주류 가격 가성비 너무 좋고 안주들고 가격이 너무 좋은데 맛도 너무 훌륭해요 !! 그린애플사와 달달하니 음료같아 쭉쭉 들어가구 얼그레이하이볼 다른 주류랑 가격이 똑같은데도 넘 맛있어요 .. 사시미 비린 맛 하나도 안나구 스테이쿠도 넘 맛있었습니다 !
지민5717,카페,예약 없이 이용,대기 시간 바로 입장,데이트,연인・배우자,매장이 청결해요,좌석이 편해요,0,0,0,매장이 넓고 쾌적해요 바닐라프렌치라떼는 많이 단 바닐라라떼맛 ! 따뜻하게 먹는게 더 맛난 거 같아요
지민5717,일본식라면,예약 없이 이용,대기 시간 바로 입장,데이트,연인・배우자,매장이 넓어요,혼밥하기 좋아요,음식이 맛있어요,메뉴 구성이 알차요,0,슴슴하고 느끼하지 않아서 맛있어요 ! 반숙란 맛있구 닭고기 완전 부드러워요🤩 차슈도 초음 먹어보는데 넘 맛있어요 .. 맛있게 저녁 한끼하구 갑니다! 덮밥이랑 가라아게도 맛있어욥🤍
지민5717,아이스크림,예약 없이 이용,대기 시간 바로 입장,여행,친구,특별한 메뉴가 있어요,인테리어가 멋져요,사진이 잘 나와요,0,0,안목해변 구경 후 가기 좋어요 순두부젤라또 처음 먹는데 저는 불호? 경험으로 만족했고 뭔가 저한테는 찰흙맛..? 다른 맛들이 더 맛있을 것 같아요 식감은 좋았습니다~
지민5717,0,예약 없이 이용,대기 시간 바로 입장,데이트,연인・배우자,인테리어가 멋져요,사진이 잘 나와요,뷰가 좋아요,야외공간이 멋져요,음료가 맛있어요,피스타치오 아인슈페너 강추 드려요 !! 나무뷰가 푸릇푸릇하니 너무 힐링 .. 사장님의 취향이 곳곳에 묻어나는 곳에서 편히 잘 쉬다 갔습니다 :) 소품들도 너무 귀여워서 구경하기 좋았어요 !!
지민5717,"카페,디저트",예약 없이 이용,대기 시간 바로 입장,일상,친구,커피가 맛있어요,집중하기 좋아요,매장이 넓어요,0,0,매장이 넓고 쾌적해요 ! 커피도 맛있어요 :) 카공하기 좋음!
지민5717,마라탕,예약 없이 이용,대기 시간 바로 입장,데이트,연인・배우자,음식이 맛있어요,0,0,0,0,학교 주변 마라탕 집은 단연 탕화쿵푸 .. 리뷰는 처음이지만 학교 다니면서 셀 수도 없을 만큼 왔어요 !! 여기 마라탕도 맛있지만 꿔봐로우도 맛있어요 !!
지민5717,요리주점,예약 없이 이용,대기 시간 바로 입장,데이트,연인・배우자,음식이 맛있어요,친절해요,매장이 청결해요,음식이 빨리 나와요,화장실이 깨끗해요,직원분들이 친절하셔서 덕분에 기분 좋게 하루를 마무리 했어요 감사합니다 🫶 🫶
지민5717,돈가스,예약 없이 이용,대기 시간 바로 입장,일상,혼자,음식이 맛있어요,혼밥하기 좋아요,매장이 청결해요,0,0,고구마 무스 달달하니 맛있고 소스도 맛있었어요 ! 알바생분이 너무 친절하십니다 :)
지민5717,0,0,0,0,0,0,0,0,0,0,친절하시고 너무 맛있어요 매일 먹고 싶어요ㅠㅠ
지민5717,0,0,0,0,0,0,0,0,0,0,여러분 사이드 메뉴 꼭 시켜먹으세요 JMT
지민5717,"치킨,닭강정",예약 없이 이용,대기 시간 바로 입장,일상,혼자,음식이 맛있어요,0,0,0,0,컵 닭강정 긴 컵에 주십니다 먹다보면 생각보다 양 괜찮아요 간식으로 먹기에 충분하고 닭 촉촉하고 튀김 바삭하고 좋아요 떡도 쫄깃해서 별미 ! 사장님 친절하십니다
지민5717,"카페,디저트",예약 없이 이용,대기 시간 바로 입장,데이트,연인・배우자,인테리어가 멋져요,0,0,0,0,다들 오렌지라떼하세요 ..👍근래 먹은 이색 라떼 중 최교과하지고 적지도 않게 기분 좋은 오렌지향이 커피랑 완전 잘 어울려요 !!
지민5717,베이커리,예약 없이 이용,대기 시간 바로 입장,일상,지인・동료,커피가 맛있어요,음료가 맛있어요,인테리어가 멋져요,0,0,새로 생겨서 깔끔하고 내부에 자리도 많아요 ! 이벤트도 10/11까지 진행중이예요 !!
