﻿nickname,restaurant,reservation,waiting,purpose,withwho,tagging_1,tagging_2,tagging_3,tagging_4,tagging_5,content
A8뜨뚜,중식당,예약 없이 이용,대기 시간 바로 입장,일상,연인・배우자,음식이 맛있어요,0,0,0,0,"내가 원하는 재료골라서 무게로 금액측정하고나면 맛잇게 마라샹궈만들어주십니다!매운향솥 마라샹궈 맛집으로 기대하고먹엇는데도 너무 맛잇엇어요. 마라의 정도랑 볶음상태 모두 딱 좋더라구요! 그래도 마라샹궈는 조금 짜서 공기밥 하나 시켜서 같이 먹음 좋습니다.사이드로 시킨 깐풍기는 튀김옷만 너무 많앗어서 왠지 불호가 많을거같아요ㅎ 주변 테이블보니 꿔바로우나 크림새우를 많이들 시켜드시던데, 꿔바로우나 크림새우가 더 맛잇어보엿어요! 원래 유명한곳으로 알려져잇지만~ 진짜 마라맛집으로 인정임니다/"
A8뜨뚜,"과일,주스전문점",예약 없이 이용,대기 시간 바로 입장,일상,연인・배우자,음료가 맛있어요,0,0,0,0,고망고 보이면 자주 사먹어요ㅎ가성비좋아유
A8뜨뚜,"카페,디저트",예약 없이 이용,대기 시간 바로 입장,데이트,연인・배우자,친절해요,인테리어가 멋져요,0,0,0,디저트사진을 못찍엇는데 여기 디저트 종류도 많고 휘낭시에랑 케이크 넘 맛잇어요! 매장 분위기도 좋고 탁트인 느낌이 넘 좋앗어요ㅎ 깔끔하면서 중간중간 귀여움이 뽀인트인 느낌.무엇보다 직원분들이 친절하셔서 기분좋앗습니다!엄청 환하게 웃으면서 친절하게 응대해주시더라구요.디저트도 또 생각나서 또 방문할 예정! 문정역 디저트맛집으로 강추/
A8뜨뚜,카페,예약 없이 이용,대기 시간 바로 입장,일상,연인・배우자,디저트가 맛있어요,0,0,0,0,투썸은 케이크맛집🍰🍰♥️베리아이스박스도 기존아이스박스에 상큼한맛이 추가되니 더 맛잇어요!
A8뜨뚜,베이커리,예약 없이 이용,대기 시간 바로 입장,일상,연인・배우자,특별한 메뉴가 있어요,0,0,0,0,시즌메뉴 마카다미아브리틀 궁금해서 사먹어봣는데월드콘느낌?! 맛잇엇슴다ㅎ 코코로카라는 항상 기본이상/
A8뜨뚜,"카페,디저트",예약 없이 이용,대기 시간 바로 입장,데이트,연인・배우자,디저트가 맛있어요,0,0,0,0,무게측정해서 먹는 디저트집ㅎ 요즘 강남카페 물가대비 가성비도 좋은거같아서 트리오드 자주 갑니닷!맛도 잇고 크림도 많고 케이크도 이뻐요
A8뜨뚜,일본식라면,예약 없이 이용,대기 시간 바로 입장,데이트,연인・배우자,친절해요,음식이 맛있어요,혼밥하기 좋아요,0,0,"일본에 이치란라멘 진짜 좋아하는데 우마이도 뭔가 비슷하니 진짜 맛잇게 먹엇어요!돈코츠라멘도 진짜 라멘집마다 천차만별 다 다른데, 한국에서 먹어본 라멘집중에 가장 맛잇엇습니다.매운 돈코츠라멘 강추!!"
A8뜨뚜,중식당,예약 없이 이용,대기 시간 바로 입장,일상,연인・배우자,친절해요,음식이 맛있어요,0,0,0,주하객잔 깐풍기가 맛잇다길래 먹어봣는데 진짜 맛잇엇어요!튀김옷이 다먹을때까지 눅눅하지않고 파삭파삭⭐️짜장면에 계란후라이 올려주는것마저 아주 맘에 들엇습니다ㅎㅎ메뉴가 엄청 많아서 고르기 힘들엇어요. 여럿이서가서 다양하게 시켜먹어도 좋을거같아요.5시오픈시간에 가서그런지 음식 나오기까지 좀 기다렷어요.여자직원분이 되게 우렁차시고 친절하셔서 보기좋앗습니다ㅎ구의역 중식맛집 추천!
A8뜨뚜,카페,예약 없이 이용,대기 시간 바로 입장,데이트,연인・배우자,디저트가 맛있어요,0,0,0,0,"청담역점 주차가능하구, 점심시간쯤가서 그런지 여기 케이크종류 거의 다 잇는거같앗어요ㅎㅎ 굳"
A8뜨뚜,중식당,예약 후 이용,대기 시간 바로 입장,데이트,연인・배우자,음식이 맛있어요,인테리어가 멋져요,친절해요,0,0,흑백요리사때문에 동파육 먹고싶어서 방문~~양대비 6만5천원이라는 비싼가격이지만 고기가 진짜 부들부들하니 너무 맛잇엇어요.짜장면이랑 딤섬도 다 맛잇!가족끼리가서 다양하게 시켜먹으면 좋아요ㅎ 갠적으로 코스보다 단품 여러개가 훨 나은거같아요.가면 항상 대접받는 느낌이라 비싼값하는느낌!주차가능하나 발렛비가 비싸요.예약은 필수입니다! 캐치테이블 예약가능
A8뜨뚜,"찌개,전골",예약 없이 이용,대기 시간 바로 입장,가족모임,부모님,친절해요,음식이 맛있어요,0,0,0,"경아식당 아현역점 항상 맛잇어요ㅎㅎ사장님, 직원분들 항상 웃으시면서 친절하셔서 가면 기분 좋아요! 매장이 작아서 피크타임에는 웨이팅잇슴당"
A8뜨뚜,요리주점,예약 없이 이용,대기 시간 바로 입장,나들이,연인・배우자,음식이 맛있어요,특별한 메뉴가 있어요,인테리어가 멋져요,0,0,"용용선생 마라전골, 고추바삭유린기 넘 맛잇어요!마라전골은 마라초보자도 충분히 드실수잇슴니다ㅎㅎ 유린기 가장 강추이지만 이외에 안주 다 맛잇어요!직원분들도 친절하셔서 좋앗어요."
A8뜨뚜,"순대,순댓국",예약 없이 이용,대기 시간 바로 입장,데이트,연인・배우자,음식이 맛있어요,고기 질이 좋아요,양이 많아요,0,0,너무나 애정하는 식당 중 하나인 정담옥!!방문할때마다 나날이 더 맛잇어지는거같아요..이번엔 고기살의 양이 더 어마어마 햇습니다! 고기 부드러운건 말해뭐해~~~매콤달달한 양념 좋아하시는 분들이라면 매우 강추임니다/+김가루참기름밥 필쓔
A8뜨뚜,한식,예약 후 이용,대기 시간 바로 입장,가족모임,부모님,특별한 날 가기 좋아요,음식이 맛있어요,인테리어가 멋져요,0,0,엄마환갑파티해드리려고 룸예약해서 이용햇어요!룸 분위기 조용하고 통창으로 보이는 풍경이 너무 좋앗어요.어복쟁반 먹으러간건데 품절이라 아쉬웟어요ㅠㅠ다른 메뉴들로 잔뜩 시켜먹엇는데 전체적으로 깔끔하고 다 맛잇엇습니다! 부모님모시고가기에 너무 좋은곳같아요! 추천!
A8뜨뚜,중식당,예약 없이 이용,대기 시간 바로 입장,데이트,연인・배우자,혼밥하기 좋아요,음식이 맛있어요,재료가 신선해요,가성비가 좋아요,0,가성비 진짜 최고..!!!! 훠궈 배터지게 먹고싶을때마다 찾아갑니다!재료들 완젼 신선하구 매장이 깔끔해요. 좋아하는 재료들로만 왕창 먹을수잇어서 좋아요ㅎㅎ
A8뜨뚜,베이커리,예약 없이 이용,대기 시간 바로 입장,데이트,연인・배우자,빵이 맛있어요,친절해요,0,0,0,빵들 다 맛잇어요ㅎ 소금빵 곧 나온다해서 뻘쭘함안고 기다리는데 직원분들 너무 친절하셧어요ㅎㅎ
A8뜨뚜,일식당,예약 없이 이용,대기 시간 바로 입장,데이트,연인・배우자,음식이 맛있어요,양이 많아요,친절해요,인테리어가 멋져요,0,토요일 점심이엇는데 웨이팅 없이 입장 가능햇어요!분위기 넘나 좋고 .. 입장하고부터 여직원분들 진짜 친절하셔서 기분 좋앗어요ㅎㅎ오꼬노미야끼 좀 비싼가?햇는데 엄청 크게 나와서 깜짝놀랏어요ㅋㅋㅋ 고추야끼소바는 좀만 더 매콤햇으면 좋앗을거같아요ㅎㅎ소스충인데 테이블마다 소스가 구비되어잇는게 넘 맘에 들엇어요.둘이서 오꼬노미야끼랑 야끼소바 시키시면 배터지시게 드실거같아요~! 일본느끼고싶으시면 추천!
A8뜨뚜,"장어,먹장어요리",예약 후 이용,대기 시간 바로 입장,가족모임,부모님,음식이 맛있어요,반찬이 잘 나와요,0,0,0,"금요일 저녘이라 혹시몰라 예약하고 갓는데 자리 충분히 잇엇어요ㅎㅎ 장어가 살 통통함이 좀 적고 얇은 편이엇지만 가격대비 괜찮앗어요! 반찬들이 장어랑 먹기 딱 좋은 구성들이 나오고, 장어소스가 한약맛이 많이 나는 독특한 소스엿어요.사장님이 처음부터 끝까지 잘 구워주시는 점이 너무 좋앗어요ㅎㅎ 합정주변 장어집으로 추천!"
A8뜨뚜,갈비탕,예약 없이 이용,대기 시간 바로 입장,일상,연인・배우자,음식이 맛있어요,양이 많아요,0,0,0,"갈비탕으로 오래전부터 유명한곳이길래 방문!국물은 깔끔한 고깃국물에 숙주향이 입혀져 시원한 느낌인데, 제입맛에는 살짝 심심한 느낌이엇습니다! 하지만 여기 갈비에 고기살이 실하게 붙어잇고 엄청 부드럽더라구요. 이 불편한 어르신들도 잘 드실수잇겟다 싶을정도!갈비탕 맛집으로 인정 추천!"
A8뜨뚜,돈가스,예약 없이 이용,대기 시간 바로 입장,일상,혼자,음식이 맛있어요,0,0,0,0,강남에 가성비 경양식 돈까스집!딱 고기얇고 기본 경양식 소스맛인 딱 오리지널 경양식돈까스집이엇습니다.매운소스 따로 시켯는데 전혀 맵지않아 아쉬웟어요ㅎ
A8뜨뚜,한식,예약 후 이용,대기 시간 바로 입장,친목,친구,음식이 맛있어요,특별한 메뉴가 있어요,인테리어가 멋져요,대화하기 좋아요,매장이 청결해요,"오랜만에 친구들만나는데 리파인 유명하길래 궁금해서 예약해서 방문햇어요! 일단 매장 들어가자마자 분위기 넘나 좋음! 어둑한데 대화가 술술나오는ㅋㅋㅋㅋ안주들 다 너무 맛잇더라구요. 보쌈, 비빔국수, 명란감태비빔 전부 다 강추! 술이 정말 다양한데 3가지 시음해보고 고를수 잇어서도 좋앗어요ㅎㅎ 청첩장모임, 소개팅으로 좋을거같아요! 추천!"
A8뜨뚜,"카페,디저트",예약 없이 이용,대기 시간 바로 입장,데이트,연인・배우자,디저트가 맛있어요,0,0,0,0,"건대에서 핫한 디저트카페!늦은저녘에가면 디저트들은 거의 없을거같더라구요.티그레, 케이크, 소금빵 전부 다 맛잇엇습니다.크림좋아하시는 분들이라면 케이크 추천!티그레도 버터풍미 가득햇어요 ㅎ"
A8뜨뚜,한식,예약 없이 이용,대기 시간 바로 입장,일상,친구,음식이 맛있어요,0,0,0,0,코다리비빔막국수 먹엇는데 코다리가 간이 아주 강하드라구요! 고춧가루 맛이 많이 느껴지면서 간이 쎈 막국수엿어요.만두는 그냥저냥햇습니다ㅎ
A8뜨뚜,일본식라면,예약 없이 이용,대기 시간 30분 이내,데이트,연인・배우자,음식이 맛있어요,양이 많아요,0,0,0,"인스타에서 새우츠캐맨 맛집이라해서 궁금해서 방문!소스는 눅진한 질감에 건새우를 갈아넣은듯한 향이 낫고,면은 탱글쫄깃햇고, 차슈는 베이컨맛이 많이 낫어요.조금 매콤햇더라면 더 맛잇게 먹엇을거같앗지만,전체적으로 양도 많고 새로운 츠케멘 드시고싶으신 분들에겐 추천!"
A8뜨뚜,카페,예약 없이 이용,대기 시간 바로 입장,친목,친구,디저트가 맛있어요,0,0,0,0,디저트들이 많아보이길래 몇가지 사먹어봣어요.휘낭시에가 주력인거같앗는데 생각보다 파운드케잌?머핀? 같아서 아쉬웟습니다. 퍽퍽하드라구요.버터바는 정말 맛잇엇습니다! 레몬코코넛맛 강추휘낭시에보다 버터바를 추천함니다.
A8뜨뚜,일본식라면,예약 없이 이용,대기 시간 바로 입장,나들이,연인・배우자,친절해요,음식이 맛있어요,인테리어가 멋져요,0,0,"부산여행 후 일본라멘에 관심이 생겨서 검색후 방문!*류센소 카라 3단계로 먹엇는데 전혀 안맵고 맛잇엇어요.국물 먼저 먹어봣는데 먹자마자 ’돼지육수‘라는게 딱 느껴졋어요ㅎ 일반 류센소 라멘은 좀 많이 느끼할거같다는 생각이 들엇어요. 류센소 카라를 추천! 차슈가 불향가득하고 부들부들하니 넘 맛잇어요. 기본으로 한장들어잇는데 추가하시는걸 추천해요-! *가라아게는 소스충이라 그런지 타르타르소스?랑 간장소스 둘다 주는게 넘 좋앗어요ㅎ *안에 인테리어가 우드우드한게 맘에들엇고, 매장도 은근 자리많고 커요. 사장님께서 친절하셔서 좋앗습니다. 화장실은 외부에 잇슴다. 매장앞에 주차도 가능해요."
A8뜨뚜,양식,예약 없이 이용,대기 시간 바로 입장,일상,혼자,음식이 맛있어요,0,0,0,0,"부천에 함박 검색후 방문!함박고기에 잡내없고 부드러워서 좋앗고, 데미소스가 진한게 맛잇엇습니다.파스타면도 들어잇고, 단호박,새우튀김,감자튀김 토핑도 맘에 들엇습니다.혼밥하시는분들이 많으시더라구요!"
A8뜨뚜,햄버거,예약 없이 이용,대기 시간 바로 입장,나들이,연인・배우자,음식이 맛있어요,특별한 메뉴가 있어요,0,0,0,"버거위에 소스를 부어준다는 독특한 버거집이길래 방문!비주얼은 마치 파스타나 리조또 느낌인데,소스안에는 버거가잇고 토핑으로 마늘, 양파 후레이크가 잇어 씹는맛도 좋앗고 로제소스도 넘 맛잇엇습니다! 패티에 육즙도 가득하구, 무엇보다 소스가 맛잇어서 괜찮앗던거같아요ㅎ유니크한 버거집으로 추천!"
A8뜨뚜,중식당,예약 없이 이용,대기 시간 바로 입장,일상,연인・배우자,음식이 맛있어요,0,0,0,0,"내가 원하는 재료골라서 무게로 금액측정하고나면 맛잇게 마라샹궈만들어주십니다!매운향솥 마라샹궈 맛집으로 기대하고먹엇는데도 너무 맛잇엇어요. 마라의 정도랑 볶음상태 모두 딱 좋더라구요! 그래도 마라샹궈는 조금 짜서 공기밥 하나 시켜서 같이 먹음 좋습니다.사이드로 시킨 깐풍기는 튀김옷만 너무 많앗어서 왠지 불호가 많을거같아요ㅎ 주변 테이블보니 꿔바로우나 크림새우를 많이들 시켜드시던데, 꿔바로우나 크림새우가 더 맛잇어보엿어요! 원래 유명한곳으로 알려져잇지만~ 진짜 마라맛집으로 인정임니다/"
A8뜨뚜,"과일,주스전문점",예약 없이 이용,대기 시간 바로 입장,일상,연인・배우자,음료가 맛있어요,0,0,0,0,고망고 보이면 자주 사먹어요ㅎ가성비좋아유
A8뜨뚜,"카페,디저트",예약 없이 이용,대기 시간 바로 입장,데이트,연인・배우자,친절해요,인테리어가 멋져요,0,0,0,디저트사진을 못찍엇는데 여기 디저트 종류도 많고 휘낭시에랑 케이크 넘 맛잇어요! 매장 분위기도 좋고 탁트인 느낌이 넘 좋앗어요ㅎ 깔끔하면서 중간중간 귀여움이 뽀인트인 느낌.무엇보다 직원분들이 친절하셔서 기분좋앗습니다!엄청 환하게 웃으면서 친절하게 응대해주시더라구요.디저트도 또 생각나서 또 방문할 예정! 문정역 디저트맛집으로 강추/
A8뜨뚜,카페,예약 없이 이용,대기 시간 바로 입장,일상,연인・배우자,디저트가 맛있어요,0,0,0,0,투썸은 케이크맛집🍰🍰♥️베리아이스박스도 기존아이스박스에 상큼한맛이 추가되니 더 맛잇어요!
A8뜨뚜,베이커리,예약 없이 이용,대기 시간 바로 입장,일상,연인・배우자,특별한 메뉴가 있어요,0,0,0,0,시즌메뉴 마카다미아브리틀 궁금해서 사먹어봣는데월드콘느낌?! 맛잇엇슴다ㅎ 코코로카라는 항상 기본이상/
A8뜨뚜,"카페,디저트",예약 없이 이용,대기 시간 바로 입장,데이트,연인・배우자,디저트가 맛있어요,0,0,0,0,무게측정해서 먹는 디저트집ㅎ 요즘 강남카페 물가대비 가성비도 좋은거같아서 트리오드 자주 갑니닷!맛도 잇고 크림도 많고 케이크도 이뻐요
A8뜨뚜,일본식라면,예약 없이 이용,대기 시간 바로 입장,데이트,연인・배우자,친절해요,음식이 맛있어요,혼밥하기 좋아요,0,0,"일본에 이치란라멘 진짜 좋아하는데 우마이도 뭔가 비슷하니 진짜 맛잇게 먹엇어요!돈코츠라멘도 진짜 라멘집마다 천차만별 다 다른데, 한국에서 먹어본 라멘집중에 가장 맛잇엇습니다.매운 돈코츠라멘 강추!!"
A8뜨뚜,중식당,예약 없이 이용,대기 시간 바로 입장,일상,연인・배우자,친절해요,음식이 맛있어요,0,0,0,주하객잔 깐풍기가 맛잇다길래 먹어봣는데 진짜 맛잇엇어요!튀김옷이 다먹을때까지 눅눅하지않고 파삭파삭⭐️짜장면에 계란후라이 올려주는것마저 아주 맘에 들엇습니다ㅎㅎ메뉴가 엄청 많아서 고르기 힘들엇어요. 여럿이서가서 다양하게 시켜먹어도 좋을거같아요.5시오픈시간에 가서그런지 음식 나오기까지 좀 기다렷어요.여자직원분이 되게 우렁차시고 친절하셔서 보기좋앗습니다ㅎ구의역 중식맛집 추천!
A8뜨뚜,카페,예약 없이 이용,대기 시간 바로 입장,데이트,연인・배우자,디저트가 맛있어요,0,0,0,0,"청담역점 주차가능하구, 점심시간쯤가서 그런지 여기 케이크종류 거의 다 잇는거같앗어요ㅎㅎ 굳"
A8뜨뚜,중식당,예약 후 이용,대기 시간 바로 입장,데이트,연인・배우자,음식이 맛있어요,인테리어가 멋져요,친절해요,0,0,흑백요리사때문에 동파육 먹고싶어서 방문~~양대비 6만5천원이라는 비싼가격이지만 고기가 진짜 부들부들하니 너무 맛잇엇어요.짜장면이랑 딤섬도 다 맛잇!가족끼리가서 다양하게 시켜먹으면 좋아요ㅎ 갠적으로 코스보다 단품 여러개가 훨 나은거같아요.가면 항상 대접받는 느낌이라 비싼값하는느낌!주차가능하나 발렛비가 비싸요.예약은 필수입니다! 캐치테이블 예약가능
A8뜨뚜,"찌개,전골",예약 없이 이용,대기 시간 바로 입장,가족모임,부모님,친절해요,음식이 맛있어요,0,0,0,"경아식당 아현역점 항상 맛잇어요ㅎㅎ사장님, 직원분들 항상 웃으시면서 친절하셔서 가면 기분 좋아요! 매장이 작아서 피크타임에는 웨이팅잇슴당"
A8뜨뚜,요리주점,예약 없이 이용,대기 시간 바로 입장,나들이,연인・배우자,음식이 맛있어요,특별한 메뉴가 있어요,인테리어가 멋져요,0,0,"용용선생 마라전골, 고추바삭유린기 넘 맛잇어요!마라전골은 마라초보자도 충분히 드실수잇슴니다ㅎㅎ 유린기 가장 강추이지만 이외에 안주 다 맛잇어요!직원분들도 친절하셔서 좋앗어요."
A8뜨뚜,"순대,순댓국",예약 없이 이용,대기 시간 바로 입장,데이트,연인・배우자,음식이 맛있어요,고기 질이 좋아요,양이 많아요,0,0,너무나 애정하는 식당 중 하나인 정담옥!!방문할때마다 나날이 더 맛잇어지는거같아요..이번엔 고기살의 양이 더 어마어마 햇습니다! 고기 부드러운건 말해뭐해~~~매콤달달한 양념 좋아하시는 분들이라면 매우 강추임니다/+김가루참기름밥 필쓔
A8뜨뚜,한식,예약 후 이용,대기 시간 바로 입장,가족모임,부모님,특별한 날 가기 좋아요,음식이 맛있어요,인테리어가 멋져요,0,0,엄마환갑파티해드리려고 룸예약해서 이용햇어요!룸 분위기 조용하고 통창으로 보이는 풍경이 너무 좋앗어요.어복쟁반 먹으러간건데 품절이라 아쉬웟어요ㅠㅠ다른 메뉴들로 잔뜩 시켜먹엇는데 전체적으로 깔끔하고 다 맛잇엇습니다! 부모님모시고가기에 너무 좋은곳같아요! 추천!
A8뜨뚜,중식당,예약 없이 이용,대기 시간 바로 입장,데이트,연인・배우자,혼밥하기 좋아요,음식이 맛있어요,재료가 신선해요,가성비가 좋아요,0,가성비 진짜 최고..!!!! 훠궈 배터지게 먹고싶을때마다 찾아갑니다!재료들 완젼 신선하구 매장이 깔끔해요. 좋아하는 재료들로만 왕창 먹을수잇어서 좋아요ㅎㅎ
A8뜨뚜,베이커리,예약 없이 이용,대기 시간 바로 입장,데이트,연인・배우자,빵이 맛있어요,친절해요,0,0,0,빵들 다 맛잇어요ㅎ 소금빵 곧 나온다해서 뻘쭘함안고 기다리는데 직원분들 너무 친절하셧어요ㅎㅎ
A8뜨뚜,일식당,예약 없이 이용,대기 시간 바로 입장,데이트,연인・배우자,음식이 맛있어요,양이 많아요,친절해요,인테리어가 멋져요,0,토요일 점심이엇는데 웨이팅 없이 입장 가능햇어요!분위기 넘나 좋고 .. 입장하고부터 여직원분들 진짜 친절하셔서 기분 좋앗어요ㅎㅎ오꼬노미야끼 좀 비싼가?햇는데 엄청 크게 나와서 깜짝놀랏어요ㅋㅋㅋ 고추야끼소바는 좀만 더 매콤햇으면 좋앗을거같아요ㅎㅎ소스충인데 테이블마다 소스가 구비되어잇는게 넘 맘에 들엇어요.둘이서 오꼬노미야끼랑 야끼소바 시키시면 배터지시게 드실거같아요~! 일본느끼고싶으시면 추천!
A8뜨뚜,"장어,먹장어요리",예약 후 이용,대기 시간 바로 입장,가족모임,부모님,음식이 맛있어요,반찬이 잘 나와요,0,0,0,"금요일 저녘이라 혹시몰라 예약하고 갓는데 자리 충분히 잇엇어요ㅎㅎ 장어가 살 통통함이 좀 적고 얇은 편이엇지만 가격대비 괜찮앗어요! 반찬들이 장어랑 먹기 딱 좋은 구성들이 나오고, 장어소스가 한약맛이 많이 나는 독특한 소스엿어요.사장님이 처음부터 끝까지 잘 구워주시는 점이 너무 좋앗어요ㅎㅎ 합정주변 장어집으로 추천!"
A8뜨뚜,갈비탕,예약 없이 이용,대기 시간 바로 입장,일상,연인・배우자,음식이 맛있어요,양이 많아요,0,0,0,"갈비탕으로 오래전부터 유명한곳이길래 방문!국물은 깔끔한 고깃국물에 숙주향이 입혀져 시원한 느낌인데, 제입맛에는 살짝 심심한 느낌이엇습니다! 하지만 여기 갈비에 고기살이 실하게 붙어잇고 엄청 부드럽더라구요. 이 불편한 어르신들도 잘 드실수잇겟다 싶을정도!갈비탕 맛집으로 인정 추천!"
A8뜨뚜,돈가스,예약 없이 이용,대기 시간 바로 입장,일상,혼자,음식이 맛있어요,0,0,0,0,강남에 가성비 경양식 돈까스집!딱 고기얇고 기본 경양식 소스맛인 딱 오리지널 경양식돈까스집이엇습니다.매운소스 따로 시켯는데 전혀 맵지않아 아쉬웟어요ㅎ
A8뜨뚜,한식,예약 후 이용,대기 시간 바로 입장,친목,친구,음식이 맛있어요,특별한 메뉴가 있어요,인테리어가 멋져요,대화하기 좋아요,매장이 청결해요,"오랜만에 친구들만나는데 리파인 유명하길래 궁금해서 예약해서 방문햇어요! 일단 매장 들어가자마자 분위기 넘나 좋음! 어둑한데 대화가 술술나오는ㅋㅋㅋㅋ안주들 다 너무 맛잇더라구요. 보쌈, 비빔국수, 명란감태비빔 전부 다 강추! 술이 정말 다양한데 3가지 시음해보고 고를수 잇어서도 좋앗어요ㅎㅎ 청첩장모임, 소개팅으로 좋을거같아요! 추천!"
A8뜨뚜,"카페,디저트",예약 없이 이용,대기 시간 바로 입장,데이트,연인・배우자,디저트가 맛있어요,0,0,0,0,"건대에서 핫한 디저트카페!늦은저녘에가면 디저트들은 거의 없을거같더라구요.티그레, 케이크, 소금빵 전부 다 맛잇엇습니다.크림좋아하시는 분들이라면 케이크 추천!티그레도 버터풍미 가득햇어요 ㅎ"
