﻿nickname,restaurant,reservation,waiting,purpose,withwho,tagging_1,tagging_2,tagging_3,tagging_4,tagging_5,content
딸기4282,카페,예약 없이 이용,대기 시간 바로 입장,일상,혼자,커피가 맛있어요,0,0,0,0,아인슈페너는 역시 텐퍼센트…
딸기4282,피자,예약 없이 이용,대기 시간 바로 입장,데이트,연인・배우자,음식이 맛있어요,가성비가 좋아요,인테리어가 멋져요,0,0,핫치킨 존맛탱이에요 ㄱㄱㄱ
딸기4282,패밀리레스토랑,예약 없이 이용,대기 시간 30분 이내,데이트,부모님,음식이 맛있어요,가성비가 좋아요,인테리어가 멋져요,매장이 넓어요,0,엄마가 배터지게 먹었어요 ㅋㅋ 가성비맛집 추천드려요!
딸기4282,"카페,디저트",예약 없이 이용,대기 시간 바로 입장,데이트,연인・배우자,인테리어가 멋져요,뷰가 좋아요,커피가 맛있어요,디저트가 맛있어요,0,점심먹고 커피 마시러갔는데 거북이카페더라고요!거북이 진짜 많아요 ㅎㅎㅎ 맛난 커피랑 디저트먹으면서 거북이 구경하면서 시간가는줄몰랐어요 ㅋㅋㅋㅋ 거북이 하품하는 것도 살면서 볼줄이야 ㅋㅋㅋ 이색데이트 장소로 추천드립니당 !!
딸기4282,양식,예약 후 이용,대기 시간 바로 입장,데이트,연인・배우자,인테리어가 멋져요,음식이 맛있어요,특별한 메뉴가 있어요,가성비가 좋아요,메뉴 구성이 알차요,"매장이 아기자기하고 너무 귀여웠어요 🥰서프라이즈세트메뉴를 주문했는데요, 가성비 장난아니네요 ㅠ 근데 맛도 너무 좋아요 존맛탱 ㅠ시그니처 함박 미쳤어요 ㅋㅋㅋ 소스 진짜 짱맛있고요 같이 나온 샐러드도 맛있어서 젤 맛있게 먹었어요 쉬림프로제파스트는 말해모해~ 쫄면은 맵지않고 고소함가득한 새콤달콤한 쫄면이었어요 ㅎㅎ 맵찔이에게 희소식.. 배달도 되던데 가깝게 살지못해 아쉽네요 ㅠ 덕분에 맛있는 식사 하고 갑니다 !!"
딸기4282,"육류,고기요리",예약 후 이용,대기 시간 바로 입장,데이트,연인・배우자,직접 잘 구워줘요,매장이 넓어요,음식이 맛있어요,고기 질이 좋아요,재료가 신선해요,"고기 맛 미쳤고요, 질도 미쳤고요 걍 다 미쳤어요 ㅠ존맛탱….. 고기 진짜 맛있었어요 ㅠㅠ 삼겹살 목살 둘다 맛있었는데 목살이 진짜 미쳤어요 ㅠ 곁들일 반찬과 소스도 다양하고 고기도 진짜 맛깔나게 구워주신답니다 ㅠ 조명도 사진 진짜 잘나와서 인스타에 맛깔난 사진도 올릴수있어요 히히 친구들한테 자랑해야겠어요 ㅎㅎㅎ"
딸기4282,중식당,예약 없이 이용,대기 시간 2시간 이상,데이트,연인・배우자,친절해요,음식이 맛있어요,양이 많아요,특별한 메뉴가 있어요,매장이 넓어요,진짜 맛있게 먹고 가요!! 직원분과 철가방요리사님 매우 친절하십니다 ㅠㅠㅠㅠㅠ 웨이팅만 없다면 재방문 의사 10000%❤️👍
딸기4282,차,예약 후 이용,대기 시간 바로 입장,데이트,연인・배우자,차가 맛있어요,특별한 메뉴가 있어요,인테리어가 멋져요,0,0,진짜 좋은 경험하고 가요! 이색데이트로도 좋고 부모님 모시고 가기 좋은 곳이었어요!!
딸기4282,"카페,디저트",예약 없이 이용,대기 시간 바로 입장,데이트,연인・배우자,커피가 맛있어요,디저트가 맛있어요,0,0,0,맛있어요 ㅜㅜㅜㅜㅜㅠㅠㅠㅠㅠㅠㅠㅠㅠㅠㅠㅠ
딸기4282,바(BAR),예약 후 이용,대기 시간 바로 입장,데이트,연인・배우자,기본 안주가 좋아요,술이 다양해요,인테리어가 멋져요,혼술하기 좋아요,0,기본안주 오이 맛있고요 와인류 짱맛있어요……. 킹스맨 느낌나는 바 고급스럽고 혼술하기도 좋은 곳 같아요
딸기4282,브런치카페,예약 없이 이용,대기 시간 바로 입장,일상,부모님,인테리어가 멋져요,사진이 잘 나와요,커피가 맛있어요,음료가 맛있어요,특별한 메뉴가 있어요,진짜 브런치 맛있었어요…
딸기4282,중식당,예약 후 이용,대기 시간 바로 입장,데이트,연인・배우자,음식이 맛있어요,재료가 신선해요,가성비가 좋아요,인테리어가 멋져요,친절해요,"훠궈, 샤브샤브 엄청 좋아해서 찾아보다가 성수에 새로 생긴 곳 있다 해서 방문 했어요!매장도 너무 깔끔하고 예쁘고 맛도 굿굿 👍👍직원분들도 너무 친절하시고 재료도 너무 신선해서 데이트 잘하고 갑니다 🥰"
딸기4282,요리주점,예약 후 이용,대기 시간 바로 입장,데이트,연인・배우자,친절해요,음식이 맛있어요,특별한 메뉴가 있어요,0,0,진짜 맛있게 먹었어요! 다음에는 다른 메뉴 공략하러 갈게요!
딸기4282,소고기구이,예약 없이 이용,대기 시간 바로 입장,일상,지인・동료,매장이 넓어요,음식이 맛있어요,0,0,0,가성비 맛집
딸기4282,아이스크림,예약 없이 이용,대기 시간 바로 입장,데이트,연인・배우자,특별한 메뉴가 있어요,0,0,0,0,매장이 넓어서 좋았어요
딸기4282,돈가스,예약 없이 이용,대기 시간 바로 입장,데이트,연인・배우자,혼밥하기 좋아요,음식이 맛있어요,특별한 메뉴가 있어요,가성비가 좋아요,0,소바랑 나베가 유명하다고 와서 왔어요!인테리어 너무 귀엽구 데이트 잘 하다가요!
딸기4282,"가구,인테리어",0,0,0,0,가성비가 좋아요,0,0,0,0,잠깐 쉬기 좋은 공간이에요
딸기4282,"카페,디저트",예약 없이 이용,대기 시간 바로 입장,일상,혼자,인테리어가 멋져요,디저트가 맛있어요,특별한 메뉴가 있어요,0,0,진짜 맛있게 먹고 가요~
딸기4282,돈가스,예약 없이 이용,대기 시간 바로 입장,데이트,연인・배우자,인테리어가 멋져요,혼밥하기 좋아요,음식이 맛있어요,재료가 신선해요,특별한 메뉴가 있어요,진짜 바삭하고 맛있었어요! 데이트하기 좋은 곳이었어요
딸기4282,베이커리,예약 없이 이용,대기 시간 10분 이내 ,데이트,연인・배우자,특별한 메뉴가 있어요,0,0,0,0,맛있게 먹을게요
딸기4282,이자카야,예약 없이 이용,대기 시간 30분 이내,일상,지인・동료,음식이 맛있어요,친절해요,0,0,0,서현 육회 맛집 👍👍👍 육회 진짜 맛있어요 ㅜㅜㅜㅜㅜ
딸기4282,핫도그,예약 없이 이용,대기 시간 바로 입장,데이트,연인・배우자,음식이 맛있어요,0,0,0,0,바베큐 먹었구요 맛있었어요
딸기4282,카페,예약 없이 이용,대기 시간 바로 입장,일상,혼자,커피가 맛있어요,0,0,0,0,아인슈페너는 역시 텐퍼센트…
딸기4282,피자,예약 없이 이용,대기 시간 바로 입장,데이트,연인・배우자,음식이 맛있어요,가성비가 좋아요,인테리어가 멋져요,0,0,핫치킨 존맛탱이에요 ㄱㄱㄱ
딸기4282,패밀리레스토랑,예약 없이 이용,대기 시간 30분 이내,데이트,부모님,음식이 맛있어요,가성비가 좋아요,인테리어가 멋져요,매장이 넓어요,0,엄마가 배터지게 먹었어요 ㅋㅋ 가성비맛집 추천드려요!
딸기4282,"카페,디저트",예약 없이 이용,대기 시간 바로 입장,데이트,연인・배우자,인테리어가 멋져요,뷰가 좋아요,커피가 맛있어요,디저트가 맛있어요,0,점심먹고 커피 마시러갔는데 거북이카페더라고요!거북이 진짜 많아요 ㅎㅎㅎ 맛난 커피랑 디저트먹으면서 거북이 구경하면서 시간가는줄몰랐어요 ㅋㅋㅋㅋ 거북이 하품하는 것도 살면서 볼줄이야 ㅋㅋㅋ 이색데이트 장소로 추천드립니당 !!
딸기4282,양식,예약 후 이용,대기 시간 바로 입장,데이트,연인・배우자,인테리어가 멋져요,음식이 맛있어요,특별한 메뉴가 있어요,가성비가 좋아요,메뉴 구성이 알차요,"매장이 아기자기하고 너무 귀여웠어요 🥰서프라이즈세트메뉴를 주문했는데요, 가성비 장난아니네요 ㅠ 근데 맛도 너무 좋아요 존맛탱 ㅠ시그니처 함박 미쳤어요 ㅋㅋㅋ 소스 진짜 짱맛있고요 같이 나온 샐러드도 맛있어서 젤 맛있게 먹었어요 쉬림프로제파스트는 말해모해~ 쫄면은 맵지않고 고소함가득한 새콤달콤한 쫄면이었어요 ㅎㅎ 맵찔이에게 희소식.. 배달도 되던데 가깝게 살지못해 아쉽네요 ㅠ 덕분에 맛있는 식사 하고 갑니다 !!"
딸기4282,"육류,고기요리",예약 후 이용,대기 시간 바로 입장,데이트,연인・배우자,직접 잘 구워줘요,매장이 넓어요,음식이 맛있어요,고기 질이 좋아요,재료가 신선해요,"고기 맛 미쳤고요, 질도 미쳤고요 걍 다 미쳤어요 ㅠ존맛탱….. 고기 진짜 맛있었어요 ㅠㅠ 삼겹살 목살 둘다 맛있었는데 목살이 진짜 미쳤어요 ㅠ 곁들일 반찬과 소스도 다양하고 고기도 진짜 맛깔나게 구워주신답니다 ㅠ 조명도 사진 진짜 잘나와서 인스타에 맛깔난 사진도 올릴수있어요 히히 친구들한테 자랑해야겠어요 ㅎㅎㅎ"
딸기4282,중식당,예약 없이 이용,대기 시간 2시간 이상,데이트,연인・배우자,친절해요,음식이 맛있어요,양이 많아요,특별한 메뉴가 있어요,매장이 넓어요,진짜 맛있게 먹고 가요!! 직원분과 철가방요리사님 매우 친절하십니다 ㅠㅠㅠㅠㅠ 웨이팅만 없다면 재방문 의사 10000%❤️👍
딸기4282,차,예약 후 이용,대기 시간 바로 입장,데이트,연인・배우자,차가 맛있어요,특별한 메뉴가 있어요,인테리어가 멋져요,0,0,진짜 좋은 경험하고 가요! 이색데이트로도 좋고 부모님 모시고 가기 좋은 곳이었어요!!
딸기4282,"카페,디저트",예약 없이 이용,대기 시간 바로 입장,데이트,연인・배우자,커피가 맛있어요,디저트가 맛있어요,0,0,0,맛있어요 ㅜㅜㅜㅜㅜㅠㅠㅠㅠㅠㅠㅠㅠㅠㅠㅠㅠ
딸기4282,바(BAR),예약 후 이용,대기 시간 바로 입장,데이트,연인・배우자,기본 안주가 좋아요,술이 다양해요,인테리어가 멋져요,혼술하기 좋아요,0,기본안주 오이 맛있고요 와인류 짱맛있어요……. 킹스맨 느낌나는 바 고급스럽고 혼술하기도 좋은 곳 같아요
딸기4282,브런치카페,예약 없이 이용,대기 시간 바로 입장,일상,부모님,인테리어가 멋져요,사진이 잘 나와요,커피가 맛있어요,음료가 맛있어요,특별한 메뉴가 있어요,진짜 브런치 맛있었어요…
딸기4282,중식당,예약 후 이용,대기 시간 바로 입장,데이트,연인・배우자,음식이 맛있어요,재료가 신선해요,가성비가 좋아요,인테리어가 멋져요,친절해요,"훠궈, 샤브샤브 엄청 좋아해서 찾아보다가 성수에 새로 생긴 곳 있다 해서 방문 했어요!매장도 너무 깔끔하고 예쁘고 맛도 굿굿 👍👍직원분들도 너무 친절하시고 재료도 너무 신선해서 데이트 잘하고 갑니다 🥰"
딸기4282,요리주점,예약 후 이용,대기 시간 바로 입장,데이트,연인・배우자,친절해요,음식이 맛있어요,특별한 메뉴가 있어요,0,0,진짜 맛있게 먹었어요! 다음에는 다른 메뉴 공략하러 갈게요!
딸기4282,소고기구이,예약 없이 이용,대기 시간 바로 입장,일상,지인・동료,매장이 넓어요,음식이 맛있어요,0,0,0,가성비 맛집
딸기4282,아이스크림,예약 없이 이용,대기 시간 바로 입장,데이트,연인・배우자,특별한 메뉴가 있어요,0,0,0,0,매장이 넓어서 좋았어요
딸기4282,돈가스,예약 없이 이용,대기 시간 바로 입장,데이트,연인・배우자,혼밥하기 좋아요,음식이 맛있어요,특별한 메뉴가 있어요,가성비가 좋아요,0,소바랑 나베가 유명하다고 와서 왔어요!인테리어 너무 귀엽구 데이트 잘 하다가요!
딸기4282,"가구,인테리어",0,0,0,0,가성비가 좋아요,0,0,0,0,잠깐 쉬기 좋은 공간이에요
딸기4282,"카페,디저트",예약 없이 이용,대기 시간 바로 입장,일상,혼자,인테리어가 멋져요,디저트가 맛있어요,특별한 메뉴가 있어요,0,0,진짜 맛있게 먹고 가요~
딸기4282,돈가스,예약 없이 이용,대기 시간 바로 입장,데이트,연인・배우자,인테리어가 멋져요,혼밥하기 좋아요,음식이 맛있어요,재료가 신선해요,특별한 메뉴가 있어요,진짜 바삭하고 맛있었어요! 데이트하기 좋은 곳이었어요
딸기4282,베이커리,예약 없이 이용,대기 시간 10분 이내 ,데이트,연인・배우자,특별한 메뉴가 있어요,0,0,0,0,맛있게 먹을게요
딸기4282,이자카야,예약 없이 이용,대기 시간 30분 이내,일상,지인・동료,음식이 맛있어요,친절해요,0,0,0,서현 육회 맛집 👍👍👍 육회 진짜 맛있어요 ㅜㅜㅜㅜㅜ
딸기4282,핫도그,예약 없이 이용,대기 시간 바로 입장,데이트,연인・배우자,음식이 맛있어요,0,0,0,0,바베큐 먹었구요 맛있었어요
딸기4282,일식당,예약 없이 이용,대기 시간 바로 입장,데이트,연인・배우자,혼밥하기 좋아요,음식이 맛있어요,0,0,0,남자친구랑 왔어요! 맛있게 먹고 갑니다 ~ 
딸기4282,"카페,디저트",예약 없이 이용,대기 시간 10분 이내 ,데이트,연인・배우자,커피가 맛있어요,디저트가 맛있어요,특별한 메뉴가 있어요,0,0,카이막 미쳤어요. 먹어봤던 카이막 중 젤 맛있었어요 ㅠㅠ
딸기4282,"해물,생선요리",예약 없이 이용,대기 시간 바로 입장,"여행, 가족모임","부모님, 친척・형제",음식이 맛있어요,재료가 신선해요,반찬이 잘 나와요,메뉴 구성이 알차요,친절해요,우와아ㅏㅏㅏ 진짜 ㅠㅠㅠ 너무 맛있었어요 ㅠㅠ 제주도 킬러 친구가 갈치조림은 갈치공장이라고 추천해줘서 갔는데 진짜진짜 맛있더라구요. 반찬도 진짜 진짜 맛있었어요 . 원래 반찬이 맛있는 집이 찐맛집인거 아시죠? ㅎㅎ 그리고 바다뷰 식당이라 예쁜 제주도 바다 바라보면서 밥을 먹을 수 있어요. 갈치조림은 갈치공장으로 ~!~! 👍👍👍 
딸기4282,향토음식,예약 없이 이용,대기 시간 10분 이내 ,"여행, 가족모임","부모님, 친척・형제",뷰가 좋아요,특별한 날 가기 좋아요,비싼 만큼 가치있어요,0,0,부모님 모시고 가기 좋은 식당이었어요. 그리고 직원분들 모두 친절하셨답니다^^
딸기4282,"카페,디저트",0,0,0,0,인테리어가 멋져요,사진이 잘 나와요,친절해요,매장이 청결해요,디저트가 맛있어요,티라미슈 엄청 맛있다고 소문나서 왔어요 ㅎㅎ 진짜 맛있네요 ㅠㅠ 커피도 고소하궁 ㅠㅠㅠ인테리어도 멋져서 사진찍기도 너무 좋고 재밌게 놀다갑니당 ~~ 🥰
딸기4282,카페,0,0,0,0,매장이 청결해요,커피가 맛있어요,0,0,0,역시 스벅은 돌체콜드브루 😋
