﻿nickname,restaurant,reservation,waiting,purpose,withwho,tagging_1,tagging_2,tagging_3,tagging_4,tagging_5,content
샐연,이탈리아음식,예약 없이 이용,대기 시간 바로 입장,친목,친구,음식이 맛있어요,친절해요,매장이 청결해요,0,0,메뉴 다 맛있음 ㅠㅠㅠ
샐연,한식,예약 없이 이용,대기 시간 바로 입장,친목,지인・동료,음식이 맛있어요,0,0,0,0,맛있어용 💚
샐연,일식당,0,0,0,0,음식이 맛있어요,양이 많아요,혼밥하기 좋아요,0,0,토마토 오코노미야키 💕
샐연,"곱창,막창,양",0,0,0,0,음식이 맛있어요,양이 많아요,0,0,0,곱창전골 짱 맛있음 ㅠㅠ
샐연,"카페,디저트",예약 없이 이용,대기 시간 바로 입장,친목,친구,음식이 맛있어요,매장이 넓어요,친절해요,0,0,카페지만 음식이 맛있어요!!! ㅋㅋㅋㅋ 떡볶이 맛집 :)
샐연,"카페,디저트",0,0,0,0,디저트가 맛있어요,뷰가 좋아요,매장이 넓어요,친절해요,0,디저트가 맛있어요!!!
샐연,"카페,디저트",예약 없이 이용,0,0,0,디저트가 맛있어요,0,0,0,0,푸딩 짱맛있음 !!
샐연,일식당,예약 후 이용,대기 시간 바로 입장,친목,친구,음식이 맛있어요,양이 많아요,혼밥하기 좋아요,친절해요,0,뜨끈하니 비오는날 먹기 딱 좋음! 양도 많아서 친구들이랑 쉐어하기 좋음 💛
샐연,핫도그,예약 없이 이용,대기 시간 바로 입장,일상,혼자,음식이 맛있어요,가성비가 좋아요,매장이 청결해요,0,0,간단하게 먹을걸 찾아 왔습니다 !! 혼자서도 먹기 좋고 친구들이랑 와도 좋을 것 같아요!! 고수도 빼달라고 하니 원하는대로 조리해서 주셨어요!
샐연,양식,예약 없이 이용,대기 시간 바로 입장,가족모임,부모님,음식이 맛있어요,양이 많아요,특별한 메뉴가 있어요,0,0,양식이 땡기는 오후 점심으로 먹으러온 피쟈 💕 생각보다 양이 너무 많아서 다먹고 야무지게 포장까지함! 옥수수 맛남 ❣️
샐연,요리주점,예약 없이 이용,대기 시간 바로 입장,혼자,0,가성비가 좋아요,음식이 맛있어요,친절해요,매장이 청결해요,0,점심에 와서 먹기 좋습니다 💕
샐연,햄버거,예약 없이 이용,대기 시간 바로 입장,친목,지인・동료,음식이 맛있어요,양이 많아요,특별한 메뉴가 있어요,인테리어가 멋져요,친절해요,토요일 오픈 직후에 가서 웨이팅 없이 딱 먹었습니다!! 고기도 많고 트러플 소스 맛있어요💛
샐연,양식,예약 없이 이용,대기 시간 바로 입장,친목,친구,재료가 신선해요,건강한 맛이에요,0,0,0,건강한 맛!
샐연,"카페,디저트",0,0,0,0,커피가 맛있어요,건강한 맛이에요,인테리어가 멋져요,뷰가 좋아요,0,커피 맛나요~ 다음에는 단호박 음료 꼭 먹어보고 싶어요!!
샐연,한식,예약 후 이용,대기 시간 바로 입장,"친목, 여행",친구,음식이 맛있어요,음악이 좋아요,친절해요,0,0,깔끔하니 맛있음 !! 감태 주먹밥이 별미임 :)
샐연,양식,예약 후 이용,대기 시간 바로 입장,여행,친구,음식이 맛있어요,특별한 메뉴가 있어요,인테리어가 멋져요,친절해요,좌석이 편해요,양도 적당하고 너무너무 맛남 💕 특히 감태 파스타 처음 먹어보는 맛인데 진짜 맛있었음 !!! 
샐연,이탈리아음식,예약 없이 이용,대기 시간 바로 입장,친목,친구,음식이 맛있어요,친절해요,매장이 청결해요,0,0,메뉴 다 맛있음 ㅠㅠㅠ
샐연,한식,예약 없이 이용,대기 시간 바로 입장,친목,지인・동료,음식이 맛있어요,0,0,0,0,맛있어용 💚
샐연,일식당,0,0,0,0,음식이 맛있어요,양이 많아요,혼밥하기 좋아요,0,0,토마토 오코노미야키 💕
샐연,"곱창,막창,양",0,0,0,0,음식이 맛있어요,양이 많아요,0,0,0,곱창전골 짱 맛있음 ㅠㅠ
샐연,"카페,디저트",예약 없이 이용,대기 시간 바로 입장,친목,친구,음식이 맛있어요,매장이 넓어요,친절해요,0,0,카페지만 음식이 맛있어요!!! ㅋㅋㅋㅋ 떡볶이 맛집 :)
샐연,"카페,디저트",0,0,0,0,디저트가 맛있어요,뷰가 좋아요,매장이 넓어요,친절해요,0,디저트가 맛있어요!!!
샐연,"카페,디저트",예약 없이 이용,0,0,0,디저트가 맛있어요,0,0,0,0,푸딩 짱맛있음 !!
샐연,일식당,예약 후 이용,대기 시간 바로 입장,친목,친구,음식이 맛있어요,양이 많아요,혼밥하기 좋아요,친절해요,0,뜨끈하니 비오는날 먹기 딱 좋음! 양도 많아서 친구들이랑 쉐어하기 좋음 💛
샐연,핫도그,예약 없이 이용,대기 시간 바로 입장,일상,혼자,음식이 맛있어요,가성비가 좋아요,매장이 청결해요,0,0,간단하게 먹을걸 찾아 왔습니다 !! 혼자서도 먹기 좋고 친구들이랑 와도 좋을 것 같아요!! 고수도 빼달라고 하니 원하는대로 조리해서 주셨어요!
샐연,양식,예약 없이 이용,대기 시간 바로 입장,가족모임,부모님,음식이 맛있어요,양이 많아요,특별한 메뉴가 있어요,0,0,양식이 땡기는 오후 점심으로 먹으러온 피쟈 💕 생각보다 양이 너무 많아서 다먹고 야무지게 포장까지함! 옥수수 맛남 ❣️
샐연,요리주점,예약 없이 이용,대기 시간 바로 입장,혼자,0,가성비가 좋아요,음식이 맛있어요,친절해요,매장이 청결해요,0,점심에 와서 먹기 좋습니다 💕
샐연,햄버거,예약 없이 이용,대기 시간 바로 입장,친목,지인・동료,음식이 맛있어요,양이 많아요,특별한 메뉴가 있어요,인테리어가 멋져요,친절해요,토요일 오픈 직후에 가서 웨이팅 없이 딱 먹었습니다!! 고기도 많고 트러플 소스 맛있어요💛
샐연,양식,예약 없이 이용,대기 시간 바로 입장,친목,친구,재료가 신선해요,건강한 맛이에요,0,0,0,건강한 맛!
샐연,"카페,디저트",0,0,0,0,커피가 맛있어요,건강한 맛이에요,인테리어가 멋져요,뷰가 좋아요,0,커피 맛나요~ 다음에는 단호박 음료 꼭 먹어보고 싶어요!!
샐연,한식,예약 후 이용,대기 시간 바로 입장,"친목, 여행",친구,음식이 맛있어요,음악이 좋아요,친절해요,0,0,깔끔하니 맛있음 !! 감태 주먹밥이 별미임 :)
샐연,양식,예약 후 이용,대기 시간 바로 입장,여행,친구,음식이 맛있어요,특별한 메뉴가 있어요,인테리어가 멋져요,친절해요,좌석이 편해요,양도 적당하고 너무너무 맛남 💕 특히 감태 파스타 처음 먹어보는 맛인데 진짜 맛있었음 !!! 
샐연,0,예약 없이 이용,대기 시간 바로 입장,친목,친구,음식이 맛있어요,메뉴 구성이 알차요,인테리어가 멋져요,대화하기 좋아요,친절해요,시그니쳐 메뉴만 딱 시켜서 먹었는데 둘이 먹기 양이 딱 적당하고 일단 맛남 💕 직원분이 친절하시고 인테리어가 이쁨 💛
샐연,아이스크림,예약 없이 이용,대기 시간 바로 입장,친목,친구,특별한 메뉴가 있어요,0,0,0,0,가성비가 낮아진 퐁듀....... 옛날에 먹었어야 했는데....... 이제 먹어봤으니 앞으로 먹을 일 없음 비추 
샐연,라면,0,0,0,0,혼밥하기 좋아요,주차하기 편해요,친절해요,음식이 맛있어요,가성비가 좋아요,이 가격에 이런 퀄리티음식 최고입니다 👍🏻  해물도 직접 발라주시고 엄청 친절하세요 💕
샐연,"카페,디저트",0,0,0,0,특별한 메뉴가 있어요,커피가 맛있어요,음료가 맛있어요,좌석이 편해요,뷰가 좋아요,카이막도 맛있고 탁트인 뷰로 바다가 잘 보여서 좋아요 💕
샐연,양식,예약 후 이용,대기 시간 바로 입장,여행,친구,음식이 맛있어요,재료가 신선해요,특별한 메뉴가 있어요,매장이 넓어요,주차하기 편해요,진짜 너무너무너무 맛있음 다음에 또 예약해서 방문할 예정!!!
샐연,"카페,디저트",0,0,0,0,인테리어가 멋져요,차분한 분위기에요,컨셉이 독특해요,특별한 메뉴가 있어요,친절해요,신기한 메뉴가 있고 진짜 맛있어요 💕
샐연,"다이어트,샐러드",0,0,0,0,친절해요,음식이 맛있어요,재료가 신선해요,혼밥하기 좋아요,0,맛있어요 🥰
샐연,이탈리아음식,0,0,0,0,가성비가 좋아요,친절해요,인테리어가 멋져요,0,0,쏘쏘
샐연,일식당,0,0,0,0,음식이 맛있어요,양이 많아요,특별한 메뉴가 있어요,0,0,규카츠 최고 💕
샐연,이탈리아음식,예약 없이 이용,대기 시간 바로 입장,친목,친구,음식이 맛있어요,친절해요,매장이 청결해요,0,0,메뉴 다 맛있음 ㅠㅠㅠ
샐연,한식,예약 없이 이용,대기 시간 바로 입장,친목,지인・동료,음식이 맛있어요,0,0,0,0,맛있어용 💚
샐연,일식당,0,0,0,0,음식이 맛있어요,양이 많아요,혼밥하기 좋아요,0,0,토마토 오코노미야키 💕
샐연,"곱창,막창,양",0,0,0,0,음식이 맛있어요,양이 많아요,0,0,0,곱창전골 짱 맛있음 ㅠㅠ
샐연,"카페,디저트",예약 없이 이용,대기 시간 바로 입장,친목,친구,음식이 맛있어요,매장이 넓어요,친절해요,0,0,카페지만 음식이 맛있어요!!! ㅋㅋㅋㅋ 떡볶이 맛집 :)
샐연,"카페,디저트",0,0,0,0,디저트가 맛있어요,뷰가 좋아요,매장이 넓어요,친절해요,0,디저트가 맛있어요!!!
샐연,"카페,디저트",예약 없이 이용,0,0,0,디저트가 맛있어요,0,0,0,0,푸딩 짱맛있음 !!
샐연,일식당,예약 후 이용,대기 시간 바로 입장,친목,친구,음식이 맛있어요,양이 많아요,혼밥하기 좋아요,친절해요,0,뜨끈하니 비오는날 먹기 딱 좋음! 양도 많아서 친구들이랑 쉐어하기 좋음 💛
샐연,핫도그,예약 없이 이용,대기 시간 바로 입장,일상,혼자,음식이 맛있어요,가성비가 좋아요,매장이 청결해요,0,0,간단하게 먹을걸 찾아 왔습니다 !! 혼자서도 먹기 좋고 친구들이랑 와도 좋을 것 같아요!! 고수도 빼달라고 하니 원하는대로 조리해서 주셨어요!
