﻿nickname,restaurant,reservation,waiting,purpose,withwho,tagging_1,tagging_2,tagging_3,tagging_4,tagging_5,content
새댁528,"식물원,수목원",예약 후 이용,대기 시간 바로 입장,데이트,연인・배우자,산책로가 잘 되어있어요,0,0,0,0,가을 풍경 제대로 즐기고 왔습니다.
새댁528,양식,예약 후 이용,대기 시간 1시간 이상,친목,친구,음식이 맛있어요,건강한 맛이에요,인테리어가 멋져요,컨셉이 독특해요,친절해요,쌤쌤쌤 맛있다는 소리에 대기 90분했어요ㅋㅋㅋㅋ대기한 보람있게 맛있게 식사했습니다😊뇨끼 깔끔하고 단백하고 맛있구라자냐 토마토라구소스 맛있구요!먹물리조또 역시 밥알이 알알이 씹히는 맛이 예술입니다!!아쥬 깨끗이 싹 긁어서 먹었습니다👍
새댁528,돈가스,예약 없이 이용,대기 시간 바로 입장,"데이트, 여행",연인・배우자,음식이 맛있어요,재료가 신선해요,특별한 메뉴가 있어요,친절해요,매장이 청결해요,와 규카츠 진심 맛있어요!!베스트입니당😁글고 사진은 못찍었지만 로스카츠도 맛있어요!큐카츠랑 로스카츠 각자 취향에 맞게 소스찍어서 먹다가 초밥먹듯이 밥에 얹어서 먹으면 더 존맛탱!글고 카츠먹다보면 조금 느끼해질때 냉우동!!느끼함을 잡아줘요ㅋㅋ직원분들 친절하시구요 맛있게 잘먹다갑니당😁
새댁528,"육류,고기요리",예약 없이 이용,대기 시간 바로 입장,일상,연인・배우자,음식이 맛있어요,재료가 신선해요,메뉴 구성이 알차요,매장이 청결해요,주차하기 편해요,다오리다 가족식사하면서 맛있던 기억이 있어서 두번째 재방문했습니다. 확실히 맛있네요!!!저는 오리차돌구이 주문했는데 밑반찬이며 구성이 매우 좋았어요 글고 여름에 기운떨어질 때 몸보신용으로도 확실히 오리고기가 짱인듯 합니당!! 
새댁528,카페,예약 없이 이용,대기 시간 바로 입장,데이트,연인・배우자,커피가 맛있어요,0,0,0,0,당도조절되서 좋아요!!커피는 폴바셋이 제일 맛있는 것 같아욤
새댁528,카페,예약 없이 이용,대기 시간 바로 입장,가족모임,연인・배우자,커피가 맛있어요,디저트가 맛있어요,인테리어가 멋져요,매장이 청결해요,주차하기 편해요,"용문산오면 항상 들려요~!!맛있는 차와 쿠기, 빵 그리고 화초가 많고 분위기 좋은 인테리어 깨끗한 화장실 좋숩니당!!"
새댁528,브런치카페,0,0,0,0,커피가 맛있어요,디저트가 맛있어요,음료가 맛있어요,특별한 메뉴가 있어요,친절해요,맛있음!! 잠봉뵈르파스타 단백하고 찐 맛있음!!  에그베네딕트 통베이컨도 증말 진득허니 맛있음!!티라미수도 맛있음!!신랑이 여기는 찐으로 제대로 한다고 함.
새댁528,브런치,0,0,0,0,뷰가 좋아요,매장이 청결해요,주차하기 편해요,0,0,확뜨인 전경이 너무 예쁘네요뷰가 예뻐서 좋아요파스타는 라구파스타와 버터새우로제파스타 주문했는데 라구 나름괜찮았구요버터새우는 약간 중식맛이..느껴지고리코타치즈샐러드 주문했는데 진짜 먹기 좀 힘들었어요ㅠ
새댁528,덮밥,0,0,0,0,음식이 맛있어요,재료가 신선해요,혼밥하기 좋아요,친절해요,주차하기 편해요,신메뉴 타르타르덮밥이랑 포크슬라이스덮밥 주문해서 먹었는데요 맛있어요!!!특히 타르타르는 갠취로 매우 좋았어요 초밥먹는 느낌!!ㅋㅋㅋ잘먹었습니다😊
새댁528,이탈리아음식,0,0,0,0,음식이 맛있어요,특별한 메뉴가 있어요,친절해요,매장이 청결해요,주차하기 편해요,주차하기 수월하구요엘리베이터 이용해서 신세계백화점 지하1층 바로 내려서 찾기편해요다행히 웨이팅없이 들어갔구요오늘 첫이용인데 친절하게 설명해주셔요다들 맛있다고 평해주셔서 왔는데 맛있어요😊복숭아에이드도 맛있음!
새댁528,"카페,디저트",0,0,0,0,커피가 맛있어요,특별한 메뉴가 있어요,인테리어가 멋져요,사진이 잘 나와요,뷰가 좋아요,오늘 첫방문했는데 매장 인테리어가 예뻐요🙂글고 프로슈토샐러드 존맛이궁사이숲라떼 넘 맛있다는!!!!!갠추합니당😊
새댁528,일식당,0,0,0,0,음식이 맛있어요,재료가 신선해요,혼밥하기 좋아요,0,0,찐으로 맛집!!!직장인들이 혼밥하고 싶을때 넘좋은 곳글고 새우튀김 존맛탱이다!!
새댁528,일식당,0,0,0,0,음식이 맛있어요,특별한 메뉴가 있어요,혼밥하기 좋아요,친절해요,매장이 청결해요,직장근처 새로 생겨서 언제 가봐야지 했는데 오늘 식사하러 첫 방문했는데욤 분위기도 좋고 식기들도 정돈되고 여직원분도 친절하시네요 🙂돈까스 고기도 두툼하고  맛있었어요!!
새댁528,생선구이,0,0,0,0,음식이 맛있어요,재료가 신선해요,특별한 메뉴가 있어요,주차하기 편해요,0,맛있어요~!!
새댁528,막국수,0,0,0,0,0,0,0,0,0,메밀국수 맛있어요다만수육은 지방이 넘 많구..오징어순대는 밀가루 텁텁한 맛이 아쉬웠어요
새댁528,정육점,0,0,0,0,신선해요,친절해요,가성비가 좋아요,주차하기 편해요,0,고기질 좋아요 맛있어요!!
새댁528,0,0,0,0,0,음식이 맛있어요,재료가 신선해요,특별한 메뉴가 있어요,0,0,온면 맛있어요!! 모듬꼬치도 맛있어요🙂
새댁528,베이커리,0,0,0,0,빵이 맛있어요,음료가 맛있어요,0,0,0,오 꽈배기 맛있어요!!쫀득하네요
새댁528,일식당,0,0,0,0,재료가 신선해요,음식이 맛있어요,주차하기 편해요,매장이 청결해요,0,맛있어요😊
새댁528,"카페,디저트",0,0,0,0,뷰가 좋아요,주차하기 편해요,0,0,0,뷰가 좋아요!!
새댁528,"육류,고기요리",0,0,0,0,음식이 맛있어요,고기 질이 좋아요,친절해요,주차하기 편해요,0,고기 정말 맛있어요!! 사장님께서 서비스로 고구마도 구워주시더라구요🙂
새댁528,"카페,디저트",0,0,0,0,0,0,0,0,0,"정말..최악이네요 비프웰링턴 주문하는데 빵굽기에 30분걸린다 흔쾌히 기다린다고 주문했어요1. 음료,샐러드 받아가면서 벨을 안주길래 뇨끼랑 웰링턴 받아야하는데요? 했더니 누군지알아서 가져다준다고 안가져가셔도 된다고 하셨어요2. 웰링턴 1시간 기다려도 안나와서 영수증들고 주문하는곳으로 갔습니다.3. 근데 웰링턴이 주문하는곳에 있더라구요 설마 저희껀가 했습니다.물어보니 ""진동벨 없으시냐""하시길래 ""진동벨가져가지않아도 누군지안다고하셨다"" 했더니 ""아 2층에 있었냐""하셔서 ""아뇨, 저기 눈앞에 보이는데 앉았어요""했습니다.3. 일단가져와서먹으려보니 음식은 다 식었고 고기는 근막이 다 살아서 매우 질겨서 썰리지가 않더라구요. 먹는데 기분이 나쁘더라구요.카페측에서 실수인데도 대처가 참 실망스럽네요"
새댁528,"식물원,수목원",예약 후 이용,대기 시간 바로 입장,데이트,연인・배우자,산책로가 잘 되어있어요,0,0,0,0,가을 풍경 제대로 즐기고 왔습니다.
새댁528,양식,예약 후 이용,대기 시간 1시간 이상,친목,친구,음식이 맛있어요,건강한 맛이에요,인테리어가 멋져요,컨셉이 독특해요,친절해요,쌤쌤쌤 맛있다는 소리에 대기 90분했어요ㅋㅋㅋㅋ대기한 보람있게 맛있게 식사했습니다😊뇨끼 깔끔하고 단백하고 맛있구라자냐 토마토라구소스 맛있구요!먹물리조또 역시 밥알이 알알이 씹히는 맛이 예술입니다!!아쥬 깨끗이 싹 긁어서 먹었습니다👍
새댁528,돈가스,예약 없이 이용,대기 시간 바로 입장,"데이트, 여행",연인・배우자,음식이 맛있어요,재료가 신선해요,특별한 메뉴가 있어요,친절해요,매장이 청결해요,와 규카츠 진심 맛있어요!!베스트입니당😁글고 사진은 못찍었지만 로스카츠도 맛있어요!큐카츠랑 로스카츠 각자 취향에 맞게 소스찍어서 먹다가 초밥먹듯이 밥에 얹어서 먹으면 더 존맛탱!글고 카츠먹다보면 조금 느끼해질때 냉우동!!느끼함을 잡아줘요ㅋㅋ직원분들 친절하시구요 맛있게 잘먹다갑니당😁
새댁528,"육류,고기요리",예약 없이 이용,대기 시간 바로 입장,일상,연인・배우자,음식이 맛있어요,재료가 신선해요,메뉴 구성이 알차요,매장이 청결해요,주차하기 편해요,다오리다 가족식사하면서 맛있던 기억이 있어서 두번째 재방문했습니다. 확실히 맛있네요!!!저는 오리차돌구이 주문했는데 밑반찬이며 구성이 매우 좋았어요 글고 여름에 기운떨어질 때 몸보신용으로도 확실히 오리고기가 짱인듯 합니당!! 
새댁528,카페,예약 없이 이용,대기 시간 바로 입장,데이트,연인・배우자,커피가 맛있어요,0,0,0,0,당도조절되서 좋아요!!커피는 폴바셋이 제일 맛있는 것 같아욤
새댁528,카페,예약 없이 이용,대기 시간 바로 입장,가족모임,연인・배우자,커피가 맛있어요,디저트가 맛있어요,인테리어가 멋져요,매장이 청결해요,주차하기 편해요,"용문산오면 항상 들려요~!!맛있는 차와 쿠기, 빵 그리고 화초가 많고 분위기 좋은 인테리어 깨끗한 화장실 좋숩니당!!"
새댁528,브런치카페,0,0,0,0,커피가 맛있어요,디저트가 맛있어요,음료가 맛있어요,특별한 메뉴가 있어요,친절해요,맛있음!! 잠봉뵈르파스타 단백하고 찐 맛있음!!  에그베네딕트 통베이컨도 증말 진득허니 맛있음!!티라미수도 맛있음!!신랑이 여기는 찐으로 제대로 한다고 함.
새댁528,브런치,0,0,0,0,뷰가 좋아요,매장이 청결해요,주차하기 편해요,0,0,확뜨인 전경이 너무 예쁘네요뷰가 예뻐서 좋아요파스타는 라구파스타와 버터새우로제파스타 주문했는데 라구 나름괜찮았구요버터새우는 약간 중식맛이..느껴지고리코타치즈샐러드 주문했는데 진짜 먹기 좀 힘들었어요ㅠ
새댁528,덮밥,0,0,0,0,음식이 맛있어요,재료가 신선해요,혼밥하기 좋아요,친절해요,주차하기 편해요,신메뉴 타르타르덮밥이랑 포크슬라이스덮밥 주문해서 먹었는데요 맛있어요!!!특히 타르타르는 갠취로 매우 좋았어요 초밥먹는 느낌!!ㅋㅋㅋ잘먹었습니다😊
새댁528,이탈리아음식,0,0,0,0,음식이 맛있어요,특별한 메뉴가 있어요,친절해요,매장이 청결해요,주차하기 편해요,주차하기 수월하구요엘리베이터 이용해서 신세계백화점 지하1층 바로 내려서 찾기편해요다행히 웨이팅없이 들어갔구요오늘 첫이용인데 친절하게 설명해주셔요다들 맛있다고 평해주셔서 왔는데 맛있어요😊복숭아에이드도 맛있음!
새댁528,"카페,디저트",0,0,0,0,커피가 맛있어요,특별한 메뉴가 있어요,인테리어가 멋져요,사진이 잘 나와요,뷰가 좋아요,오늘 첫방문했는데 매장 인테리어가 예뻐요🙂글고 프로슈토샐러드 존맛이궁사이숲라떼 넘 맛있다는!!!!!갠추합니당😊
새댁528,일식당,0,0,0,0,음식이 맛있어요,재료가 신선해요,혼밥하기 좋아요,0,0,찐으로 맛집!!!직장인들이 혼밥하고 싶을때 넘좋은 곳글고 새우튀김 존맛탱이다!!
새댁528,일식당,0,0,0,0,음식이 맛있어요,특별한 메뉴가 있어요,혼밥하기 좋아요,친절해요,매장이 청결해요,직장근처 새로 생겨서 언제 가봐야지 했는데 오늘 식사하러 첫 방문했는데욤 분위기도 좋고 식기들도 정돈되고 여직원분도 친절하시네요 🙂돈까스 고기도 두툼하고  맛있었어요!!
새댁528,생선구이,0,0,0,0,음식이 맛있어요,재료가 신선해요,특별한 메뉴가 있어요,주차하기 편해요,0,맛있어요~!!
새댁528,막국수,0,0,0,0,0,0,0,0,0,메밀국수 맛있어요다만수육은 지방이 넘 많구..오징어순대는 밀가루 텁텁한 맛이 아쉬웠어요
새댁528,정육점,0,0,0,0,신선해요,친절해요,가성비가 좋아요,주차하기 편해요,0,고기질 좋아요 맛있어요!!
새댁528,0,0,0,0,0,음식이 맛있어요,재료가 신선해요,특별한 메뉴가 있어요,0,0,온면 맛있어요!! 모듬꼬치도 맛있어요🙂
새댁528,베이커리,0,0,0,0,빵이 맛있어요,음료가 맛있어요,0,0,0,오 꽈배기 맛있어요!!쫀득하네요
새댁528,일식당,0,0,0,0,재료가 신선해요,음식이 맛있어요,주차하기 편해요,매장이 청결해요,0,맛있어요😊
새댁528,"카페,디저트",0,0,0,0,뷰가 좋아요,주차하기 편해요,0,0,0,뷰가 좋아요!!
새댁528,"육류,고기요리",0,0,0,0,음식이 맛있어요,고기 질이 좋아요,친절해요,주차하기 편해요,0,고기 정말 맛있어요!! 사장님께서 서비스로 고구마도 구워주시더라구요🙂
새댁528,"카페,디저트",0,0,0,0,0,0,0,0,0,"정말..최악이네요 비프웰링턴 주문하는데 빵굽기에 30분걸린다 흔쾌히 기다린다고 주문했어요1. 음료,샐러드 받아가면서 벨을 안주길래 뇨끼랑 웰링턴 받아야하는데요? 했더니 누군지알아서 가져다준다고 안가져가셔도 된다고 하셨어요2. 웰링턴 1시간 기다려도 안나와서 영수증들고 주문하는곳으로 갔습니다.3. 근데 웰링턴이 주문하는곳에 있더라구요 설마 저희껀가 했습니다.물어보니 ""진동벨 없으시냐""하시길래 ""진동벨가져가지않아도 누군지안다고하셨다"" 했더니 ""아 2층에 있었냐""하셔서 ""아뇨, 저기 눈앞에 보이는데 앉았어요""했습니다.3. 일단가져와서먹으려보니 음식은 다 식었고 고기는 근막이 다 살아서 매우 질겨서 썰리지가 않더라구요. 먹는데 기분이 나쁘더라구요.카페측에서 실수인데도 대처가 참 실망스럽네요"
새댁528,"육류,고기요리",0,0,0,0,음식이 맛있어요,고기 질이 좋아요,친절해요,매장이 청결해요,0,고기 맛이 좋아요밑반찬도 맛있구요!!지나가면서 한번 가보자해놓고 오늘에서야 와봤네요. 기분좋게 맛있게 먹고갑니다.
새댁528,카페,0,0,0,0,커피가 맛있어요,0,0,0,0,라떼맛집입니다!!
새댁528,0,0,0,0,0,빵이 맛있어요,0,0,0,0,식빵 맛있는 곳입니다.
새댁528,0,0,0,0,0,음식이 맛있어요,0,0,0,0,김밥이랑 떡볶이 정말 맛있어요!!
새댁528,분식,0,0,0,0,음식이 맛있어요,0,0,0,0,맛있어요!!
새댁528,양꼬치,0,0,0,0,음식이 맛있어요,0,0,0,0,맛있습니다.먹으러 오는 사람들이 많아요.다먹고 나갈때보니 대기하는 사람들도 있네요
