﻿nickname,restaurant,reservation,waiting,purpose,withwho,tagging_1,tagging_2,tagging_3,tagging_4,tagging_5,content
FromA,도넛,"데이트, 일상","연인・배우자, 반려동물",0,0,디저트가 맛있어요,0,0,0,0,"🌰마롱크림도넛 6,800원= 제철 밤과 마스카포네의 조합으로 고소하고 담백하고 차가운 마롱크림이 맛있다.🍩더블초콜릿도넛 4,200원= 발로나초콜릿이 부드럽게 달콤한 도넛이 역시 깔끔하고 맛있다.🍵캐모마일티 5,000원= 말모 깔끔."
FromA,한식,"데이트, 일상","연인・배우자, 반려동물",0,0,음식이 맛있어요,친절해요,반려동물과 가기 좋아요,0,0,"맛있어서 또갈집❣️🐟삼치구이솥밥 14,000원특제 간장양념에 구운 두툼한 삼치와 구운 버섯, 조림무, 우엉튀김, 계란 등🍚두부시래기솥밥 13,000원들기름에 구운 모두부, 양구 시래기, 멸치, 날치알, 청양고추, 김 등공통 3가지 반찬 : 김치 + 오징어젓갈(달콤) + 고추지양념(매콩)미소된장국 + 누룽지 + 반려견동반😍🐶👍솥밥 두가지 다 간과 재료 조화 등이 좋아서 넘 맛있었어요❣️테이블 위 항아리에 담겨있는 누룽지는솥안에 넣고 따뜻한 물을 부어도 잘 불어나지 않고 딱딱해요.펄펄 끓는 물에 오래 끓여야 부드러워질듯ㅋ"
FromA,카페,포장·배달 이용,일상,연인・배우자,0,차가 맛있어요,차분한 분위기에요,0,0,0,"🍵캐모마일티 4,500원벌써연말,크리스마스 트리와 창가 장식이따뜻한 분위기가 좋았어요🎄✨"
FromA,"과일,주스전문점","데이트, 일상",연인・배우자,0,0,재료가 신선해요,디저트가 맛있어요,건강한 맛이에요,0,0,"💚그린데이에너지보울 8,800원🩵블루스카이에너지보울 8,800원누군가에겐 한끼 식사일지 모르는 에너지보울이라이트한 디저트인 사람이 있다는 것❣️😆💚그린데이 베이스는 케일+망고+바나나+키위에토핑 바나나+키위+블루베리+그래놀라+코코넛칩+치아씨드🩵블루스카이 베이스는 블루스피루리나+파인애플+바나나+키위토핑 바나나+키위+블루베리+그래놀라+코코넛칩+치아씨드참 훌륭한 조합의 디저트😍"
FromA,"초밥,롤","데이트, 일상",연인・배우자,0,0,음식이 맛있어요,0,0,0,0,"8시반 마감 30분전에 착석 후9분만에 8접시 = 49,000원🖤검은접시 5천원 5접시 🩶회색접시 7천원 2접시 🩷분홍접시 1만원 1접시연어와 전반적인 퀄리티가 좋았고 맛있었당🍣"
FromA,한식,일상,연인・배우자,0,0,0,0,0,0,0,"🍚한우사골스지탕 12,000원🍲한우사골얼큰우삼겹버섯찌개 12,000원유튜버 추천으로 알게되어 궁금했던 곳❣️버섯찌개 첫맛이 달고 무언가 낯설었는데밥을 말아먹으면 더 맛있다고 하셨고,여러종류 버섯이 가득 들어있고 통통한 당면 식감이 먹을수록 괜찮았어요.그런데 먹을수록 너무 더워서 불편한데 애매한💦직접 한우사골로 담그셨다는 김치가 맛있었어요😆"
FromA,카페,"데이트, 일상",연인・배우자,0,0,빵이 맛있어요,0,0,0,0,"🫓야채빵 2,500원 🥚모닝사라다빵 3,300원🌿쑥모찌빵 3,000원 🍦슈크림빵 2,000원🥛스팀밀크 2,000원✔️야채빵 가격은 수년사이1,800원→ 2,000원→ 2,200원→ 2,500원으로 올랐고,요즘 이성당 야채빵은 야채가 좀 더 풍성해지면 좋겠다는 느낌이 들었어요❣️모닝사라다빵은 계란과 오이 등 속재료 밸런스와 간이 담백하고 좋아서우유랑 먹으면 더 맛있고,쑥모찌빵은 그냥 쑥색상의 모닝빵슈크림빵은 너무 달아서 느끼함에 먹다 남겼어요💦"
FromA,종합분식,"데이트, 일상",연인・배우자,0,0,친절해요,0,0,0,0,🥘떡볶이 4천원🍥어묵 1천원밤10시가 넘은 마감 직전 시간이라서 그런지떡볶이가 짰지만 기본적으로 맛있는 베이스❣️어묵국물 맛있어요😆
FromA,햄버거,"데이트, 일상",연인・배우자,0,0,음식이 맛있어요,친절해요,0,0,0,"🍔햄버거 13,400원🥤탄산음료 3,900원강남점 오픈초기 번잡할때보다패티 굽기와 전체적인 버거 맛이 더 좋아진 것 같아요❣️번식감은 SOSO패티와 버거가 생각보다 따뜻하지 않았고,패티만 잘 구워지면 맛없을 수 가 없는 조합에 소스와 프리토핑 재료들의 조화가 나름 담백해서 맛있는데 역시 버거킹 업그레이드 버거같은 느낌😆"
FromA,"과일,주스전문점",포장·배달 이용,일상,연인・배우자,0,재료가 신선해요,디저트가 맛있어요,친절해요,0,0,"🫐압구정아사이보울 12,900원🍌초코바나나머핀 3,800원매장에서 손님들이 아사이보울을 많이 주문하길래 궁금해서 처음 먹어봄❣️잠바주스 타매장 아사이베리 에너지보울은 8,800원인데두유, 플레인요거트, 블루베리, 딸기, 바나나, 아사이베리부스트 구성이고압구정아사이는 망고와 용과 코코넛칩 등의 재료가 더 추가되어풍부하고 상큼한 맛이 디저트로 너무 좋았다😍👍초코바나나 머핀은 적당한 단맛의 소프트한 머핀🍫초코칩 등의 딥한 식감이 추가되면 더 맛있을듯🍪매장은 밤 10시반 마감이라 포장만 가능🥡"
FromA,카페,일상,"연인・배우자, 반려동물",0,0,매장이 넓어요,화장실이 깨끗해요,좌석이 편해요,반려동물과 가기 좋아요,오래 머무르기 좋아요,"🍋레몬캐모마일 6,000원 레몬향이 강해서 상큼한 캐모마일🍫핫더블초콜릿 6,100원 많이 달지 않고 깊이감이 부족한 코코아맛펫프랜들리 매장이고 분리된 별관 두 곳과 테라스 등공간이 다양해서 편안하게 있을 수 있는 곳❣️음료 메뉴도 다양하고 공간 사용의 편안함과 화장실 등 사용 편의성,반려견 동반되는 분위기 괜찮은 카페라서 큰 장점🐶"
FromA,햄버거,포장·배달 이용,일상,"연인・배우자, 반려동물",0,음식이 맛있어요,친절해요,반려동물과 가기 좋아요,0,0,"🍔 더블치즈버거+할라피뇨추가 12,000원항상 너무너무 친절하시고😍👍녹진하고 소프트한 치즈버거 속 캬라멜라이징된 양파의 조합이탄산이나 오렌지쥬스 등과 잘어울리는 버거😆"
FromA,한식,일상,연인・배우자,0,0,음식이 맛있어요,메뉴 구성이 알차요,0,0,0,"🐟국내산 자포니카장어 1kg 69,000원🥬상차림비 1인 3,000원셀프로 구워야 하지만 방문해본 장어집 중장어가 가장 통통하고 맛있는 곳❣️주차2시간 지원에 셀프바 추가반찬 + 파김치도 맛있고가래떡도 구워서 같이 싸먹으면 꿀맛😍"
FromA,"과일,주스전문점","데이트, 일상",연인・배우자,0,0,음료가 맛있어요,0,0,0,0,"🍫초콜렛무드(R) 5,400원잠바주스 초코스무디는 슈크림빵이랑 꿀조합😍빠삐코 업그레이드 버젼인 맛?!😆"
FromA,베이커리,포장·배달 이용,기념일,연인・배우자,0,가성비가 좋아요,0,0,0,0,"🫓직접끓인 슈크림빵 3,200원빵식감은 약간 종이죽처럼 아쉬운데 슈크림이 맛있어요❣️잠바주스 초코쉐이크랑 먹으니 꿀조합😍🍫🥛🍦🫓"
FromA,한식,"데이트, 일상",연인・배우자,0,0,음식이 맛있어요,건강한 맛이에요,친절해요,0,0,"🍱 솜리정식 28,000원 + 돌솥비빔밥 20,000원모든 반찬, 음식의 간과 식감, 벨런스 최상👍👍👍다 맛있었어요❣️ 건강한 구성의 맛있는 한정식😍💕"
FromA,"카페,디저트",연인・배우자,0,0,0,0,0,0,0,0,파인애플 한조각이 들어있는 쪼그만 찹쌀떡 하나가 4천원이라니😦🍍
FromA,카페,연인・배우자,0,0,0,좌석이 편해요,오래 머무르기 좋아요,0,0,0,"🥛 따뜻한 스팀밀크 4,100원♨️스벅의 🔸장점은 일정수준 메뉴얼대로 보장되는 화장실 콘센트 등 매장이용 편의성과 어플🔸단점은 샌드위치 케이크 등 노멀 혹은 마이너 수준의 디저트 퀄리티"
FromA,반찬가게,0,0,0,0,음식이 맛있어요,가성비가 좋아요,0,0,0,"한팩에 1~2천원(대부분2천원, 3팩5천원)치명적인 가격에기본적으로 맛있는 반찬들👍👍👍만원 이상 구입하면 부침개 서비스까지😍유명할 수 밖에 없다고 느낀 곳❣️감사합니다🙏"
FromA,떡볶이,대기 시간 10분 이내 ,연인・배우자,0,0,양이 많아요,가성비가 좋아요,친절해요,0,0,"🥘떡볶이 4천원 + 🐽순대  4천원 + 🍙김밥2인분 4천원 + 🥚계란 9백원떡볶이 국물이 맵칼해서 맛있고, 양이 푸짐해서 놀랐어요👍저녁시간대 약간의 웨이팅이 있는데 넘너므 친절하셔서 기분좋은 곳❣️"
FromA,"장어,먹장어요리",연인・배우자,0,0,0,직접 잘 구워줘요,0,0,0,0,"🐟민물장어2마리 69,000원 + 🍚밥1,000원잘구워주시고 추가반찬 셀프바라 편하고 무난하게 다 맛있어요❣️"
FromA,도넛,데이트,연인・배우자,0,0,디저트가 맛있어요,특별한 메뉴가 있어요,인테리어가 멋져요,좌석이 편해요,오래 머무르기 좋아요,"업그레이드 던킨❣️1층은 밤11시, 2층은 밤10시반까지 운영에 콘센트도 많고전체적인 인테리어와 분위기가 좋은데 편안해서 만족스러웠던 던킨 원더스청담👍오래간만에 찾아본 던킨이 30주년을 맞아서 '원더스'라는 프리미엄 컨셉으로 청담점을 오픈했고, 원더스는 놀라움과 경이로움을 뜻하듯이 '특별함'을 강조하여 던킨의 새로운 맛과 경험을 가장 먼저 선보이는 플래그십 스토어라고 한다.공들인 인테리어와 도넛의 일부가 로우 슈가로 당함량이 기존대비 80~90%까지 줄어든 저당도넛이라 좋았다😆🍩도넛 크림+쨈+초코 믹스해서 먹으니 꿀조합🍓베리머치퍼프 4,500원🍫카카오미니츄 2,100원🥛소프트우유크림 3,500원🍵티는 무난하고 합리적인 가격🌿잉글리쉬블랙퍼스트 3,900원🍋레몬그린티 3,900원"
FromA,한식,대기 시간 바로 입장,데이트,연인・배우자,0,0,0,0,0,0,"호남식당 수요일 메뉴 제육쌈밥이 품절이라🍲김치찌개 10,000원, 🥘된장찌개 9,000원🍚백미 + 반찬 4가지 + 김두부와 돼지고기가 들어있는 김치찌개,두부와 호박 양파 등이 들어있는 된장찌개,밥에 김싸서 같이 먹기에 무난한 조합들❣️"
FromA,"과일,주스전문점",포장·배달 이용,데이트,연인・배우자,0,재료가 신선해요,건강한 맛이에요,0,0,0,잠바주스 아보카도바나나에 시럽이 들어간지 모르고 바나나와 아보카도 당도에 깜짝 놀랐는데시럽을 빼면 딱 건강한 맛이예요🥑🍌🥛
FromA,카페,연인・배우자,0,0,0,음료가 맛있어요,0,0,0,0,"유자 엘더베리티 HOT 5,500원 + 캐모마일티 HOT 4,500원쌀쌀해진 비오는 날씨에 따뜻한 유자 엘더베리티 상큼하고 달콤해서 맛있었어요😆🍋♨️시즌메뉴 중 홍시주스와 피스타치오 초코라떼,블렌딩 티와  시그니처 메뉴 등 티와 음료가 다양하고마실것 주력인듯 디저트나 서브메뉴는 눈에띄지 않았고,  가격도 분위기도 노멀한 곳❣️"
FromA,"치킨,닭강정",연인・배우자,0,0,0,재료가 신선해요,0,0,0,0,"닭똥집 튀김 서비스 맛있어요❣️저녁 8시 20분 이후 만석에 홀과 배달 주문이 밀려서 치킨 나오는 시간까지 20분 소요.(미리 전화로 주문하고 방문하면 대기시간 절약된다고 함)🍗후라이드 + 간장 반반치킨 22,000원후라이드는 깔끔해서 맛있었고,간장 양념은 짜고 강해서 덜짜고 좀더 순하면 맛있겠다 싶었어요."
FromA,"찌개,전골",연인・배우자,0,0,0,음식이 맛있어요,건강한 맛이에요,0,0,0,"청국장 맛집 발견, 또갈집👍👍👍✔️청국장 10,000원, 제육볶음 12,000원나오는 반찬들과 청국장을 비벼먹으니 넘 맛있고,제육볶음도 꿀조합❣️알고보니 유명 맛집, 속도 편하고 맛있는 청국장😆"
FromA,종합분식,포장·배달 이용,연인・배우자,0,0,양이 많아요,가성비가 좋아요,0,0,0,"개화산역 방산시장 엄지척 떡볶이 꼬마김밥속이꽉찬 해초김밥, 4,500원쌀+밀떡볶이 3,500원에 양도 많고떡볶이떡 식감이 좋았어요❣️순대 내장만 5천원에 따로파는 것도 좋아요👍만원에 한장 주는 공영주차장 주차권은 10분이예요ㅋ"
FromA,"과일,주스전문점","연인・배우자, 반려동물",0,0,0,음료가 맛있어요,0,0,0,0,"착즙오렌지쥬스 6,490원 🍊 = 얼음과 시럽을 뺀 맛이 상큼해서 만족스러운 착즙주스😆"
FromA,도넛,"데이트, 일상","연인・배우자, 반려동물",0,0,디저트가 맛있어요,0,0,0,0,"🌰마롱크림도넛 6,800원= 제철 밤과 마스카포네의 조합으로 고소하고 담백하고 차가운 마롱크림이 맛있다.🍩더블초콜릿도넛 4,200원= 발로나초콜릿이 부드럽게 달콤한 도넛이 역시 깔끔하고 맛있다.🍵캐모마일티 5,000원= 말모 깔끔."
FromA,한식,"데이트, 일상","연인・배우자, 반려동물",0,0,음식이 맛있어요,친절해요,반려동물과 가기 좋아요,0,0,"맛있어서 또갈집❣️🐟삼치구이솥밥 14,000원특제 간장양념에 구운 두툼한 삼치와 구운 버섯, 조림무, 우엉튀김, 계란 등🍚두부시래기솥밥 13,000원들기름에 구운 모두부, 양구 시래기, 멸치, 날치알, 청양고추, 김 등공통 3가지 반찬 : 김치 + 오징어젓갈(달콤) + 고추지양념(매콩)미소된장국 + 누룽지 + 반려견동반😍🐶👍솥밥 두가지 다 간과 재료 조화 등이 좋아서 넘 맛있었어요❣️테이블 위 항아리에 담겨있는 누룽지는솥안에 넣고 따뜻한 물을 부어도 잘 불어나지 않고 딱딱해요.펄펄 끓는 물에 오래 끓여야 부드러워질듯ㅋ"
FromA,카페,포장·배달 이용,일상,연인・배우자,0,차가 맛있어요,차분한 분위기에요,0,0,0,"🍵캐모마일티 4,500원벌써연말,크리스마스 트리와 창가 장식이따뜻한 분위기가 좋았어요🎄✨"
FromA,"과일,주스전문점","데이트, 일상",연인・배우자,0,0,재료가 신선해요,디저트가 맛있어요,건강한 맛이에요,0,0,"💚그린데이에너지보울 8,800원🩵블루스카이에너지보울 8,800원누군가에겐 한끼 식사일지 모르는 에너지보울이라이트한 디저트인 사람이 있다는 것❣️😆💚그린데이 베이스는 케일+망고+바나나+키위에토핑 바나나+키위+블루베리+그래놀라+코코넛칩+치아씨드🩵블루스카이 베이스는 블루스피루리나+파인애플+바나나+키위토핑 바나나+키위+블루베리+그래놀라+코코넛칩+치아씨드참 훌륭한 조합의 디저트😍"
FromA,"초밥,롤","데이트, 일상",연인・배우자,0,0,음식이 맛있어요,0,0,0,0,"8시반 마감 30분전에 착석 후9분만에 8접시 = 49,000원🖤검은접시 5천원 5접시 🩶회색접시 7천원 2접시 🩷분홍접시 1만원 1접시연어와 전반적인 퀄리티가 좋았고 맛있었당🍣"
FromA,한식,일상,연인・배우자,0,0,0,0,0,0,0,"🍚한우사골스지탕 12,000원🍲한우사골얼큰우삼겹버섯찌개 12,000원유튜버 추천으로 알게되어 궁금했던 곳❣️버섯찌개 첫맛이 달고 무언가 낯설었는데밥을 말아먹으면 더 맛있다고 하셨고,여러종류 버섯이 가득 들어있고 통통한 당면 식감이 먹을수록 괜찮았어요.그런데 먹을수록 너무 더워서 불편한데 애매한💦직접 한우사골로 담그셨다는 김치가 맛있었어요😆"
FromA,카페,"데이트, 일상",연인・배우자,0,0,빵이 맛있어요,0,0,0,0,"🫓야채빵 2,500원 🥚모닝사라다빵 3,300원🌿쑥모찌빵 3,000원 🍦슈크림빵 2,000원🥛스팀밀크 2,000원✔️야채빵 가격은 수년사이1,800원→ 2,000원→ 2,200원→ 2,500원으로 올랐고,요즘 이성당 야채빵은 야채가 좀 더 풍성해지면 좋겠다는 느낌이 들었어요❣️모닝사라다빵은 계란과 오이 등 속재료 밸런스와 간이 담백하고 좋아서우유랑 먹으면 더 맛있고,쑥모찌빵은 그냥 쑥색상의 모닝빵슈크림빵은 너무 달아서 느끼함에 먹다 남겼어요💦"
FromA,종합분식,"데이트, 일상",연인・배우자,0,0,친절해요,0,0,0,0,🥘떡볶이 4천원🍥어묵 1천원밤10시가 넘은 마감 직전 시간이라서 그런지떡볶이가 짰지만 기본적으로 맛있는 베이스❣️어묵국물 맛있어요😆
FromA,햄버거,"데이트, 일상",연인・배우자,0,0,음식이 맛있어요,친절해요,0,0,0,"🍔햄버거 13,400원🥤탄산음료 3,900원강남점 오픈초기 번잡할때보다패티 굽기와 전체적인 버거 맛이 더 좋아진 것 같아요❣️번식감은 SOSO패티와 버거가 생각보다 따뜻하지 않았고,패티만 잘 구워지면 맛없을 수 가 없는 조합에 소스와 프리토핑 재료들의 조화가 나름 담백해서 맛있는데 역시 버거킹 업그레이드 버거같은 느낌😆"
FromA,"과일,주스전문점",포장·배달 이용,일상,연인・배우자,0,재료가 신선해요,디저트가 맛있어요,친절해요,0,0,"🫐압구정아사이보울 12,900원🍌초코바나나머핀 3,800원매장에서 손님들이 아사이보울을 많이 주문하길래 궁금해서 처음 먹어봄❣️잠바주스 타매장 아사이베리 에너지보울은 8,800원인데두유, 플레인요거트, 블루베리, 딸기, 바나나, 아사이베리부스트 구성이고압구정아사이는 망고와 용과 코코넛칩 등의 재료가 더 추가되어풍부하고 상큼한 맛이 디저트로 너무 좋았다😍👍초코바나나 머핀은 적당한 단맛의 소프트한 머핀🍫초코칩 등의 딥한 식감이 추가되면 더 맛있을듯🍪매장은 밤 10시반 마감이라 포장만 가능🥡"
FromA,카페,일상,"연인・배우자, 반려동물",0,0,매장이 넓어요,화장실이 깨끗해요,좌석이 편해요,반려동물과 가기 좋아요,오래 머무르기 좋아요,"🍋레몬캐모마일 6,000원 레몬향이 강해서 상큼한 캐모마일🍫핫더블초콜릿 6,100원 많이 달지 않고 깊이감이 부족한 코코아맛펫프랜들리 매장이고 분리된 별관 두 곳과 테라스 등공간이 다양해서 편안하게 있을 수 있는 곳❣️음료 메뉴도 다양하고 공간 사용의 편안함과 화장실 등 사용 편의성,반려견 동반되는 분위기 괜찮은 카페라서 큰 장점🐶"
FromA,햄버거,포장·배달 이용,일상,"연인・배우자, 반려동물",0,음식이 맛있어요,친절해요,반려동물과 가기 좋아요,0,0,"🍔 더블치즈버거+할라피뇨추가 12,000원항상 너무너무 친절하시고😍👍녹진하고 소프트한 치즈버거 속 캬라멜라이징된 양파의 조합이탄산이나 오렌지쥬스 등과 잘어울리는 버거😆"
FromA,한식,일상,연인・배우자,0,0,음식이 맛있어요,메뉴 구성이 알차요,0,0,0,"🐟국내산 자포니카장어 1kg 69,000원🥬상차림비 1인 3,000원셀프로 구워야 하지만 방문해본 장어집 중장어가 가장 통통하고 맛있는 곳❣️주차2시간 지원에 셀프바 추가반찬 + 파김치도 맛있고가래떡도 구워서 같이 싸먹으면 꿀맛😍"
FromA,"과일,주스전문점","데이트, 일상",연인・배우자,0,0,음료가 맛있어요,0,0,0,0,"🍫초콜렛무드(R) 5,400원잠바주스 초코스무디는 슈크림빵이랑 꿀조합😍빠삐코 업그레이드 버젼인 맛?!😆"
FromA,베이커리,포장·배달 이용,기념일,연인・배우자,0,가성비가 좋아요,0,0,0,0,"🫓직접끓인 슈크림빵 3,200원빵식감은 약간 종이죽처럼 아쉬운데 슈크림이 맛있어요❣️잠바주스 초코쉐이크랑 먹으니 꿀조합😍🍫🥛🍦🫓"
FromA,한식,"데이트, 일상",연인・배우자,0,0,음식이 맛있어요,건강한 맛이에요,친절해요,0,0,"🍱 솜리정식 28,000원 + 돌솥비빔밥 20,000원모든 반찬, 음식의 간과 식감, 벨런스 최상👍👍👍다 맛있었어요❣️ 건강한 구성의 맛있는 한정식😍💕"
FromA,"카페,디저트",연인・배우자,0,0,0,0,0,0,0,0,파인애플 한조각이 들어있는 쪼그만 찹쌀떡 하나가 4천원이라니😦🍍
FromA,카페,연인・배우자,0,0,0,좌석이 편해요,오래 머무르기 좋아요,0,0,0,"🥛 따뜻한 스팀밀크 4,100원♨️스벅의 🔸장점은 일정수준 메뉴얼대로 보장되는 화장실 콘센트 등 매장이용 편의성과 어플🔸단점은 샌드위치 케이크 등 노멀 혹은 마이너 수준의 디저트 퀄리티"
FromA,반찬가게,0,0,0,0,음식이 맛있어요,가성비가 좋아요,0,0,0,"한팩에 1~2천원(대부분2천원, 3팩5천원)치명적인 가격에기본적으로 맛있는 반찬들👍👍👍만원 이상 구입하면 부침개 서비스까지😍유명할 수 밖에 없다고 느낀 곳❣️감사합니다🙏"
FromA,떡볶이,대기 시간 10분 이내 ,연인・배우자,0,0,양이 많아요,가성비가 좋아요,친절해요,0,0,"🥘떡볶이 4천원 + 🐽순대  4천원 + 🍙김밥2인분 4천원 + 🥚계란 9백원떡볶이 국물이 맵칼해서 맛있고, 양이 푸짐해서 놀랐어요👍저녁시간대 약간의 웨이팅이 있는데 넘너므 친절하셔서 기분좋은 곳❣️"
FromA,"장어,먹장어요리",연인・배우자,0,0,0,직접 잘 구워줘요,0,0,0,0,"🐟민물장어2마리 69,000원 + 🍚밥1,000원잘구워주시고 추가반찬 셀프바라 편하고 무난하게 다 맛있어요❣️"
