﻿nickname,restaurant,reservation,waiting,purpose,withwho,tagging_1,tagging_2,tagging_3,tagging_4,tagging_5,content
얄롱히,요리주점,예약 없이 이용,대기 시간 바로 입장,"친목, 나들이",친구,음식이 맛있어요,0,0,0,0,"이 동에네서 어디가면 좋을지 둘러보다가 안주가 괜찮은거 같아서 들어왔어요  .ᐟ11월인데,, 날씨가 너무 더워서 문열어달라고 했는데 사장님이 왕 친절하게 해주셔서,,너무 좋았어요안주도 너무 맛있고 술이 술술 들어가기에 딱인 곳입니다1차로도 2차로도 너무 좋아요  .ᐟ"
얄롱히,양식,예약 후 이용,대기 시간 2시간 이상,"친목, 나들이",친구,음식이 맛있어요,친절해요,화장실이 깨끗해요,특별한 날 가기 좋아요,0,"유명한곳,,한번은 꼭 가보고싶다고 생각했습니당예약은 끝나서,,당일 캐치테이블로 웨이팅했습니다 12시부터 웨이팅 가능하다고 해서 바로 했는데 하핫 34번째로 두시간기다리고 2시쯤 먹으러 갔습니다앞에는 사진찍는것도 있으니 한번 꼬옥 찍어보세용두명이서 세트로 먹었는데 배부르기 먹었습니다  .ᐟ🐮 소고기가 ,,정말 맛있었습니다 고기 밑에 소스?가 있는데 같이 먹으니까 맛있더라구요 히히 입에서 살살 녹아요➿🥔감자뇨끼를 사랑하는 사람으로 소스랑 정말 잘 어울렸어요,, 위에는 호두가 올려져 있었습니다 🥓파스타 직접 만든 잠봉뵈르로 위에는 피스타치오가 올라가 씹히는 맛도 있고 맛있었습니다 다른 테이블을 보면 라자냐도 시켜먹던데,,조금 궁금했어요😗웨이팅할 만큼이냐고 물어본다면,,음,,예,,,?"
얄롱히,"카페,디저트",예약 없이 이용,대기 시간 바로 입장,"친목, 나들이, 여행, 일상","친구, 지인・동료",친절해요,화장실이 깨끗해요,디저트가 맛있어요,인테리어가 멋져요,0,"행궁동에는 예쁜 곳이 너무 많아요,,🙈그중에 복숭아 빙수에 눈이 가서 가봤어용4시30분쯤에 갔을때 만석이라고 했는데 야외테이블이라도 괜찮으면 앉으라고 했어요  .ᐟ 근데 딱 자리가 나서 앉을 수 있었답니다➿🍑복숭아빙수는 얼음과 복숭아가 같이 씹히면서 달고 맛있었어요 약간 요구르트맛도 나는것이 뭔가 신기한 맛이였는데 어디서 먹어본것만 같은 맛,,//피치에이드-달달한것이 계속 생각나는 맛,,,🍅토마토바질만 보이면 무조건 시켜먹는사람. 바질과 토마토맛이 잘 어울리고 제가 딱 좋아하는 단맛,,제가 먹어본 곳 중에 두번째로 맛있던 곳입니다~🥯브륄레•• 이놈과 베이글은 맛있어요,,바질크림으로 드세요  .ᐟ 인테리어도 예쁘고 대화하기도 좋은 곳입니당🤍그리고 저기보면 피규어도 있어요 ㆅ"
얄롱히,"치킨,닭강정",예약 없이 이용,대기 시간 바로 입장,일상,부모님,음식이 맛있어요,친절해요,매장이 넓어요,단체모임 하기 좋아요,0,"옛날 통닭 느낌이지만,, 확실히 뭔가 달라요 ••간장이랑 후라이드 먹었는데 너무 맛있었어요 !!살도 많으 있고 느끼할때는 샐러드와 함께 먹어주면 아주 맛나다구요치킨에는 또 맥주잖아요 ? 술이 수울~ 들어가는 치킨이예요 간단하게 간맥정도 한다 ? 술이 생각난다 ? 맛있늨 곳을 찾는다 ? 여기가세요🫧"
얄롱히,돼지고기구이,예약 없이 이용,대기 시간 바로 입장,"친목, 일상",친구,직접 잘 구워줘요,음식이 맛있어요,고기 질이 좋아요,양이 많아요,0,"청주 터미널 근처에 먹을곳을 찾다가 알게된 곳이예요 !🐷고기를 구워서 나오는데 진짜 맛있어용 !! 저는 고기에 간이 딱 잘되어있기도 하고 와사비에,,명이나물 싸먹으면 그냥 ,,너무 맛있잖아요 ? 명이나물은 달라고 하면 주더라구용 !!(완전 많이 주셨어요)콩나물이랑 김치 양이 많았는데,,같이 구워오는게 아니여서 불판에서 구워지는 시간때문에 제대로 구워지지는 못했던거 같고 고춧가루가 너무 많아서 조금,,,저는 별로였습니다 헤헤➿전골은 세트에 같이 있어요 국물 먹으면 술이 술술일것갘은 맛이였습니당"
얄롱히,국수,예약 없이 이용,대기 시간 바로 입장,"친목, 나들이, 여행",친구,친절해요,인테리어가 멋져요,음식이 맛있어요,재료가 신선해요,양이 많아요,"제주 마지막날-⛧ 공항근처에 있어야해서 어딜가면 좋을까 하다가 고기국수도 먹어줘야 하지않을까 해서 가게 되었어요 !밖에서 볼때부터 고급져 보이는데,, 들어가자마자 연못이 있어서 와~했습니다 직원분들도 너무 친절하게 해주셔서 좋았어요 ㆅ🍜국물을 한입 따악~해주는데 처음에는 짜다고 생각했는데 면이랑 고기랑 같이 먹으니까 간이 딱이였어요 고기도 생각보다 많이 들어있고 면도 많아서,,진짜 배부르게 먹었습니다 ‘비빔’은 채소들이 있어서 매우면 국물과 함께 먹어주면 딱 딱 ! 그리고 후식으로 요구르트도 주셔서 맛있게 먹었습니당 감사합니다 🤍✨"
얄롱히,도넛,예약 없이 이용,대기 시간 바로 입장,"친목, 나들이, 여행",친구,디저트가 맛있어요,인테리어가 멋져요,뷰가 좋아요,친절해요,0,"저는 도넛을 좋아해요,,근데 마침 가까운 곳에 랜디스가 있다니 당장 가야죠➿입구에 들어가기 전 뷰에 한번 놀라고 두번놀라고 감탄하면서 들어갔네요 ㅋㅋㅎ 주문하고 2층으로 올라가면 자리가 많이 있어요 가운데는 테이블이 낮아서 불편하기는 했지만 자리들이 창문을 볼 수 있게 되어있는것 같아서 좋았어요🤍도넛은 말해뭐해-! 달달하니 맛있게 잘 먹었어요 ㆅ"
얄롱히,양식,예약 없이 이용,대기 시간 바로 입장,"친목, 나들이, 여행",친구,매장이 청결해요,특별한 날 가기 좋아요,인테리어가 멋져요,음식이 맛있어요,재료가 신선해요,"분위기가 너무 좋아요,,데이트할때가면 딱일것같은 곳이랍니당 -! 인테리어가 너무 예뻐서 그냥 멍때리면서 있기에도 좋은곳인거같아요🍅파스타 요놈 ! 아주 맛있어요 약간 매콤하면서 새우가,,최고,,레몬은 뿌려서 먹으라고 하셨습니다🥔트러플감자그라탱탱~ 감자가 얇게 밑에 깔려있고 파스타면이 있었어요 ,, 감자랑 소스와 함께 먹으니까 너무 맛있더라구요🍇요거트_사실은 프렌치토스타가 먹고싶었는데 품절이여서 🥺 요거트 시켰는데 기대이상,, 요거트와 꿀 견과류 청포도랑 먹으니까 맛있더라구요,,견과류가 너무 잘어울려서 더 맘에 들었던,,인테리어도 너무 예쁘고 제주도에서 분위기 한번 내보고 싶다 ? 당장 다들 가세요➿"
얄롱히,"육류,고기요리",예약 후 이용,대기 시간 10분 이내 ,"친목, 나들이, 여행",친구,매장이 넓어요,뷰가 좋아요,음식이 맛있어요,양이 많아요,0,"흑돼지 집을 찾다가_‘코쿤호텔’에서 머물렀는데 1층에 딱 흑돼지집이 있는거 아니겠어요?! 사람들이 많아서 뭔가 했는데 유명한곳이더라구요,,,네이버예약으로 하고 가게가서 테이블링(?)예약도 했어요 네이버예약이 우선으로 들어간다고 하더라구요 🌊저는 밤에가서 뷰를 정확히는 못봤지만 노을지는 시간에 가면 저 멋진 바다를 보면서 먹을 수 있을거같아요 🐷그냥 미쳤죠,,흑돼지 맛나요 !! 직원분들이 직접와서 구워주는데 너무 잘 구워주셔서 맛있게먹었습니당 (감사해요🤍) 반찬을 안주는것도 있는데 그건 셀프바에서 가지고 오면 됩니당 김도 있으니 꼬옥 가져와서 같이 싸먹어보세요호➿돼지집이여서 기름이 많아요,,바닥이 미끌미끌해서 넘어질뻔했어용 !! 돌아다니실때 조심해야할것같아요"
얄롱히,"카페,디저트",예약 없이 이용,대기 시간 바로 입장,"친목, 나들이, 여행",친구,디저트가 맛있어요,대화하기 좋아요,집중하기 좋아요,0,0,"저는 ‘제주 광해’에 갔다가 가까운 카페를 찾아보다가 갔는데 파르페가 너무 맛있어 보여서 홀린듯 갔어요,,가자마자 반겨주는 냥이가 한마리있었어요 카페 분위기는 조용하면서 아기자기하게 잘 꾸며놓았더라구요 창가에 앉으니까 햇빛이 굉장히,,많이 들어와서 예쁘지만 얼른 블라인드를 내렸습니다🧑🏻‍🎨 한철 파르페-무화과 위에까지 토핑이 한가득이였습니다 무화과와 아이스크림이랑 먹으니까 왕 맛있더라구요 사장님이 밑에까지 잘 섞어서 먹으라고 하던데 그것은 다 이유가 있었어요 위에가 완전 달달해가지고 밑에까지 잘 섞어먹어야 딱 좋은 맛"
얄롱히,한식,예약 후 이용,대기 시간 30분 이상,"친목, 나들이, 여행",친구,매장이 넓어요,단체모임 하기 좋아요,친절해요,음식이 맛있어요,양이 많아요,"제주도를 갔으면 갈치를 먹어야되지 않겠어요 ?유명한 곳인만큼 사람이 많더라구요 웨이팅은 1층 소품샵에서 해요 !! 소품샵이 있어서 구경하니까 시간이 순삭이더라구요,,그리고 앉을수있는 공간까지 있다니,,너무 좋았어요(바다보면서 앉아있기,,)🐟 갈치조림 나오자마자 감탄을 해버렸어요 양이 적은줄 알았는데 여기는 밥도둑 반찬이 왜이렇게 많은거죠 ? 저는 무를 좋아해서 갈치+무+밥=🤍 진짜 미쳤어용,,왜 사람들이 많은지 알았습니다.그리고 게장,,(딱새우/게)미쳤어요 딱새우는 손질이 되어서 나오는거라 한입에 쏘옥 빠지는데 반해버렸죠밑에는 또 게도 있어서 밥 한그릇 뚝딱 -!✨다들 갈치조림/애월 쪽을 간다면 한번 가보는거 추천합니당✨"
얄롱히,생선회,예약 후 이용,대기 시간 1시간 이상,"친목, 나들이, 여행",친구,음식이 맛있어요,재료가 신선해요,반찬이 잘 나와요,메뉴 구성이 알차요,0,"친구 추천으로 가본곳입니다-! 처음으로 먹어보는,,고등어회였어요저는 포장해서 숙소에서 먹었는데 매장에서도 먹을수있더라구요 (매장에서 먹으면 더 싱싱했을거같아요)7시쯤 전화주문했는데 8시 40분까지 오라고 했어용 !!🐟한시간정도 지나면 고등어회가 점점 비려요 꼬옥 빨리 드셔야해요,,일던 양파가 들어거 소스가 정말 맛있었어요 김+고등어회를 소스에 푸욱+백김치=환상 2명이서 소 시켰는데 생각보다 양이 꽤 괜찮았어요 (양이 부족하다면,,돌담통닭과 함께 먹는걸 추천해요-)아주 술이 술술이였어요 다들 세화로 가신다면,,꼬옥 먹어주세요,,"
얄롱히,한식,예약 없이 이용,대기 시간 바로 입장,"친목, 나들이, 여행",친구,친절해요,음식이 빨리 나와요,음식이 맛있어요,양이 많아요,반찬이 잘 나와요,"포장해갈만 음식이 뭐가있을까 하다가 ‘세화갈비’를 발견했지 뭐예요 ,,포장말고 매장에서 먹었어요 일단 직원분들이 친절하게 반겨줘서 좋았어요,,🍖저는 2인세트로 먹었습니당 갈비가 몇개가 나오는건지,,양이 너무 많아서 놀랐어요 안에 당면도 있는데 어머나,,갈비는 손으로 뜯어야 제맛인거 아시죠 ? 비닐장갑을 끼고 발라주면 최고-!그리고 저 양배추,,샐러드가 정말 맛있었어요 몇번을 리필을 했는지(추가 반찬은 셀프예요)✨맵기는 고민을 많이 했는데 사장님이 소스를 더 추가하면 된다고 하셨어요 ! 저는 완전 맵찔이라서,,하로 먹으니꺼 딱이였습니당먹을게 없어 고민이 된다면 한번 먹어보는거 추천입니다!"
얄롱히,"카페,디저트",예약 없이 이용,대기 시간 바로 입장,"친목, 나들이, 여행",친구,아늑해요,디저트가 맛있어요,음료가 맛있어요,친절해요,화장실이 깨끗해요,"이런곳에 이런카페가 ?,,🍰케이크는 필수로 먹어줘야하는거잖아요. 피스타치오로 하나 시켰는데 ,,피스타치오를 선호하지는 않는데 어쩜 크림이 왜이렇게 맛있는거예요,,,?손이 계속 가요 멈추지 않아🫨🍑피치에이드 커피가 먹고 싶지않아서 시켰는데 안에 복숭아가 들어가서 씹히는 맛이 너무 좋았어요!카페가 작을줄알았는데 생각보다 크고 혼자서 오시는 분들을 위한 자리도 마련되어있어서 좋았던거같아요 뚜벅이분들은 어느길로 오냐에 따라 다르겠지만 주변에 소품샵들도 2-3개정도 있어서 구경하면서 오기 좋은거같아요 ! 옷도 있고 악세사리도 팔고 있어서 머리집게핀 하나 ,,홀려서 사버렸지뭐예요➿"
얄롱히,"칼국수,만두",예약 없이 이용,대기 시간 30분 이내,"친목, 나들이, 여행",친구,음식이 맛있어요,양이 많아요,가성비가 좋아요,0,0,"저는 13시쯤에 갔는데 대기가 두팀정도 있었어요밖이나 가게안에서 서서 대기했어요(밖은 너무 더웠어요,,,,🥹) 주문은 키오스크로 하고 자리 안내받으면 앉으면 됩니당사장님들이 친절하시만,,바빠서,,그런지 반찬이나 밥이채워져있지 않은게 조금 아쉬웠어요 그렇지만 !! 음식이 나오는 순간 오아 ,,맛있잖아요,,💚보말죽칼국수_면도 있고 밑에는 죽도 있어서 딱 배부르게 먹었어요 반찬 중에 김치랑 같이 먹으면 너무 맛있을거같아요(저는 김치가 조금 짜서 ,,하하)❤️한치비빔칼국수_새콤하면서 매운맛과 야채,,면이 잘어우러져서 너무 맛있게 먹었어요 !!"
얄롱히,"치킨,닭강정",예약 없이 이용,대기 시간 1시간 이상,"친목, 나들이, 여행",친구,음식이 맛있어요,양이 많아요,특별한 메뉴가 있어요,친절해요,0,"🍗해물야채통닭 ,,이건 뭘까 너무 궁금해서 가봤어요줄서있는것도 아니여서 괜찮겠다 ! 라고 생각해서 가게에 갔는데 한시간정도 있다가 다시 오라고 하더라구요,,7시쯤 갔는데 8시 40분까지 오라고 해서 숙소에 갔다가 왔죠,,, 그 시간에 갔더니 재료소진이더라구요 야채만 따로 시켜서 먹길 잘한거같아요 통닭이 느끼했는데 야채가 그걸 잡아줘서 좋았어요(양도 많아요 !)해물야채통닭은 오징어맛도 나면서,,깻잎도 느껴지면서 처음먹어보는 맛이예요 나중에 세화쪽을 간다면 또 가서 먹고싶어요,,💚"
얄롱히,생선회,예약 없이 이용,대기 시간 바로 입장,"친목, 나들이, 여행",친구,음식이 맛있어요,재료가 신선해요,양이 많아요,뷰가 좋아요,0,"왕 ,,일단은 뷰가 다한거같아요,,,웨이팅 있을까봐 걱정했는데 월요일이라서 그런건지 시간이 일러서 그런거지 웨이팅 없이 바로 들어가서 먹었어요 ! 입구 바로 앞에 앉았는데 바다 보면서 먹는 것이 이렇게 좋은건지 여기서 처음 느껴봤어요••🐟돔베 사시미,,필수 메뉴잖아요 2명이서 중 먹었는데 배부르게 먹은거 같아요 ! 백김치에 참기름 찍어서 김에 싸먹으면 꿀맛🦐딱새우 라면 ,,처음에 나왔을때 제가 완전 좋아하는 꼬들면이여서 맛있었습니당,,그냥 또오 가고싶은,,앞에 김녕해수욕장에서 놀고 포장해가는 사람들 많은것같아요 ! 체고"
얄롱히,민박,"친목, 나들이, 여행",친구,0,0,방음이 잘돼요,깨끗해요,조용히 쉬기 좋아요,인테리어가 멋져요,뷰가 좋아요,"제주도 동쪽숙소를 보고 있었는데 친구 추천으로 가게된 곳이예요 !저는 뚜벅이였구 공항에서 택시타고 한시간걸려서 갔어요 가자마자 보이는 바다풍경에 일단 우와••(저는 104호였어요 복도에서 제일 끝방)🤍숙소에 들어가자마자 감탄이 나오잖아요 인테리어도 너무 예쁘고 여기수 제가 제일 좋았던건 세면대가 따로 분리되어 있었던 거예요 창문으로 보이는 풍경도 좋았어요 침대도 둘이 잤는데 불편함없이 잘 잤어요(화장실에는 작은용기로 샤워용품이 있더라구요 냄새도 좋아용)🍊(조식) 음료는 메뉴중에서 고를수있고 빵/과일도 같이 나왔어요 조식으로 나오는 유자요거트..진짜 처음 먹어보는맛,, 너무 맛있어서 머무는 이틀동안 싹싹 먹었어요 ㅋㅋㅎ"
얄롱히,조개요리,예약 후 이용,대기 시간 바로 입장,"친목, 나들이",친구,음식이 맛있어요,가성비가 좋아요,매장이 넓어요,단체모임 하기 좋아요,친절해요,"오이도 근처 조개집을 알아보다가 핫한곳인거 같아서 예약하고 들어왔어요 !!!예약안하고 와도 괜찮을것같아요 ➿ (예약하면 서비스가 있다는 점_멘보샤/새우버터)🐚명품조개구이,,왕 이게 뭐야 진짜 많아요,,,여기에 이게 리필이 된다는거잖아요,,? 치즈가 완전 제 스탈이였어요 !! 또 먹고싶을정도로,,근데 가리비가 되게 조그마한것니 아쉬웠지요호,,리필응 몇번해냐 할것같은 ,,그래도 라면도 끓여먹을수 있고 !! 좋았습니당"
얄롱히,"카페,디저트",예약 없이 이용,대기 시간 바로 입장,"친목, 나들이, 일상",친구,디저트가 맛있어요,특별한 메뉴가 있어요,사진이 잘 나와요,인테리어가 멋져요,뷰가 좋아요,"바다뷰가 보인다는 카페를 찾다가 우연히 알게된 곳분위기 완전 내스탈이잖아요,,🌽초당옥시시라떼는 왕 달아요 그래서 맛있어요 위에 과자(?) 씹히는것도 있어거 더 손이가는🍓딸기푸딩,, 크림이 왕 달아요,,,아아랑 먹어야할것같은 그런 푸딩이네용🥐마늘버터크루아상은 생각한 맛 그대롱~바다뷰가 딱 보인다는 곳,,진짜예요 너무 예뻐요1층은 주문라는 곳이고 2,3층에 자리가 있어요2층은 테이블에 의자가 있고 3층은 테이블이 없습니당~3층 유리창으로 보는 바다뷰가 굳"
얄롱히,"카페,디저트",예약 없이 이용,대기 시간 바로 입장,"친목, 나들이",친구,디저트가 맛있어요,인테리어가 멋져요,대화하기 좋아요,집중하기 좋아요,친절해요,"케이크가 먹고 싶어서 갔어요 !!다양한 케이크 종류가 있고 음료도 있어서 고민을 많이 했던,,인테리어도 너무 깔끔하고 좋았어요 혼자서 공부하기에도 괜찮고 친구랑 같이 대화하기도 좋은곳인거같아요➿🤍"
얄롱히,"육류,고기요리",예약 없이 이용,대기 시간 바로 입장,일상,부모님,음식이 맛있어요,양이 많아요,매장이 청결해요,친절해요,0,"반찬구성이 너무 맘에 드는••이 더운날 냉면이 빠질수는 없잖아요🥹오리주물럭은 처음먹어보는데 약간의 매콤함이 냉면과 만나니까 맛있더라구요 !상추랑 함께 싸먹고 파채랑 먹는것도 너무 잘어울렸어요한국인이라면 빠질 수 없는 볶음밥 남은 오리랑 함께 먹으니까 너무 맛있는오리주물럭 말고도 콩국수,열무국수 등등 다양한 메뉴가 있어서 가기 좋은 곳인거같아요➿"
얄롱히,요리주점,예약 없이 이용,대기 시간 바로 입장,"친목, 나들이",친구,음식이 맛있어요,0,0,0,0,"이 동에네서 어디가면 좋을지 둘러보다가 안주가 괜찮은거 같아서 들어왔어요  .ᐟ11월인데,, 날씨가 너무 더워서 문열어달라고 했는데 사장님이 왕 친절하게 해주셔서,,너무 좋았어요안주도 너무 맛있고 술이 술술 들어가기에 딱인 곳입니다1차로도 2차로도 너무 좋아요  .ᐟ"
얄롱히,양식,예약 후 이용,대기 시간 2시간 이상,"친목, 나들이",친구,음식이 맛있어요,친절해요,화장실이 깨끗해요,특별한 날 가기 좋아요,0,"유명한곳,,한번은 꼭 가보고싶다고 생각했습니당예약은 끝나서,,당일 캐치테이블로 웨이팅했습니다 12시부터 웨이팅 가능하다고 해서 바로 했는데 하핫 34번째로 두시간기다리고 2시쯤 먹으러 갔습니다앞에는 사진찍는것도 있으니 한번 꼬옥 찍어보세용두명이서 세트로 먹었는데 배부르기 먹었습니다  .ᐟ🐮 소고기가 ,,정말 맛있었습니다 고기 밑에 소스?가 있는데 같이 먹으니까 맛있더라구요 히히 입에서 살살 녹아요➿🥔감자뇨끼를 사랑하는 사람으로 소스랑 정말 잘 어울렸어요,, 위에는 호두가 올려져 있었습니다 🥓파스타 직접 만든 잠봉뵈르로 위에는 피스타치오가 올라가 씹히는 맛도 있고 맛있었습니다 다른 테이블을 보면 라자냐도 시켜먹던데,,조금 궁금했어요😗웨이팅할 만큼이냐고 물어본다면,,음,,예,,,?"
얄롱히,"카페,디저트",예약 없이 이용,대기 시간 바로 입장,"친목, 나들이, 여행, 일상","친구, 지인・동료",친절해요,화장실이 깨끗해요,디저트가 맛있어요,인테리어가 멋져요,0,"행궁동에는 예쁜 곳이 너무 많아요,,🙈그중에 복숭아 빙수에 눈이 가서 가봤어용4시30분쯤에 갔을때 만석이라고 했는데 야외테이블이라도 괜찮으면 앉으라고 했어요  .ᐟ 근데 딱 자리가 나서 앉을 수 있었답니다➿🍑복숭아빙수는 얼음과 복숭아가 같이 씹히면서 달고 맛있었어요 약간 요구르트맛도 나는것이 뭔가 신기한 맛이였는데 어디서 먹어본것만 같은 맛,,//피치에이드-달달한것이 계속 생각나는 맛,,,🍅토마토바질만 보이면 무조건 시켜먹는사람. 바질과 토마토맛이 잘 어울리고 제가 딱 좋아하는 단맛,,제가 먹어본 곳 중에 두번째로 맛있던 곳입니다~🥯브륄레•• 이놈과 베이글은 맛있어요,,바질크림으로 드세요  .ᐟ 인테리어도 예쁘고 대화하기도 좋은 곳입니당🤍그리고 저기보면 피규어도 있어요 ㆅ"
얄롱히,"치킨,닭강정",예약 없이 이용,대기 시간 바로 입장,일상,부모님,음식이 맛있어요,친절해요,매장이 넓어요,단체모임 하기 좋아요,0,"옛날 통닭 느낌이지만,, 확실히 뭔가 달라요 ••간장이랑 후라이드 먹었는데 너무 맛있었어요 !!살도 많으 있고 느끼할때는 샐러드와 함께 먹어주면 아주 맛나다구요치킨에는 또 맥주잖아요 ? 술이 수울~ 들어가는 치킨이예요 간단하게 간맥정도 한다 ? 술이 생각난다 ? 맛있늨 곳을 찾는다 ? 여기가세요🫧"
얄롱히,돼지고기구이,예약 없이 이용,대기 시간 바로 입장,"친목, 일상",친구,직접 잘 구워줘요,음식이 맛있어요,고기 질이 좋아요,양이 많아요,0,"청주 터미널 근처에 먹을곳을 찾다가 알게된 곳이예요 !🐷고기를 구워서 나오는데 진짜 맛있어용 !! 저는 고기에 간이 딱 잘되어있기도 하고 와사비에,,명이나물 싸먹으면 그냥 ,,너무 맛있잖아요 ? 명이나물은 달라고 하면 주더라구용 !!(완전 많이 주셨어요)콩나물이랑 김치 양이 많았는데,,같이 구워오는게 아니여서 불판에서 구워지는 시간때문에 제대로 구워지지는 못했던거 같고 고춧가루가 너무 많아서 조금,,,저는 별로였습니다 헤헤➿전골은 세트에 같이 있어요 국물 먹으면 술이 술술일것갘은 맛이였습니당"
얄롱히,국수,예약 없이 이용,대기 시간 바로 입장,"친목, 나들이, 여행",친구,친절해요,인테리어가 멋져요,음식이 맛있어요,재료가 신선해요,양이 많아요,"제주 마지막날-⛧ 공항근처에 있어야해서 어딜가면 좋을까 하다가 고기국수도 먹어줘야 하지않을까 해서 가게 되었어요 !밖에서 볼때부터 고급져 보이는데,, 들어가자마자 연못이 있어서 와~했습니다 직원분들도 너무 친절하게 해주셔서 좋았어요 ㆅ🍜국물을 한입 따악~해주는데 처음에는 짜다고 생각했는데 면이랑 고기랑 같이 먹으니까 간이 딱이였어요 고기도 생각보다 많이 들어있고 면도 많아서,,진짜 배부르게 먹었습니다 ‘비빔’은 채소들이 있어서 매우면 국물과 함께 먹어주면 딱 딱 ! 그리고 후식으로 요구르트도 주셔서 맛있게 먹었습니당 감사합니다 🤍✨"
얄롱히,도넛,예약 없이 이용,대기 시간 바로 입장,"친목, 나들이, 여행",친구,디저트가 맛있어요,인테리어가 멋져요,뷰가 좋아요,친절해요,0,"저는 도넛을 좋아해요,,근데 마침 가까운 곳에 랜디스가 있다니 당장 가야죠➿입구에 들어가기 전 뷰에 한번 놀라고 두번놀라고 감탄하면서 들어갔네요 ㅋㅋㅎ 주문하고 2층으로 올라가면 자리가 많이 있어요 가운데는 테이블이 낮아서 불편하기는 했지만 자리들이 창문을 볼 수 있게 되어있는것 같아서 좋았어요🤍도넛은 말해뭐해-! 달달하니 맛있게 잘 먹었어요 ㆅ"
얄롱히,양식,예약 없이 이용,대기 시간 바로 입장,"친목, 나들이, 여행",친구,매장이 청결해요,특별한 날 가기 좋아요,인테리어가 멋져요,음식이 맛있어요,재료가 신선해요,"분위기가 너무 좋아요,,데이트할때가면 딱일것같은 곳이랍니당 -! 인테리어가 너무 예뻐서 그냥 멍때리면서 있기에도 좋은곳인거같아요🍅파스타 요놈 ! 아주 맛있어요 약간 매콤하면서 새우가,,최고,,레몬은 뿌려서 먹으라고 하셨습니다🥔트러플감자그라탱탱~ 감자가 얇게 밑에 깔려있고 파스타면이 있었어요 ,, 감자랑 소스와 함께 먹으니까 너무 맛있더라구요🍇요거트_사실은 프렌치토스타가 먹고싶었는데 품절이여서 🥺 요거트 시켰는데 기대이상,, 요거트와 꿀 견과류 청포도랑 먹으니까 맛있더라구요,,견과류가 너무 잘어울려서 더 맘에 들었던,,인테리어도 너무 예쁘고 제주도에서 분위기 한번 내보고 싶다 ? 당장 다들 가세요➿"
얄롱히,"육류,고기요리",예약 후 이용,대기 시간 10분 이내 ,"친목, 나들이, 여행",친구,매장이 넓어요,뷰가 좋아요,음식이 맛있어요,양이 많아요,0,"흑돼지 집을 찾다가_‘코쿤호텔’에서 머물렀는데 1층에 딱 흑돼지집이 있는거 아니겠어요?! 사람들이 많아서 뭔가 했는데 유명한곳이더라구요,,,네이버예약으로 하고 가게가서 테이블링(?)예약도 했어요 네이버예약이 우선으로 들어간다고 하더라구요 🌊저는 밤에가서 뷰를 정확히는 못봤지만 노을지는 시간에 가면 저 멋진 바다를 보면서 먹을 수 있을거같아요 🐷그냥 미쳤죠,,흑돼지 맛나요 !! 직원분들이 직접와서 구워주는데 너무 잘 구워주셔서 맛있게먹었습니당 (감사해요🤍) 반찬을 안주는것도 있는데 그건 셀프바에서 가지고 오면 됩니당 김도 있으니 꼬옥 가져와서 같이 싸먹어보세요호➿돼지집이여서 기름이 많아요,,바닥이 미끌미끌해서 넘어질뻔했어용 !! 돌아다니실때 조심해야할것같아요"
얄롱히,"카페,디저트",예약 없이 이용,대기 시간 바로 입장,"친목, 나들이, 여행",친구,디저트가 맛있어요,대화하기 좋아요,집중하기 좋아요,0,0,"저는 ‘제주 광해’에 갔다가 가까운 카페를 찾아보다가 갔는데 파르페가 너무 맛있어 보여서 홀린듯 갔어요,,가자마자 반겨주는 냥이가 한마리있었어요 카페 분위기는 조용하면서 아기자기하게 잘 꾸며놓았더라구요 창가에 앉으니까 햇빛이 굉장히,,많이 들어와서 예쁘지만 얼른 블라인드를 내렸습니다🧑🏻‍🎨 한철 파르페-무화과 위에까지 토핑이 한가득이였습니다 무화과와 아이스크림이랑 먹으니까 왕 맛있더라구요 사장님이 밑에까지 잘 섞어서 먹으라고 하던데 그것은 다 이유가 있었어요 위에가 완전 달달해가지고 밑에까지 잘 섞어먹어야 딱 좋은 맛"
얄롱히,한식,예약 후 이용,대기 시간 30분 이상,"친목, 나들이, 여행",친구,매장이 넓어요,단체모임 하기 좋아요,친절해요,음식이 맛있어요,양이 많아요,"제주도를 갔으면 갈치를 먹어야되지 않겠어요 ?유명한 곳인만큼 사람이 많더라구요 웨이팅은 1층 소품샵에서 해요 !! 소품샵이 있어서 구경하니까 시간이 순삭이더라구요,,그리고 앉을수있는 공간까지 있다니,,너무 좋았어요(바다보면서 앉아있기,,)🐟 갈치조림 나오자마자 감탄을 해버렸어요 양이 적은줄 알았는데 여기는 밥도둑 반찬이 왜이렇게 많은거죠 ? 저는 무를 좋아해서 갈치+무+밥=🤍 진짜 미쳤어용,,왜 사람들이 많은지 알았습니다.그리고 게장,,(딱새우/게)미쳤어요 딱새우는 손질이 되어서 나오는거라 한입에 쏘옥 빠지는데 반해버렸죠밑에는 또 게도 있어서 밥 한그릇 뚝딱 -!✨다들 갈치조림/애월 쪽을 간다면 한번 가보는거 추천합니당✨"
얄롱히,생선회,예약 후 이용,대기 시간 1시간 이상,"친목, 나들이, 여행",친구,음식이 맛있어요,재료가 신선해요,반찬이 잘 나와요,메뉴 구성이 알차요,0,"친구 추천으로 가본곳입니다-! 처음으로 먹어보는,,고등어회였어요저는 포장해서 숙소에서 먹었는데 매장에서도 먹을수있더라구요 (매장에서 먹으면 더 싱싱했을거같아요)7시쯤 전화주문했는데 8시 40분까지 오라고 했어용 !!🐟한시간정도 지나면 고등어회가 점점 비려요 꼬옥 빨리 드셔야해요,,일던 양파가 들어거 소스가 정말 맛있었어요 김+고등어회를 소스에 푸욱+백김치=환상 2명이서 소 시켰는데 생각보다 양이 꽤 괜찮았어요 (양이 부족하다면,,돌담통닭과 함께 먹는걸 추천해요-)아주 술이 술술이였어요 다들 세화로 가신다면,,꼬옥 먹어주세요,,"
얄롱히,한식,예약 없이 이용,대기 시간 바로 입장,"친목, 나들이, 여행",친구,친절해요,음식이 빨리 나와요,음식이 맛있어요,양이 많아요,반찬이 잘 나와요,"포장해갈만 음식이 뭐가있을까 하다가 ‘세화갈비’를 발견했지 뭐예요 ,,포장말고 매장에서 먹었어요 일단 직원분들이 친절하게 반겨줘서 좋았어요,,🍖저는 2인세트로 먹었습니당 갈비가 몇개가 나오는건지,,양이 너무 많아서 놀랐어요 안에 당면도 있는데 어머나,,갈비는 손으로 뜯어야 제맛인거 아시죠 ? 비닐장갑을 끼고 발라주면 최고-!그리고 저 양배추,,샐러드가 정말 맛있었어요 몇번을 리필을 했는지(추가 반찬은 셀프예요)✨맵기는 고민을 많이 했는데 사장님이 소스를 더 추가하면 된다고 하셨어요 ! 저는 완전 맵찔이라서,,하로 먹으니꺼 딱이였습니당먹을게 없어 고민이 된다면 한번 먹어보는거 추천입니다!"
얄롱히,"카페,디저트",예약 없이 이용,대기 시간 바로 입장,"친목, 나들이, 여행",친구,아늑해요,디저트가 맛있어요,음료가 맛있어요,친절해요,화장실이 깨끗해요,"이런곳에 이런카페가 ?,,🍰케이크는 필수로 먹어줘야하는거잖아요. 피스타치오로 하나 시켰는데 ,,피스타치오를 선호하지는 않는데 어쩜 크림이 왜이렇게 맛있는거예요,,,?손이 계속 가요 멈추지 않아🫨🍑피치에이드 커피가 먹고 싶지않아서 시켰는데 안에 복숭아가 들어가서 씹히는 맛이 너무 좋았어요!카페가 작을줄알았는데 생각보다 크고 혼자서 오시는 분들을 위한 자리도 마련되어있어서 좋았던거같아요 뚜벅이분들은 어느길로 오냐에 따라 다르겠지만 주변에 소품샵들도 2-3개정도 있어서 구경하면서 오기 좋은거같아요 ! 옷도 있고 악세사리도 팔고 있어서 머리집게핀 하나 ,,홀려서 사버렸지뭐예요➿"
얄롱히,"칼국수,만두",예약 없이 이용,대기 시간 30분 이내,"친목, 나들이, 여행",친구,음식이 맛있어요,양이 많아요,가성비가 좋아요,0,0,"저는 13시쯤에 갔는데 대기가 두팀정도 있었어요밖이나 가게안에서 서서 대기했어요(밖은 너무 더웠어요,,,,🥹) 주문은 키오스크로 하고 자리 안내받으면 앉으면 됩니당사장님들이 친절하시만,,바빠서,,그런지 반찬이나 밥이채워져있지 않은게 조금 아쉬웠어요 그렇지만 !! 음식이 나오는 순간 오아 ,,맛있잖아요,,💚보말죽칼국수_면도 있고 밑에는 죽도 있어서 딱 배부르게 먹었어요 반찬 중에 김치랑 같이 먹으면 너무 맛있을거같아요(저는 김치가 조금 짜서 ,,하하)❤️한치비빔칼국수_새콤하면서 매운맛과 야채,,면이 잘어우러져서 너무 맛있게 먹었어요 !!"
얄롱히,"치킨,닭강정",예약 없이 이용,대기 시간 1시간 이상,"친목, 나들이, 여행",친구,음식이 맛있어요,양이 많아요,특별한 메뉴가 있어요,친절해요,0,"🍗해물야채통닭 ,,이건 뭘까 너무 궁금해서 가봤어요줄서있는것도 아니여서 괜찮겠다 ! 라고 생각해서 가게에 갔는데 한시간정도 있다가 다시 오라고 하더라구요,,7시쯤 갔는데 8시 40분까지 오라고 해서 숙소에 갔다가 왔죠,,, 그 시간에 갔더니 재료소진이더라구요 야채만 따로 시켜서 먹길 잘한거같아요 통닭이 느끼했는데 야채가 그걸 잡아줘서 좋았어요(양도 많아요 !)해물야채통닭은 오징어맛도 나면서,,깻잎도 느껴지면서 처음먹어보는 맛이예요 나중에 세화쪽을 간다면 또 가서 먹고싶어요,,💚"
얄롱히,생선회,예약 없이 이용,대기 시간 바로 입장,"친목, 나들이, 여행",친구,음식이 맛있어요,재료가 신선해요,양이 많아요,뷰가 좋아요,0,"왕 ,,일단은 뷰가 다한거같아요,,,웨이팅 있을까봐 걱정했는데 월요일이라서 그런건지 시간이 일러서 그런거지 웨이팅 없이 바로 들어가서 먹었어요 ! 입구 바로 앞에 앉았는데 바다 보면서 먹는 것이 이렇게 좋은건지 여기서 처음 느껴봤어요••🐟돔베 사시미,,필수 메뉴잖아요 2명이서 중 먹었는데 배부르게 먹은거 같아요 ! 백김치에 참기름 찍어서 김에 싸먹으면 꿀맛🦐딱새우 라면 ,,처음에 나왔을때 제가 완전 좋아하는 꼬들면이여서 맛있었습니당,,그냥 또오 가고싶은,,앞에 김녕해수욕장에서 놀고 포장해가는 사람들 많은것같아요 ! 체고"
얄롱히,민박,"친목, 나들이, 여행",친구,0,0,방음이 잘돼요,깨끗해요,조용히 쉬기 좋아요,인테리어가 멋져요,뷰가 좋아요,"제주도 동쪽숙소를 보고 있었는데 친구 추천으로 가게된 곳이예요 !저는 뚜벅이였구 공항에서 택시타고 한시간걸려서 갔어요 가자마자 보이는 바다풍경에 일단 우와••(저는 104호였어요 복도에서 제일 끝방)🤍숙소에 들어가자마자 감탄이 나오잖아요 인테리어도 너무 예쁘고 여기수 제가 제일 좋았던건 세면대가 따로 분리되어 있었던 거예요 창문으로 보이는 풍경도 좋았어요 침대도 둘이 잤는데 불편함없이 잘 잤어요(화장실에는 작은용기로 샤워용품이 있더라구요 냄새도 좋아용)🍊(조식) 음료는 메뉴중에서 고를수있고 빵/과일도 같이 나왔어요 조식으로 나오는 유자요거트..진짜 처음 먹어보는맛,, 너무 맛있어서 머무는 이틀동안 싹싹 먹었어요 ㅋㅋㅎ"
얄롱히,조개요리,예약 후 이용,대기 시간 바로 입장,"친목, 나들이",친구,음식이 맛있어요,가성비가 좋아요,매장이 넓어요,단체모임 하기 좋아요,친절해요,"오이도 근처 조개집을 알아보다가 핫한곳인거 같아서 예약하고 들어왔어요 !!!예약안하고 와도 괜찮을것같아요 ➿ (예약하면 서비스가 있다는 점_멘보샤/새우버터)🐚명품조개구이,,왕 이게 뭐야 진짜 많아요,,,여기에 이게 리필이 된다는거잖아요,,? 치즈가 완전 제 스탈이였어요 !! 또 먹고싶을정도로,,근데 가리비가 되게 조그마한것니 아쉬웠지요호,,리필응 몇번해냐 할것같은 ,,그래도 라면도 끓여먹을수 있고 !! 좋았습니당"
얄롱히,"카페,디저트",예약 없이 이용,대기 시간 바로 입장,"친목, 나들이, 일상",친구,디저트가 맛있어요,특별한 메뉴가 있어요,사진이 잘 나와요,인테리어가 멋져요,뷰가 좋아요,"바다뷰가 보인다는 카페를 찾다가 우연히 알게된 곳분위기 완전 내스탈이잖아요,,🌽초당옥시시라떼는 왕 달아요 그래서 맛있어요 위에 과자(?) 씹히는것도 있어거 더 손이가는🍓딸기푸딩,, 크림이 왕 달아요,,,아아랑 먹어야할것같은 그런 푸딩이네용🥐마늘버터크루아상은 생각한 맛 그대롱~바다뷰가 딱 보인다는 곳,,진짜예요 너무 예뻐요1층은 주문라는 곳이고 2,3층에 자리가 있어요2층은 테이블에 의자가 있고 3층은 테이블이 없습니당~3층 유리창으로 보는 바다뷰가 굳"
얄롱히,"카페,디저트",예약 없이 이용,대기 시간 바로 입장,"친목, 나들이",친구,디저트가 맛있어요,인테리어가 멋져요,대화하기 좋아요,집중하기 좋아요,친절해요,"케이크가 먹고 싶어서 갔어요 !!다양한 케이크 종류가 있고 음료도 있어서 고민을 많이 했던,,인테리어도 너무 깔끔하고 좋았어요 혼자서 공부하기에도 괜찮고 친구랑 같이 대화하기도 좋은곳인거같아요➿🤍"
얄롱히,"육류,고기요리",예약 없이 이용,대기 시간 바로 입장,일상,부모님,음식이 맛있어요,양이 많아요,매장이 청결해요,친절해요,0,"반찬구성이 너무 맘에 드는••이 더운날 냉면이 빠질수는 없잖아요🥹오리주물럭은 처음먹어보는데 약간의 매콤함이 냉면과 만나니까 맛있더라구요 !상추랑 함께 싸먹고 파채랑 먹는것도 너무 잘어울렸어요한국인이라면 빠질 수 없는 볶음밥 남은 오리랑 함께 먹으니까 너무 맛있는오리주물럭 말고도 콩국수,열무국수 등등 다양한 메뉴가 있어서 가기 좋은 곳인거같아요➿"
얄롱히,"카페,디저트",예약 없이 이용,대기 시간 바로 입장,"친목, 나들이, 여행",친구,인테리어가 멋져요,사진이 잘 나와요,뷰가 좋아요,매장이 넓어요,0,"와앙 이런곳이 있다니,,,🤍일단 날씨가 너무 더운게 ,,아쉽,, 덥지만 않으면 밖에서 커피한잔의 여유를 즐겨도 되었을것만 같은,,,🍑논알콜 파로마피즈 칵테일,,상콤하면서 맛있는맛🫐블루베리 크럼블,,블루베리잼과 소보로가 만나 계속해서 손이 가는 아이랍니다바나나푸딩,케이크,컵케이크도 팔지만 배불러서 못먹을게 조금 아쉬웠어요 가구쇼룸도 있고 강아지도 있어서 눈이 즐거운 곳이였습니다 날이 너무 좋아수 가는곳마다 사진찍기에 좋은곳,,화장실도 깨끗하고 넓어서 너무 좋았어요🍀➿"
얄롱히,한식,예약 없이 이용,대기 시간 바로 입장,"친목, 나들이",친구,음식이 맛있어요,양이 많아요,매장이 넓어요,친절해요,매장이 청결해요,"술먹고 다음날은 해장이죠 ! 해장하면 냉면아니겠냐며➿ 회냉면,갈비탕,물•비냉면,,물냉면,,다 맛있어요회냉면은 생각보다 매웠고 회가 씹기힘든,,,(제스탈은 아니였어요)"
얄롱히,"칼국수,만두",예약 없이 이용,대기 시간 바로 입장,"일상, 회식, 가족모임","지인・동료, 부모님",음식이 맛있어요,양이 많아요,친절해요,매장이 청결해요,0,"주말이나 점심시간에 가면 웨이팅이 있을정도로 유명한곳,,,그만큼 맛있어요 !! 에어컨도 빵빵🦪해물칼국수 ,, 면이 따로 나와서 넣어먹는건데 처음에 해물을 먼저 먹어주고 그후에 면을 조금씩 나눠 넣어 먹으면 완전 맛있어요 오래 끓이게 되면 국물이 짜지니까 적당히 끓어먹기,,/ 조개찜은 처음먹어보는데 나름 양도 많고 괜찮은듯~먹다가 남으면 칼국수에 넣어서 먹기🥔이렇게 바삭하고 쫀뜩한 감자전은 처음이야,,(이정도) 바삭한 식감에 같이 나오는 양파간장..? 양파랑 같이 먹으면 딱이예요,, 이 집은 김치맛집일지도,,열무랑 배추가 나오는데 열무김치가 너무 맛있어요,,"
얄롱히,"카페,디저트",예약 없이 이용,대기 시간 30분 이상,"친목, 나들이, 여행",친구,친절해요,디저트가 맛있어요,음료가 맛있어요,특별한 메뉴가 있어요,인테리어가 멋져요,"오후 1시쯤 갔습니당~오픈이 12시인데도 만석이더라구요? 30분정도 기다리고 들어갔는데 웨이팅 중에,,슬러시를 갔다주는,,사장님,,감사합니당,,🤍🙏🏻🍞🥝산도 먹으러 갔어요,,!! 종류가 많아서 고민했지만 대전하면 꿈돌이니 꿈돌이 산도를 먹어야해요 ㆅ 토마토바질에이드랑  토마토 주스 시켰는데 바질에이드는 바질맛이 강하게 나서,,조금 아쉬웠지만 토마토랑 같이 먹으니까 달달하니 괜찮더라구요➿품절되서 못먹었지만,, 나중엔 썸머피치를 꼬옥 먹으로 갈거예요 !!"
얄롱히,한식,예약 없이 이용,대기 시간 30분 이내,친목,친구,음식이 빨리 나와요,음식이 맛있어요,양이 많아요,0,0,"성심당 들렸다가 오전 10시쯤 방문했어요 !!들어가면 인원수 물어보고 몇시까지 와라하고 번호표를 줍니다.  10시30분 오픈이고 35분까지 오라고해서 앞에 앉아있었어요 👏🏻말해준 시간까지만 오면 되서 가게앞에 없어도 된다는게 좋았던거같아요🥹수육이 먼저 나왔는데 너무 부드럽,,구냥 입안에서 사르륵입니다,,🦑면사리 추가해서 먹었는데 꼬옥 먹어여해요 조금 매웠습니다 오징어 완전 많고,,양이 많아요 !!이 조합엔 ,,막걸리가 빠질 수 없어➿"
얄롱히,"육류,고기요리",예약 없이 이용,대기 시간 30분 이내,친목,친구,음식이 맛있어요,고기 질이 좋아요,친절해요,0,0,"15분정도 대기하고 들어갔어요 !구워서 나와서 바로 먹을 수 있어서 좋았어용4명이서 3인분정도 먹었는데 양도 괜찮았습니다😲양념,,,진짜 맛있었다는 이야기••"
