﻿nickname,restaurant,reservation,waiting,purpose,withwho,tagging_1,tagging_2,tagging_3,tagging_4,tagging_5,content
리뷰꾸르잼,이자카야,예약 없이 이용,대기 시간 바로 입장,데이트,연인・배우자,대화하기 좋아요,0,0,0,0,간단하게 먹을 생각이었는데 메뉴판에 궁금한게 많아서 결국 세트로 주문했어요! 꼬치도 시간들여 구워주시고 나베도 내용물이 실하더라구요! 기본안주도 특이하니 입맛이 돌고 대화하기에도 좋아서 다음에 다른거 먹으러 또 가보려구요😋😋
리뷰꾸르잼,이자카야,예약 없이 이용,대기 시간 바로 입장,친목,지인・동료,대화하기 좋아요,매장이 넓어요,가성비가 좋아요,메뉴 구성이 알차요,0,여긴 모찌리도후가 킥이거덩요😋😋 배부를때 2차로 가벼운 안주먹기에 딱입니다!
리뷰꾸르잼,"카페,디저트",예약 없이 이용,대기 시간 바로 입장,데이트,연인・배우자,커피가 맛있어요,특별한 메뉴가 있어요,대화하기 좋아요,0,0,키오스크가 생겨서 디테일하게 주문하기 편해졌더라구요! 을지로커피 덜달게 마시니까 딱 좋았고 더 추워지기 전에 야외석에서 앉아마시기 좋았어요
리뷰꾸르잼,"멕시코,남미음식",예약 없이 이용,대기 시간 10분 이내 ,데이트,연인・배우자,특별한 메뉴가 있어요,메뉴 구성이 알차요,인테리어가 멋져요,야외공간이 멋져요,컨셉이 독특해요,현장 웨이팅했는데 오래 기다리진 않고 들어갔어요! 1호점이랑 메뉴가 조금 다르다고하던데 먹고가기엔 2호점이 나아보여서 이쪽으로 왔습니다. 웨이팅이며 인기가 많은 곳이여서 온김에 메뉴를 전부 다 주문했는데 대체적으로 소스맛이랑 시즈닝이 강해서 자극적인 스타일의 타코로 느껴졌어요! 맛있지만 어딘가 K패치가 된거 같기도 하고? 힙한 분위기 느끼며 맛 본거에 만족합니다
리뷰꾸르잼,요리주점,예약 없이 이용,대기 시간 10분 이내 ,데이트,연인・배우자,대화하기 좋아요,단체모임 하기 좋아요,음식이 맛있어요,술이 다양해요,특별한 메뉴가 있어요,처음엔 예약이 다차있어서 못 갔다가 2차로 재시도했는데 운좋게 자리가 남아서 이용했어요! 주류도 종류가 다양했고 한식베이스 안주들이라서 잘 어울리더라구요😚😚 다만 이미 배가 불러서 다먹기가 어려워서 포장 부탁드렸는데 포장 용기가 준비되지않았다고 하시면서도 흔쾌히 해주셔서 너무 감사했어요! 다음날 먹어도 너무 맛있게 잘 먹었습니다🫶🏻🫶🏻
리뷰꾸르잼,포장마차,예약 없이 이용,대기 시간 바로 입장,데이트,연인・배우자,음식이 맛있어요,특별한 메뉴가 있어요,메뉴 구성이 알차요,인테리어가 멋져요,대화하기 좋아요,해물이 먹고싶어서 간 곳인데 기대이상으로 좋았어요! 내부자리와 야외 노포느낌의 자리가 컨셉이 달라서 특이했고 셀프서비스라 개인적으로 이용하기엔 더 편했습니다! 사샤모구이도 담백하니 맛있었고 기대했던 해물크림파스탕은 가리비가 좀 비렸고 많이 짜서 아쉬웠어요🥹🥹 그래도 전반적으로 만족해서 재방문의사는 있습니다!
리뷰꾸르잼,"카페,디저트",예약 없이 이용,대기 시간 바로 입장,데이트,연인・배우자,인테리어가 멋져요,대화하기 좋아요,뷰가 좋아요,매장이 넓어요,0,동네손님이 많은 카페같았어요! 우연히 들리게 되었는데 개인적으로 커피맛이 특색이 있단 생각은 안들었지만 좋은 계절에 테라스에서 여유롭게 있다와서 좋았어요
리뷰꾸르잼,베이커리,예약 없이 이용,대기 시간 바로 입장,데이트,연인・배우자,빵이 맛있어요,건강한 맛이에요,메뉴 구성이 알차요,0,0,토요일 오후 1시 넘어서 왔더니 대부분 빵이 품절이라 아쉬웠지만 사워도우 하나 사봤는데 식사빵이 유명한 곳답게 묵직하니 좋았습니다! 다음엔 더 일찍가서 치아바타나 다른 빵류도 사서 먹어보고싶어요
리뷰꾸르잼,일식당,예약 후 이용,대기 시간 바로 입장,데이트,연인・배우자,음식이 맛있어요,재료가 신선해요,건강한 맛이에요,인테리어가 멋져요,차분한 분위기에요,낫또를 전문적으로 하는 식당이 있는지 몰랐는데 캐치테이블 구경하다가 발견해서 예약하고 런치로 다녀왔어요😋😋 오랜만에 이런 건강한 음식먹으니까 배부른데도 속이 편하고 좋았어요! 슴슴한 스타일인데 시즌마다 메뉴를 달리하시고 저녁엔 바로도 운영해서 낫또의 다른 매력을 느껴보러 또 가고싶어요
리뷰꾸르잼,양꼬치,예약 없이 이용,대기 시간 바로 입장,친목,지인・동료,매장이 넓어요,고기 질이 좋아요,양이 많아요,특별한 메뉴가 있어요,잡내가 적어요,"여기 진짜 서현 찐맛집입니다❤️‍🔥❤️‍🔥 양갈비 너무 부드럽고 맛있는데다가 토달볶이랑 가지튀김, 볶음밥까지 그냥 다 맛있어요😭😭 배불러도 계속 들어가는 그런 곳입니다"
리뷰꾸르잼,베이커리,예약 없이 이용,대기 시간 바로 입장,데이트,연인・배우자,대화하기 좋아요,빵이 맛있어요,커피가 맛있어요,특별한 메뉴가 있어요,건강한 맛이에요,주말에 브런치 먹기에 이만한 곳이 또 없는 것 같아요!! 오랜만에 갔는데 묽은 저 스프가 어찌나 매력적인지🩵🩵 더 파머로 시작하는 저 메뉴는 고급진 맥모닝같은 맛이랄까요? 매력적이었어요! 커피도 양도 많고 무난해서 오전에 햇살받으면서 아침 잘 보내고 왔습니다🤍🤍🌞
리뷰꾸르잼,"카페,디저트",예약 없이 이용,대기 시간 10분 이내 ,친목,친구,대화하기 좋아요,집중하기 좋아요,커피가 맛있어요,디저트가 맛있어요,특별한 메뉴가 있어요,시즌 디저트 나오면 꼭 가야하는 곳💚💚 무화과 멜바 비주얼부터 무슨 맛인지 가늠도 안가는데 먹어보면 차가운 디저트가 어찌나 매력적인지 몰라요😘😘 매장이 커서 주말이여도 웨이팅 별로 안하고 들어갔어요! 차분한 공간에 소란스럽지않아 대화하기에도 좋았습니다
리뷰꾸르잼,"카페,디저트",예약 없이 이용,대기 시간 바로 입장,데이트,연인・배우자,인테리어가 멋져요,사진이 잘 나와요,매장이 넓어요,0,0,옛날 다방이나 킷샤텐같은 분위기는 너무 좋았는데 커피 맛이나 푸딩은 개인적으로 특색도 없고 아무 맛도 안나서 실망이 더 컸습니다....🥹🥹 가오픈할 때부터 기대했던 곳인데 저는 재방문은 안할것 같아요...🥹🥹
리뷰꾸르잼,"카페,디저트",예약 없이 이용,대기 시간 바로 입장,일상,혼자,대화하기 좋아요,뷰가 좋아요,매장이 넓어요,야외공간이 멋져요,메뉴 구성이 알차요,지나가다 신상 타르트보고 발길이 멈춰서 급 들렸어요💛💚 커피는 마시고 온터라 화이트 와인 한잔과 같이 타르트 먹었는데 상큼하니 잘 어울렸습니다! 테라스 즐기기에도 아직은 괜찮아서 조용하고 만족스러운 시간 보내고 왔어요
리뷰꾸르잼,"카페,디저트",예약 없이 이용,대기 시간 바로 입장,일상,혼자,대화하기 좋아요,집중하기 좋아요,아늑해요,커피가 맛있어요,디저트가 맛있어요,효창동 숨은 골목에 위치한 카페에 아늑한 공간이지만 남산타워가 보이는게 매력적이에요🥹🥹 핀란드 커피를 만날 수 있는 곳이더라구요! 핀란드 원두는 처음인데 가벼운 산미가 취향에 딱 맞았습니다🩷🩷 사과와 브리치즈가 올라간 토스트도 달달하니 맛있고 조용한 공간에서 잘 쉬다가 왔습니다
리뷰꾸르잼,"카페,디저트",예약 없이 이용,대기 시간 바로 입장,데이트,연인・배우자,인테리어가 멋져요,사진이 잘 나와요,커피가 맛있어요,디저트가 맛있어요,특별한 메뉴가 있어요,다녀온지 얼마 안지나고 너무 좋았아서 재방문했어요💛💛 이번엔 손님이 몰리는 시간이 아니었는지 조용하게 잘 보내다왔어요! 제가 생각하는 마타사는 이런 여유로운 느낌인데 넘 좋았어요☺️☺️ 은근 밀푀유 돌체도 또 생각나더라구요? 먹기는 불편하지만 당충전은 확실합니다🤎🤎 커피며 디저트 모두 완벽한 곳이니까 얼른 다녀오세요😚😚
리뷰꾸르잼,양식,예약 없이 이용,대기 시간 바로 입장,데이트,연인・배우자,음식이 맛있어요,재료가 신선해요,가성비가 좋아요,현지 맛에 가까워요,건강한 맛이에요,여기 진짜 맛있는데 뭐라 더 설명할 말도 필요도 없네요❤️💚 스낵느낌의 허접한 타코아니고 진짜 맛있게 잘 만들어주시고 소스뿌려서 먹으면 훨씬 더 맛있으니까 범벅으로 드세요🙏🏻🙏🏻
리뷰꾸르잼,이자카야,예약 없이 이용,대기 시간 30분 이내,데이트,연인・배우자,음식이 맛있어요,특별한 메뉴가 있어요,메뉴 구성이 알차요,대화하기 좋아요,0,주말이라 웨이팅은 했지만 기다린 시간이 전혀 아깝지않았어요🥹🥹 메뉴도 다양해서 먹고싶은게 너무 많았는데 소고기 타다키랑 해물크림짬뽕 진짜 맛있어서 다른 메뉴에 기대가 더 커져요🥹🥹 연어회도 맛있다고해서 조만간 또 방문해야겠어요🩵🩵
리뷰꾸르잼,"카페,디저트",예약 없이 이용,대기 시간 바로 입장,"데이트, 일상",혼자,커피가 맛있어요,디저트가 맛있어요,특별한 메뉴가 있어요,인테리어가 멋져요,집중하기 좋아요,디저트가 먹고싶어서 디카페인 커피와 함께 했어요☕️ 원두 종류도 다양해서 다른 커피도 궁금하더라구요! 디저트는 주문되는게 저 두가지라서 욕심내서 몽땅 먹었는데 이태리가 여기입니다🇮🇹🥹🥹 차분한 공간에서 맛난 디저트와 티타임하면서 포근한 시간 보내다가 왔어요
리뷰꾸르잼,한식,예약 없이 이용,대기 시간 바로 입장,데이트,연인・배우자,매장이 넓어요,혼밥하기 좋아요,음식이 맛있어요,양이 많아요,가성비가 좋아요,가볍고 맛있게 먹있는데 실패없이 먹기 좋은 돈까스와 냉면조합! 매운 돈까스는 생각보다 소스가 자극적인 맛이더라구요🥹🥹 먹고 속이 조금 쓰렸습니다ㅎㅎ 냉면은 열무김치맛이 나는듯해서 특이했어요
리뷰꾸르잼,"카페,디저트",예약 없이 이용,대기 시간 바로 입장,데이트,연인・배우자,커피가 맛있어요,디저트가 맛있어요,특별한 메뉴가 있어요,인테리어가 멋져요,사진이 잘 나와요,마타사 공덕점 너무 좋아하는데 효창점에 생겨서 당장 다녀왔어요💛💛 공덕점보다 매장이 커서 좌석이 더 편하고 디저트도 살짝 다르더라구요! 새로 나온 디저트 중에서 저는 가나슈 토르테가 제일 매력적이었어요🍒 오픈초라 사람이 많이 와서 조금 정신은 없었지만 좋아하는 곳에서 잘 머물다가 왔어요😘😘
리뷰꾸르잼,"멕시코,남미음식",예약 없이 이용,대기 시간 바로 입장,데이트,연인・배우자,음식이 맛있어요,특별한 메뉴가 있어요,가성비가 좋아요,인테리어가 멋져요,0,경희대 앞에 왔다가 타코가 땡겨서 먹었는데 맛있었어요!🌮🌮 비리아 타코랑 빅맥타코 둘다 다른 매력으로 맛있어요😚😚 다만 좌석은 테라스석 두개밖에 없는게 좀 아쉬웠어요
리뷰꾸르잼,"카페,디저트",예약 없이 이용,대기 시간 바로 입장,데이트,연인・배우자,대화하기 좋아요,집중하기 좋아요,매장이 넓어요,커피가 맛있어요,디저트가 맛있어요,매장이 넓고 혼자 오기에도 좋은 공간이더라구요! 창도 커서 개방감도 있고 커피도 무난했어요☕️ 수르기와 콜라보한 디저트가 있어서 먹었는데 이거 너무 맛있더라구요! 대화하기에도 좋았던 카페지만 다음엔 혼자도 가보고싶어요
리뷰꾸르잼,이자카야,예약 없이 이용,대기 시간 30분 이상,데이트,연인・배우자,음식이 맛있어요,특별한 메뉴가 있어요,메뉴 구성이 알차요,비싼 만큼 가치있어요,대화하기 좋아요,"오픈런했지만 흑백요리사 인기답게 웨이팅이 길고 대기마감도 빨랐어요! 요즘엔 오픈런이 필수같아요🥹🥹 메뉴 고민하다 유린기, 고등어 볶음밥, 마파두부 주문했는데 약간 자극적인듯하면서 너무 맛있더라구요🖤🤍 못 먹어본 다른 메뉴도 궁금해서 또 가고싶어요"
리뷰꾸르잼,"카페,디저트",예약 없이 이용,대기 시간 바로 입장,친목,친구,커피가 맛있어요,디저트가 맛있어요,특별한 메뉴가 있어요,사진이 잘 나와요,대화하기 좋아요,디저트 종류도 너무 많고 다 맛있어서 배부른데도 다 먹고왔어요😋😋 크림도 많이 안달고 부드러워서 커피랑도 잘 어울렸어요! 매장도 넓은 편이고 편히 잘 있다 왔어요
리뷰꾸르잼,"카페,디저트",예약 없이 이용,대기 시간 바로 입장,나들이,부모님,인테리어가 멋져요,대화하기 좋아요,뷰가 좋아요,매장이 넓어요,커피가 맛있어요,가족끼리가서 바다도 보고 앞에 뷰에서 사진도 찍고 즐거운 시간보내다 왔어요! 오랜만에 가도 여전히 핫한 곳이네요😋😋
리뷰꾸르잼,"전,빈대떡",예약 없이 이용,대기 시간 바로 입장,데이트,연인・배우자,음식이 맛있어요,양이 많아요,가성비가 좋아요,메뉴 구성이 알차요,대화하기 좋아요,"마약김밥도 같이 파는 빈대떡 집이 은근 없어서 순희네만 찾게되더라구요😊😊 바삭한 빈대떡이랑 고기완자, 마약김밥 번갈아 가며 먹으면 막걸리 금새 순삭합니다"
리뷰꾸르잼,소고기구이,예약 없이 이용,대기 시간 10분 이내 ,데이트,연인・배우자,음식이 맛있어요,고기 질이 좋아요,특별한 메뉴가 있어요,재료가 신선해요,메뉴 구성이 알차요,오랜만에 갔더니 외국인 관광객이며 손님이 엄청 많더라구요! 잠깐 대기했지만 회전율이 빨라서 자리가 금방 나요! 육회 신선하고 고소하니 달달하구 육회비빔면은 처음인데 이게 또 별미더라구요💛🧡 맥주한잔하면서 즐거운 시간보내고 왔어요
리뷰꾸르잼,이자카야,예약 없이 이용,대기 시간 바로 입장,데이트,연인・배우자,대화하기 좋아요,0,0,0,0,간단하게 먹을 생각이었는데 메뉴판에 궁금한게 많아서 결국 세트로 주문했어요! 꼬치도 시간들여 구워주시고 나베도 내용물이 실하더라구요! 기본안주도 특이하니 입맛이 돌고 대화하기에도 좋아서 다음에 다른거 먹으러 또 가보려구요😋😋
리뷰꾸르잼,이자카야,예약 없이 이용,대기 시간 바로 입장,친목,지인・동료,대화하기 좋아요,매장이 넓어요,가성비가 좋아요,메뉴 구성이 알차요,0,여긴 모찌리도후가 킥이거덩요😋😋 배부를때 2차로 가벼운 안주먹기에 딱입니다!
리뷰꾸르잼,"카페,디저트",예약 없이 이용,대기 시간 바로 입장,데이트,연인・배우자,커피가 맛있어요,특별한 메뉴가 있어요,대화하기 좋아요,0,0,키오스크가 생겨서 디테일하게 주문하기 편해졌더라구요! 을지로커피 덜달게 마시니까 딱 좋았고 더 추워지기 전에 야외석에서 앉아마시기 좋았어요
리뷰꾸르잼,"멕시코,남미음식",예약 없이 이용,대기 시간 10분 이내 ,데이트,연인・배우자,특별한 메뉴가 있어요,메뉴 구성이 알차요,인테리어가 멋져요,야외공간이 멋져요,컨셉이 독특해요,현장 웨이팅했는데 오래 기다리진 않고 들어갔어요! 1호점이랑 메뉴가 조금 다르다고하던데 먹고가기엔 2호점이 나아보여서 이쪽으로 왔습니다. 웨이팅이며 인기가 많은 곳이여서 온김에 메뉴를 전부 다 주문했는데 대체적으로 소스맛이랑 시즈닝이 강해서 자극적인 스타일의 타코로 느껴졌어요! 맛있지만 어딘가 K패치가 된거 같기도 하고? 힙한 분위기 느끼며 맛 본거에 만족합니다
리뷰꾸르잼,요리주점,예약 없이 이용,대기 시간 10분 이내 ,데이트,연인・배우자,대화하기 좋아요,단체모임 하기 좋아요,음식이 맛있어요,술이 다양해요,특별한 메뉴가 있어요,처음엔 예약이 다차있어서 못 갔다가 2차로 재시도했는데 운좋게 자리가 남아서 이용했어요! 주류도 종류가 다양했고 한식베이스 안주들이라서 잘 어울리더라구요😚😚 다만 이미 배가 불러서 다먹기가 어려워서 포장 부탁드렸는데 포장 용기가 준비되지않았다고 하시면서도 흔쾌히 해주셔서 너무 감사했어요! 다음날 먹어도 너무 맛있게 잘 먹었습니다🫶🏻🫶🏻
리뷰꾸르잼,포장마차,예약 없이 이용,대기 시간 바로 입장,데이트,연인・배우자,음식이 맛있어요,특별한 메뉴가 있어요,메뉴 구성이 알차요,인테리어가 멋져요,대화하기 좋아요,해물이 먹고싶어서 간 곳인데 기대이상으로 좋았어요! 내부자리와 야외 노포느낌의 자리가 컨셉이 달라서 특이했고 셀프서비스라 개인적으로 이용하기엔 더 편했습니다! 사샤모구이도 담백하니 맛있었고 기대했던 해물크림파스탕은 가리비가 좀 비렸고 많이 짜서 아쉬웠어요🥹🥹 그래도 전반적으로 만족해서 재방문의사는 있습니다!
리뷰꾸르잼,"카페,디저트",예약 없이 이용,대기 시간 바로 입장,데이트,연인・배우자,인테리어가 멋져요,대화하기 좋아요,뷰가 좋아요,매장이 넓어요,0,동네손님이 많은 카페같았어요! 우연히 들리게 되었는데 개인적으로 커피맛이 특색이 있단 생각은 안들었지만 좋은 계절에 테라스에서 여유롭게 있다와서 좋았어요
리뷰꾸르잼,베이커리,예약 없이 이용,대기 시간 바로 입장,데이트,연인・배우자,빵이 맛있어요,건강한 맛이에요,메뉴 구성이 알차요,0,0,토요일 오후 1시 넘어서 왔더니 대부분 빵이 품절이라 아쉬웠지만 사워도우 하나 사봤는데 식사빵이 유명한 곳답게 묵직하니 좋았습니다! 다음엔 더 일찍가서 치아바타나 다른 빵류도 사서 먹어보고싶어요
리뷰꾸르잼,일식당,예약 후 이용,대기 시간 바로 입장,데이트,연인・배우자,음식이 맛있어요,재료가 신선해요,건강한 맛이에요,인테리어가 멋져요,차분한 분위기에요,낫또를 전문적으로 하는 식당이 있는지 몰랐는데 캐치테이블 구경하다가 발견해서 예약하고 런치로 다녀왔어요😋😋 오랜만에 이런 건강한 음식먹으니까 배부른데도 속이 편하고 좋았어요! 슴슴한 스타일인데 시즌마다 메뉴를 달리하시고 저녁엔 바로도 운영해서 낫또의 다른 매력을 느껴보러 또 가고싶어요
리뷰꾸르잼,양꼬치,예약 없이 이용,대기 시간 바로 입장,친목,지인・동료,매장이 넓어요,고기 질이 좋아요,양이 많아요,특별한 메뉴가 있어요,잡내가 적어요,"여기 진짜 서현 찐맛집입니다❤️‍🔥❤️‍🔥 양갈비 너무 부드럽고 맛있는데다가 토달볶이랑 가지튀김, 볶음밥까지 그냥 다 맛있어요😭😭 배불러도 계속 들어가는 그런 곳입니다"
리뷰꾸르잼,베이커리,예약 없이 이용,대기 시간 바로 입장,데이트,연인・배우자,대화하기 좋아요,빵이 맛있어요,커피가 맛있어요,특별한 메뉴가 있어요,건강한 맛이에요,주말에 브런치 먹기에 이만한 곳이 또 없는 것 같아요!! 오랜만에 갔는데 묽은 저 스프가 어찌나 매력적인지🩵🩵 더 파머로 시작하는 저 메뉴는 고급진 맥모닝같은 맛이랄까요? 매력적이었어요! 커피도 양도 많고 무난해서 오전에 햇살받으면서 아침 잘 보내고 왔습니다🤍🤍🌞
리뷰꾸르잼,"카페,디저트",예약 없이 이용,대기 시간 10분 이내 ,친목,친구,대화하기 좋아요,집중하기 좋아요,커피가 맛있어요,디저트가 맛있어요,특별한 메뉴가 있어요,시즌 디저트 나오면 꼭 가야하는 곳💚💚 무화과 멜바 비주얼부터 무슨 맛인지 가늠도 안가는데 먹어보면 차가운 디저트가 어찌나 매력적인지 몰라요😘😘 매장이 커서 주말이여도 웨이팅 별로 안하고 들어갔어요! 차분한 공간에 소란스럽지않아 대화하기에도 좋았습니다
리뷰꾸르잼,"카페,디저트",예약 없이 이용,대기 시간 바로 입장,데이트,연인・배우자,인테리어가 멋져요,사진이 잘 나와요,매장이 넓어요,0,0,옛날 다방이나 킷샤텐같은 분위기는 너무 좋았는데 커피 맛이나 푸딩은 개인적으로 특색도 없고 아무 맛도 안나서 실망이 더 컸습니다....🥹🥹 가오픈할 때부터 기대했던 곳인데 저는 재방문은 안할것 같아요...🥹🥹
리뷰꾸르잼,"카페,디저트",예약 없이 이용,대기 시간 바로 입장,일상,혼자,대화하기 좋아요,뷰가 좋아요,매장이 넓어요,야외공간이 멋져요,메뉴 구성이 알차요,지나가다 신상 타르트보고 발길이 멈춰서 급 들렸어요💛💚 커피는 마시고 온터라 화이트 와인 한잔과 같이 타르트 먹었는데 상큼하니 잘 어울렸습니다! 테라스 즐기기에도 아직은 괜찮아서 조용하고 만족스러운 시간 보내고 왔어요
리뷰꾸르잼,"카페,디저트",예약 없이 이용,대기 시간 바로 입장,일상,혼자,대화하기 좋아요,집중하기 좋아요,아늑해요,커피가 맛있어요,디저트가 맛있어요,효창동 숨은 골목에 위치한 카페에 아늑한 공간이지만 남산타워가 보이는게 매력적이에요🥹🥹 핀란드 커피를 만날 수 있는 곳이더라구요! 핀란드 원두는 처음인데 가벼운 산미가 취향에 딱 맞았습니다🩷🩷 사과와 브리치즈가 올라간 토스트도 달달하니 맛있고 조용한 공간에서 잘 쉬다가 왔습니다
리뷰꾸르잼,"카페,디저트",예약 없이 이용,대기 시간 바로 입장,데이트,연인・배우자,인테리어가 멋져요,사진이 잘 나와요,커피가 맛있어요,디저트가 맛있어요,특별한 메뉴가 있어요,다녀온지 얼마 안지나고 너무 좋았아서 재방문했어요💛💛 이번엔 손님이 몰리는 시간이 아니었는지 조용하게 잘 보내다왔어요! 제가 생각하는 마타사는 이런 여유로운 느낌인데 넘 좋았어요☺️☺️ 은근 밀푀유 돌체도 또 생각나더라구요? 먹기는 불편하지만 당충전은 확실합니다🤎🤎 커피며 디저트 모두 완벽한 곳이니까 얼른 다녀오세요😚😚
리뷰꾸르잼,양식,예약 없이 이용,대기 시간 바로 입장,데이트,연인・배우자,음식이 맛있어요,재료가 신선해요,가성비가 좋아요,현지 맛에 가까워요,건강한 맛이에요,여기 진짜 맛있는데 뭐라 더 설명할 말도 필요도 없네요❤️💚 스낵느낌의 허접한 타코아니고 진짜 맛있게 잘 만들어주시고 소스뿌려서 먹으면 훨씬 더 맛있으니까 범벅으로 드세요🙏🏻🙏🏻
리뷰꾸르잼,이자카야,예약 없이 이용,대기 시간 30분 이내,데이트,연인・배우자,음식이 맛있어요,특별한 메뉴가 있어요,메뉴 구성이 알차요,대화하기 좋아요,0,주말이라 웨이팅은 했지만 기다린 시간이 전혀 아깝지않았어요🥹🥹 메뉴도 다양해서 먹고싶은게 너무 많았는데 소고기 타다키랑 해물크림짬뽕 진짜 맛있어서 다른 메뉴에 기대가 더 커져요🥹🥹 연어회도 맛있다고해서 조만간 또 방문해야겠어요🩵🩵
리뷰꾸르잼,"카페,디저트",예약 없이 이용,대기 시간 바로 입장,"데이트, 일상",혼자,커피가 맛있어요,디저트가 맛있어요,특별한 메뉴가 있어요,인테리어가 멋져요,집중하기 좋아요,디저트가 먹고싶어서 디카페인 커피와 함께 했어요☕️ 원두 종류도 다양해서 다른 커피도 궁금하더라구요! 디저트는 주문되는게 저 두가지라서 욕심내서 몽땅 먹었는데 이태리가 여기입니다🇮🇹🥹🥹 차분한 공간에서 맛난 디저트와 티타임하면서 포근한 시간 보내다가 왔어요
리뷰꾸르잼,한식,예약 없이 이용,대기 시간 바로 입장,데이트,연인・배우자,매장이 넓어요,혼밥하기 좋아요,음식이 맛있어요,양이 많아요,가성비가 좋아요,가볍고 맛있게 먹있는데 실패없이 먹기 좋은 돈까스와 냉면조합! 매운 돈까스는 생각보다 소스가 자극적인 맛이더라구요🥹🥹 먹고 속이 조금 쓰렸습니다ㅎㅎ 냉면은 열무김치맛이 나는듯해서 특이했어요
리뷰꾸르잼,"카페,디저트",예약 없이 이용,대기 시간 바로 입장,데이트,연인・배우자,커피가 맛있어요,디저트가 맛있어요,특별한 메뉴가 있어요,인테리어가 멋져요,사진이 잘 나와요,마타사 공덕점 너무 좋아하는데 효창점에 생겨서 당장 다녀왔어요💛💛 공덕점보다 매장이 커서 좌석이 더 편하고 디저트도 살짝 다르더라구요! 새로 나온 디저트 중에서 저는 가나슈 토르테가 제일 매력적이었어요🍒 오픈초라 사람이 많이 와서 조금 정신은 없었지만 좋아하는 곳에서 잘 머물다가 왔어요😘😘
리뷰꾸르잼,"멕시코,남미음식",예약 없이 이용,대기 시간 바로 입장,데이트,연인・배우자,음식이 맛있어요,특별한 메뉴가 있어요,가성비가 좋아요,인테리어가 멋져요,0,경희대 앞에 왔다가 타코가 땡겨서 먹었는데 맛있었어요!🌮🌮 비리아 타코랑 빅맥타코 둘다 다른 매력으로 맛있어요😚😚 다만 좌석은 테라스석 두개밖에 없는게 좀 아쉬웠어요
