﻿nickname,restaurant,reservation,waiting,purpose,withwho,tagging_1,tagging_2,tagging_3,tagging_4,tagging_5,content
ric****,일식당,예약 없이 이용,대기 시간 바로 입장,0,0,음식이 맛있어요,0,0,0,0,자루우동은 1일50개 한정 판매라고 되있어서 못먹으려나 했는데 먹을 수 있어서 다행이었어요^^ 일단 면이 엄청 쫄깃쫄깃해서 깜짝 놀랐는데 전체적으로 맛있었어요^^ 면발이 탱탱하고 쫄깃해서 식감이 일단 진짜 좋았고 버터우동은 슴슴한듯 자꾸 끌리는 맛이었어요^^ 우동 맛집 같아서 우동 먹느냐 돈까스는 안먹어 봤는데 다른 분들은 돈까스도 많이 드시고 돈까스도 1일20개한정?인가 있더라구요~ 일단 우동은 자루우동 추천입니다!
ric****,"카페,디저트",예약 없이 이용,대기 시간 바로 입장,0,0,커피가 맛있어요,아늑해요,차분한 분위기에요,친절해요,매장이 청결해요,지나가는 길에 뭔가 감성있어 보여서 들어갔는데 커피맛집 발견!입니다^^ 원두를 선택할 순 없지만 기본원두 자체가 맛있어요!! 전 산미있는거 좋아하는데 어느정도의 산미가 있어서 대만족했고 사장님도 친절하셔서 기분 좋았어요^^ 드립커피도 있어서 다음엔 여유있게 앉아서 먹어보려구요~ 매장도 조용하니 깔끔하고 분위기도 차분해서 좋았습니다~ 다만 디저트류가 살짝 아쉬워요^^;; 종류가 많이 없어서ㅜㅜ 하지만 디저트 강조하고 커피 비싸고 평범하고 시끄러운 곳보단 그냥 커피 맛을 즐기는 곳으로 커피로 승부하는 곳같아서 전 여기가 맘에 들었어요^^
ric****,양식,대기 시간 1시간 이상,데이트,연인・배우자,0,음식이 맛있어요,친절해요,음식이 빨리 나와요,0,0,워낙 유명해서 기념일이라 캐치테이블로 웨이팅 등록후왔는데도 정말 오래 기다리긴 해야해요^^; 자극적으로 보이지만 자극적이지 않고 맛있습니다! 라자냐가 시그니처 같은 느낌인데 확실히 맛있어요^^ 그릇 하나. 종이컵 하나까지 다 신경쓴 느낌이고 직원분들이 친절해서 기분좋게 먹었어요^^ 맛이 엄청 강하지 않으면서 살짝 특이한듯한 음식으로는 딱이네요^^
ric****,"칼국수,만두",예약 없이 이용,대기 시간 바로 입장,일상,부모님,음식이 맛있어요,0,0,0,0,여기 동네에선 엄청 유명한 곳인데 칼국수가 면발이 쫄깃하고 칼국수 시키면 보리밥에 열무김치 애피타이저처럼 주시는데 언니는 그게 맛있어서 가고 싶어하는 곳이에요...근데...매번 누구를 데려가도...항상 나오는말이..직원분들이...다.완전. 불!친!절! 의 끝판왕입니다.  김치를 접시에 조금 주셔서 저희 4명이라 양쪽에 두게 먹게라도 하나 더 달랬는데 칼국수 딸랑 두개 시키셨자나요. 라고 하고 가셔서..얼탱없음ㅋ옆테이블은 김치를 항아리로 줘서 봤는데 칼국수만 3인분이던데....가격면으로나 인원수나 메뉴 시킨거나 주실만한데..어이없었고 다시한번 말해도 다먹고 말하래서..기분 또 나빠지고ㅋ 매장도 시끄럽고 이런 불친절 받으면서까지 꼭 먹을맛은 아니여서...제발 직원분들좀 친절했음 합니다...
ric****,돈가스,예약 없이 이용,대기 시간 바로 입장,0,0,음식이 맛있어요,가성비가 좋아요,친절해요,매장이 청결해요,0,코엑스에서 가격대비 맛.가성비 다 갖춘 곳이라 자주 이용합니다^^ 직원분들도 친절하시고 일단 냄새나거나 하면 못먹는데 여긴 잡내없고 전체적으로 퀄리티가 보장된 브랜드라 괜히 비싼곳보다 훨씬 괜찮아요^^ 메뉴 종류도 다양하고 처음에 주시는 양배추 샐러드 너무 좋아요! 양 완전 많고 소스도 두가지중 취향따라 뿌려먹음되고 리필도 되요^^
ric****,한식,예약 없이 이용,대기 시간 1시간 이상,기념일,친구,음식이 맛있어요,잡내가 적어요,매장이 청결해요,0,0,다양한 소스를 곁들여 먹을수 있고 맛이 자극적이지 않아서 좋았어요~ 같이 주시는 화로에 내스타일대로 더 익혀 먹을수 있고 밥.장국.샐러드는 리필되서 좋은데 사실 일반 성인이면 두덩이는 좀 적을수 있어서 세덩이 정도가 딱이고 계란과 버터 선택할수 있는데 버터가 좀더 풍미있고 맛있었어요^^ 오래....기다려야해서 네이버예약 하고 방문하시길 바라고 캐치테이블같은게 설치되면 좋을듯 합니다.  고기 식감도 좋고 맛있는데 메뉴가 너무 단촐해서 인원이 많이올때 좀 다양하게 먹어볼 메뉴가 있었음 좋겠고 1인1메뉴인데 곁들임메뉴도 1메뉴로 인정해줌...여럿이 왔을때 먹기 좋을꺼 같아요^^ 리뷰이벤트로 겉절이 주는데...맛있어요! 이건 그냥도 시켜 먹어도 좋을꺼 같아요^^ 깔끔해서 기념일에 오기도 좋을듯 합니다~
ric****,"아귀찜,해물찜",예약 후 이용,부모님,0,0,음식이 빨리 나와요,0,0,0,0,"항상 사람많고 예약 안하고 그냥 가면 자리도 없는 경우가 많아서 동네맛집으로 많이들 오는 곳인데...사실...굳이?라는 생각이 많이 드는 곳이에요;; 반찬은 나쁘진 않은데 전체적으로 좀 간이 세요. 낙지 안좋아해서 일부러 해물찜 소 시켰더니 떫떠름한 표정 지으며 ""거긴 낙지 안들어가요""  하고 휙 가서 기분도 좀 그랬고 들어간 갑오징어는 너무 질기고 해물찜도 좀 짰어요...볶음밥은 무조건 2인이상이라 하시고...같이 나온 주걱이 플라스틱인것도 쫌....그리고 전체적으로 위생이 그닥입니다;; 자리 앉아서 보니 거미줄있고...컵에 고추가루도 있고...근데 그것보다 최고는! 직원분들이 정!말! 불.친.절 합니다ㅋㅋ이돈주고 굳이 가야되나 싶어서 전 추천하진 않을꺼 같아요^^;"
ric****,"카페,디저트",예약 없이 이용,대기 시간 바로 입장,0,0,디저트가 맛있어요,재료가 신선해요,종류가 다양해요,0,0,워낙 유명해서 맘먹고 방문해봤는데 롤이 엄청 촉촉하고 부드럽네요^^ 전체적으로 달다구리 디저트라서 당충전하기 좋은데...사실 가격대비 막 엄청 특색있진 않아요^^;; ㅎㅎ 1층서 주문하고 음료는 지하에서 받아서 계단으로 오르락 내리락 하는 구조다 보니 조금 힘들어요;; 직원분이 수시로 다니면서 홀 체크해주셔서 매장은 깔끔한데 아메리카노 시킬때 원두 선택 되는지 말 안해주셔서....한종류인줄 알고 먹어서...아쉬웠어요ㅜㅜ 전 산미파라서...대신 영수증 리뷰 이벤트해서 아메리카노 증정되서 그게 좋네요^^
ric****,"카페,디저트",0,0,0,0,커피가 맛있어요,디저트가 맛있어요,빵이 맛있어요,친절해요,0,커피 원두 선택할 수 있어서 너무 좋고 가격대비 진짜 퀄리티 좋아서 완전 맛집 발견이었어요^^ 소금빵이 엄청 다양한데 촉촉 쫀득 완전 맛있습니다! 퀸아망도 정말 맛있어서 지인 선물할때도 좋을꺼 같아요~ 커피 맛있고! 빵 맛있고!^^ 이쪽 가게 되면 항상 필아웃 갔었는데 이제 여기도 정말 자주 갈꺼 같고 빵은 정말 또 생각날꺼 같아요오오오🤩
ric****,카페,0,0,0,0,커피가 맛있어요,디저트가 맛있어요,매장이 넓어요,친절해요,0,빈브라더스는 워낙 커피 맛있어서 믿고 가는 커피숍이에요^^ 원두 선택할수도 있고 디저트도 진짜 다양한데 또 흔하지 않아서 좋아요^^ 시즈널 원두나 디저트 나오는 점도 좋고 직원분들도 친절해서 좋네요^^ 저녁땐 사람이 항상 많아서 매장이 조용하고 아늑하진 않지만...커피맛과 특색있는 다양한 케익만으로도 이미 완벽한 빈브라더스 입니다^^
ric****,베이커리,0,0,0,0,빵이 맛있어요,가성비가 좋아요,친절해요,매장이 청결해요,0,빵을 후다닥 먹느냐 구매한 빵사진이 없네요^^; 그정도로 맛있습니다! 이 가격대에 진짜 퀄리티 좋고 빵이 하나하나 다 맛있어요^^ 모카빵이랑 소보루는 진짜 매일 사먹고 싶어요^^ 매일매일 나오는 빵 종류가 좀 달라서 문의하면 친절히 답도 해주시고 예약도 해주십니다^^ 사장님도 진짜 엄청 친절해서 같이 기분이 좋아져요^^
ric****,브런치카페,0,0,0,0,커피가 맛있어요,인테리어가 멋져요,매장이 넓어요,매장이 청결해요,0,건물 외관부터 압도적인 매장입니다. 3층 브런치 매장. 2층 스페셜 커피 핸드드립 매장. 1층 기본 베이커리&커피숍 으로 되있어서 니즈에 따라 이용 할 수 있고 테이블 간격도 있어서 편하게 대화할 수 있고 일단 커피가 맛있어요! 뷰나 매장 좋으면 커피가 별로인곳 많은데 여긴 커피가 산미있는거 선택도 되고 맛있습니다^^ 다만...베이커리는 사실 가격대비...특별하지 않아서 조금 아쉬웠어요;;; 그냥저냥 먹긴 괜찮지만 엄청 맛있거나 특색있지는 않아요;; 넓고 멋진 매장과 맛있는 커피로 추천합니다^^
ric****,"카페,디저트",0,0,0,0,아이와 가기 좋아요,0,0,0,0,음...일단 후기만큼 좋지는 않아요^^; 디저트도 특별하지 않고 특히 음료가...가격대비 맛이 없어요....커피도 별로고...전 바로 픽업 했는데도 아메리카노에 크레마 없는건 또 처음봐요^^; 일단 아이들 동반이면 좋을지도 모르겠습니다^^; 야외가 진짜 넓고 애들 용품 자체도 많아요^^ 앞에 나름의 개울?도 있고~ 근데 그 외에는 솔직히 매리트가 없어요..ㅜㅜ 저녁되니 아무래도 벌레도 많아서 실내 들어가면 의자 방석이 천인게 있어서...좀 관리가 안되서 얼룩도 많고 더러워서 좀 찝찝했어요ㅜㅜ 그리고 일단 가격대비 맛이 없어서 전 그게 진짜 중요했습니다;; 음료가 저렴이 맛인데 디저트는 프렌치토스트가 빵이 오래된건지 뻑뻑해서...비추에요..그래서 전 또 가진 않을꺼 같아요^^;
ric****,한식,예약 후 이용,대기 시간 바로 입장,0,0,음식이 맛있어요,재료가 신선해요,반찬이 잘 나와요,메뉴 구성이 알차요,샐러드바가 잘 되어있어요,맛있어서 생각날때마다 방문하고 지인들한테도 추천했어요^^ 예약하면 주는 고등어 서비스도 저렴이 아니고 질도 좋아서 만족스럽고 반찬들이 다 맛있고 샐러드바?에서 더 갖다 먹을수 있어서 좋아요^^ 샐러드바에 고구마맛탕이 있어서 전 그게 진짜 좋았어요^^ 밥이 솥밥이 아니고 엄청 좋은쌀의 윤기나고 그러진 않지만 그외엔 가격대비 앵간한 한정식집보단 만족해요^^
ric****,베이커리,0,0,0,0,종류가 다양해요,뷰가 좋아요,0,0,0,테라스도 있고 전체적으로 매장이 다 한강뷰라서 좋아요^^ 다만 야외는 좌석 관리가 잘 안되서 거미줄 있고 좀 지저분한 테이블과 의자가 살짝 아쉬워요. 커피는 디카페인은 있지만 다른 원두 선택이 되지 않아서 아쉬웠어요ㅜㅜ 전 산미있는걸 좋아해서...커피맛은 뭐...그냥 뷰값이 포함된 가격의 맛이에요^^; 빵은 전체적으로 나쁘진 않지만..아무래도 평일이라 회전율이 낮아서 인지 겉에가 말라 있어서 푸석한게 좀 그랬습니다^^; 여긴 뷰보면서 여유 즐기러 가기에 좋은 곳 같아요^^
ric****,한식,0,0,0,0,음식이 맛있어요,건강한 맛이에요,야외공간이 멋져요,0,0,점심때부터 사람이 엄청 많아서 한시간은 대기해야되는 곳이라고 해요^^; 그래서 전 어중간한 3시반~4시 사이 갔는데도 조금 기다려서 들어갔어요ㅎㅎㅎ근데 야외 공간이 진짜 잘되있고 호수 보면서 앉아있기도 좋고 산책하기도 좋고해서 기다릴만 하고 대기실도 자리 좋아요^^ 일단 음식은 깔끔하고 자극적이지 않아서 좋고 도토리향 은은히 나서 맛있었습니다^^ 곳곳에 다람쥐랑 도토리 인테리어도 귀엽고 외식하는 기분 나고 좋은 곳이었어요^^
ric****,"카페,디저트",0,0,0,0,커피가 맛있어요,인테리어가 멋져요,친절해요,0,0,커피랑 위스키 같은 술을 같이 판매하는 곳이다보니 분위기나 음악이 좋아요^^ 매장 들어가는 입구도 약간 느낌있고 커피도 맛있습니다^^ 원두 선택 할수있어서 좋았고 저녁때 가면 8시 넘어가면서 매장 조명 어둡게 조절하고 테이블등 켜주셔서 분위기 있어서 좋아요^^ 
ric****,"아귀찜,해물찜",0,0,0,0,음식이 맛있어요,양이 많아요,0,0,0,줄서는 식당에도 나오고 방송에도 많이 나와서 유명한 곳이라 방문했는데 일단 맛은 있습니다. 양도 푸짐하고 기본 찬도 괜찮고 한데...근데 너무 정신이 없어요^^; 주말인데다 단체 모임들이 많아서 일수도 있지만 일하시는 분들이 체계가 없고 바로바로 체크가 안되고 맵기단계도 어느정도인지 설명 안해주셔서 저희가 물어봐서 조절하고 테이블도 바로 안치워주셔서 엄청 더럽고...^^; 시끌시끌 정신없고 조금 비위생적일순 있지만...그만큼 사람 많아서인거라 재료는 신선한게 느껴지고 맛은 괜찮아요^^;; 이모님들이 구역 맡아서 좀 체계적으로 관리한다거나 조금 위생적인 부분만 개선되면 좋을듯한 곳입니다^^ 맵기 보통이 안성탕면 정도로 보통정도면 다 드실만하고 볶음밥 맛나요^^
ric****,"카페,디저트",0,0,0,0,디저트가 맛있어요,인테리어가 멋져요,0,0,0,수플레 팬 케이크 유명하다고 한 이유가 있네요. 진짜 퐁신퐁신하고 부드럽고 맛있어요!^^ 물티슈대신 물수건? 주는것도 뭔가 신기했어요^^ 약간 동경 일본 느낌 나면서 평일에 오니 아늑하니 좋았습니다. 시그니처 커피들도 괜찮았는데 전 산미있는 커피를 좋아해서 원두 선택이 안되는건 좀 아쉬웠고 드립이나 사이폰 커피있는건 좋았지만 원두 설명이 안되있고 직원분께 여쭤보니 좀 자세히 설명해주시지 않아서 원두에 전문적인 느낌이 아니라 그부분은 살짝 아쉬웠어요. 사이폰은 과테말라 원두고 핫 만 가능하고 산미가 드립보다 있다해서 시켰는데 바디감이 좀 약하고 막 엄청 산미가 있지 않아서 으음?하면서 먹었습니다^^;;;
ric****,"카페,디저트",0,0,0,0,디저트가 맛있어요,인테리어가 멋져요,사진이 잘 나와요,0,0,여기 분위기 너무 좋네요^^ 들어서는 순간 약간 편백향처럼 우드향이 나서 기분이 좋아져요^^ 이 향이 매장 전체에서 은은하게 나서 진짜 좋아요~ 매장 창이 커서 액자식 느낌도 좋고  창밖 푸르름도 진짜 좋고 너무 예쁘고 분위기도 좋은 카페를 찾은거 같아요~ 평일에 오니 한적하고 여유로와서 더 좋았던거 같아요^^ 그리고 디저트!맛있어요!! 케익 퀄리티 좋고 맛있어요^^ 커피는 산미있는 원두 좋아하는데...원두선택이 안되서 좀 아쉬웠지만 그래도 남한산성쪽 카페에서 이정도면 평타의 맛은 되는거 같아요^^ 매장 깔끔하고 어디서도 사진 정말 예쁘게 나오고 곳곳에 포토존 예쁘네요^^
ric****,한식,예약 후 이용,대기 시간 바로 입장,0,0,음식이 맛있어요,가성비가 좋아요,반찬이 잘 나와요,0,0,기본찬 + 셀프바가 있어서 정말 좋았고 고구마 맛탕! 있는게 진짜 좋았어요^^ 예약하고 가서 고등어구이 받으니 더 푸짐하게 먹을수 있었고 서비스 고등어 인데도 상태 좋고 간도 딱 좋았습니다. 보쌈 고기 잡내 안나고 직화불고기도 불향나고 부드럽고 맛있었어요^^ 근처에 산간고 자주 갔었는데 거기보다 여기가 더 가성비랑 좋았고 앵간한 한정식 집보단 여기가 메뉴랑 가격면에서 좋았어요^^ 브레이크타임 없어서 점심 시간 좀 지나서 가니 조용해서 더 좋았던거 같아요^^
ric****,브런치카페,0,0,0,0,종류가 다양해요,매장이 넓어요,매장이 청결해요,0,0,매장이 엄청 넓어서 평일에 오면 한적하고 여유롭고 조용해서 좋아요.  제주도랑 정자에도 있는 곳 같은데 샌드위치가 메인인것 같기도 해요.  다른 빵들은 솔직히 가격대비 퀄리티도 안좋고 맛도 너무 평범합니다^^; 커피는 원두 선택할 수 있어서 좋긴한데 가격도 꽤 있어서...공간값?자리값 들어간 느낌입니다만 나쁘진 않아요^^; 빵과 커피는 키오스크랑 카운터 따로 주문해야 되서 좀 번거롭네요^^; 하지만 매장 넓고 깨끗하고 여유 즐기러 오긴 인테리어도 좋아요^^
ric****,닭갈비,예약 후 이용,대기 시간 30분 이상,0,0,음식이 맛있어요,인테리어가 멋져요,0,0,0,줄서는 식당 나와서 더 유명해진거 같아요. 한방 닭갈비라 하지만 한약맛 나고 그러지 않고 특색있고 맛있어요^^ 위에 뿌려주는 땅콩소스가 핵심!입니다^^ 그리고 꼭 치즈 추가해서 전체 다 뿌려서 드셔야해요! 토치로 구워주셔서 불향나고 진짜 맛있어요^^  근데 솔직히 닭고기 양은...정말 적습니다^^; 고기인가 하고 집으면 양배추여서...고기가 참 적다..하고 계속 느꼈어요;; 들기름 비빔 칼국수는 엄청 특색있거나 엄청 맛있진 않은데 들기름 향이 확 나서 그건 좋았고 그게 아니면 꼭 드셔야 할꺼 같진 않고 차라리 볶음밥이나 닭고기 추가하시는게 나을수도 있어요^^ 캐치테이블로 웨이팅 했는데도 30분 넘게 기다려서....이정도 기다릴정도인가 싶기는 했지만 흔히 못 먹는 맛이여서 맛있게 먹을수 있긴 해요^^
ric****,일식당,예약 없이 이용,대기 시간 바로 입장,0,0,음식이 맛있어요,0,0,0,0,자루우동은 1일50개 한정 판매라고 되있어서 못먹으려나 했는데 먹을 수 있어서 다행이었어요^^ 일단 면이 엄청 쫄깃쫄깃해서 깜짝 놀랐는데 전체적으로 맛있었어요^^ 면발이 탱탱하고 쫄깃해서 식감이 일단 진짜 좋았고 버터우동은 슴슴한듯 자꾸 끌리는 맛이었어요^^ 우동 맛집 같아서 우동 먹느냐 돈까스는 안먹어 봤는데 다른 분들은 돈까스도 많이 드시고 돈까스도 1일20개한정?인가 있더라구요~ 일단 우동은 자루우동 추천입니다!
ric****,"카페,디저트",예약 없이 이용,대기 시간 바로 입장,0,0,커피가 맛있어요,아늑해요,차분한 분위기에요,친절해요,매장이 청결해요,지나가는 길에 뭔가 감성있어 보여서 들어갔는데 커피맛집 발견!입니다^^ 원두를 선택할 순 없지만 기본원두 자체가 맛있어요!! 전 산미있는거 좋아하는데 어느정도의 산미가 있어서 대만족했고 사장님도 친절하셔서 기분 좋았어요^^ 드립커피도 있어서 다음엔 여유있게 앉아서 먹어보려구요~ 매장도 조용하니 깔끔하고 분위기도 차분해서 좋았습니다~ 다만 디저트류가 살짝 아쉬워요^^;; 종류가 많이 없어서ㅜㅜ 하지만 디저트 강조하고 커피 비싸고 평범하고 시끄러운 곳보단 그냥 커피 맛을 즐기는 곳으로 커피로 승부하는 곳같아서 전 여기가 맘에 들었어요^^
ric****,양식,대기 시간 1시간 이상,데이트,연인・배우자,0,음식이 맛있어요,친절해요,음식이 빨리 나와요,0,0,워낙 유명해서 기념일이라 캐치테이블로 웨이팅 등록후왔는데도 정말 오래 기다리긴 해야해요^^; 자극적으로 보이지만 자극적이지 않고 맛있습니다! 라자냐가 시그니처 같은 느낌인데 확실히 맛있어요^^ 그릇 하나. 종이컵 하나까지 다 신경쓴 느낌이고 직원분들이 친절해서 기분좋게 먹었어요^^ 맛이 엄청 강하지 않으면서 살짝 특이한듯한 음식으로는 딱이네요^^
ric****,"칼국수,만두",예약 없이 이용,대기 시간 바로 입장,일상,부모님,음식이 맛있어요,0,0,0,0,여기 동네에선 엄청 유명한 곳인데 칼국수가 면발이 쫄깃하고 칼국수 시키면 보리밥에 열무김치 애피타이저처럼 주시는데 언니는 그게 맛있어서 가고 싶어하는 곳이에요...근데...매번 누구를 데려가도...항상 나오는말이..직원분들이...다.완전. 불!친!절! 의 끝판왕입니다.  김치를 접시에 조금 주셔서 저희 4명이라 양쪽에 두게 먹게라도 하나 더 달랬는데 칼국수 딸랑 두개 시키셨자나요. 라고 하고 가셔서..얼탱없음ㅋ옆테이블은 김치를 항아리로 줘서 봤는데 칼국수만 3인분이던데....가격면으로나 인원수나 메뉴 시킨거나 주실만한데..어이없었고 다시한번 말해도 다먹고 말하래서..기분 또 나빠지고ㅋ 매장도 시끄럽고 이런 불친절 받으면서까지 꼭 먹을맛은 아니여서...제발 직원분들좀 친절했음 합니다...
ric****,돈가스,예약 없이 이용,대기 시간 바로 입장,0,0,음식이 맛있어요,가성비가 좋아요,친절해요,매장이 청결해요,0,코엑스에서 가격대비 맛.가성비 다 갖춘 곳이라 자주 이용합니다^^ 직원분들도 친절하시고 일단 냄새나거나 하면 못먹는데 여긴 잡내없고 전체적으로 퀄리티가 보장된 브랜드라 괜히 비싼곳보다 훨씬 괜찮아요^^ 메뉴 종류도 다양하고 처음에 주시는 양배추 샐러드 너무 좋아요! 양 완전 많고 소스도 두가지중 취향따라 뿌려먹음되고 리필도 되요^^
ric****,한식,예약 없이 이용,대기 시간 1시간 이상,기념일,친구,음식이 맛있어요,잡내가 적어요,매장이 청결해요,0,0,다양한 소스를 곁들여 먹을수 있고 맛이 자극적이지 않아서 좋았어요~ 같이 주시는 화로에 내스타일대로 더 익혀 먹을수 있고 밥.장국.샐러드는 리필되서 좋은데 사실 일반 성인이면 두덩이는 좀 적을수 있어서 세덩이 정도가 딱이고 계란과 버터 선택할수 있는데 버터가 좀더 풍미있고 맛있었어요^^ 오래....기다려야해서 네이버예약 하고 방문하시길 바라고 캐치테이블같은게 설치되면 좋을듯 합니다.  고기 식감도 좋고 맛있는데 메뉴가 너무 단촐해서 인원이 많이올때 좀 다양하게 먹어볼 메뉴가 있었음 좋겠고 1인1메뉴인데 곁들임메뉴도 1메뉴로 인정해줌...여럿이 왔을때 먹기 좋을꺼 같아요^^ 리뷰이벤트로 겉절이 주는데...맛있어요! 이건 그냥도 시켜 먹어도 좋을꺼 같아요^^ 깔끔해서 기념일에 오기도 좋을듯 합니다~
ric****,"아귀찜,해물찜",예약 후 이용,부모님,0,0,음식이 빨리 나와요,0,0,0,0,"항상 사람많고 예약 안하고 그냥 가면 자리도 없는 경우가 많아서 동네맛집으로 많이들 오는 곳인데...사실...굳이?라는 생각이 많이 드는 곳이에요;; 반찬은 나쁘진 않은데 전체적으로 좀 간이 세요. 낙지 안좋아해서 일부러 해물찜 소 시켰더니 떫떠름한 표정 지으며 ""거긴 낙지 안들어가요""  하고 휙 가서 기분도 좀 그랬고 들어간 갑오징어는 너무 질기고 해물찜도 좀 짰어요...볶음밥은 무조건 2인이상이라 하시고...같이 나온 주걱이 플라스틱인것도 쫌....그리고 전체적으로 위생이 그닥입니다;; 자리 앉아서 보니 거미줄있고...컵에 고추가루도 있고...근데 그것보다 최고는! 직원분들이 정!말! 불.친.절 합니다ㅋㅋ이돈주고 굳이 가야되나 싶어서 전 추천하진 않을꺼 같아요^^;"
ric****,"카페,디저트",예약 없이 이용,대기 시간 바로 입장,0,0,디저트가 맛있어요,재료가 신선해요,종류가 다양해요,0,0,워낙 유명해서 맘먹고 방문해봤는데 롤이 엄청 촉촉하고 부드럽네요^^ 전체적으로 달다구리 디저트라서 당충전하기 좋은데...사실 가격대비 막 엄청 특색있진 않아요^^;; ㅎㅎ 1층서 주문하고 음료는 지하에서 받아서 계단으로 오르락 내리락 하는 구조다 보니 조금 힘들어요;; 직원분이 수시로 다니면서 홀 체크해주셔서 매장은 깔끔한데 아메리카노 시킬때 원두 선택 되는지 말 안해주셔서....한종류인줄 알고 먹어서...아쉬웠어요ㅜㅜ 전 산미파라서...대신 영수증 리뷰 이벤트해서 아메리카노 증정되서 그게 좋네요^^
ric****,"카페,디저트",0,0,0,0,커피가 맛있어요,디저트가 맛있어요,빵이 맛있어요,친절해요,0,커피 원두 선택할 수 있어서 너무 좋고 가격대비 진짜 퀄리티 좋아서 완전 맛집 발견이었어요^^ 소금빵이 엄청 다양한데 촉촉 쫀득 완전 맛있습니다! 퀸아망도 정말 맛있어서 지인 선물할때도 좋을꺼 같아요~ 커피 맛있고! 빵 맛있고!^^ 이쪽 가게 되면 항상 필아웃 갔었는데 이제 여기도 정말 자주 갈꺼 같고 빵은 정말 또 생각날꺼 같아요오오오🤩
ric****,카페,0,0,0,0,커피가 맛있어요,디저트가 맛있어요,매장이 넓어요,친절해요,0,빈브라더스는 워낙 커피 맛있어서 믿고 가는 커피숍이에요^^ 원두 선택할수도 있고 디저트도 진짜 다양한데 또 흔하지 않아서 좋아요^^ 시즈널 원두나 디저트 나오는 점도 좋고 직원분들도 친절해서 좋네요^^ 저녁땐 사람이 항상 많아서 매장이 조용하고 아늑하진 않지만...커피맛과 특색있는 다양한 케익만으로도 이미 완벽한 빈브라더스 입니다^^
ric****,베이커리,0,0,0,0,빵이 맛있어요,가성비가 좋아요,친절해요,매장이 청결해요,0,빵을 후다닥 먹느냐 구매한 빵사진이 없네요^^; 그정도로 맛있습니다! 이 가격대에 진짜 퀄리티 좋고 빵이 하나하나 다 맛있어요^^ 모카빵이랑 소보루는 진짜 매일 사먹고 싶어요^^ 매일매일 나오는 빵 종류가 좀 달라서 문의하면 친절히 답도 해주시고 예약도 해주십니다^^ 사장님도 진짜 엄청 친절해서 같이 기분이 좋아져요^^
ric****,브런치카페,0,0,0,0,커피가 맛있어요,인테리어가 멋져요,매장이 넓어요,매장이 청결해요,0,건물 외관부터 압도적인 매장입니다. 3층 브런치 매장. 2층 스페셜 커피 핸드드립 매장. 1층 기본 베이커리&커피숍 으로 되있어서 니즈에 따라 이용 할 수 있고 테이블 간격도 있어서 편하게 대화할 수 있고 일단 커피가 맛있어요! 뷰나 매장 좋으면 커피가 별로인곳 많은데 여긴 커피가 산미있는거 선택도 되고 맛있습니다^^ 다만...베이커리는 사실 가격대비...특별하지 않아서 조금 아쉬웠어요;;; 그냥저냥 먹긴 괜찮지만 엄청 맛있거나 특색있지는 않아요;; 넓고 멋진 매장과 맛있는 커피로 추천합니다^^
ric****,"카페,디저트",0,0,0,0,아이와 가기 좋아요,0,0,0,0,음...일단 후기만큼 좋지는 않아요^^; 디저트도 특별하지 않고 특히 음료가...가격대비 맛이 없어요....커피도 별로고...전 바로 픽업 했는데도 아메리카노에 크레마 없는건 또 처음봐요^^; 일단 아이들 동반이면 좋을지도 모르겠습니다^^; 야외가 진짜 넓고 애들 용품 자체도 많아요^^ 앞에 나름의 개울?도 있고~ 근데 그 외에는 솔직히 매리트가 없어요..ㅜㅜ 저녁되니 아무래도 벌레도 많아서 실내 들어가면 의자 방석이 천인게 있어서...좀 관리가 안되서 얼룩도 많고 더러워서 좀 찝찝했어요ㅜㅜ 그리고 일단 가격대비 맛이 없어서 전 그게 진짜 중요했습니다;; 음료가 저렴이 맛인데 디저트는 프렌치토스트가 빵이 오래된건지 뻑뻑해서...비추에요..그래서 전 또 가진 않을꺼 같아요^^;
ric****,한식,예약 후 이용,대기 시간 바로 입장,0,0,음식이 맛있어요,재료가 신선해요,반찬이 잘 나와요,메뉴 구성이 알차요,샐러드바가 잘 되어있어요,맛있어서 생각날때마다 방문하고 지인들한테도 추천했어요^^ 예약하면 주는 고등어 서비스도 저렴이 아니고 질도 좋아서 만족스럽고 반찬들이 다 맛있고 샐러드바?에서 더 갖다 먹을수 있어서 좋아요^^ 샐러드바에 고구마맛탕이 있어서 전 그게 진짜 좋았어요^^ 밥이 솥밥이 아니고 엄청 좋은쌀의 윤기나고 그러진 않지만 그외엔 가격대비 앵간한 한정식집보단 만족해요^^
ric****,베이커리,0,0,0,0,종류가 다양해요,뷰가 좋아요,0,0,0,테라스도 있고 전체적으로 매장이 다 한강뷰라서 좋아요^^ 다만 야외는 좌석 관리가 잘 안되서 거미줄 있고 좀 지저분한 테이블과 의자가 살짝 아쉬워요. 커피는 디카페인은 있지만 다른 원두 선택이 되지 않아서 아쉬웠어요ㅜㅜ 전 산미있는걸 좋아해서...커피맛은 뭐...그냥 뷰값이 포함된 가격의 맛이에요^^; 빵은 전체적으로 나쁘진 않지만..아무래도 평일이라 회전율이 낮아서 인지 겉에가 말라 있어서 푸석한게 좀 그랬습니다^^; 여긴 뷰보면서 여유 즐기러 가기에 좋은 곳 같아요^^
ric****,한식,0,0,0,0,음식이 맛있어요,건강한 맛이에요,야외공간이 멋져요,0,0,점심때부터 사람이 엄청 많아서 한시간은 대기해야되는 곳이라고 해요^^; 그래서 전 어중간한 3시반~4시 사이 갔는데도 조금 기다려서 들어갔어요ㅎㅎㅎ근데 야외 공간이 진짜 잘되있고 호수 보면서 앉아있기도 좋고 산책하기도 좋고해서 기다릴만 하고 대기실도 자리 좋아요^^ 일단 음식은 깔끔하고 자극적이지 않아서 좋고 도토리향 은은히 나서 맛있었습니다^^ 곳곳에 다람쥐랑 도토리 인테리어도 귀엽고 외식하는 기분 나고 좋은 곳이었어요^^
ric****,"카페,디저트",0,0,0,0,커피가 맛있어요,인테리어가 멋져요,친절해요,0,0,커피랑 위스키 같은 술을 같이 판매하는 곳이다보니 분위기나 음악이 좋아요^^ 매장 들어가는 입구도 약간 느낌있고 커피도 맛있습니다^^ 원두 선택 할수있어서 좋았고 저녁때 가면 8시 넘어가면서 매장 조명 어둡게 조절하고 테이블등 켜주셔서 분위기 있어서 좋아요^^ 
ric****,"아귀찜,해물찜",0,0,0,0,음식이 맛있어요,양이 많아요,0,0,0,줄서는 식당에도 나오고 방송에도 많이 나와서 유명한 곳이라 방문했는데 일단 맛은 있습니다. 양도 푸짐하고 기본 찬도 괜찮고 한데...근데 너무 정신이 없어요^^; 주말인데다 단체 모임들이 많아서 일수도 있지만 일하시는 분들이 체계가 없고 바로바로 체크가 안되고 맵기단계도 어느정도인지 설명 안해주셔서 저희가 물어봐서 조절하고 테이블도 바로 안치워주셔서 엄청 더럽고...^^; 시끌시끌 정신없고 조금 비위생적일순 있지만...그만큼 사람 많아서인거라 재료는 신선한게 느껴지고 맛은 괜찮아요^^;; 이모님들이 구역 맡아서 좀 체계적으로 관리한다거나 조금 위생적인 부분만 개선되면 좋을듯한 곳입니다^^ 맵기 보통이 안성탕면 정도로 보통정도면 다 드실만하고 볶음밥 맛나요^^
ric****,"카페,디저트",0,0,0,0,디저트가 맛있어요,인테리어가 멋져요,0,0,0,수플레 팬 케이크 유명하다고 한 이유가 있네요. 진짜 퐁신퐁신하고 부드럽고 맛있어요!^^ 물티슈대신 물수건? 주는것도 뭔가 신기했어요^^ 약간 동경 일본 느낌 나면서 평일에 오니 아늑하니 좋았습니다. 시그니처 커피들도 괜찮았는데 전 산미있는 커피를 좋아해서 원두 선택이 안되는건 좀 아쉬웠고 드립이나 사이폰 커피있는건 좋았지만 원두 설명이 안되있고 직원분께 여쭤보니 좀 자세히 설명해주시지 않아서 원두에 전문적인 느낌이 아니라 그부분은 살짝 아쉬웠어요. 사이폰은 과테말라 원두고 핫 만 가능하고 산미가 드립보다 있다해서 시켰는데 바디감이 좀 약하고 막 엄청 산미가 있지 않아서 으음?하면서 먹었습니다^^;;;
ric****,"카페,디저트",0,0,0,0,디저트가 맛있어요,인테리어가 멋져요,사진이 잘 나와요,0,0,여기 분위기 너무 좋네요^^ 들어서는 순간 약간 편백향처럼 우드향이 나서 기분이 좋아져요^^ 이 향이 매장 전체에서 은은하게 나서 진짜 좋아요~ 매장 창이 커서 액자식 느낌도 좋고  창밖 푸르름도 진짜 좋고 너무 예쁘고 분위기도 좋은 카페를 찾은거 같아요~ 평일에 오니 한적하고 여유로와서 더 좋았던거 같아요^^ 그리고 디저트!맛있어요!! 케익 퀄리티 좋고 맛있어요^^ 커피는 산미있는 원두 좋아하는데...원두선택이 안되서 좀 아쉬웠지만 그래도 남한산성쪽 카페에서 이정도면 평타의 맛은 되는거 같아요^^ 매장 깔끔하고 어디서도 사진 정말 예쁘게 나오고 곳곳에 포토존 예쁘네요^^
ric****,한식,예약 후 이용,대기 시간 바로 입장,0,0,음식이 맛있어요,가성비가 좋아요,반찬이 잘 나와요,0,0,기본찬 + 셀프바가 있어서 정말 좋았고 고구마 맛탕! 있는게 진짜 좋았어요^^ 예약하고 가서 고등어구이 받으니 더 푸짐하게 먹을수 있었고 서비스 고등어 인데도 상태 좋고 간도 딱 좋았습니다. 보쌈 고기 잡내 안나고 직화불고기도 불향나고 부드럽고 맛있었어요^^ 근처에 산간고 자주 갔었는데 거기보다 여기가 더 가성비랑 좋았고 앵간한 한정식 집보단 여기가 메뉴랑 가격면에서 좋았어요^^ 브레이크타임 없어서 점심 시간 좀 지나서 가니 조용해서 더 좋았던거 같아요^^
ric****,브런치카페,0,0,0,0,종류가 다양해요,매장이 넓어요,매장이 청결해요,0,0,매장이 엄청 넓어서 평일에 오면 한적하고 여유롭고 조용해서 좋아요.  제주도랑 정자에도 있는 곳 같은데 샌드위치가 메인인것 같기도 해요.  다른 빵들은 솔직히 가격대비 퀄리티도 안좋고 맛도 너무 평범합니다^^; 커피는 원두 선택할 수 있어서 좋긴한데 가격도 꽤 있어서...공간값?자리값 들어간 느낌입니다만 나쁘진 않아요^^; 빵과 커피는 키오스크랑 카운터 따로 주문해야 되서 좀 번거롭네요^^; 하지만 매장 넓고 깨끗하고 여유 즐기러 오긴 인테리어도 좋아요^^
ric****,닭갈비,예약 후 이용,대기 시간 30분 이상,0,0,음식이 맛있어요,인테리어가 멋져요,0,0,0,줄서는 식당 나와서 더 유명해진거 같아요. 한방 닭갈비라 하지만 한약맛 나고 그러지 않고 특색있고 맛있어요^^ 위에 뿌려주는 땅콩소스가 핵심!입니다^^ 그리고 꼭 치즈 추가해서 전체 다 뿌려서 드셔야해요! 토치로 구워주셔서 불향나고 진짜 맛있어요^^  근데 솔직히 닭고기 양은...정말 적습니다^^; 고기인가 하고 집으면 양배추여서...고기가 참 적다..하고 계속 느꼈어요;; 들기름 비빔 칼국수는 엄청 특색있거나 엄청 맛있진 않은데 들기름 향이 확 나서 그건 좋았고 그게 아니면 꼭 드셔야 할꺼 같진 않고 차라리 볶음밥이나 닭고기 추가하시는게 나을수도 있어요^^ 캐치테이블로 웨이팅 했는데도 30분 넘게 기다려서....이정도 기다릴정도인가 싶기는 했지만 흔히 못 먹는 맛이여서 맛있게 먹을수 있긴 해요^^
ric****,일식당,예약 없이 이용,대기 시간 바로 입장,0,0,음식이 맛있어요,0,0,0,0,자루우동은 1일50개 한정 판매라고 되있어서 못먹으려나 했는데 먹을 수 있어서 다행이었어요^^ 일단 면이 엄청 쫄깃쫄깃해서 깜짝 놀랐는데 전체적으로 맛있었어요^^ 면발이 탱탱하고 쫄깃해서 식감이 일단 진짜 좋았고 버터우동은 슴슴한듯 자꾸 끌리는 맛이었어요^^ 우동 맛집 같아서 우동 먹느냐 돈까스는 안먹어 봤는데 다른 분들은 돈까스도 많이 드시고 돈까스도 1일20개한정?인가 있더라구요~ 일단 우동은 자루우동 추천입니다!
ric****,"카페,디저트",예약 없이 이용,대기 시간 바로 입장,0,0,커피가 맛있어요,아늑해요,차분한 분위기에요,친절해요,매장이 청결해요,지나가는 길에 뭔가 감성있어 보여서 들어갔는데 커피맛집 발견!입니다^^ 원두를 선택할 순 없지만 기본원두 자체가 맛있어요!! 전 산미있는거 좋아하는데 어느정도의 산미가 있어서 대만족했고 사장님도 친절하셔서 기분 좋았어요^^ 드립커피도 있어서 다음엔 여유있게 앉아서 먹어보려구요~ 매장도 조용하니 깔끔하고 분위기도 차분해서 좋았습니다~ 다만 디저트류가 살짝 아쉬워요^^;; 종류가 많이 없어서ㅜㅜ 하지만 디저트 강조하고 커피 비싸고 평범하고 시끄러운 곳보단 그냥 커피 맛을 즐기는 곳으로 커피로 승부하는 곳같아서 전 여기가 맘에 들었어요^^
ric****,양식,대기 시간 1시간 이상,데이트,연인・배우자,0,음식이 맛있어요,친절해요,음식이 빨리 나와요,0,0,워낙 유명해서 기념일이라 캐치테이블로 웨이팅 등록후왔는데도 정말 오래 기다리긴 해야해요^^; 자극적으로 보이지만 자극적이지 않고 맛있습니다! 라자냐가 시그니처 같은 느낌인데 확실히 맛있어요^^ 그릇 하나. 종이컵 하나까지 다 신경쓴 느낌이고 직원분들이 친절해서 기분좋게 먹었어요^^ 맛이 엄청 강하지 않으면서 살짝 특이한듯한 음식으로는 딱이네요^^
ric****,"칼국수,만두",예약 없이 이용,대기 시간 바로 입장,일상,부모님,음식이 맛있어요,0,0,0,0,여기 동네에선 엄청 유명한 곳인데 칼국수가 면발이 쫄깃하고 칼국수 시키면 보리밥에 열무김치 애피타이저처럼 주시는데 언니는 그게 맛있어서 가고 싶어하는 곳이에요...근데...매번 누구를 데려가도...항상 나오는말이..직원분들이...다.완전. 불!친!절! 의 끝판왕입니다.  김치를 접시에 조금 주셔서 저희 4명이라 양쪽에 두게 먹게라도 하나 더 달랬는데 칼국수 딸랑 두개 시키셨자나요. 라고 하고 가셔서..얼탱없음ㅋ옆테이블은 김치를 항아리로 줘서 봤는데 칼국수만 3인분이던데....가격면으로나 인원수나 메뉴 시킨거나 주실만한데..어이없었고 다시한번 말해도 다먹고 말하래서..기분 또 나빠지고ㅋ 매장도 시끄럽고 이런 불친절 받으면서까지 꼭 먹을맛은 아니여서...제발 직원분들좀 친절했음 합니다...
