﻿nickname,restaurant,reservation,waiting,purpose,withwho,tagging_1,tagging_2,tagging_3,tagging_4,tagging_5,content
삼의미학,"족발,보쌈",예약 없이 이용,대기 시간 바로 입장,데이트,연인・배우자,음식이 맛있어요,0,0,0,0,진짜 절대 후회 안하는 푸짐한 한상을 하루종일 일하느라 고생한 저 자신을 위해 선물 했습니다. 너무 맛있고 메뉴도 다양해요!! 푸짐하게 너무 잘 나와서 상다리 부러진다고 카더니 가게 테이블을 좋은 거 쓰셔서 그런지 상 다리는 튼튼하더라고요.
삼의미학,돼지고기구이,예약 없이 이용,대기 시간 30분 이상,데이트,연인・배우자,음식이 맛있어요,고기 질이 좋아요,양이 많아요,인테리어가 멋져요,단체모임 하기 좋아요,무엇보다 숯에 매우 진심인 곳입니다. 고기 1인분만 추가하더라도 최상위 숯으로 구워 멕이겠다는 결연한 고집이 느껴졌습니다. 반찬도 좋고 맛있게 먹었습니다
삼의미학,중식당,예약 없이 이용,대기 시간 바로 입장,친목,친구,인테리어가 멋져요,매장이 넓어요,단체모임 하기 좋아요,음식이 맛있어요,양이 많아요,외국인 친구들 데리고 갔는데 너무 좋아하네요 ㅎㅎㅎ 사장님도 친절하시고 음식 맛도 너무 좋아서 제가 다 뿌듯🤗 글로벌 시장으로 갑시다 화린훠궈 쎼쎼
삼의미학,요리주점,예약 없이 이용,대기 시간 바로 입장,친목,연인・배우자,인테리어가 멋져요,대화하기 좋아요,단체모임 하기 좋아요,친절해요,음식이 맛있어요,"나만 알고싶은 맛집이었는데 너무 유명해져버린,,, 하 그래도 끝까지 포기 않고 찾아오는 내 나와바리"
삼의미학,베트남음식,예약 없이 이용,대기 시간 바로 입장,데이트,연인・배우자,음식이 맛있어요,양이 많아요,인테리어가 멋져요,혼밥하기 좋아요,0,양 많고 맛있어요
삼의미학,일식당,예약 없이 이용,대기 시간 바로 입장,데이트,연인・배우자,친절해요,음식이 맛있어요,재료가 신선해요,특별한 메뉴가 있어요,0,"어디에서도 볼 수 없는 메뉴 있는 것부터 참 재밌다고 생각했는데 동네 로컬 주민분들만 가는 술집이라니,, 조용하게 묻혀있기엔 2호점까지 있는 존맛 술집입니다."
삼의미학,닭발,예약 없이 이용,대기 시간 바로 입장,데이트,연인・배우자,친절해요,직접 잘 구워줘요,음식이 맛있어요,양이 많아요,인테리어가 멋져요,"닭발 먹으면서 맛나다고 생각한적 진짜 없는데 여기 ㄹㅇ 동네로컬 맛집입니다. 내 말이 거짓말인지 직접 와서 드셔보세요,, 제발 믿어줘"
삼의미학,요리주점,예약 없이 이용,대기 시간 바로 입장,데이트,연인・배우자,친절해요,화장실이 깨끗해요,인테리어가 멋져요,음악이 좋아요,음식이 맛있어요,서울 마포구를 유럽으로 만들어버리는 분위기에 k-food 낭낭하게 알찜 하나 시켜서 소주 먹으면 끝장납니다. 다음에 오면 닭도리탕도 먹어보고싶네요ㅎㅎㅎ
삼의미학,카페,예약 없이 이용,대기 시간 바로 입장,데이트,연인・배우자,커피가 맛있어요,인테리어가 멋져요,0,0,0,
삼의미학,생선회,예약 없이 이용,대기 시간 바로 입장,데이트,지인・동료,재료가 신선해요,인테리어가 멋져요,매장이 넓어요,친절해요,매장이 청결해요,"회 좋아하는 분들,, 여기 지느러미 엄청 주고 식감 끝내주는 곳입니다. 퍼석퍼석하지도 않고 제대로 씹는맛 살려주면서 양도 푸짐한 숨은 맛집 ㅆㅇㅈ"
삼의미학,중식당,예약 없이 이용,대기 시간 바로 입장,데이트,연인・배우자,0,0,0,0,0,사장님.. 처음 오픈 때부터 가던 사람입니다. 배달 손님 많은 건 알겠는데 매장에 너무 소홀하신 거 같아요.. 깔끔하던 매장은 어디가고 배달용 단무지가 테이블에 올라가 있고 초파리가 너무 많아서 먹는데 너무 불쾌했습니다. 맛은 있는데 잘 먹다가도 결국 나중엔 손이 안 가더라고요.. 기쁜 마음으로 찾아갔었는데 그냥 배달시키는게 낫겠네요ㅠㅠ
삼의미학,"주식,증권",0,0,0,0,0,0,0,0,0,
삼의미학,햄버거,예약 없이 이용,대기 시간 바로 입장,데이트,혼자,혼밥하기 좋아요,음식이 맛있어요,0,0,0,굳
삼의미학,한식,예약 없이 이용,대기 시간 바로 입장,데이트,연인・배우자,친절해요,음식이 맛있어요,재료가 신선해요,양이 많아요,혼밥하기 좋아요,"요즘 같은 야장 날씨에 야외창가에 앉아 낭낭하게 한잔 걸칠 수 있는 이태원 동네주민 고깃집입니다. 한남동이나 다른데는 15,000원 이런 미친 가격인데 여긴 사장님이 사람을 남기려고 하시기 때문에 만원도 안되는 가격이에요! 내돈내산 리뷰니까 믿어줘"
삼의미학,닭갈비,예약 없이 이용,대기 시간 바로 입장,"데이트, 친목",연인・배우자,단체모임 하기 좋아요,음식이 맛있어요,고기 질이 좋아요,특별한 메뉴가 있어요,가성비가 좋아요,"너무 맛있어요 ㅋㅋㅋ 특히 같은 체인점이라고 해도 여기가 진짜 찐입니다,, 관자랑 대파 추가 무조건 하시고 숯불닭갈비 드시는 분들 맥주 한잔 곁들이면 딱입니다 진짜"
삼의미학,닭갈비,예약 없이 이용,대기 시간 바로 입장,일상,"부모님, 친척・형제",친절해요,매장이 청결해요,아이와 가기 좋아요,음식이 맛있어요,고기 질이 좋아요,"사장님, 직원분들 너무 친절하시구 음식 맛도 너무 좋아요ㅠㅠ 닭갈비 집은 양념맛, 닭고기 상태에 따라 편차가 심한데 여긴 실패 없는 맛집입니다!!! ㅋㅋㅋㅋ"
삼의미학,베이커리,예약 없이 이용,대기 시간 바로 입장,"데이트, 여행",친구,사진이 잘 나와요,집중하기 좋아요,0,0,0,빵 비싸네예
삼의미학,돈가스,예약 없이 이용,대기 시간 바로 입장,비즈니스,기타,친절해요,매장이 청결해요,인테리어가 멋져요,매장이 넓어요,음식이 맛있어요,이렇게 더워도 되나싶을 정도로 미친 가을 날씨에 입맛 없어서 새콤한 명태회 비빔밀면 먹으러 왔습니다. 직장인의 점심식사로 후회없는 선택이었어요!
삼의미학,생선회,예약 없이 이용,대기 시간 바로 입장,데이트,연인・배우자,음식이 맛있어요,재료가 신선해요,매장이 넓어요,0,0,냠냠
삼의미학,"족발,보쌈",예약 없이 이용,대기 시간 바로 입장,데이트,연인・배우자,음식이 맛있어요,0,0,0,0,진짜 절대 후회 안하는 푸짐한 한상을 하루종일 일하느라 고생한 저 자신을 위해 선물 했습니다. 너무 맛있고 메뉴도 다양해요!! 푸짐하게 너무 잘 나와서 상다리 부러진다고 카더니 가게 테이블을 좋은 거 쓰셔서 그런지 상 다리는 튼튼하더라고요.
삼의미학,돼지고기구이,예약 없이 이용,대기 시간 30분 이상,데이트,연인・배우자,음식이 맛있어요,고기 질이 좋아요,양이 많아요,인테리어가 멋져요,단체모임 하기 좋아요,무엇보다 숯에 매우 진심인 곳입니다. 고기 1인분만 추가하더라도 최상위 숯으로 구워 멕이겠다는 결연한 고집이 느껴졌습니다. 반찬도 좋고 맛있게 먹었습니다
삼의미학,중식당,예약 없이 이용,대기 시간 바로 입장,친목,친구,인테리어가 멋져요,매장이 넓어요,단체모임 하기 좋아요,음식이 맛있어요,양이 많아요,외국인 친구들 데리고 갔는데 너무 좋아하네요 ㅎㅎㅎ 사장님도 친절하시고 음식 맛도 너무 좋아서 제가 다 뿌듯🤗 글로벌 시장으로 갑시다 화린훠궈 쎼쎼
삼의미학,요리주점,예약 없이 이용,대기 시간 바로 입장,친목,연인・배우자,인테리어가 멋져요,대화하기 좋아요,단체모임 하기 좋아요,친절해요,음식이 맛있어요,"나만 알고싶은 맛집이었는데 너무 유명해져버린,,, 하 그래도 끝까지 포기 않고 찾아오는 내 나와바리"
삼의미학,베트남음식,예약 없이 이용,대기 시간 바로 입장,데이트,연인・배우자,음식이 맛있어요,양이 많아요,인테리어가 멋져요,혼밥하기 좋아요,0,양 많고 맛있어요
삼의미학,일식당,예약 없이 이용,대기 시간 바로 입장,데이트,연인・배우자,친절해요,음식이 맛있어요,재료가 신선해요,특별한 메뉴가 있어요,0,"어디에서도 볼 수 없는 메뉴 있는 것부터 참 재밌다고 생각했는데 동네 로컬 주민분들만 가는 술집이라니,, 조용하게 묻혀있기엔 2호점까지 있는 존맛 술집입니다."
삼의미학,닭발,예약 없이 이용,대기 시간 바로 입장,데이트,연인・배우자,친절해요,직접 잘 구워줘요,음식이 맛있어요,양이 많아요,인테리어가 멋져요,"닭발 먹으면서 맛나다고 생각한적 진짜 없는데 여기 ㄹㅇ 동네로컬 맛집입니다. 내 말이 거짓말인지 직접 와서 드셔보세요,, 제발 믿어줘"
삼의미학,요리주점,예약 없이 이용,대기 시간 바로 입장,데이트,연인・배우자,친절해요,화장실이 깨끗해요,인테리어가 멋져요,음악이 좋아요,음식이 맛있어요,서울 마포구를 유럽으로 만들어버리는 분위기에 k-food 낭낭하게 알찜 하나 시켜서 소주 먹으면 끝장납니다. 다음에 오면 닭도리탕도 먹어보고싶네요ㅎㅎㅎ
삼의미학,카페,예약 없이 이용,대기 시간 바로 입장,데이트,연인・배우자,커피가 맛있어요,인테리어가 멋져요,0,0,0,
삼의미학,생선회,예약 없이 이용,대기 시간 바로 입장,데이트,지인・동료,재료가 신선해요,인테리어가 멋져요,매장이 넓어요,친절해요,매장이 청결해요,"회 좋아하는 분들,, 여기 지느러미 엄청 주고 식감 끝내주는 곳입니다. 퍼석퍼석하지도 않고 제대로 씹는맛 살려주면서 양도 푸짐한 숨은 맛집 ㅆㅇㅈ"
삼의미학,중식당,예약 없이 이용,대기 시간 바로 입장,데이트,연인・배우자,0,0,0,0,0,사장님.. 처음 오픈 때부터 가던 사람입니다. 배달 손님 많은 건 알겠는데 매장에 너무 소홀하신 거 같아요.. 깔끔하던 매장은 어디가고 배달용 단무지가 테이블에 올라가 있고 초파리가 너무 많아서 먹는데 너무 불쾌했습니다. 맛은 있는데 잘 먹다가도 결국 나중엔 손이 안 가더라고요.. 기쁜 마음으로 찾아갔었는데 그냥 배달시키는게 낫겠네요ㅠㅠ
삼의미학,"주식,증권",0,0,0,0,0,0,0,0,0,
삼의미학,햄버거,예약 없이 이용,대기 시간 바로 입장,데이트,혼자,혼밥하기 좋아요,음식이 맛있어요,0,0,0,굳
삼의미학,한식,예약 없이 이용,대기 시간 바로 입장,데이트,연인・배우자,친절해요,음식이 맛있어요,재료가 신선해요,양이 많아요,혼밥하기 좋아요,"요즘 같은 야장 날씨에 야외창가에 앉아 낭낭하게 한잔 걸칠 수 있는 이태원 동네주민 고깃집입니다. 한남동이나 다른데는 15,000원 이런 미친 가격인데 여긴 사장님이 사람을 남기려고 하시기 때문에 만원도 안되는 가격이에요! 내돈내산 리뷰니까 믿어줘"
삼의미학,닭갈비,예약 없이 이용,대기 시간 바로 입장,"데이트, 친목",연인・배우자,단체모임 하기 좋아요,음식이 맛있어요,고기 질이 좋아요,특별한 메뉴가 있어요,가성비가 좋아요,"너무 맛있어요 ㅋㅋㅋ 특히 같은 체인점이라고 해도 여기가 진짜 찐입니다,, 관자랑 대파 추가 무조건 하시고 숯불닭갈비 드시는 분들 맥주 한잔 곁들이면 딱입니다 진짜"
삼의미학,닭갈비,예약 없이 이용,대기 시간 바로 입장,일상,"부모님, 친척・형제",친절해요,매장이 청결해요,아이와 가기 좋아요,음식이 맛있어요,고기 질이 좋아요,"사장님, 직원분들 너무 친절하시구 음식 맛도 너무 좋아요ㅠㅠ 닭갈비 집은 양념맛, 닭고기 상태에 따라 편차가 심한데 여긴 실패 없는 맛집입니다!!! ㅋㅋㅋㅋ"
삼의미학,베이커리,예약 없이 이용,대기 시간 바로 입장,"데이트, 여행",친구,사진이 잘 나와요,집중하기 좋아요,0,0,0,빵 비싸네예
삼의미학,돈가스,예약 없이 이용,대기 시간 바로 입장,비즈니스,기타,친절해요,매장이 청결해요,인테리어가 멋져요,매장이 넓어요,음식이 맛있어요,이렇게 더워도 되나싶을 정도로 미친 가을 날씨에 입맛 없어서 새콤한 명태회 비빔밀면 먹으러 왔습니다. 직장인의 점심식사로 후회없는 선택이었어요!
삼의미학,생선회,예약 없이 이용,대기 시간 바로 입장,데이트,연인・배우자,음식이 맛있어요,재료가 신선해요,매장이 넓어요,0,0,냠냠
삼의미학,"순대,순댓국",예약 없이 이용,대기 시간 10분 이내 ,데이트,연인・배우자,음식이 맛있어요,양이 많아요,인테리어가 멋져요,매장이 넓어요,혼밥하기 좋아요,고기 진짜 많습니다;; 비계 때문에 느끼할 수 있으니 김치+양파+고추로 잘 이겨내보세요. 배터지게 먹을 수 있을겁니다. 마지막으로 여기 김치 내 인생 국밥집 김치 중 1등
삼의미학,일식당,예약 없이 이용,대기 시간 바로 입장,데이트,연인・배우자,인테리어가 멋져요,단체모임 하기 좋아요,음식이 맛있어요,재료가 신선해요,양이 많아요,"벌써 5번째 방문입니다.. 여기 진짜 신림을 넘어 서울에서 베스트 횟집입니다. 어줍잖은 이자카야랑 비교도 안되고 매운탕 ㄹㅇ갱상보 앵간한 횟집들 다 씹어버림,, 산초(제피)가루 그리운 분들은 여기 무조건 오세요 진짜 제발 믿어줘"
삼의미학,요리주점,예약 후 이용,대기 시간 바로 입장,데이트,연인・배우자,대화하기 좋아요,단체모임 하기 좋아요,친절해요,매장이 청결해요,음식이 맛있어요,"알콜러버들한테 찐으로 추천하는 곳,, 전문 보쌈집은 뭔가 너무 식당 같은 분위기가 강하다면 진주상회 보쌈은 퀄리티도 너무 좋고 분위기도 포차 갬성 물씬,, 직원분들도 너무 친절하셔서 기분 좋게 다냐왔어염"
삼의미학,"오뎅,꼬치",예약 없이 이용,대기 시간 바로 입장,나들이,친구,음식이 맛있어요,특별한 메뉴가 있어요,가성비가 좋아요,매장이 넓어요,사진이 잘 나와요,우리동네 분위기 지기는 술집입니다 ㅎㅎㅎ 사람 사는 맛 나는 로컬 술집이며 안주 퀄리티도 너무 좋고 오뎅 국물도 넘 맛있어요
삼의미학,생선회,예약 없이 이용,대기 시간 10분 이내 ,데이트,연인・배우자,음식이 맛있어요,재료가 신선해요,양이 많아요,친절해요,매장이 청결해요,우리동네 가성비도 좋으면서 싱싱하고 사장님이 친절한 맛집! 불타는 금요일밤 후회없는 선택입니다. 세트 메뉴 하나 시키면 해산물에 매운탕까지 나오는 알찬 구성 때매 사람 더 미치게 하네예
삼의미학,한식,예약 후 이용,대기 시간 10분 이내 ,데이트,연인・배우자,친절해요,음식이 맛있어요,반찬이 잘 나와요,인테리어가 멋져요,매장이 넓어요,"구디에서 맨날 뻔한 것만 먹어서 질리는 분들.. 계문산장 무조건 추천합니다. 원래 계(닭), 문어 먹으려다가 남들 다 먹는 건 재미없어서 육회랑 갈비 시켰는데 이거도 인기 많은 메뉴였더라고요 ㅋㅋㅋ 갈비는 한정 수량이니까 기회되면 꼭 드셔보시고 불향 제대로 입힌 메뉴는 필수입니다 여긴!!"
삼의미학,"육류,고기요리",대기 시간 바로 입장,데이트,친구,0,음식이 맛있어요,고기 질이 좋아요,양이 많아요,인테리어가 멋져요,매장이 넓어요,너무 맛있게 먹고 왔습니다. 직접 다 구워주셔서 편하게 먹었네요~
삼의미학,"곱창,막창,양",예약 없이 이용,대기 시간 바로 입장,데이트,연인・배우자,음식이 맛있어요,양이 많아요,매장이 넓어요,혼밥하기 좋아요,단체모임 하기 좋아요,진짜 너무맛있어요 미쳐버리겠습니다 자꾸 생각나요
삼의미학,햄버거,예약 없이 이용,대기 시간 바로 입장,데이트,연인・배우자,0,0,0,0,0,감튀 1등 맛집
삼의미학,"족발,보쌈",예약 없이 이용,대기 시간 바로 입장,데이트,연인・배우자,음식이 맛있어요,0,0,0,0,진짜 절대 후회 안하는 푸짐한 한상을 하루종일 일하느라 고생한 저 자신을 위해 선물 했습니다. 너무 맛있고 메뉴도 다양해요!! 푸짐하게 너무 잘 나와서 상다리 부러진다고 카더니 가게 테이블을 좋은 거 쓰셔서 그런지 상 다리는 튼튼하더라고요.
삼의미학,돼지고기구이,예약 없이 이용,대기 시간 30분 이상,데이트,연인・배우자,음식이 맛있어요,고기 질이 좋아요,양이 많아요,인테리어가 멋져요,단체모임 하기 좋아요,무엇보다 숯에 매우 진심인 곳입니다. 고기 1인분만 추가하더라도 최상위 숯으로 구워 멕이겠다는 결연한 고집이 느껴졌습니다. 반찬도 좋고 맛있게 먹었습니다
삼의미학,중식당,예약 없이 이용,대기 시간 바로 입장,친목,친구,인테리어가 멋져요,매장이 넓어요,단체모임 하기 좋아요,음식이 맛있어요,양이 많아요,외국인 친구들 데리고 갔는데 너무 좋아하네요 ㅎㅎㅎ 사장님도 친절하시고 음식 맛도 너무 좋아서 제가 다 뿌듯🤗 글로벌 시장으로 갑시다 화린훠궈 쎼쎼
