﻿nickname,restaurant,reservation,waiting,purpose,withwho,tagging_1,tagging_2,tagging_3,tagging_4,tagging_5,content
연마백,"육류,고기요리",예약 없이 이용,대기 시간 바로 입장,기념일,친척・형제,직접 잘 구워줘요,0,0,0,0,"매우 만족하고 왔어요. 고기 퀄리티가 다 좋더라구요! 가격 대비 양이나 질이 괜찮고 고기를 다 구워주셔서 좋았어요. 빗살로스는 제가 바라던 그 기름짐.. 식감도 좋고 맛있었어요. 안창살은 첨에 비주얼 보고 흠 했는데 구워보니 빗살로스보다 부드럽고 육향이 진해 더 맘에 들었습니다. 양념 고기로는 LA갈비를 주문했는데, 제가 지금까지 먹었던 LA갈비 중 가장 두툼해서 신기했습니다. 요렇게 두껍게 구워먹으니 스테이크같고 왠지 더 맛있게 느껴졌어요.육회비빔밥과 미역국도 굿👍 공기밥에 윤기가 자르르한게 한 그릇 더 먹고 싶었습니다."
연마백,"칼국수,만두",예약 없이 이용,대기 시간 바로 입장,일상,연인・배우자,매장이 넓어요,음식이 맛있어요,양이 많아요,특별한 메뉴가 있어요,0,"왕십리 꿩칼국수.감기로 몇 주 고생했더니 평소에 잘 안 먹는 칼국수가 생각나더라구요. 주말 마무리로 오리고기에 꿩칼국수 먹으러 방문했습니다.단품으로 주문해도 좋지만, 오리고기를 구워먹으면 후식 칼국수를 내어주셔서 고기를 드시는 걸 추천해요! 저도 오리 2인분을 주문했는데 배를 땅땅 두드리며 나올 수 있었습니다.오리구이도 맛있고, 반찬들도 같이 구워먹기 맛있더라구요. 볶음밥도 많이 해 드시던데, 위장 용량 이슈로 포기했습니다.칼국수 국물이 진하고 참 맛이 좋더라구요. 면 식감도 굿입니다! 감기가 싹 내려가는 기분~ 담에 오면 꿩만두도 한 번 먹어보고 싶어요👍"
연마백,분식,예약 없이 이용,대기 시간 바로 입장,여행,연인・배우자,매장이 청결해요,음식이 맛있어요,특별한 메뉴가 있어요,0,0,속초 최대섭김밥.멍게김밥이 있대서 너무 가보고 싶던 곳.. 이번 속초여행에서 염원을 이루었습니다. 김밥 한 줄을 반반으로 주문할 수 있어서 넘 좋네요! 멍게 반 명태회 반으로 주문했습니다.한 줄이 꽤 묵직했는데.. 나중에 먹을 때 보니 정말 속이 꽉 차 있고 김밥 모양이 넘 예쁘더라구요ㅎㅎ 김밥 마는 법 배우고 싶었어요.오이나 당근 간이 세지 않고 식감이 아삭아삭해서 산뜻한 김밥이었어요. 멍게김밥에선 멍게 향이 은은히 났는데 바다 느낌 나서 좋았어요.
연마백,"카페,디저트",예약 없이 이용,대기 시간 바로 입장,여행,연인・배우자,커피가 맛있어요,특별한 메뉴가 있어요,친절해요,인테리어가 멋져요,뷰가 좋아요,"속초 보사노바 커피 로스터스.맛난 커피가 마시고 싶어 찾아간 속초 보사노바 커피 로스터스. 에티오피아 예가체프 내추럴과 과테말라 엘소코로 레드 버번을 주문했어요. 직원분이 원두 설명을 잘 해 주셨고, 노트에 적힌 느낌을 받을 수 있어 좋았습니다. 바다에서도 가깝고 저 멀리 대관람차가 보여 분위기도 묘하게 좋았던 곳입니다."
연마백,"순대,순댓국",예약 없이 이용,대기 시간 바로 입장,여행,연인・배우자,매장이 넓어요,음식이 맛있어요,양이 많아요,특별한 메뉴가 있어요,친절해요,"속초 아바이마을 나룻배식당.순대를 엄청 좋아해서 아바이마을에 꼭 가보고 싶었는데, 이번 속초 여행에서 소원 성취 하였습니다!매장 규모는 큰 편이고, 오징어순대, 아바이순대, 생선구이, 홍게라면 등을 판매해요. 다 맛있어 보였지만 제가 국밥충이라 아바이순대국밥 하나씩과 오징어순대 작은 걸 주문했습니다.오징어순대는 확실히 서울에서 먹는 것보다 맛있었어요ㅎㅎ 오징어 부드럽고 속 맛있고.. 그리고 순대국밥이 엄청 푸짐해서 좋았습니다. 먹어도 먹어도 끝없이 나와요.. 국물도 제 취향이고, 동네에 있었으면 단골 되었을 것 같습니다."
연마백,햄버거,예약 없이 이용,대기 시간 바로 입장,일상,연인・배우자,혼밥하기 좋아요,매장이 청결해요,음식이 빨리 나와요,음식이 맛있어요,특별한 메뉴가 있어요,왕십리 벤티버거.집근처에 새로 버거집 생겨서 벼르다 방문했는데.. 이제 여기 정착할 것 같아요😍 패티가 근-본 스타일.. 리치하지만 느끼하진 않고 버거 간(?)도 맛있게 좋았습니다. 개인 취향으로 요 근방에서 젤 맛있는 버거집이네요👍
연마백,돼지고기구이,예약 없이 이용,대기 시간 바로 입장,일상,연인・배우자,직접 잘 구워줘요,음식이 맛있어요,고기 질이 좋아요,특별한 메뉴가 있어요,매장이 넓어요,고기도 다 구워주시고 밑반찬도 하나하나 넘 맛있어요! 동네에서 고기 먹고싶을 때 가장 먼저 생각나는 곳입니다👍👍
연마백,샌드위치,포장·배달 이용,대기 시간 바로 입장,일상,혼자,친절해요,음식이 맛있어요,특별한 메뉴가 있어요,0,0,"신설동 모닝웨이.샌드위치를 좋아해서 가보고 싶던 곳이었는데, 오픈과 마감 시간이 다 빨라서 평일엔 못 가고.. 토요일 오전에 드디어 방문했습니다!브리치즈애플이나 딜 참치 등 색다른 메뉴도 있었는데 첫 방문이라 닭가슴살 아몬드 샌드위치를 주문했어요.가격대는 좀 있지 않나? 했는데 샌드위치 속이 꽤 알차고.. 너무너무 맛있어서 납득했습니다.닭가슴살은 아주 촉촉하고.. 약간 달달하고 크리미한 소스가 정말 맛있더라구요. 아몬드가 씹히는 느낌도 아주 좋았습니다.전메뉴 다 궁금한 곳이네요! 담주에도 또 가고 싶습니다ㅎㅎ"
연마백,"맥주,호프",예약 없이 이용,대기 시간 바로 입장,일상,연인・배우자,인테리어가 멋져요,친절해요,매장이 청결해요,술이 다양해요,특별한 메뉴가 있어요,마장동 메즈나인 브루잉 컴퍼니.궁금했던 도심 속 양조장! 2층 자리에서 내려다보이는 양조공간이 정말 멋져요. 브레이킹배드 월터의 작업실도 떠오르네요ㅎㅎ맥주 샘플러와 페퍼로니 피자를 주문했습니다. 샘플러에 번호도 붙여주시고 먹으면 좋은 순서대로 배열해주셔서 좋더라구요!
연마백,한식,예약 없이 이용,대기 시간 바로 입장,여행,연인・배우자,친절해요,매장이 청결해요,음식이 맛있어요,양이 많아요,특별한 메뉴가 있어요,강릉여행와서 먹은 첫끼! 양념도 넘 맛있고 타다끼가 부드러워서 넘 맛있게 먹었어요😍💕💕💕
연마백,"치킨,닭강정",포장·배달 이용,대기 시간 바로 입장,일상,연인・배우자,음식이 맛있어요,양이 많아요,0,0,0,왕십리 왕초바베큐여긴 사실 매장에 가보고 싶었는데.. 기력없음 이슈로 배달을 시켰네요. 생맥주도 배달해주셔서 감사합니다..😇순살 숯불양념바베큐 보통맛에 우동사리를 추가했는데 제대로 숯불에 구워낸 느낌이었습니다. 맛있긴 한데 매장에서 바로 생맥주랑 먹으면 훨씬 맛있을 것 같습니다!
연마백,카페,예약 없이 이용,대기 시간 바로 입장,일상,연인・배우자,인테리어가 멋져요,음악이 좋아요,친절해요,커피가 맛있어요,디저트가 맛있어요,"신설동 파일드.요즘.. 모든 부분에서 훌륭한 자질을 가진 그런 사람을 육각형의 인간이라고 부르던데, 저한테는 신설동 카페 파일드가 딱 그런 느낌!커피: 존맛 필터커피가 나옴디저트: 완성도높고 독특한 스타일음악: 분위기에 맞는 흑인음악 위주인테리어: 우드톤/힙한 가구와 색감/식물들서비스: 친절하심위치: 성북천 옆..이러면 육각형의 카페 아닌가요? 여튼 저는 진짜 맘에 쏙 들었습니다^^* 에티오피아 버그 우가 진짜 맛있었어요. 정말 환하고 진한 향이 오래 남더라구요. 꽃과 과일 향을 좋아한다면 진짜 마음에 들 만한 커피. 산미도 부드럽게 느껴지구요~"
연마백,양식,예약 없이 이용,대기 시간 바로 입장,일상,연인・배우자,친절해요,아늑해요,음식이 맛있어요,특별한 메뉴가 있어요,0,"신설동 오모.열무 페스토 스파게티, 참나물 명란 오일 스파게티와 디카페인 롱블랙, 탄산수를 주문했습니다. 워낙 파스타를 좋아해서 기대가 되었는데, 두 파스타 모두 특색있고 맛있어서 소스까지 싹싹 긁어먹었어요ㅎㅎ열무로 만든 페스토가 과연 어떨까 싶었는데.. 은은한 맛과 향이 좋았어요. 함께 나온 수란과 레몬즙을 곁들여 먹으면 맛이 확 업그레이드가 됩니다!참나물 명란 파스타는 베스트 메뉴였는데, 한 입 먹고 납득했어요.. 향긋한 참나물과 명란의 조합이 좋더라구요.두 메뉴 다 무척 맘에 들었는데, 참나물 파스타가 조금 더 입맛에 맞았습니다ㅎㅎ 다른 메뉴도 다 궁금해지는 곳이에요😍"
연마백,해장국,예약 없이 이용,대기 시간 바로 입장,일상,연인・배우자,매장이 넓어요,혼밥하기 좋아요,친절해요,매장이 청결해요,음식이 맛있어요,"신설동 1억 해장국.선지랑 양이 들어간 우거지해장국을 파는 해장국집을 발견해서 방문해보았습니다. 내부가 깔끔하고 직원분이 정말정말x3 친절하셔서 기분좋게 식사할 수 있었어요.양선지해장국과 우거지해장국을 주문했는데, 우거지해장국에는 고기가 없고 버섯과 야채만 들어간다고 합니다! 저는 양과 선지를 좋아해서 양선지를 주문했는데 양이 꽤 푸짐하네요ㅎㅎ 국밥 맛도 좋았습니다.동묘 쪽에서 깔끔하게 국밥 드시고 싶다면 방문할만한 곳이에요! 해장국 외에도 장터국밥이나 다른 국밥 메뉴도 있더라구요👍"
연마백,김밥,예약 없이 이용,대기 시간 바로 입장,일상,연인・배우자,혼밥하기 좋아요,재료가 신선해요,양이 많아요,특별한 메뉴가 있어요,친절해요,"왕십리 코끼리김밥원래 식물원김밥이었던 곳이 코끼리 김밥으로 바뀌었어요. 메뉴는 그대로인것 같은데..? 사장님도 바뀌신 것 같아 방문했습니다.밥없는 계란 야채 코끼리롤(이하 밥없롤.. 9,000원), 명란김밥(6,000원), 그리고 라면(5,000원)을 주문했어요.밥없롤은 엄청 푸짐하고 아보카도나 고급 크래미, 통계란같은 좋은 재료가 짱짱하게 들어가서 좋아하는 분들이 많을 것 같아요. 전 명란김밥 쪽이 더 밸런스가 좋은 느낌이었습니다ㅎㅎ 간판은 바뀌었지만 맛은 그대로라 신기했어요! 사장님은 더 친절하십니다👍"
연마백,피자,예약 없이 이용,대기 시간 바로 입장,친목,친구,음식이 맛있어요,양이 많아요,특별한 메뉴가 있어요,0,0,"옥수 더코너키친.빠네 쿨라텔로 파스타와 뽈로 인살라타 샐러드를 주문했어요.먼저 샐러드가 나왔는데, 그냥 저속노화용으로 별 생각없이 주문했던지라 기대를 안 했거든요.. 근데 너무 맛있었어요😍 제가 최근 먹은 샐러드 중 제일..! 재료 하나하나 조리법도 다른것 같고 다양한 온도감과 식감을 즐길 수 있는 샐러드였어요. 파스타는 피자 도우 안에 들어있었는데, 저 빵이 정말 맛있었어요. 파스타랑도 잘 어울렸지만, 샐러드를 넣어서 샌드위치처럼 먹으니 더 맛있었습니다.음료는 바질토마토에이드를 주문했는데, 그것까지 아주 맘에 들었어요.(진을 한 샷 정도 넣고 싶었습니다..😇) 친구랑 저 둘 다 대만족! 하고 나온 곳이에요. 특히 뽈로 인살라타 샐러드.. 강추합니다👍"
연마백,김밥,예약 없이 이용,대기 시간 10분 이내 ,일상,혼자,음식이 맛있어요,가성비가 좋아요,매장이 넓어요,혼밥하기 좋아요,주차하기 편해요,왕십리 남다른김밥.왕십리역 엔터식스 푸드코트에 있는 분식집입니다. 이 날 김밥이 너무너무 먹고싶어서 여기서 기본 김밥과 참치 김밥을 포장해왔어요ㅎㅎ 요즘 김밥 가격도 많이 올랐는데 여긴 3~4천원대라 상대적으로 저렴하게 느껴집니다..김밥 비주얼은 꽤 괜찮았어요! 가격 대비 재료가 푸짐하게 들어간 것 같고.. 시금치 우엉 당근 등 클래식한 김밥의 구성이라 호감이었습니다..푸드코트 내 식당이라 맛은 크게 기대하지 않았는데 의외로 넘 괜찮던데요?? 맛있는 집김밥 느낌이었어요. 밥이나 재료 간도 맘에 들었습니다ㅎㅎ 앞으로 자주 갈 것 같아요👍
연마백,"순대,순댓국",예약 없이 이용,대기 시간 바로 입장,일상,연인・배우자,음식이 맛있어요,잡내가 적어요,친절해요,매장이 청결해요,혼밥하기 좋아요,신당 강창구 찹쌀 진순대.황학사거리에 새로운 식당이 생기는 듯해 뭘까 궁금했는데 순대국집이라 넘 설레더라구요! 역시 새로 생긴 매장이라 그런지 실내가 깔끔하고 직원분이 친절해서 좋았습니다. 기본 순대국을 주문했는데 진한 사골 국물 베이스에 다대기가 미리 들어가 있네요. 처음부터 다 섞지 말고 다른 곳에 덜어놓은 후 조금씩 추가하면 취향에 맞게 먹을 수 있을 듯 합니다.고기와 순대도 섭섭하지 않게 들어있고.. 잡내 없이 깔끔한 스타일이었어요.쾌적한 곳에서 보장된 맛의 순대국을 먹을 수 있는 곳이에요👍
연마백,바(BAR),예약 없이 이용,대기 시간 바로 입장,기념일,"연인・배우자, 부모님",인테리어가 멋져요,음악이 좋아요,뷰가 좋아요,술이 다양해요,특별한 메뉴가 있어요,을지로 웜비어위캔드.청계천 지나다닐 때마다 2층 창 너머로 보이는 매장 분위기가 너무 좋아보여서 궁금했던 곳이에요. 부모님 모시고 방문했는데 모두가 분위기에 만족했던 곳! 해질녘에 갔던지라 노을지는 청계천을 바라보며 한 잔 할 수 있었습니다.버드 오브 프레이라는 논알콜 맥주가 의외로 너무 맛있고 퀄이 좋아서 신기했어요. 생맥주나 칵테일도 괜찮고.. 매장 분위기와 위치가 아주 좋아서 담에 또 오고 싶은 곳입니다👍
연마백,중식당,예약 후 이용,대기 시간 바로 입장,기념일,"연인・배우자, 부모님",음식이 맛있어요,특별한 메뉴가 있어요,친절해요,특별한 날 가기 좋아요,인테리어가 멋져요,"아부지 생신 기념 식사로.. 좋아하시는 북경오리집에 다녀왔습니다. 덕후선생 광화문점은 처음 가봤는데 주차도 편하고 매징이 깔끔해서 좋더라구요. 북경오리 한마리는 미리 예약해뒀고, 추가로 쯔란갈비, 사천식조개볶음, 굴소스채소볶음(공심채), 홍게포개반을 주문했어요. 평일 얼리타임? 예약 서비스로 홍유초수 한 그릇도 서비스로 받고.. 콜키지가 되어 와인도 한 병 가져왔습니다ㅎㅎ오랜만에 먹지만 역시나 좋았어요. 북경오리도 오리지만 사천식 조개볶음이 진짜 맛있더라구요..! 면 추가해서 비벼먹으면 극락.. 생일자이신 아부지도 대만족하시고 일행 모두 맛있게 먹었습니다ㅎㅎ 직원분들도 친절하시고.. 좋은 시간이었어요🤗"
연마백,베이커리,예약 없이 이용,대기 시간 30분 이내,여행,친구,친절해요,빵이 맛있어요,특별한 메뉴가 있어요,가성비가 좋아요,0,"친구들이 생귤시루 산대서.. 덩달아 오픈런을 하게 되었습니다. 보냉백이나 케익보관함 등을 이용할수도 있었지만, 저는 서울까지 과연 생크림이 멀쩡할까 우려되어 호두파이, 마들렌, 치즈스콘 등 상온보관이 가능한 제품들만 구매했어요ㅎㅎ생귤시루가 부담스러운 사람들을 위한 미니 귤케이크, 퍼귤도 괜찮아 보였습니다!오픈 시간에도 사람들이 웨이팅을 하고 있었는데.. 에어컨도 틀어주고 부채도 나눠주고 양산도 나눠주는 성심당 직원들의 모습에서 성심을 느꼈습니다(?)맛이야 뭐든 평타 이상이고 가격이 저렴해서 정말 좋은 곳 같아요."
연마백,카페,예약 없이 이용,대기 시간 바로 입장,여행,친구,대화하기 좋아요,친절해요,매장이 청결해요,특별한 메뉴가 있어요,0,"대전 오시우 커피.휴일의 중앙로는 어딜 가도 사람이 많네요.. 일사병 걸리기 직전(여름에 방문했던지라..) 겨우 발견한 꽤 규모가 있어 앉을 자리가 남아있던 카페입니다.시그니처는 아이스크림이 올라간 비주얼이 좋은 음료였는데, 더워서 그냥 커피를 마셨어요ㅎㅎ 핸드드립 원두도 꽤 다양하고 디카페인도 있어 좋았습니다!"
연마백,독립서점,0,0,0,0,베스트셀러가 많아요,독특한 책이 많아요,시설이 깔끔해요,카페 같은 분위기에요,0,대전 다다르다.이번 대전여행에서도 방문한 다다르다. 요번엔 핸드드립을 한 잔 마셔봤는데.. 2박3일 여행 중 입에 들어갔던 모든 것들 중에 가장 맛있었어요🥺💕 원두는 에콰도르 cvm 워시드였는데 이런 맛난 커피를 6천원에 마실 수 있다니 참 좋았어요.관심가는 책은 많았는데 무거워서 못 산게 좀 아쉽네요.. 담에 대전 또 오면 이곳 방문을 마지막으로 해야겠어요ㅎㅎ
연마백,베이커리,예약 없이 이용,대기 시간 30분 이내,여행,친구,빵이 맛있어요,가성비가 좋아요,친절해요,0,0,대전 성심당 본점.저번 방문때 넘 늦게 와서 몇 종류 못 사간게 아쉬워서.. 이번엔 일찍 왔어요. 역시 오전에 오니 여러 종류의 빵이 많이 있어서 기뻤습니다! 다만 원하는 빵이 제가 들어간 시간에 나온다는 보장이 없으므로.. 그냥 마주친 빵을 웅명이려니 하고 집어왔어요ㅋㅋ이번에 먹은 것 중 가장 좋았던 건 명란바게트와 초코튀소였습니다! 초코튀소는 과하지 않을까 했는데.. 과하면서 맛있어서 좋더라구요. 가속노화 풀악셀 밟는 맛이었어요💁‍♀️ 눈에 보이시면 하나쯤은 드셔보셔도 좋을 듯 합니다ㅎㅎ
연마백,카페,예약 없이 이용,대기 시간 바로 입장,친목,친구,특별한 메뉴가 있어요,매장이 넓어요,아늑해요,0,0,"세종 제주도화.세종시에서 느끼는 제주도의 감성..?! 친구들과 함께 방문했는데, 아기자기한 감성이 괜찮았던 카페에요. 제주도 기념품을 판매중인게 뭔가 재밌었던..ㅋㅋ 커피보다는 차 종류가 더 전문인것 같았습니다. 아아는 고소했어요~"
연마백,"육류,고기요리",예약 없이 이용,대기 시간 바로 입장,기념일,친척・형제,직접 잘 구워줘요,0,0,0,0,"매우 만족하고 왔어요. 고기 퀄리티가 다 좋더라구요! 가격 대비 양이나 질이 괜찮고 고기를 다 구워주셔서 좋았어요. 빗살로스는 제가 바라던 그 기름짐.. 식감도 좋고 맛있었어요. 안창살은 첨에 비주얼 보고 흠 했는데 구워보니 빗살로스보다 부드럽고 육향이 진해 더 맘에 들었습니다. 양념 고기로는 LA갈비를 주문했는데, 제가 지금까지 먹었던 LA갈비 중 가장 두툼해서 신기했습니다. 요렇게 두껍게 구워먹으니 스테이크같고 왠지 더 맛있게 느껴졌어요.육회비빔밥과 미역국도 굿👍 공기밥에 윤기가 자르르한게 한 그릇 더 먹고 싶었습니다."
연마백,"칼국수,만두",예약 없이 이용,대기 시간 바로 입장,일상,연인・배우자,매장이 넓어요,음식이 맛있어요,양이 많아요,특별한 메뉴가 있어요,0,"왕십리 꿩칼국수.감기로 몇 주 고생했더니 평소에 잘 안 먹는 칼국수가 생각나더라구요. 주말 마무리로 오리고기에 꿩칼국수 먹으러 방문했습니다.단품으로 주문해도 좋지만, 오리고기를 구워먹으면 후식 칼국수를 내어주셔서 고기를 드시는 걸 추천해요! 저도 오리 2인분을 주문했는데 배를 땅땅 두드리며 나올 수 있었습니다.오리구이도 맛있고, 반찬들도 같이 구워먹기 맛있더라구요. 볶음밥도 많이 해 드시던데, 위장 용량 이슈로 포기했습니다.칼국수 국물이 진하고 참 맛이 좋더라구요. 면 식감도 굿입니다! 감기가 싹 내려가는 기분~ 담에 오면 꿩만두도 한 번 먹어보고 싶어요👍"
연마백,분식,예약 없이 이용,대기 시간 바로 입장,여행,연인・배우자,매장이 청결해요,음식이 맛있어요,특별한 메뉴가 있어요,0,0,속초 최대섭김밥.멍게김밥이 있대서 너무 가보고 싶던 곳.. 이번 속초여행에서 염원을 이루었습니다. 김밥 한 줄을 반반으로 주문할 수 있어서 넘 좋네요! 멍게 반 명태회 반으로 주문했습니다.한 줄이 꽤 묵직했는데.. 나중에 먹을 때 보니 정말 속이 꽉 차 있고 김밥 모양이 넘 예쁘더라구요ㅎㅎ 김밥 마는 법 배우고 싶었어요.오이나 당근 간이 세지 않고 식감이 아삭아삭해서 산뜻한 김밥이었어요. 멍게김밥에선 멍게 향이 은은히 났는데 바다 느낌 나서 좋았어요.
연마백,"카페,디저트",예약 없이 이용,대기 시간 바로 입장,여행,연인・배우자,커피가 맛있어요,특별한 메뉴가 있어요,친절해요,인테리어가 멋져요,뷰가 좋아요,"속초 보사노바 커피 로스터스.맛난 커피가 마시고 싶어 찾아간 속초 보사노바 커피 로스터스. 에티오피아 예가체프 내추럴과 과테말라 엘소코로 레드 버번을 주문했어요. 직원분이 원두 설명을 잘 해 주셨고, 노트에 적힌 느낌을 받을 수 있어 좋았습니다. 바다에서도 가깝고 저 멀리 대관람차가 보여 분위기도 묘하게 좋았던 곳입니다."
연마백,"순대,순댓국",예약 없이 이용,대기 시간 바로 입장,여행,연인・배우자,매장이 넓어요,음식이 맛있어요,양이 많아요,특별한 메뉴가 있어요,친절해요,"속초 아바이마을 나룻배식당.순대를 엄청 좋아해서 아바이마을에 꼭 가보고 싶었는데, 이번 속초 여행에서 소원 성취 하였습니다!매장 규모는 큰 편이고, 오징어순대, 아바이순대, 생선구이, 홍게라면 등을 판매해요. 다 맛있어 보였지만 제가 국밥충이라 아바이순대국밥 하나씩과 오징어순대 작은 걸 주문했습니다.오징어순대는 확실히 서울에서 먹는 것보다 맛있었어요ㅎㅎ 오징어 부드럽고 속 맛있고.. 그리고 순대국밥이 엄청 푸짐해서 좋았습니다. 먹어도 먹어도 끝없이 나와요.. 국물도 제 취향이고, 동네에 있었으면 단골 되었을 것 같습니다."
연마백,햄버거,예약 없이 이용,대기 시간 바로 입장,일상,연인・배우자,혼밥하기 좋아요,매장이 청결해요,음식이 빨리 나와요,음식이 맛있어요,특별한 메뉴가 있어요,왕십리 벤티버거.집근처에 새로 버거집 생겨서 벼르다 방문했는데.. 이제 여기 정착할 것 같아요😍 패티가 근-본 스타일.. 리치하지만 느끼하진 않고 버거 간(?)도 맛있게 좋았습니다. 개인 취향으로 요 근방에서 젤 맛있는 버거집이네요👍
연마백,돼지고기구이,예약 없이 이용,대기 시간 바로 입장,일상,연인・배우자,직접 잘 구워줘요,음식이 맛있어요,고기 질이 좋아요,특별한 메뉴가 있어요,매장이 넓어요,고기도 다 구워주시고 밑반찬도 하나하나 넘 맛있어요! 동네에서 고기 먹고싶을 때 가장 먼저 생각나는 곳입니다👍👍
연마백,샌드위치,포장·배달 이용,대기 시간 바로 입장,일상,혼자,친절해요,음식이 맛있어요,특별한 메뉴가 있어요,0,0,"신설동 모닝웨이.샌드위치를 좋아해서 가보고 싶던 곳이었는데, 오픈과 마감 시간이 다 빨라서 평일엔 못 가고.. 토요일 오전에 드디어 방문했습니다!브리치즈애플이나 딜 참치 등 색다른 메뉴도 있었는데 첫 방문이라 닭가슴살 아몬드 샌드위치를 주문했어요.가격대는 좀 있지 않나? 했는데 샌드위치 속이 꽤 알차고.. 너무너무 맛있어서 납득했습니다.닭가슴살은 아주 촉촉하고.. 약간 달달하고 크리미한 소스가 정말 맛있더라구요. 아몬드가 씹히는 느낌도 아주 좋았습니다.전메뉴 다 궁금한 곳이네요! 담주에도 또 가고 싶습니다ㅎㅎ"
연마백,"맥주,호프",예약 없이 이용,대기 시간 바로 입장,일상,연인・배우자,인테리어가 멋져요,친절해요,매장이 청결해요,술이 다양해요,특별한 메뉴가 있어요,마장동 메즈나인 브루잉 컴퍼니.궁금했던 도심 속 양조장! 2층 자리에서 내려다보이는 양조공간이 정말 멋져요. 브레이킹배드 월터의 작업실도 떠오르네요ㅎㅎ맥주 샘플러와 페퍼로니 피자를 주문했습니다. 샘플러에 번호도 붙여주시고 먹으면 좋은 순서대로 배열해주셔서 좋더라구요!
연마백,한식,예약 없이 이용,대기 시간 바로 입장,여행,연인・배우자,친절해요,매장이 청결해요,음식이 맛있어요,양이 많아요,특별한 메뉴가 있어요,강릉여행와서 먹은 첫끼! 양념도 넘 맛있고 타다끼가 부드러워서 넘 맛있게 먹었어요😍💕💕💕
연마백,"치킨,닭강정",포장·배달 이용,대기 시간 바로 입장,일상,연인・배우자,음식이 맛있어요,양이 많아요,0,0,0,왕십리 왕초바베큐여긴 사실 매장에 가보고 싶었는데.. 기력없음 이슈로 배달을 시켰네요. 생맥주도 배달해주셔서 감사합니다..😇순살 숯불양념바베큐 보통맛에 우동사리를 추가했는데 제대로 숯불에 구워낸 느낌이었습니다. 맛있긴 한데 매장에서 바로 생맥주랑 먹으면 훨씬 맛있을 것 같습니다!
연마백,카페,예약 없이 이용,대기 시간 바로 입장,일상,연인・배우자,인테리어가 멋져요,음악이 좋아요,친절해요,커피가 맛있어요,디저트가 맛있어요,"신설동 파일드.요즘.. 모든 부분에서 훌륭한 자질을 가진 그런 사람을 육각형의 인간이라고 부르던데, 저한테는 신설동 카페 파일드가 딱 그런 느낌!커피: 존맛 필터커피가 나옴디저트: 완성도높고 독특한 스타일음악: 분위기에 맞는 흑인음악 위주인테리어: 우드톤/힙한 가구와 색감/식물들서비스: 친절하심위치: 성북천 옆..이러면 육각형의 카페 아닌가요? 여튼 저는 진짜 맘에 쏙 들었습니다^^* 에티오피아 버그 우가 진짜 맛있었어요. 정말 환하고 진한 향이 오래 남더라구요. 꽃과 과일 향을 좋아한다면 진짜 마음에 들 만한 커피. 산미도 부드럽게 느껴지구요~"
연마백,양식,예약 없이 이용,대기 시간 바로 입장,일상,연인・배우자,친절해요,아늑해요,음식이 맛있어요,특별한 메뉴가 있어요,0,"신설동 오모.열무 페스토 스파게티, 참나물 명란 오일 스파게티와 디카페인 롱블랙, 탄산수를 주문했습니다. 워낙 파스타를 좋아해서 기대가 되었는데, 두 파스타 모두 특색있고 맛있어서 소스까지 싹싹 긁어먹었어요ㅎㅎ열무로 만든 페스토가 과연 어떨까 싶었는데.. 은은한 맛과 향이 좋았어요. 함께 나온 수란과 레몬즙을 곁들여 먹으면 맛이 확 업그레이드가 됩니다!참나물 명란 파스타는 베스트 메뉴였는데, 한 입 먹고 납득했어요.. 향긋한 참나물과 명란의 조합이 좋더라구요.두 메뉴 다 무척 맘에 들었는데, 참나물 파스타가 조금 더 입맛에 맞았습니다ㅎㅎ 다른 메뉴도 다 궁금해지는 곳이에요😍"
연마백,해장국,예약 없이 이용,대기 시간 바로 입장,일상,연인・배우자,매장이 넓어요,혼밥하기 좋아요,친절해요,매장이 청결해요,음식이 맛있어요,"신설동 1억 해장국.선지랑 양이 들어간 우거지해장국을 파는 해장국집을 발견해서 방문해보았습니다. 내부가 깔끔하고 직원분이 정말정말x3 친절하셔서 기분좋게 식사할 수 있었어요.양선지해장국과 우거지해장국을 주문했는데, 우거지해장국에는 고기가 없고 버섯과 야채만 들어간다고 합니다! 저는 양과 선지를 좋아해서 양선지를 주문했는데 양이 꽤 푸짐하네요ㅎㅎ 국밥 맛도 좋았습니다.동묘 쪽에서 깔끔하게 국밥 드시고 싶다면 방문할만한 곳이에요! 해장국 외에도 장터국밥이나 다른 국밥 메뉴도 있더라구요👍"
연마백,김밥,예약 없이 이용,대기 시간 바로 입장,일상,연인・배우자,혼밥하기 좋아요,재료가 신선해요,양이 많아요,특별한 메뉴가 있어요,친절해요,"왕십리 코끼리김밥원래 식물원김밥이었던 곳이 코끼리 김밥으로 바뀌었어요. 메뉴는 그대로인것 같은데..? 사장님도 바뀌신 것 같아 방문했습니다.밥없는 계란 야채 코끼리롤(이하 밥없롤.. 9,000원), 명란김밥(6,000원), 그리고 라면(5,000원)을 주문했어요.밥없롤은 엄청 푸짐하고 아보카도나 고급 크래미, 통계란같은 좋은 재료가 짱짱하게 들어가서 좋아하는 분들이 많을 것 같아요. 전 명란김밥 쪽이 더 밸런스가 좋은 느낌이었습니다ㅎㅎ 간판은 바뀌었지만 맛은 그대로라 신기했어요! 사장님은 더 친절하십니다👍"
연마백,피자,예약 없이 이용,대기 시간 바로 입장,친목,친구,음식이 맛있어요,양이 많아요,특별한 메뉴가 있어요,0,0,"옥수 더코너키친.빠네 쿨라텔로 파스타와 뽈로 인살라타 샐러드를 주문했어요.먼저 샐러드가 나왔는데, 그냥 저속노화용으로 별 생각없이 주문했던지라 기대를 안 했거든요.. 근데 너무 맛있었어요😍 제가 최근 먹은 샐러드 중 제일..! 재료 하나하나 조리법도 다른것 같고 다양한 온도감과 식감을 즐길 수 있는 샐러드였어요. 파스타는 피자 도우 안에 들어있었는데, 저 빵이 정말 맛있었어요. 파스타랑도 잘 어울렸지만, 샐러드를 넣어서 샌드위치처럼 먹으니 더 맛있었습니다.음료는 바질토마토에이드를 주문했는데, 그것까지 아주 맘에 들었어요.(진을 한 샷 정도 넣고 싶었습니다..😇) 친구랑 저 둘 다 대만족! 하고 나온 곳이에요. 특히 뽈로 인살라타 샐러드.. 강추합니다👍"
연마백,김밥,예약 없이 이용,대기 시간 10분 이내 ,일상,혼자,음식이 맛있어요,가성비가 좋아요,매장이 넓어요,혼밥하기 좋아요,주차하기 편해요,왕십리 남다른김밥.왕십리역 엔터식스 푸드코트에 있는 분식집입니다. 이 날 김밥이 너무너무 먹고싶어서 여기서 기본 김밥과 참치 김밥을 포장해왔어요ㅎㅎ 요즘 김밥 가격도 많이 올랐는데 여긴 3~4천원대라 상대적으로 저렴하게 느껴집니다..김밥 비주얼은 꽤 괜찮았어요! 가격 대비 재료가 푸짐하게 들어간 것 같고.. 시금치 우엉 당근 등 클래식한 김밥의 구성이라 호감이었습니다..푸드코트 내 식당이라 맛은 크게 기대하지 않았는데 의외로 넘 괜찮던데요?? 맛있는 집김밥 느낌이었어요. 밥이나 재료 간도 맘에 들었습니다ㅎㅎ 앞으로 자주 갈 것 같아요👍
연마백,"순대,순댓국",예약 없이 이용,대기 시간 바로 입장,일상,연인・배우자,음식이 맛있어요,잡내가 적어요,친절해요,매장이 청결해요,혼밥하기 좋아요,신당 강창구 찹쌀 진순대.황학사거리에 새로운 식당이 생기는 듯해 뭘까 궁금했는데 순대국집이라 넘 설레더라구요! 역시 새로 생긴 매장이라 그런지 실내가 깔끔하고 직원분이 친절해서 좋았습니다. 기본 순대국을 주문했는데 진한 사골 국물 베이스에 다대기가 미리 들어가 있네요. 처음부터 다 섞지 말고 다른 곳에 덜어놓은 후 조금씩 추가하면 취향에 맞게 먹을 수 있을 듯 합니다.고기와 순대도 섭섭하지 않게 들어있고.. 잡내 없이 깔끔한 스타일이었어요.쾌적한 곳에서 보장된 맛의 순대국을 먹을 수 있는 곳이에요👍
연마백,바(BAR),예약 없이 이용,대기 시간 바로 입장,기념일,"연인・배우자, 부모님",인테리어가 멋져요,음악이 좋아요,뷰가 좋아요,술이 다양해요,특별한 메뉴가 있어요,을지로 웜비어위캔드.청계천 지나다닐 때마다 2층 창 너머로 보이는 매장 분위기가 너무 좋아보여서 궁금했던 곳이에요. 부모님 모시고 방문했는데 모두가 분위기에 만족했던 곳! 해질녘에 갔던지라 노을지는 청계천을 바라보며 한 잔 할 수 있었습니다.버드 오브 프레이라는 논알콜 맥주가 의외로 너무 맛있고 퀄이 좋아서 신기했어요. 생맥주나 칵테일도 괜찮고.. 매장 분위기와 위치가 아주 좋아서 담에 또 오고 싶은 곳입니다👍
연마백,중식당,예약 후 이용,대기 시간 바로 입장,기념일,"연인・배우자, 부모님",음식이 맛있어요,특별한 메뉴가 있어요,친절해요,특별한 날 가기 좋아요,인테리어가 멋져요,"아부지 생신 기념 식사로.. 좋아하시는 북경오리집에 다녀왔습니다. 덕후선생 광화문점은 처음 가봤는데 주차도 편하고 매징이 깔끔해서 좋더라구요. 북경오리 한마리는 미리 예약해뒀고, 추가로 쯔란갈비, 사천식조개볶음, 굴소스채소볶음(공심채), 홍게포개반을 주문했어요. 평일 얼리타임? 예약 서비스로 홍유초수 한 그릇도 서비스로 받고.. 콜키지가 되어 와인도 한 병 가져왔습니다ㅎㅎ오랜만에 먹지만 역시나 좋았어요. 북경오리도 오리지만 사천식 조개볶음이 진짜 맛있더라구요..! 면 추가해서 비벼먹으면 극락.. 생일자이신 아부지도 대만족하시고 일행 모두 맛있게 먹었습니다ㅎㅎ 직원분들도 친절하시고.. 좋은 시간이었어요🤗"
연마백,베이커리,예약 없이 이용,대기 시간 30분 이내,여행,친구,친절해요,빵이 맛있어요,특별한 메뉴가 있어요,가성비가 좋아요,0,"친구들이 생귤시루 산대서.. 덩달아 오픈런을 하게 되었습니다. 보냉백이나 케익보관함 등을 이용할수도 있었지만, 저는 서울까지 과연 생크림이 멀쩡할까 우려되어 호두파이, 마들렌, 치즈스콘 등 상온보관이 가능한 제품들만 구매했어요ㅎㅎ생귤시루가 부담스러운 사람들을 위한 미니 귤케이크, 퍼귤도 괜찮아 보였습니다!오픈 시간에도 사람들이 웨이팅을 하고 있었는데.. 에어컨도 틀어주고 부채도 나눠주고 양산도 나눠주는 성심당 직원들의 모습에서 성심을 느꼈습니다(?)맛이야 뭐든 평타 이상이고 가격이 저렴해서 정말 좋은 곳 같아요."
연마백,카페,예약 없이 이용,대기 시간 바로 입장,여행,친구,대화하기 좋아요,친절해요,매장이 청결해요,특별한 메뉴가 있어요,0,"대전 오시우 커피.휴일의 중앙로는 어딜 가도 사람이 많네요.. 일사병 걸리기 직전(여름에 방문했던지라..) 겨우 발견한 꽤 규모가 있어 앉을 자리가 남아있던 카페입니다.시그니처는 아이스크림이 올라간 비주얼이 좋은 음료였는데, 더워서 그냥 커피를 마셨어요ㅎㅎ 핸드드립 원두도 꽤 다양하고 디카페인도 있어 좋았습니다!"
연마백,독립서점,0,0,0,0,베스트셀러가 많아요,독특한 책이 많아요,시설이 깔끔해요,카페 같은 분위기에요,0,대전 다다르다.이번 대전여행에서도 방문한 다다르다. 요번엔 핸드드립을 한 잔 마셔봤는데.. 2박3일 여행 중 입에 들어갔던 모든 것들 중에 가장 맛있었어요🥺💕 원두는 에콰도르 cvm 워시드였는데 이런 맛난 커피를 6천원에 마실 수 있다니 참 좋았어요.관심가는 책은 많았는데 무거워서 못 산게 좀 아쉽네요.. 담에 대전 또 오면 이곳 방문을 마지막으로 해야겠어요ㅎㅎ
연마백,베이커리,예약 없이 이용,대기 시간 30분 이내,여행,친구,빵이 맛있어요,가성비가 좋아요,친절해요,0,0,대전 성심당 본점.저번 방문때 넘 늦게 와서 몇 종류 못 사간게 아쉬워서.. 이번엔 일찍 왔어요. 역시 오전에 오니 여러 종류의 빵이 많이 있어서 기뻤습니다! 다만 원하는 빵이 제가 들어간 시간에 나온다는 보장이 없으므로.. 그냥 마주친 빵을 웅명이려니 하고 집어왔어요ㅋㅋ이번에 먹은 것 중 가장 좋았던 건 명란바게트와 초코튀소였습니다! 초코튀소는 과하지 않을까 했는데.. 과하면서 맛있어서 좋더라구요. 가속노화 풀악셀 밟는 맛이었어요💁‍♀️ 눈에 보이시면 하나쯤은 드셔보셔도 좋을 듯 합니다ㅎㅎ
연마백,카페,예약 없이 이용,대기 시간 바로 입장,친목,친구,특별한 메뉴가 있어요,매장이 넓어요,아늑해요,0,0,"세종 제주도화.세종시에서 느끼는 제주도의 감성..?! 친구들과 함께 방문했는데, 아기자기한 감성이 괜찮았던 카페에요. 제주도 기념품을 판매중인게 뭔가 재밌었던..ㅋㅋ 커피보다는 차 종류가 더 전문인것 같았습니다. 아아는 고소했어요~"
