﻿nickname,restaurant,reservation,waiting,purpose,withwho,tagging_1,tagging_2,tagging_3,tagging_4,tagging_5,content
순진한깜박,"우동,소바",예약 없이 이용,대기 시간 바로 입장,데이트,연인・배우자,음식이 맛있어요,0,0,0,0,저녁 6시 30분에 웨이팅 없이 입장새우튀김도 바삭바삭 맛있고우동들도 만족메뉴가 다양해서 전부 먹어보고 싶네요
순진한깜박,베이커리,예약 없이 이용,대기 시간 바로 입장,데이트,연인・배우자,빵이 맛있어요,음료가 맛있어요,특별한 메뉴가 있어요,사진이 잘 나와요,대화하기 좋아요,감자빵이 이렇게 맛있는줄 몰랐네요현장에서는 치즈감자빵도 나오는데 타이밍이 잘맞아야합니다.감자라떼는 감자맛은 거의안나고연한데 부드럽고 좋았음.
순진한깜박,닭갈비,예약 없이 이용,대기 시간 10분 이내 ,데이트,연인・배우자,음식이 맛있어요,가성비가 좋아요,매장이 넓어요,단체모임 하기 좋아요,친절해요,춘천 근방에 들릴때마다 오는집철판닭갈비는 여기다질기지 않고 촉촉하고 감칠맛이 내스타일양푼물막국수도 추천
순진한깜박,종합분식,예약 없이 이용,대기 시간 바로 입장,일상,혼자,음식이 맛있어요,가성비가 좋아요,혼밥하기 좋아요,매장이 청결해요,0,당산역 터줏대감어떤 메뉴라도 보통 이상은 갑니다24시간 운영하는 분식언제가도 혼밥족이 많음야밤에 출출하면 생각남 배달도 가능
순진한깜박,냉면,예약 없이 이용,대기 시간 바로 입장,친목,연인・배우자,음식이 맛있어요,양이 많아요,건강한 맛이에요,혼밥하기 좋아요,0,해산물 베이스의 진주냉면을맛볼 수 있는곳개인적으로 육전이 땡긴다면 비냉이랑먹는걸 추천합니다이곳은 주문은 키오스크로음식수령과 반납은 셀프직원분들이 친절
순진한깜박,죽,예약 없이 이용,대기 시간 바로 입장,일상,혼자,음식이 맛있어요,양이 많아요,건강한 맛이에요,혼밥하기 좋아요,매장이 청결해요,로제해물죽 시켰는데양도 많고 맛있게 먹었습니다죽이 필요할때 항상 애용하는곳선불입니다!
순진한깜박,"전,빈대떡",예약 없이 이용,대기 시간 바로 입장,데이트,연인・배우자,음식이 맛있어요,양이 많아요,가성비가 좋아요,매장이 넓어요,단체모임 하기 좋아요,"1차보다는 2차로 많이 가는 곳각종 전과 튀김을 먹고싶은대로바구니에 집을 수 있다녹두전과 육전, 새우튀김을 주로 고르는편위장이 남는다면 떡볶이를 시켜 국물에찍어먹는것도 별미비오는날은 북적북적하다"
순진한깜박,한식,예약 없이 이용,대기 시간 바로 입장,데이트,연인・배우자,음식이 맛있어요,양이 많아요,가성비가 좋아요,매장이 넓어요,혼밥하기 좋아요,공덕에서 이미 유명한김치찌개&제육볶음 식당둘이서 메뉴 하나씩 시켜공기밥 슥슥 먹는 소소한 즐거움이 있다김치찌개는 간이 센걸 보니 묵은지?
순진한깜박,국밥,예약 없이 이용,대기 시간 바로 입장,데이트,연인・배우자,음식이 맛있어요,건강한 맛이에요,혼밥하기 좋아요,친절해요,0,돼지국밥 특으로 먹었습니다양이 되게 많네요자극적이지 않고 좋은 끼니였습니다
순진한깜박,이자카야,예약 없이 이용,대기 시간 바로 입장,데이트,연인・배우자,음식이 맛있어요,특별한 메뉴가 있어요,대화하기 좋아요,친절해요,매장이 청결해요,2차로 오기 좋은 이자카야카에루는 개구리란 뜻그래서 개구리 요리가 있다;;선뜻 도전은 못하고 2인사시미랑마파두부 맛있게 먹었습니다북적이지만 응대 빠르고 친절
순진한깜박,"곱창,막창,양",예약 없이 이용,대기 시간 바로 입장,데이트,연인・배우자,재료가 신선해요,메뉴 구성이 알차요,직접 잘 구워줘요,0,0,곱창2 대창1로 시키고 호로록볶음밥1에 치즈추가 필수맛있게 먹었다사장님은 좀 예민하신편ㅋ
순진한깜박,두부요리,예약 없이 이용,대기 시간 바로 입장,데이트,연인・배우자,음식이 맛있어요,재료가 신선해요,가성비가 좋아요,혼밥하기 좋아요,아늑해요,이근방에서 순두부가 끌린다면주저없이 이곳으로 와야합니다밑반찬도 괜찮고 가성비 좋은 순두부가게막걸리 한잔하기도 좋아보임
순진한깜박,"카페,디저트",예약 없이 이용,대기 시간 바로 입장,데이트,연인・배우자,커피가 맛있어요,디저트가 맛있어요,인테리어가 멋져요,사진이 잘 나와요,대화하기 좋아요,"신당에서 정말 핫한 카페주문을 하면 진동벨과 숫자표를 주는데차례가 되면 해당 숫자박스에서 메뉴를 수령에스프레소와 디저트, 인테리어도 괜찮다5층까지 있는데 주말에 손님 진짜진짜 많음진동벨이 모자라면 피크타임에는 주문도 기다렸다 해야함 꼭 가고싶다면 자리부터 선점 추천그만큼 가볼만은 하다특별한 우편 서비스도 있습니다"
순진한깜박,일식당,예약 없이 이용,대기 시간 30분 이내,친목,친구,음식이 맛있어요,특별한 메뉴가 있어요,친절해요,매장이 청결해요,0,"사장님이 직접 장보신 싱싱한 원물들로구성되는 라꾸긴의 메뉴들저같은 경우는 우니진미, 가츠산도, 모듬사시미는 항상 시키는 편이고 가끔 안키모나 신규메뉴들도 좋아합니다. 소주도 좋지만 생맥주와 사케도 잘 어울리는편"
순진한깜박,중식당,예약 없이 이용,대기 시간 10분 이내 ,일상,혼자,음식이 맛있어요,양이 많아요,매장이 넓어요,혼밥하기 좋아요,0,이게 중식 볶음밥이다!라는 느낌이 물씬나는 맛집웨이팅이 상당했고1인은 합석하는 경우도 있다재방문 의사 있음
순진한깜박,일본식라면,예약 없이 이용,대기 시간 30분 이내,데이트,연인・배우자,음식이 맛있어요,양이 많아요,가성비가 좋아요,혼밥하기 좋아요,친절해요,점심때마다 웨이팅이 있어요마제류가 유명하고 라멘도 맛있습니다!마제소바는 맛보기 무료밥 제공
순진한깜박,일식당,예약 없이 이용,대기 시간 바로 입장,데이트,연인・배우자,음식이 맛있어요,재료가 신선해요,특별한 메뉴가 있어요,가성비가 좋아요,매장이 넓어요,성수 데이트 점심먹으러스시도쿠 왔습니다.회 숙성이 잘 되어있어서 초밥도 감칠맛 있고맛있네요! 재방문 의사 유
순진한깜박,피자,예약 없이 이용,대기 시간 바로 입장,데이트,연인・배우자,음식이 맛있어요,메뉴 구성이 알차요,매장이 넓어요,친절해요,매장이 청결해요,웨이팅 없이 자리잡고 주문했어요12시에 들어와서 식사 마치니 12시 40분쯤 됐네요치즈덕후라면 강추! 보기보다 간도 적당하고 풍부한 맛이 좋았습니다~ 한국식 피자맛집
순진한깜박,"곱창,막창,양",예약 없이 이용,대기 시간 바로 입장,데이트,연인・배우자,음식이 맛있어요,가성비가 좋아요,직접 잘 구워줘요,0,0,부산국제영화제 갔다가 간 곳노윤서 배우님도 방문한 식당이라 해요상상이상으로 고소하고 맛있었습니다덤으로 가성비도 최고대선 쭉쭉 들어갔네요
순진한깜박,"족발,보쌈",예약 없이 이용,대기 시간 바로 입장,데이트,연인・배우자,음식이 맛있어요,차분한 분위기에요,친절해요,매장이 청결해요,직접 잘 구워줘요,사장님 친절하시구 족발이랑 나오는 육수가 너무 좋았어요 가격도 좋아요!
순진한깜박,"카페,디저트",예약 없이 이용,대기 시간 바로 입장,데이트,연인・배우자,커피가 맛있어요,디저트가 맛있어요,사진이 잘 나와요,친절해요,매장이 청결해요,치즈 케이크 너무 맛있어요커피랑 잘 맞음
순진한깜박,"카페,디저트",예약 없이 이용,대기 시간 바로 입장,데이트,연인・배우자,커피가 맛있어요,디저트가 맛있어요,인테리어가 멋져요,뷰가 좋아요,매장이 넓어요,크리미 치즈 파이 취향저격고소한 아아까지
순진한깜박,냉면,예약 없이 이용,대기 시간 바로 입장,데이트,연인・배우자,음식이 맛있어요,특별한 메뉴가 있어요,인테리어가 멋져요,매장이 넓어요,친절해요,"홍대점은 처음이었습니다교대,은평한옥마을점 못지않게맛있고 친절하네요"
순진한깜박,이북음식,예약 없이 이용,대기 시간 바로 입장,친목,친구,음식이 맛있어요,가성비가 좋아요,메뉴 구성이 알차요,차분한 분위기에요,친절해요,개성이 뚜렷한 식당중면같은 면발과 간간한 육수다채로운 수육매력적인 곳이었다
순진한깜박,돈가스,예약 없이 이용,대기 시간 바로 입장,데이트,연인・배우자,음식이 맛있어요,양이 많아요,가성비가 좋아요,혼밥하기 좋아요,친절해요,전부 맛있어요행복한 한끼였습니다.
순진한깜박,"우동,소바",예약 없이 이용,대기 시간 바로 입장,데이트,연인・배우자,음식이 맛있어요,0,0,0,0,저녁 6시 30분에 웨이팅 없이 입장새우튀김도 바삭바삭 맛있고우동들도 만족메뉴가 다양해서 전부 먹어보고 싶네요
순진한깜박,베이커리,예약 없이 이용,대기 시간 바로 입장,데이트,연인・배우자,빵이 맛있어요,음료가 맛있어요,특별한 메뉴가 있어요,사진이 잘 나와요,대화하기 좋아요,감자빵이 이렇게 맛있는줄 몰랐네요현장에서는 치즈감자빵도 나오는데 타이밍이 잘맞아야합니다.감자라떼는 감자맛은 거의안나고연한데 부드럽고 좋았음.
순진한깜박,닭갈비,예약 없이 이용,대기 시간 10분 이내 ,데이트,연인・배우자,음식이 맛있어요,가성비가 좋아요,매장이 넓어요,단체모임 하기 좋아요,친절해요,춘천 근방에 들릴때마다 오는집철판닭갈비는 여기다질기지 않고 촉촉하고 감칠맛이 내스타일양푼물막국수도 추천
순진한깜박,종합분식,예약 없이 이용,대기 시간 바로 입장,일상,혼자,음식이 맛있어요,가성비가 좋아요,혼밥하기 좋아요,매장이 청결해요,0,당산역 터줏대감어떤 메뉴라도 보통 이상은 갑니다24시간 운영하는 분식언제가도 혼밥족이 많음야밤에 출출하면 생각남 배달도 가능
순진한깜박,냉면,예약 없이 이용,대기 시간 바로 입장,친목,연인・배우자,음식이 맛있어요,양이 많아요,건강한 맛이에요,혼밥하기 좋아요,0,해산물 베이스의 진주냉면을맛볼 수 있는곳개인적으로 육전이 땡긴다면 비냉이랑먹는걸 추천합니다이곳은 주문은 키오스크로음식수령과 반납은 셀프직원분들이 친절
순진한깜박,죽,예약 없이 이용,대기 시간 바로 입장,일상,혼자,음식이 맛있어요,양이 많아요,건강한 맛이에요,혼밥하기 좋아요,매장이 청결해요,로제해물죽 시켰는데양도 많고 맛있게 먹었습니다죽이 필요할때 항상 애용하는곳선불입니다!
순진한깜박,"전,빈대떡",예약 없이 이용,대기 시간 바로 입장,데이트,연인・배우자,음식이 맛있어요,양이 많아요,가성비가 좋아요,매장이 넓어요,단체모임 하기 좋아요,"1차보다는 2차로 많이 가는 곳각종 전과 튀김을 먹고싶은대로바구니에 집을 수 있다녹두전과 육전, 새우튀김을 주로 고르는편위장이 남는다면 떡볶이를 시켜 국물에찍어먹는것도 별미비오는날은 북적북적하다"
순진한깜박,한식,예약 없이 이용,대기 시간 바로 입장,데이트,연인・배우자,음식이 맛있어요,양이 많아요,가성비가 좋아요,매장이 넓어요,혼밥하기 좋아요,공덕에서 이미 유명한김치찌개&제육볶음 식당둘이서 메뉴 하나씩 시켜공기밥 슥슥 먹는 소소한 즐거움이 있다김치찌개는 간이 센걸 보니 묵은지?
순진한깜박,국밥,예약 없이 이용,대기 시간 바로 입장,데이트,연인・배우자,음식이 맛있어요,건강한 맛이에요,혼밥하기 좋아요,친절해요,0,돼지국밥 특으로 먹었습니다양이 되게 많네요자극적이지 않고 좋은 끼니였습니다
순진한깜박,이자카야,예약 없이 이용,대기 시간 바로 입장,데이트,연인・배우자,음식이 맛있어요,특별한 메뉴가 있어요,대화하기 좋아요,친절해요,매장이 청결해요,2차로 오기 좋은 이자카야카에루는 개구리란 뜻그래서 개구리 요리가 있다;;선뜻 도전은 못하고 2인사시미랑마파두부 맛있게 먹었습니다북적이지만 응대 빠르고 친절
순진한깜박,"곱창,막창,양",예약 없이 이용,대기 시간 바로 입장,데이트,연인・배우자,재료가 신선해요,메뉴 구성이 알차요,직접 잘 구워줘요,0,0,곱창2 대창1로 시키고 호로록볶음밥1에 치즈추가 필수맛있게 먹었다사장님은 좀 예민하신편ㅋ
순진한깜박,두부요리,예약 없이 이용,대기 시간 바로 입장,데이트,연인・배우자,음식이 맛있어요,재료가 신선해요,가성비가 좋아요,혼밥하기 좋아요,아늑해요,이근방에서 순두부가 끌린다면주저없이 이곳으로 와야합니다밑반찬도 괜찮고 가성비 좋은 순두부가게막걸리 한잔하기도 좋아보임
순진한깜박,"카페,디저트",예약 없이 이용,대기 시간 바로 입장,데이트,연인・배우자,커피가 맛있어요,디저트가 맛있어요,인테리어가 멋져요,사진이 잘 나와요,대화하기 좋아요,"신당에서 정말 핫한 카페주문을 하면 진동벨과 숫자표를 주는데차례가 되면 해당 숫자박스에서 메뉴를 수령에스프레소와 디저트, 인테리어도 괜찮다5층까지 있는데 주말에 손님 진짜진짜 많음진동벨이 모자라면 피크타임에는 주문도 기다렸다 해야함 꼭 가고싶다면 자리부터 선점 추천그만큼 가볼만은 하다특별한 우편 서비스도 있습니다"
순진한깜박,일식당,예약 없이 이용,대기 시간 30분 이내,친목,친구,음식이 맛있어요,특별한 메뉴가 있어요,친절해요,매장이 청결해요,0,"사장님이 직접 장보신 싱싱한 원물들로구성되는 라꾸긴의 메뉴들저같은 경우는 우니진미, 가츠산도, 모듬사시미는 항상 시키는 편이고 가끔 안키모나 신규메뉴들도 좋아합니다. 소주도 좋지만 생맥주와 사케도 잘 어울리는편"
순진한깜박,중식당,예약 없이 이용,대기 시간 10분 이내 ,일상,혼자,음식이 맛있어요,양이 많아요,매장이 넓어요,혼밥하기 좋아요,0,이게 중식 볶음밥이다!라는 느낌이 물씬나는 맛집웨이팅이 상당했고1인은 합석하는 경우도 있다재방문 의사 있음
순진한깜박,일본식라면,예약 없이 이용,대기 시간 30분 이내,데이트,연인・배우자,음식이 맛있어요,양이 많아요,가성비가 좋아요,혼밥하기 좋아요,친절해요,점심때마다 웨이팅이 있어요마제류가 유명하고 라멘도 맛있습니다!마제소바는 맛보기 무료밥 제공
순진한깜박,일식당,예약 없이 이용,대기 시간 바로 입장,데이트,연인・배우자,음식이 맛있어요,재료가 신선해요,특별한 메뉴가 있어요,가성비가 좋아요,매장이 넓어요,성수 데이트 점심먹으러스시도쿠 왔습니다.회 숙성이 잘 되어있어서 초밥도 감칠맛 있고맛있네요! 재방문 의사 유
순진한깜박,피자,예약 없이 이용,대기 시간 바로 입장,데이트,연인・배우자,음식이 맛있어요,메뉴 구성이 알차요,매장이 넓어요,친절해요,매장이 청결해요,웨이팅 없이 자리잡고 주문했어요12시에 들어와서 식사 마치니 12시 40분쯤 됐네요치즈덕후라면 강추! 보기보다 간도 적당하고 풍부한 맛이 좋았습니다~ 한국식 피자맛집
순진한깜박,"곱창,막창,양",예약 없이 이용,대기 시간 바로 입장,데이트,연인・배우자,음식이 맛있어요,가성비가 좋아요,직접 잘 구워줘요,0,0,부산국제영화제 갔다가 간 곳노윤서 배우님도 방문한 식당이라 해요상상이상으로 고소하고 맛있었습니다덤으로 가성비도 최고대선 쭉쭉 들어갔네요
순진한깜박,"족발,보쌈",예약 없이 이용,대기 시간 바로 입장,데이트,연인・배우자,음식이 맛있어요,차분한 분위기에요,친절해요,매장이 청결해요,직접 잘 구워줘요,사장님 친절하시구 족발이랑 나오는 육수가 너무 좋았어요 가격도 좋아요!
순진한깜박,"카페,디저트",예약 없이 이용,대기 시간 바로 입장,데이트,연인・배우자,커피가 맛있어요,디저트가 맛있어요,사진이 잘 나와요,친절해요,매장이 청결해요,치즈 케이크 너무 맛있어요커피랑 잘 맞음
순진한깜박,"카페,디저트",예약 없이 이용,대기 시간 바로 입장,데이트,연인・배우자,커피가 맛있어요,디저트가 맛있어요,인테리어가 멋져요,뷰가 좋아요,매장이 넓어요,크리미 치즈 파이 취향저격고소한 아아까지
순진한깜박,냉면,예약 없이 이용,대기 시간 바로 입장,데이트,연인・배우자,음식이 맛있어요,특별한 메뉴가 있어요,인테리어가 멋져요,매장이 넓어요,친절해요,"홍대점은 처음이었습니다교대,은평한옥마을점 못지않게맛있고 친절하네요"
순진한깜박,이북음식,예약 없이 이용,대기 시간 바로 입장,친목,친구,음식이 맛있어요,가성비가 좋아요,메뉴 구성이 알차요,차분한 분위기에요,친절해요,개성이 뚜렷한 식당중면같은 면발과 간간한 육수다채로운 수육매력적인 곳이었다
순진한깜박,돈가스,예약 없이 이용,대기 시간 바로 입장,데이트,연인・배우자,음식이 맛있어요,양이 많아요,가성비가 좋아요,혼밥하기 좋아요,친절해요,전부 맛있어요행복한 한끼였습니다.
