﻿nickname,restaurant,reservation,waiting,purpose,withwho,tagging_1,tagging_2,tagging_3,tagging_4,tagging_5,content
whrhwhdoo,"백반,가정식",예약 없이 이용,대기 시간 바로 입장,일상,혼자,음식이 맛있어요,0,0,0,0,친절하시고 맛있어요
whrhwhdoo,햄버거,예약 없이 이용,대기 시간 10분 이내 ,데이트,연인・배우자,음식이 맛있어요,재료가 신선해요,특별한 메뉴가 있어요,0,0,"클래식버거, 치즈버거, 어니언링, 감자튀김 주문했어요, 맛있어요! 전 나중에 소스 없이 먹어보고 싶어요 :)"
whrhwhdoo,베이커리,예약 없이 이용,대기 시간 10분 이내 ,데이트,연인・배우자,컨셉이 독특해요,0,0,0,0,가게 분위기가 자연도 소금빵이랑 비슷하더라구요물어보니까 자연도 소금빵에서 하는 곳이라고 합니다. 자연도 소금빵 같은 맛을 기대했는데 생각보다 퍽퍽하고 … 많이 아쉬웠어요자리를 이용하려면 음료 주문 필수라고 합니다
whrhwhdoo,아이스크림,예약 없이 이용,대기 시간 바로 입장,데이트,연인・배우자,디저트가 맛있어요,0,0,0,0,맛있어요
whrhwhdoo,마라탕,예약 없이 이용,대기 시간 바로 입장,데이트,연인・배우자,음식이 맛있어요,재료가 신선해요,양이 많아요,가성비가 좋아요,0,늦게까지 영업하고 맛있어요사장님께서 친절하십니다
whrhwhdoo,"치킨,닭강정",예약 없이 이용,대기 시간 바로 입장,데이트,연인・배우자,음식이 맛있어요,특별한 메뉴가 있어요,0,0,0,"19시에 방문해서 못먹을까봐 걱정했는데 다행히 맛있게 먹었습니다. 닭이 부드럽고 맛있어요. 육개장 컵라면이랑 같이 먹으면 더 맛있어요닭1마리에 17,000원, 라면 2,000원입니다"
whrhwhdoo,"육류,고기요리",예약 없이 이용,대기 시간 바로 입장,데이트,연인・배우자,음식이 맛있어요,고기 질이 좋아요,0,0,0,
whrhwhdoo,아이스크림,예약 없이 이용,대기 시간 바로 입장,데이트,연인・배우자,디저트가 맛있어요,사진이 잘 나와요,아늑해요,0,0,앉아서 먹고 갈 수 있어요맛있어요
whrhwhdoo,돈가스,예약 없이 이용,대기 시간 바로 입장,데이트,연인・배우자,음식이 맛있어요,양이 많아요,가성비가 좋아요,0,0,"2명 방문해서 K돈까스(10,000), 냉소바(7,000) 주문했어요. 양도 많고 친절하시고 깨끗해요"
whrhwhdoo,아시아음식,포장·배달 이용,대기 시간 바로 입장,데이트,연인・배우자,음식이 맛있어요,현지 맛에 가까워요,0,0,0,나시고랭(13.0) 해물팟타이(14.0) 포장 주문했어요브레이크타임 없고 좋아요
whrhwhdoo,한식,예약 없이 이용,대기 시간 10분 이내 ,데이트,연인・배우자,음식이 맛있어요,가성비가 좋아요,0,0,0,"왕새우구이 1kg 48,000원입니다4인 방문 2kg 주문했어요"
whrhwhdoo,"백반,가정식",예약 없이 이용,대기 시간 바로 입장,일상,혼자,음식이 맛있어요,0,0,0,0,친절하시고 맛있어요
whrhwhdoo,햄버거,예약 없이 이용,대기 시간 10분 이내 ,데이트,연인・배우자,음식이 맛있어요,재료가 신선해요,특별한 메뉴가 있어요,0,0,"클래식버거, 치즈버거, 어니언링, 감자튀김 주문했어요, 맛있어요! 전 나중에 소스 없이 먹어보고 싶어요 :)"
whrhwhdoo,베이커리,예약 없이 이용,대기 시간 10분 이내 ,데이트,연인・배우자,컨셉이 독특해요,0,0,0,0,가게 분위기가 자연도 소금빵이랑 비슷하더라구요물어보니까 자연도 소금빵에서 하는 곳이라고 합니다. 자연도 소금빵 같은 맛을 기대했는데 생각보다 퍽퍽하고 … 많이 아쉬웠어요자리를 이용하려면 음료 주문 필수라고 합니다
whrhwhdoo,아이스크림,예약 없이 이용,대기 시간 바로 입장,데이트,연인・배우자,디저트가 맛있어요,0,0,0,0,맛있어요
whrhwhdoo,마라탕,예약 없이 이용,대기 시간 바로 입장,데이트,연인・배우자,음식이 맛있어요,재료가 신선해요,양이 많아요,가성비가 좋아요,0,늦게까지 영업하고 맛있어요사장님께서 친절하십니다
whrhwhdoo,"치킨,닭강정",예약 없이 이용,대기 시간 바로 입장,데이트,연인・배우자,음식이 맛있어요,특별한 메뉴가 있어요,0,0,0,"19시에 방문해서 못먹을까봐 걱정했는데 다행히 맛있게 먹었습니다. 닭이 부드럽고 맛있어요. 육개장 컵라면이랑 같이 먹으면 더 맛있어요닭1마리에 17,000원, 라면 2,000원입니다"
whrhwhdoo,"육류,고기요리",예약 없이 이용,대기 시간 바로 입장,데이트,연인・배우자,음식이 맛있어요,고기 질이 좋아요,0,0,0,
whrhwhdoo,아이스크림,예약 없이 이용,대기 시간 바로 입장,데이트,연인・배우자,디저트가 맛있어요,사진이 잘 나와요,아늑해요,0,0,앉아서 먹고 갈 수 있어요맛있어요
whrhwhdoo,돈가스,예약 없이 이용,대기 시간 바로 입장,데이트,연인・배우자,음식이 맛있어요,양이 많아요,가성비가 좋아요,0,0,"2명 방문해서 K돈까스(10,000), 냉소바(7,000) 주문했어요. 양도 많고 친절하시고 깨끗해요"
whrhwhdoo,아시아음식,포장·배달 이용,대기 시간 바로 입장,데이트,연인・배우자,음식이 맛있어요,현지 맛에 가까워요,0,0,0,나시고랭(13.0) 해물팟타이(14.0) 포장 주문했어요브레이크타임 없고 좋아요
whrhwhdoo,한식,예약 없이 이용,대기 시간 10분 이내 ,데이트,연인・배우자,음식이 맛있어요,가성비가 좋아요,0,0,0,"왕새우구이 1kg 48,000원입니다4인 방문 2kg 주문했어요"
whrhwhdoo,"족발,보쌈",예약 없이 이용,대기 시간 바로 입장,친목,친척・형제,음식이 맛있어요,0,0,0,0,족발 특대 포장(4.3) 맛있어요
whrhwhdoo,보리밥,예약 없이 이용,대기 시간 바로 입장,데이트,연인・배우자,음식이 맛있어요,0,0,0,0,"보리비빔밥 (12.0),"
whrhwhdoo,카페,예약 없이 이용,대기 시간 바로 입장,친목,지인・동료,디저트가 맛있어요,음료가 맛있어요,인테리어가 멋져요,0,0,"햄치즈 샌드위치(6,900) 1L 미숫가루(8,900) 주문했어요.미숫가루가 유명한 카페여서 시켜봤는데 맛있었습니다."
whrhwhdoo,감자탕,예약 없이 이용,대기 시간 바로 입장,데이트,연인・배우자,음식이 맛있어요,재료가 신선해요,0,0,0,"해장국(9,500) 얼큰해장국(10,000) 주문했어요매장도 깨끗하고 뼈는 큰뼈로 두개, 우거지는 추가(1,000)하는게 양이 훨씬 많아요. 저는 매운걸 잘 못먹어서 얼큰해장국도 많이 매웠어요. 다음번에 오면 일반 해장국 먹을 것 같아요"
whrhwhdoo,패밀리레스토랑,예약 없이 이용,대기 시간 바로 입장,데이트,연인・배우자,특별한 메뉴가 있어요,0,0,0,0,"성인 주말 디너 27,900으로 먹었어요."
whrhwhdoo,"찌개,전골",예약 없이 이용,대기 시간 바로 입장,데이트,연인・배우자,음식이 맛있어요,양이 많아요,가성비가 좋아요,0,0,사장님도 친절하시고 항상 맛있게 먹고 있어요
whrhwhdoo,쌈밥,예약 없이 이용,대기 시간 바로 입장,데이트,연인・배우자,음식이 맛있어요,재료가 신선해요,건강한 맛이에요,반찬이 잘 나와요,메뉴 구성이 알차요,"동네사람들 여기 꼭 가세요이미 유명한 집인 것 같은데 전 처음 와봤어요쌈 상태도 너무 좋고 밑반찬도 깔끔한 맛! 참살이 쌈밥 2인(14,000*2)에 우렁이강된장(9,000) 같이 먹었는데 너무 맛있게 잘 먹었습니다. 사장님도 친절하시고, 식당이 엄청 청결해요👍👍"
whrhwhdoo,베트남음식,예약 없이 이용,대기 시간 바로 입장,데이트,연인・배우자,음식이 맛있어요,가성비가 좋아요,현지 맛에 가까워요,0,0,"소고기쌀국수(9,900), 직화분짜(14,900), 치킨텐더(7,900) 주문했어요. 양도 많고 맛있어요😊"
whrhwhdoo,분식,예약 없이 이용,대기 시간 바로 입장,일상,친구,재료가 신선해요,양이 많아요,음식이 맛있어요,0,0,오랜만에 왔는데 맛있어요! 그린키토 짱
whrhwhdoo,"백반,가정식",예약 없이 이용,대기 시간 바로 입장,일상,혼자,음식이 맛있어요,0,0,0,0,친절하시고 맛있어요
whrhwhdoo,햄버거,예약 없이 이용,대기 시간 10분 이내 ,데이트,연인・배우자,음식이 맛있어요,재료가 신선해요,특별한 메뉴가 있어요,0,0,"클래식버거, 치즈버거, 어니언링, 감자튀김 주문했어요, 맛있어요! 전 나중에 소스 없이 먹어보고 싶어요 :)"
whrhwhdoo,베이커리,예약 없이 이용,대기 시간 10분 이내 ,데이트,연인・배우자,컨셉이 독특해요,0,0,0,0,가게 분위기가 자연도 소금빵이랑 비슷하더라구요물어보니까 자연도 소금빵에서 하는 곳이라고 합니다. 자연도 소금빵 같은 맛을 기대했는데 생각보다 퍽퍽하고 … 많이 아쉬웠어요자리를 이용하려면 음료 주문 필수라고 합니다
whrhwhdoo,아이스크림,예약 없이 이용,대기 시간 바로 입장,데이트,연인・배우자,디저트가 맛있어요,0,0,0,0,맛있어요
whrhwhdoo,마라탕,예약 없이 이용,대기 시간 바로 입장,데이트,연인・배우자,음식이 맛있어요,재료가 신선해요,양이 많아요,가성비가 좋아요,0,늦게까지 영업하고 맛있어요사장님께서 친절하십니다
whrhwhdoo,"치킨,닭강정",예약 없이 이용,대기 시간 바로 입장,데이트,연인・배우자,음식이 맛있어요,특별한 메뉴가 있어요,0,0,0,"19시에 방문해서 못먹을까봐 걱정했는데 다행히 맛있게 먹었습니다. 닭이 부드럽고 맛있어요. 육개장 컵라면이랑 같이 먹으면 더 맛있어요닭1마리에 17,000원, 라면 2,000원입니다"
whrhwhdoo,"육류,고기요리",예약 없이 이용,대기 시간 바로 입장,데이트,연인・배우자,음식이 맛있어요,고기 질이 좋아요,0,0,0,
whrhwhdoo,아이스크림,예약 없이 이용,대기 시간 바로 입장,데이트,연인・배우자,디저트가 맛있어요,사진이 잘 나와요,아늑해요,0,0,앉아서 먹고 갈 수 있어요맛있어요
whrhwhdoo,돈가스,예약 없이 이용,대기 시간 바로 입장,데이트,연인・배우자,음식이 맛있어요,양이 많아요,가성비가 좋아요,0,0,"2명 방문해서 K돈까스(10,000), 냉소바(7,000) 주문했어요. 양도 많고 친절하시고 깨끗해요"
whrhwhdoo,아시아음식,포장·배달 이용,대기 시간 바로 입장,데이트,연인・배우자,음식이 맛있어요,현지 맛에 가까워요,0,0,0,나시고랭(13.0) 해물팟타이(14.0) 포장 주문했어요브레이크타임 없고 좋아요
whrhwhdoo,한식,예약 없이 이용,대기 시간 10분 이내 ,데이트,연인・배우자,음식이 맛있어요,가성비가 좋아요,0,0,0,"왕새우구이 1kg 48,000원입니다4인 방문 2kg 주문했어요"
whrhwhdoo,"족발,보쌈",예약 없이 이용,대기 시간 바로 입장,친목,친척・형제,음식이 맛있어요,0,0,0,0,족발 특대 포장(4.3) 맛있어요
whrhwhdoo,보리밥,예약 없이 이용,대기 시간 바로 입장,데이트,연인・배우자,음식이 맛있어요,0,0,0,0,"보리비빔밥 (12.0),"
whrhwhdoo,카페,예약 없이 이용,대기 시간 바로 입장,친목,지인・동료,디저트가 맛있어요,음료가 맛있어요,인테리어가 멋져요,0,0,"햄치즈 샌드위치(6,900) 1L 미숫가루(8,900) 주문했어요.미숫가루가 유명한 카페여서 시켜봤는데 맛있었습니다."
whrhwhdoo,감자탕,예약 없이 이용,대기 시간 바로 입장,데이트,연인・배우자,음식이 맛있어요,재료가 신선해요,0,0,0,"해장국(9,500) 얼큰해장국(10,000) 주문했어요매장도 깨끗하고 뼈는 큰뼈로 두개, 우거지는 추가(1,000)하는게 양이 훨씬 많아요. 저는 매운걸 잘 못먹어서 얼큰해장국도 많이 매웠어요. 다음번에 오면 일반 해장국 먹을 것 같아요"
whrhwhdoo,패밀리레스토랑,예약 없이 이용,대기 시간 바로 입장,데이트,연인・배우자,특별한 메뉴가 있어요,0,0,0,0,"성인 주말 디너 27,900으로 먹었어요."
whrhwhdoo,"찌개,전골",예약 없이 이용,대기 시간 바로 입장,데이트,연인・배우자,음식이 맛있어요,양이 많아요,가성비가 좋아요,0,0,사장님도 친절하시고 항상 맛있게 먹고 있어요
whrhwhdoo,쌈밥,예약 없이 이용,대기 시간 바로 입장,데이트,연인・배우자,음식이 맛있어요,재료가 신선해요,건강한 맛이에요,반찬이 잘 나와요,메뉴 구성이 알차요,"동네사람들 여기 꼭 가세요이미 유명한 집인 것 같은데 전 처음 와봤어요쌈 상태도 너무 좋고 밑반찬도 깔끔한 맛! 참살이 쌈밥 2인(14,000*2)에 우렁이강된장(9,000) 같이 먹었는데 너무 맛있게 잘 먹었습니다. 사장님도 친절하시고, 식당이 엄청 청결해요👍👍"
whrhwhdoo,베트남음식,예약 없이 이용,대기 시간 바로 입장,데이트,연인・배우자,음식이 맛있어요,가성비가 좋아요,현지 맛에 가까워요,0,0,"소고기쌀국수(9,900), 직화분짜(14,900), 치킨텐더(7,900) 주문했어요. 양도 많고 맛있어요😊"
