﻿nickname,restaurant,reservation,waiting,purpose,withwho,tagging_1,tagging_2,tagging_3,tagging_4,tagging_5,content
전국적인 먹짱,한정식,예약 없이 이용,대기 시간 바로 입장,가족모임,부모님,음식이 맛있어요,0,0,0,0,부모님 집 수지에 오면 늘 들르는 고정 음식점 산뜨락건강하고 맛있고 가성비 좋은 정성 가득 음식들오늘도 잘먹었습니다~
전국적인 먹짱,샤브샤브,예약 없이 이용,대기 시간 10분 이내 ,친목,지인・동료,음식이 맛있어요,재료가 신선해요,메뉴 구성이 알차요,친절해요,음식이 빨리 나와요,"날씨가 쌀쌀해지니 생각나는 스구식탁마침 근처 전포동에서 모임이 있어 스구식탁에서 쌈이 있는 메뉴로 먹었습니다.여전히 친절하시고, 맛있고 건강한 음식처음 오신 지인분도 맛있다고 좋아하셔서 뿌듯한건 덤"
전국적인 먹짱,한식,예약 없이 이용,대기 시간 바로 입장,데이트,연인・배우자,음식이 맛있어요,가성비가 좋아요,메뉴 구성이 알차요,혼밥하기 좋아요,음식이 빨리 나와요,"부산대근처 깔끔한 비빔밥을 찾다가 가게 된 곳비빔밥, 찌개, 제육이 깔끔하게 돌솥에 나오고 넘 맛있어요.집밥이 그리울때 또 찾게 될것 같습니다."
전국적인 먹짱,양식,예약 없이 이용,대기 시간 바로 입장,친목,"연인・배우자, 친구",음식이 맛있어요,인테리어가 멋져요,차분한 분위기에요,친절해요,특별한 날 가기 좋아요,스페인 가정에 초대되어 만찬을 즐기는 기분이 들었어요.음식들도 맛있고 와인도 잘 어울려서 즐거운 저녁자리가 되었어요.
전국적인 먹짱,"곰탕,설렁탕",예약 없이 이용,대기 시간 바로 입장,일상,혼자,음식이 맛있어요,가성비가 좋아요,혼밥하기 좋아요,친절해요,음식이 빨리 나와요,설렁탕과 소머리 수육을 시켜서 푸짐하고 맛있게 점심을 먹었습니다
전국적인 먹짱,돼지고기구이,예약 없이 이용,대기 시간 바로 입장,데이트,연인・배우자,음식이 맛있어요,가성비가 좋아요,친절해요,매장이 청결해요,직접 잘 구워줘요,"삼겹살에 파채를 얹어 맛있는 시오야끼를 첨 먹어봤어요.사장님과 직원분들 인상도 좋고 넘 친절하시네요.정성스레 구워주시고, 부족한 반찬은 바로바로 채워주셔서 기분좋고 맛있게 잘 먹었습니다."
전국적인 먹짱,돼지고기구이,예약 없이 이용,대기 시간 바로 입장,친목,친구,음식이 맛있어요,친절해요,직접 잘 구워줘요,주차하기 편해요,음식이 빨리 나와요,"애월쪽에 여행 왔다가 가까운 고기집을 찾아왔는데, 운이 좋게도 인생 돼지고기 맛집이었네요.김치찜, 자리돔젓도 정말 맛있는데 맛있게 구워주시는 삼겹, 목살, 항정, 가브리살, 거기다 껍데기까지 너무 맛있었어요.후식 냉면도 물냉 비냉 모두 맛있네요"
전국적인 먹짱,한식,예약 없이 이용,대기 시간 바로 입장,일상,혼자,음식이 맛있어요,반찬이 잘 나와요,혼밥하기 좋아요,친절해요,매장이 청결해요,우연히 들렀는데 깔끔하고 맛있어서 빠르게 다먹었네요다음에는 다른 메뉴도 먹어봐야겠어요~
전국적인 먹짱,"카페,디저트",예약 없이 이용,대기 시간 바로 입장,일상,혼자,커피가 맛있어요,대화하기 좋아요,집중하기 좋아요,뷰가 좋아요,매장이 청결해요,시간이 남아 들른 부산커피에서 책과 커피와 좋은 날씨를 만끽했어요
전국적인 먹짱,브런치,예약 없이 이용,대기 시간 바로 입장,데이트,연인・배우자,음식이 맛있어요,가성비가 좋아요,메뉴 구성이 알차요,인테리어가 멋져요,친절해요,가성비 좋고 맛있는 다양한 브런치를 파는 숲친절하신 사장님 덕분에 오늘도 기분좋게 데이트 했어요
전국적인 먹짱,"카페,디저트",예약 없이 이용,대기 시간 바로 입장,데이트,연인・배우자,음료가 맛있어요,대화하기 좋아요,매장이 넓어요,음악이 좋아요,0,부산문화회관에서 공연을 보기전에 간 카페공연보기전 기다리면서 편안한 시간 보냈습니다.
전국적인 먹짱,"스파게티,파스타전문",예약 없이 이용,대기 시간 바로 입장,데이트,연인・배우자,음식이 맛있어요,재료가 신선해요,아늑해요,대화하기 좋아요,매장이 청결해요,"종종 브런치 먹으러 들르는 곳인데, 살치살 스테이크 맛있고 깔끔합니다."
전국적인 먹짱,"카페,디저트",예약 없이 이용,대기 시간 바로 입장,친목,지인・동료,커피가 맛있어요,디저트가 맛있어요,인테리어가 멋져요,컨셉이 독특해요,0,재밌는 컨셉과 독특한 머핀이 있는 구니스덕분에 유쾌한 시간 보냈어요
전국적인 먹짱,전복요리,예약 없이 이용,대기 시간 바로 입장,가족모임,부모님,음식이 맛있어요,건강한 맛이에요,메뉴 구성이 알차요,친절해요,주차하기 편해요,전복죽과 냉면사리와 함께 나온 전복물회를 먹었어요.배가 안고프시다던 아버지도 한그릇 뚝딱 드셨어요.잘 먹었습니다.
전국적인 먹짱,"카페,디저트",예약 없이 이용,대기 시간 바로 입장,가족모임,부모님,커피가 맛있어요,디저트가 맛있어요,특별한 메뉴가 있어요,인테리어가 멋져요,사진이 잘 나와요,남해 여행 와서 추천받은 카페유자를 왔어요.유자카스테라가 맛있어 두 접시를 먹고 한상자를 포장해서 왔네요.커피맛도 참 좋네요~
전국적인 먹짱,이자카야,예약 없이 이용,대기 시간 바로 입장,부모님,0,음식이 맛있어요,특별한 메뉴가 있어요,가성비가 좋아요,혼술하기 좋아요,친절해요,"야스미를 가려다가 휴업 중이라 우연히 들른 우마이기대도 없이 갔다가 발견한 찐 맛집특히 닭껍질과 무릎연골 완전 취저이고 토리나베도 참 맛있어서 부모님과 정신없이 코박고 먹었어요가격도 저렴하고 오키나와 생맥주, 각종 하이볼도 맛있었어요."
전국적인 먹짱,"백숙,삼계탕",예약 없이 이용,대기 시간 바로 입장,일상,혼자,음식이 맛있어요,건강한 맛이에요,매장이 청결해요,0,0,"종종 가던 삼계탕 집이 주인이 바뀐것 같아요. 삼계탕이라는 주메뉴는 동일하지만, 가게이름도 바뀌고 메뉴나 인테리어도 미묘하게 바뀌었더라구요.음식도 깔끔하고 넘 맛있게 잘 먹었습니다.다만 사장님으로 보이는 분이 손님을 대하는 태도가 예전 하숙생을 귀찮아하는 피곤한 하숙집 아줌마같아서 참 기분이 별로더라구요. 한번의 짧은 응대로 열심히 장사하는 분을 친절하다 아니다로 구분하는것은 잘못된것 같아요. 다음에 갔을때는 그런 기분 느끼지 않았음 좋겠네요."
전국적인 먹짱,한정식,예약 없이 이용,대기 시간 바로 입장,가족모임,부모님,음식이 맛있어요,0,0,0,0,부모님 집 수지에 오면 늘 들르는 고정 음식점 산뜨락건강하고 맛있고 가성비 좋은 정성 가득 음식들오늘도 잘먹었습니다~
전국적인 먹짱,샤브샤브,예약 없이 이용,대기 시간 10분 이내 ,친목,지인・동료,음식이 맛있어요,재료가 신선해요,메뉴 구성이 알차요,친절해요,음식이 빨리 나와요,"날씨가 쌀쌀해지니 생각나는 스구식탁마침 근처 전포동에서 모임이 있어 스구식탁에서 쌈이 있는 메뉴로 먹었습니다.여전히 친절하시고, 맛있고 건강한 음식처음 오신 지인분도 맛있다고 좋아하셔서 뿌듯한건 덤"
전국적인 먹짱,한식,예약 없이 이용,대기 시간 바로 입장,데이트,연인・배우자,음식이 맛있어요,가성비가 좋아요,메뉴 구성이 알차요,혼밥하기 좋아요,음식이 빨리 나와요,"부산대근처 깔끔한 비빔밥을 찾다가 가게 된 곳비빔밥, 찌개, 제육이 깔끔하게 돌솥에 나오고 넘 맛있어요.집밥이 그리울때 또 찾게 될것 같습니다."
전국적인 먹짱,양식,예약 없이 이용,대기 시간 바로 입장,친목,"연인・배우자, 친구",음식이 맛있어요,인테리어가 멋져요,차분한 분위기에요,친절해요,특별한 날 가기 좋아요,스페인 가정에 초대되어 만찬을 즐기는 기분이 들었어요.음식들도 맛있고 와인도 잘 어울려서 즐거운 저녁자리가 되었어요.
전국적인 먹짱,"곰탕,설렁탕",예약 없이 이용,대기 시간 바로 입장,일상,혼자,음식이 맛있어요,가성비가 좋아요,혼밥하기 좋아요,친절해요,음식이 빨리 나와요,설렁탕과 소머리 수육을 시켜서 푸짐하고 맛있게 점심을 먹었습니다
전국적인 먹짱,돼지고기구이,예약 없이 이용,대기 시간 바로 입장,데이트,연인・배우자,음식이 맛있어요,가성비가 좋아요,친절해요,매장이 청결해요,직접 잘 구워줘요,"삼겹살에 파채를 얹어 맛있는 시오야끼를 첨 먹어봤어요.사장님과 직원분들 인상도 좋고 넘 친절하시네요.정성스레 구워주시고, 부족한 반찬은 바로바로 채워주셔서 기분좋고 맛있게 잘 먹었습니다."
전국적인 먹짱,돼지고기구이,예약 없이 이용,대기 시간 바로 입장,친목,친구,음식이 맛있어요,친절해요,직접 잘 구워줘요,주차하기 편해요,음식이 빨리 나와요,"애월쪽에 여행 왔다가 가까운 고기집을 찾아왔는데, 운이 좋게도 인생 돼지고기 맛집이었네요.김치찜, 자리돔젓도 정말 맛있는데 맛있게 구워주시는 삼겹, 목살, 항정, 가브리살, 거기다 껍데기까지 너무 맛있었어요.후식 냉면도 물냉 비냉 모두 맛있네요"
전국적인 먹짱,한식,예약 없이 이용,대기 시간 바로 입장,일상,혼자,음식이 맛있어요,반찬이 잘 나와요,혼밥하기 좋아요,친절해요,매장이 청결해요,우연히 들렀는데 깔끔하고 맛있어서 빠르게 다먹었네요다음에는 다른 메뉴도 먹어봐야겠어요~
전국적인 먹짱,"카페,디저트",예약 없이 이용,대기 시간 바로 입장,일상,혼자,커피가 맛있어요,대화하기 좋아요,집중하기 좋아요,뷰가 좋아요,매장이 청결해요,시간이 남아 들른 부산커피에서 책과 커피와 좋은 날씨를 만끽했어요
전국적인 먹짱,브런치,예약 없이 이용,대기 시간 바로 입장,데이트,연인・배우자,음식이 맛있어요,가성비가 좋아요,메뉴 구성이 알차요,인테리어가 멋져요,친절해요,가성비 좋고 맛있는 다양한 브런치를 파는 숲친절하신 사장님 덕분에 오늘도 기분좋게 데이트 했어요
전국적인 먹짱,"카페,디저트",예약 없이 이용,대기 시간 바로 입장,데이트,연인・배우자,음료가 맛있어요,대화하기 좋아요,매장이 넓어요,음악이 좋아요,0,부산문화회관에서 공연을 보기전에 간 카페공연보기전 기다리면서 편안한 시간 보냈습니다.
전국적인 먹짱,"스파게티,파스타전문",예약 없이 이용,대기 시간 바로 입장,데이트,연인・배우자,음식이 맛있어요,재료가 신선해요,아늑해요,대화하기 좋아요,매장이 청결해요,"종종 브런치 먹으러 들르는 곳인데, 살치살 스테이크 맛있고 깔끔합니다."
전국적인 먹짱,"카페,디저트",예약 없이 이용,대기 시간 바로 입장,친목,지인・동료,커피가 맛있어요,디저트가 맛있어요,인테리어가 멋져요,컨셉이 독특해요,0,재밌는 컨셉과 독특한 머핀이 있는 구니스덕분에 유쾌한 시간 보냈어요
전국적인 먹짱,전복요리,예약 없이 이용,대기 시간 바로 입장,가족모임,부모님,음식이 맛있어요,건강한 맛이에요,메뉴 구성이 알차요,친절해요,주차하기 편해요,전복죽과 냉면사리와 함께 나온 전복물회를 먹었어요.배가 안고프시다던 아버지도 한그릇 뚝딱 드셨어요.잘 먹었습니다.
전국적인 먹짱,"카페,디저트",예약 없이 이용,대기 시간 바로 입장,가족모임,부모님,커피가 맛있어요,디저트가 맛있어요,특별한 메뉴가 있어요,인테리어가 멋져요,사진이 잘 나와요,남해 여행 와서 추천받은 카페유자를 왔어요.유자카스테라가 맛있어 두 접시를 먹고 한상자를 포장해서 왔네요.커피맛도 참 좋네요~
전국적인 먹짱,이자카야,예약 없이 이용,대기 시간 바로 입장,부모님,0,음식이 맛있어요,특별한 메뉴가 있어요,가성비가 좋아요,혼술하기 좋아요,친절해요,"야스미를 가려다가 휴업 중이라 우연히 들른 우마이기대도 없이 갔다가 발견한 찐 맛집특히 닭껍질과 무릎연골 완전 취저이고 토리나베도 참 맛있어서 부모님과 정신없이 코박고 먹었어요가격도 저렴하고 오키나와 생맥주, 각종 하이볼도 맛있었어요."
전국적인 먹짱,"백숙,삼계탕",예약 없이 이용,대기 시간 바로 입장,일상,혼자,음식이 맛있어요,건강한 맛이에요,매장이 청결해요,0,0,"종종 가던 삼계탕 집이 주인이 바뀐것 같아요. 삼계탕이라는 주메뉴는 동일하지만, 가게이름도 바뀌고 메뉴나 인테리어도 미묘하게 바뀌었더라구요.음식도 깔끔하고 넘 맛있게 잘 먹었습니다.다만 사장님으로 보이는 분이 손님을 대하는 태도가 예전 하숙생을 귀찮아하는 피곤한 하숙집 아줌마같아서 참 기분이 별로더라구요. 한번의 짧은 응대로 열심히 장사하는 분을 친절하다 아니다로 구분하는것은 잘못된것 같아요. 다음에 갔을때는 그런 기분 느끼지 않았음 좋겠네요."
전국적인 먹짱,한정식,예약 없이 이용,대기 시간 바로 입장,가족모임,부모님,음식이 맛있어요,0,0,0,0,부모님 집 수지에 오면 늘 들르는 고정 음식점 산뜨락건강하고 맛있고 가성비 좋은 정성 가득 음식들오늘도 잘먹었습니다~
전국적인 먹짱,샤브샤브,예약 없이 이용,대기 시간 10분 이내 ,친목,지인・동료,음식이 맛있어요,재료가 신선해요,메뉴 구성이 알차요,친절해요,음식이 빨리 나와요,"날씨가 쌀쌀해지니 생각나는 스구식탁마침 근처 전포동에서 모임이 있어 스구식탁에서 쌈이 있는 메뉴로 먹었습니다.여전히 친절하시고, 맛있고 건강한 음식처음 오신 지인분도 맛있다고 좋아하셔서 뿌듯한건 덤"
전국적인 먹짱,한식,예약 없이 이용,대기 시간 바로 입장,데이트,연인・배우자,음식이 맛있어요,가성비가 좋아요,메뉴 구성이 알차요,혼밥하기 좋아요,음식이 빨리 나와요,"부산대근처 깔끔한 비빔밥을 찾다가 가게 된 곳비빔밥, 찌개, 제육이 깔끔하게 돌솥에 나오고 넘 맛있어요.집밥이 그리울때 또 찾게 될것 같습니다."
전국적인 먹짱,양식,예약 없이 이용,대기 시간 바로 입장,친목,"연인・배우자, 친구",음식이 맛있어요,인테리어가 멋져요,차분한 분위기에요,친절해요,특별한 날 가기 좋아요,스페인 가정에 초대되어 만찬을 즐기는 기분이 들었어요.음식들도 맛있고 와인도 잘 어울려서 즐거운 저녁자리가 되었어요.
전국적인 먹짱,"곰탕,설렁탕",예약 없이 이용,대기 시간 바로 입장,일상,혼자,음식이 맛있어요,가성비가 좋아요,혼밥하기 좋아요,친절해요,음식이 빨리 나와요,설렁탕과 소머리 수육을 시켜서 푸짐하고 맛있게 점심을 먹었습니다
전국적인 먹짱,돼지고기구이,예약 없이 이용,대기 시간 바로 입장,데이트,연인・배우자,음식이 맛있어요,가성비가 좋아요,친절해요,매장이 청결해요,직접 잘 구워줘요,"삼겹살에 파채를 얹어 맛있는 시오야끼를 첨 먹어봤어요.사장님과 직원분들 인상도 좋고 넘 친절하시네요.정성스레 구워주시고, 부족한 반찬은 바로바로 채워주셔서 기분좋고 맛있게 잘 먹었습니다."
전국적인 먹짱,돼지고기구이,예약 없이 이용,대기 시간 바로 입장,친목,친구,음식이 맛있어요,친절해요,직접 잘 구워줘요,주차하기 편해요,음식이 빨리 나와요,"애월쪽에 여행 왔다가 가까운 고기집을 찾아왔는데, 운이 좋게도 인생 돼지고기 맛집이었네요.김치찜, 자리돔젓도 정말 맛있는데 맛있게 구워주시는 삼겹, 목살, 항정, 가브리살, 거기다 껍데기까지 너무 맛있었어요.후식 냉면도 물냉 비냉 모두 맛있네요"
전국적인 먹짱,한식,예약 없이 이용,대기 시간 바로 입장,일상,혼자,음식이 맛있어요,반찬이 잘 나와요,혼밥하기 좋아요,친절해요,매장이 청결해요,우연히 들렀는데 깔끔하고 맛있어서 빠르게 다먹었네요다음에는 다른 메뉴도 먹어봐야겠어요~
전국적인 먹짱,"카페,디저트",예약 없이 이용,대기 시간 바로 입장,일상,혼자,커피가 맛있어요,대화하기 좋아요,집중하기 좋아요,뷰가 좋아요,매장이 청결해요,시간이 남아 들른 부산커피에서 책과 커피와 좋은 날씨를 만끽했어요
전국적인 먹짱,브런치,예약 없이 이용,대기 시간 바로 입장,데이트,연인・배우자,음식이 맛있어요,가성비가 좋아요,메뉴 구성이 알차요,인테리어가 멋져요,친절해요,가성비 좋고 맛있는 다양한 브런치를 파는 숲친절하신 사장님 덕분에 오늘도 기분좋게 데이트 했어요
전국적인 먹짱,"카페,디저트",예약 없이 이용,대기 시간 바로 입장,데이트,연인・배우자,음료가 맛있어요,대화하기 좋아요,매장이 넓어요,음악이 좋아요,0,부산문화회관에서 공연을 보기전에 간 카페공연보기전 기다리면서 편안한 시간 보냈습니다.
전국적인 먹짱,"스파게티,파스타전문",예약 없이 이용,대기 시간 바로 입장,데이트,연인・배우자,음식이 맛있어요,재료가 신선해요,아늑해요,대화하기 좋아요,매장이 청결해요,"종종 브런치 먹으러 들르는 곳인데, 살치살 스테이크 맛있고 깔끔합니다."
전국적인 먹짱,"카페,디저트",예약 없이 이용,대기 시간 바로 입장,친목,지인・동료,커피가 맛있어요,디저트가 맛있어요,인테리어가 멋져요,컨셉이 독특해요,0,재밌는 컨셉과 독특한 머핀이 있는 구니스덕분에 유쾌한 시간 보냈어요
전국적인 먹짱,전복요리,예약 없이 이용,대기 시간 바로 입장,가족모임,부모님,음식이 맛있어요,건강한 맛이에요,메뉴 구성이 알차요,친절해요,주차하기 편해요,전복죽과 냉면사리와 함께 나온 전복물회를 먹었어요.배가 안고프시다던 아버지도 한그릇 뚝딱 드셨어요.잘 먹었습니다.
전국적인 먹짱,"카페,디저트",예약 없이 이용,대기 시간 바로 입장,가족모임,부모님,커피가 맛있어요,디저트가 맛있어요,특별한 메뉴가 있어요,인테리어가 멋져요,사진이 잘 나와요,남해 여행 와서 추천받은 카페유자를 왔어요.유자카스테라가 맛있어 두 접시를 먹고 한상자를 포장해서 왔네요.커피맛도 참 좋네요~
전국적인 먹짱,이자카야,예약 없이 이용,대기 시간 바로 입장,부모님,0,음식이 맛있어요,특별한 메뉴가 있어요,가성비가 좋아요,혼술하기 좋아요,친절해요,"야스미를 가려다가 휴업 중이라 우연히 들른 우마이기대도 없이 갔다가 발견한 찐 맛집특히 닭껍질과 무릎연골 완전 취저이고 토리나베도 참 맛있어서 부모님과 정신없이 코박고 먹었어요가격도 저렴하고 오키나와 생맥주, 각종 하이볼도 맛있었어요."
