﻿nickname,restaurant,reservation,waiting,purpose,withwho,tagging_1,tagging_2,tagging_3,tagging_4,tagging_5,content
맛이써,마라탕,예약 없이 이용,대기 시간 바로 입장,0,0,음식이 맛있어요,0,0,0,0,사진은 좀 못나왔지만 여기 마라탕 진짜 맛있어요!땅콩소스 베이스는 덜하고 얼얼한 찐 마라맛이 더 강한 집~ 그래서 제 입맛엔 더 맛있네요 ㅎㅎ벌써 재재재방문입니다
맛이써,아이스크림,예약 없이 이용,대기 시간 바로 입장,0,0,특별한 메뉴가 있어요,디저트가 맛있어요,메뉴 구성이 알차요,비싼 만큼 가치있어요,종류가 다양해요,너무 맛있는 최애 젤라또종류가 넘 다양하고 다 맛있음 강추 !!
맛이써,이탈리아음식,예약 후 이용,대기 시간 바로 입장,데이트,연인・배우자,음식이 맛있어요,특별한 메뉴가 있어요,비싼 만큼 가치있어요,뷰가 좋아요,야외공간이 멋져요,도심에서 조금 벗어나 멋진 산 뷰로 데이트를 즐긴 부암동 이탈리안 레스토랑 !! 새우 크림 파스타가 특히 맛있고 피자도 무난히 맛있었어요 야외 테라스 공간이 넘 이쁘게 꾸며져있어서 구경하기 좋고 날씨 좀 괜찮을 때 노을 보며 맥주 한잔 너무 좋을 것 같아요~~
맛이써,"카페,디저트",예약 없이 이용,대기 시간 바로 입장,데이트,연인・배우자,대화하기 좋아요,커피가 맛있어요,디저트가 맛있어요,음료가 맛있어요,특별한 메뉴가 있어요,자리도 편하고 분위기도 아늑한 신상 카페! 특히 치즈케이크 종류가 다양해서 골라먹는 재미가 있고 심지어 맛도 훌륭합니다 👍안국에서 찾아보기 힘든 밤 열시까지 하는 카페 ㅎㅎ
맛이써,양식,예약 없이 이용,대기 시간 바로 입장,데이트,연인・배우자,음식이 맛있어요,특별한 메뉴가 있어요,비싼 만큼 가치있어요,인테리어가 멋져요,대화하기 좋아요,"진짜 인생 이탈리안 레스토랑 중 한 곳..🥹우선 간장게장 파스타 여기만큼 잘하는 곳 없어요.. 진짜 무조건 시켜보시는 것을 추천 !! 간장게장 맛을 살린게 너무 신기하고 면발이랑 모든게 다 조화로움.라자냐도 특이하지만 진짜 맛있고, 비프 웰링턴도 깔끔하니 맛있었다! 분위기도 좋아서 데이트 소개팅 그냥 다 가능할 듯 👍♥️"
맛이써,이자카야,예약 없이 이용,대기 시간 바로 입장,데이트,연인・배우자,음식이 맛있어요,특별한 메뉴가 있어요,가성비가 좋아요,메뉴 구성이 알차요,대화하기 좋아요,버터문어 다리구이에 생맥 최고의 조합~~어묵 몇개 시켜서 어묵 국물과 함께 먹으니 술이 잘 넘어가네요 ㅎㅎ 👍👍
맛이써,소고기구이,예약 없이 이용,대기 시간 바로 입장,데이트,0,음식이 맛있어요,고기 질이 좋아요,특별한 메뉴가 있어요,반찬이 잘 나와요,비싼 만큼 가치있어요,안창살 차돌박이 LA갈비 이렇게 3가지 먹어봤는데 진짜 하나같이 최상의 맛 🥹 특히 차돌박이는 어딜 가도 이런 맛 못볼 것이라고 말씀드립니다.. 얇게 썬 신선한 차돌박이 간장에 찍어먹으니 넘 맛있어요! 양념갈비도 양념이 잘 배어있고 직접 구워주시니 넘 편했네요~~ 차돌 된장찌개 마무리까지 훌륭! 반찬도 정갈하게 잘 나오고 계속 리필해주셔서 가족 데리고도 한번 와야겠어요 🙂‍↕️
맛이써,"순대,순댓국",예약 없이 이용,대기 시간 30분 이내,일상,0,음식이 맛있어요,양이 많아요,잡내가 적어요,재료가 신선해요,메뉴 구성이 알차요,"점심시간에 방문하였더니 웨이팅 어마어마 🫢🫢순환율이 좋아서 30분 정도 기다리고 들어갔어요~ 순대국밥 잡내도 없고 국물 맛이 찐한게 넘 맛있어요! 안에 고기와 부속물 진짜 가득하니 양도 푸짐해서 배터짐 그리고 정식으로 시키면 수육, 순대 4점씩 나오는데 양이 너무 많아서 어쩔 수 없이 남겼어요 ㅠㅠ 진짜 강추하는 순대국밥 맛집 🙌"
맛이써,"카페,디저트",예약 없이 이용,대기 시간 바로 입장,데이트,0,대화하기 좋아요,커피가 맛있어요,디저트가 맛있어요,음료가 맛있어요,가성비가 좋아요,포근한 느낌의 카페! 양재 근처에 열시까지 하는 카페 잘 없는데 여긴 늦게까지 해서 좋아요저 초코 브라우니 디저트가 넘 맛있어서 후기 남깁니다 ㅎㅎ
맛이써,양식,예약 후 이용,대기 시간 바로 입장,데이트,0,음식이 맛있어요,특별한 메뉴가 있어요,가성비가 좋아요,건강한 맛이에요,아늑해요,정말 궁금했던 레스토랑 드디어 가봤어요~! 저녁 때마다 재료소진으로 문닫은 모습만 보다가 미리 예약하고 방문! 음식을 많이 준비 하지 않는다고 하시더라고요. 까르보나라 특히 너무너무 맛있어서 강추합니다.. 그냥 음식이 다 맛있어요.. 맛있어서 둘이서 메뉴 3개 시켜먹음 !셰프님 한분이서 하시는데 친절하시고 메뉴 추천도 잘해주세요 ㅠㅠ 또 방문하겠습니다 ✌️✌️
맛이써,베이커리,예약 없이 이용,대기 시간 바로 입장,0,0,대화하기 좋아요,매장이 넓어요,빵이 맛있어요,가성비가 좋아요,디저트가 맛있어요,아몬드 스틱은 항상 맛있어요 강추 🥹
맛이써,샤브샤브,예약 후 이용,대기 시간 바로 입장,데이트,0,음식이 맛있어요,재료가 신선해요,건강한 맛이에요,반찬이 잘 나와요,메뉴 구성이 알차요,제일 좋아하는 양재 샤브샤브집 ! 2인 커플세트로 알차게 먹었어요!! 버섯 종류가 진짜 다양하고 노루궁뎅이 버섯도 진짜 신선하고 맛있네요~~국물이 찐하고 얼큰해서 계속 떠먹게 되는 맛!!인기가 많아서 자리도 항상 가득 차 있어요 ㅎㅎ만두 보쌈까지도 너무 알찬 세트 😭🙌
맛이써,"카페,디저트",예약 없이 이용,대기 시간 바로 입장,친목,친구,대화하기 좋아요,매장이 넓어요,커피가 맛있어요,디저트가 맛있어요,특별한 메뉴가 있어요,"새로 생긴 느낌좋은 성수 카페 🪼2층짜리라서 자리도 많고 아늑해서 대화하기 좋은 곳!겟마이초코 음료 시켰는데 특이하고 세팅이 귀여워서 더 좋았어요.. 그리고 제로슈가 케이크 같은 디저트를 시켰는데, 적당히 달달하고 상콤한게 작지만 맛있었어요! 귀여운 디자인은 덤 🥰앞으로 핫플 될 것만 같은 느낌 솔솔 〰️"
맛이써,"육류,고기요리",예약 없이 이용,대기 시간 바로 입장,여행,연인・배우자,음식이 맛있어요,고기 질이 좋아요,양이 많아요,특별한 메뉴가 있어요,가성비가 좋아요,"진짜 어떻게 이런 완벽한 고기집이 있지…인제 자작나무숲 놀러왔다가 돌아가는 길에 방문했어요!! 일단 가격이 착한데, 반찬 서비스 구성 등등이 너무 훌륭해요 !! 이 가격에 이런 질과 양이?? 오겹살과 고추장 화로구이 넘 맛있게 먹었구요 구워먹는 양파랑 버섯 감자 든든하게 주시고 반찬 찌개 그리고 서비스 음료까지 인심이 정말 후하십니다.. 반찬들도 하나같이 맛있어서 감동 받음 🥹인제 오신다면 꼭 꼭 들러서 방문하세요.. 리뷰 써달라고 해서 쓰는거 아님.. 정말 사람들이 많이 알아줬으면 하는 엄청난 지역 맛집 👏👏"
맛이써,요리주점,예약 후 이용,대기 시간 바로 입장,0,0,음식이 맛있어요,특별한 메뉴가 있어요,메뉴 구성이 알차요,대화하기 좋아요,친절해요,정말 제가 제일로 좋아하는 딤섬 맛집 !! 여기 딤섬 종류별로 다 먹어봤는데 하나같이 다 쫀득하고 풍미 가득한게 맛있어요..🥹 특히 샤오롱바오 육즙이 가득 들어있는게 제일로 맛있음 그외 우육면이나 밥 종류도 다 맛있어서 무조건 재방문 또 할겁니다 ~~ 👍
맛이써,돼지고기구이,예약 없이 이용,대기 시간 30분 이내,나들이,연인・배우자,음식이 맛있어요,고기 질이 좋아요,특별한 메뉴가 있어요,재료가 신선해요,반찬이 잘 나와요,운좋게 일요일 저녁 웨이팅 20분 만에 들어갔습니다! 우선 압도적인 숯불 비주얼.. 이런 화력에 고기를 구우면 맛있을 수 밖에 없는데 고기 자체도 넘 맛있어요!!항정살>가브리살>삼겹살 시켰는데 이 순서로  맛있더라고요 👏 특히 한정살은 어디서도 먹어본 적 없는 미친 맛입니다..🥹남영돈 말로만 듣다가 직접 먹어보니 그 인기 인정이 되네요 강추천 !!!
맛이써,샤브샤브,예약 없이 이용,대기 시간 바로 입장,나들이,0,음식이 맛있어요,재료가 신선해요,특별한 메뉴가 있어요,건강한 맛이에요,메뉴 구성이 알차요,반반샤브 너무 탁월한 선택!!야채와 고기 다 너무 신선하고 양도 많아서 진짜 맛있게 먹었어요~ 특히 소스도 다양하게 나오는데 노른자간장 소스 너무 맛있어요🥹🥹 매장도 깔끔하고 잘 꾸며져있어서 데이트 하러오기 좋을 것 같아요~~
맛이써,한식,예약 없이 이용,대기 시간 30분 이상,데이트,0,음식이 맛있어요,재료가 신선해요,양이 많아요,특별한 메뉴가 있어요,메뉴 구성이 알차요,진짜 또또또간집 .. 여기 국물닭발은 정말 믿고 드세요 너무너무 맛있어서 저녁에는 항상 웨이팅이 있다닭발 국물이 적당히 맵고 달달하고 특히 숙주가 많아서 조음 볶음밥에 치즈추가도 제발 믿고 먹어주세여 🙏
맛이써,중식당,예약 없이 이용,대기 시간 바로 입장,0,0,음식이 맛있어요,재료가 신선해요,가성비가 좋아요,건강한 맛이에요,혼밥하기 좋아요,재료도 다 너무 신선하고 딱 제입맛에 맞게 해주셔서 매번 찾아오는 곳.. 깔끔한 마라탕 찾으신다면 여기에용
맛이써,"육류,고기요리",예약 후 이용,대기 시간 바로 입장,데이트,연인・배우자,음식이 맛있어요,고기 질이 좋아요,특별한 메뉴가 있어요,반찬이 잘 나와요,단체모임 하기 좋아요,쫀득쫀득한 오겹살과 부드러운 목살 맛있게 먹고 갑니다! 고기 구워주셔서 좋았습니다.밑반찬도 다양하게 맛있었고 고기랑 잘 어울리는 반찬들이라서 같이 맛있게 먹었어요! 계란찜에 날치알 올라가는게 섬세한 감동이었어요 가게가 넓어서 단체모임에 강추 !! 👍
맛이써,요리주점,예약 후 이용,대기 시간 바로 입장,데이트,연인・배우자,대화하기 좋아요,뷰가 좋아요,음식이 맛있어요,술이 다양해요,특별한 메뉴가 있어요,"너무 멋진 성수의 와인바 🍷주택을 개조해서 만든 곳이라 아늑하고 1,2층 테라스까지 있는 넓은 곳이에요! 데이트나 모임을 하면 너무 좋을듯~ 메뉴는 특별하고 맛있는 퓨전 스타일이고 특히 막창 메뉴가 맛있었어요!! 포도를 연상케 하는 보라빛 조명과 인테리어가 인상적 🥹"
맛이써,"육류,고기요리",예약 후 이용,대기 시간 바로 입장,0,0,음식이 맛있어요,고기 질이 좋아요,반찬이 잘 나와요,비싼 만큼 가치있어요,특별한 메뉴가 있어요,"시그니처 메뉴 3가지 다 먹어봤어요! 소 아이본립, 양 프렌치렉, 꼬들갈비 이렇게 먹어봤는데하나같이 고기가 다 넘 신선하고 부드럽고 구우니 살살 녹아서 맛있게 먹었어요! 밑반찬과 소스들이 훌륭해서 같이 먹는 맛도 매우 좋았어요.. 분위기도 좋고 특히 화양주 라는 술 깔끔하니 고기메뉴들과 잘 어울려요 강추 ✨🫶"
맛이써,중식당,예약 없이 이용,대기 시간 바로 입장,데이트,연인・배우자,음식이 맛있어요,재료가 신선해요,특별한 메뉴가 있어요,메뉴 구성이 알차요,매장이 넓어요,"괜찮은 가격으로 훠궈를 먹고 싶을 때 찾아오는 곳! 2인 5만원 정도에 배부르게 훠궈를 맛있게 먹을 수 있고, 소스바도 있어서 넘 좋아요~~"
맛이써,바(BAR),예약 없이 이용,대기 시간 바로 입장,데이트,연인・배우자,기본 안주가 좋아요,술이 다양해요,특별한 메뉴가 있어요,음악이 좋아요,대화하기 좋아요,"태초 시그니처 칵테일 3,4번 마셨는데 특히 3번이 달콤한게 정말 맛있어요! 기본 안주도 한국스러운게 맛있어서 또 오고싶어지네요~ 분위기도 좋고 특히 소파자리가 대화 하기 좋게 프라이빗하고 편해요 🎵"
맛이써,이탈리아음식,예약 없이 이용,대기 시간 바로 입장,데이트,0,음식이 맛있어요,특별한 메뉴가 있어요,비싼 만큼 가치있어요,인테리어가 멋져요,아늑해요,레스토랑이 아늑하고 분위기가 좋아서 데이트 하기 좋은 곳이에요! 메뉴도 다 맛있고 와인 한잔과 마시기 딱 좋아요 ㅎㅎ
맛이써,"칼국수,만두",예약 없이 이용,대기 시간 바로 입장,0,0,음식이 맛있어요,재료가 신선해요,양이 많아요,특별한 메뉴가 있어요,건강한 맛이에요,북어 육수 해물칼국수는 처음 먹어보는데 칼칼하고 찐한것이 넘 맛있어요!! 등산하고 내려와서 먹는데 완전 꿀맛 ㅠㅠ 깻잎전도 사이즈가 엄청 커서 같이 먹기 좋넹글구 김치 진짜 맛있음 !!!등산 후 강추 🎵
맛이써,양식,예약 후 이용,대기 시간 바로 입장,데이트,0,음식이 맛있어요,특별한 메뉴가 있어요,메뉴 구성이 알차요,인테리어가 멋져요,대화하기 좋아요,특이한 퓨전양식 메뉴들이 가득한 곳!분위기도 좋아서 데이트하러 오기 좋을 것 같아요대창 돌솥파스타 특히 강추하고요!! 갑오징어 리조또도 넘 맛있어서 베스트 메뉴 인정합니다~
맛이써,요리주점,예약 없이 이용,대기 시간 바로 입장,데이트,0,대화하기 좋아요,음식이 맛있어요,술이 다양해요,특별한 메뉴가 있어요,가성비가 좋아요,"육새전 너무 맛있게 먹었어요 닭도리탕 순살로 맵지만 소주랑 너무 잘 어울리고 당면 추가 무조건 하세요 ㅎㅎ 술집 자리도 많아서 평일에 1,2차 방문하기 좋을 것 같아요~"
맛이써,일식당,예약 없이 이용,대기 시간 바로 입장,데이트,0,인테리어가 멋져요,음식이 맛있어요,특별한 메뉴가 있어요,가성비가 좋아요,메뉴 구성이 알차요,"연어후토마끼랑 참깨 크림 메밀소바 시켰다가 넘 맛있어서 카츠산도 하나 더 주문 ! 😎연어 후토마끼는 사이즈가 크지만 한입에 넣어 먹어야 맛있어요~ 싱싱한 재료가 가득 들어감메밀소바는 좀 특이한 메뉴라서 시켜봤는데, 명란과 크림소스가 잘 어우러지고 면발도 탱글탱글해서 맛있게 먹었슴다! 카츠산도는 말해뭐해 카츠가 통통하고 부드러워 맛있고 마지막엔 배터질뻔 !! 데이트나 친구들과 오기에 좋은 식당입니다~~"
맛이써,마라탕,예약 없이 이용,대기 시간 바로 입장,0,0,음식이 맛있어요,0,0,0,0,사진은 좀 못나왔지만 여기 마라탕 진짜 맛있어요!땅콩소스 베이스는 덜하고 얼얼한 찐 마라맛이 더 강한 집~ 그래서 제 입맛엔 더 맛있네요 ㅎㅎ벌써 재재재방문입니다
맛이써,아이스크림,예약 없이 이용,대기 시간 바로 입장,0,0,특별한 메뉴가 있어요,디저트가 맛있어요,메뉴 구성이 알차요,비싼 만큼 가치있어요,종류가 다양해요,너무 맛있는 최애 젤라또종류가 넘 다양하고 다 맛있음 강추 !!
맛이써,이탈리아음식,예약 후 이용,대기 시간 바로 입장,데이트,연인・배우자,음식이 맛있어요,특별한 메뉴가 있어요,비싼 만큼 가치있어요,뷰가 좋아요,야외공간이 멋져요,도심에서 조금 벗어나 멋진 산 뷰로 데이트를 즐긴 부암동 이탈리안 레스토랑 !! 새우 크림 파스타가 특히 맛있고 피자도 무난히 맛있었어요 야외 테라스 공간이 넘 이쁘게 꾸며져있어서 구경하기 좋고 날씨 좀 괜찮을 때 노을 보며 맥주 한잔 너무 좋을 것 같아요~~
맛이써,"카페,디저트",예약 없이 이용,대기 시간 바로 입장,데이트,연인・배우자,대화하기 좋아요,커피가 맛있어요,디저트가 맛있어요,음료가 맛있어요,특별한 메뉴가 있어요,자리도 편하고 분위기도 아늑한 신상 카페! 특히 치즈케이크 종류가 다양해서 골라먹는 재미가 있고 심지어 맛도 훌륭합니다 👍안국에서 찾아보기 힘든 밤 열시까지 하는 카페 ㅎㅎ
맛이써,양식,예약 없이 이용,대기 시간 바로 입장,데이트,연인・배우자,음식이 맛있어요,특별한 메뉴가 있어요,비싼 만큼 가치있어요,인테리어가 멋져요,대화하기 좋아요,"진짜 인생 이탈리안 레스토랑 중 한 곳..🥹우선 간장게장 파스타 여기만큼 잘하는 곳 없어요.. 진짜 무조건 시켜보시는 것을 추천 !! 간장게장 맛을 살린게 너무 신기하고 면발이랑 모든게 다 조화로움.라자냐도 특이하지만 진짜 맛있고, 비프 웰링턴도 깔끔하니 맛있었다! 분위기도 좋아서 데이트 소개팅 그냥 다 가능할 듯 👍♥️"
맛이써,이자카야,예약 없이 이용,대기 시간 바로 입장,데이트,연인・배우자,음식이 맛있어요,특별한 메뉴가 있어요,가성비가 좋아요,메뉴 구성이 알차요,대화하기 좋아요,버터문어 다리구이에 생맥 최고의 조합~~어묵 몇개 시켜서 어묵 국물과 함께 먹으니 술이 잘 넘어가네요 ㅎㅎ 👍👍
맛이써,소고기구이,예약 없이 이용,대기 시간 바로 입장,데이트,0,음식이 맛있어요,고기 질이 좋아요,특별한 메뉴가 있어요,반찬이 잘 나와요,비싼 만큼 가치있어요,안창살 차돌박이 LA갈비 이렇게 3가지 먹어봤는데 진짜 하나같이 최상의 맛 🥹 특히 차돌박이는 어딜 가도 이런 맛 못볼 것이라고 말씀드립니다.. 얇게 썬 신선한 차돌박이 간장에 찍어먹으니 넘 맛있어요! 양념갈비도 양념이 잘 배어있고 직접 구워주시니 넘 편했네요~~ 차돌 된장찌개 마무리까지 훌륭! 반찬도 정갈하게 잘 나오고 계속 리필해주셔서 가족 데리고도 한번 와야겠어요 🙂‍↕️
맛이써,"순대,순댓국",예약 없이 이용,대기 시간 30분 이내,일상,0,음식이 맛있어요,양이 많아요,잡내가 적어요,재료가 신선해요,메뉴 구성이 알차요,"점심시간에 방문하였더니 웨이팅 어마어마 🫢🫢순환율이 좋아서 30분 정도 기다리고 들어갔어요~ 순대국밥 잡내도 없고 국물 맛이 찐한게 넘 맛있어요! 안에 고기와 부속물 진짜 가득하니 양도 푸짐해서 배터짐 그리고 정식으로 시키면 수육, 순대 4점씩 나오는데 양이 너무 많아서 어쩔 수 없이 남겼어요 ㅠㅠ 진짜 강추하는 순대국밥 맛집 🙌"
맛이써,"카페,디저트",예약 없이 이용,대기 시간 바로 입장,데이트,0,대화하기 좋아요,커피가 맛있어요,디저트가 맛있어요,음료가 맛있어요,가성비가 좋아요,포근한 느낌의 카페! 양재 근처에 열시까지 하는 카페 잘 없는데 여긴 늦게까지 해서 좋아요저 초코 브라우니 디저트가 넘 맛있어서 후기 남깁니다 ㅎㅎ
맛이써,양식,예약 후 이용,대기 시간 바로 입장,데이트,0,음식이 맛있어요,특별한 메뉴가 있어요,가성비가 좋아요,건강한 맛이에요,아늑해요,정말 궁금했던 레스토랑 드디어 가봤어요~! 저녁 때마다 재료소진으로 문닫은 모습만 보다가 미리 예약하고 방문! 음식을 많이 준비 하지 않는다고 하시더라고요. 까르보나라 특히 너무너무 맛있어서 강추합니다.. 그냥 음식이 다 맛있어요.. 맛있어서 둘이서 메뉴 3개 시켜먹음 !셰프님 한분이서 하시는데 친절하시고 메뉴 추천도 잘해주세요 ㅠㅠ 또 방문하겠습니다 ✌️✌️
맛이써,베이커리,예약 없이 이용,대기 시간 바로 입장,0,0,대화하기 좋아요,매장이 넓어요,빵이 맛있어요,가성비가 좋아요,디저트가 맛있어요,아몬드 스틱은 항상 맛있어요 강추 🥹
맛이써,샤브샤브,예약 후 이용,대기 시간 바로 입장,데이트,0,음식이 맛있어요,재료가 신선해요,건강한 맛이에요,반찬이 잘 나와요,메뉴 구성이 알차요,제일 좋아하는 양재 샤브샤브집 ! 2인 커플세트로 알차게 먹었어요!! 버섯 종류가 진짜 다양하고 노루궁뎅이 버섯도 진짜 신선하고 맛있네요~~국물이 찐하고 얼큰해서 계속 떠먹게 되는 맛!!인기가 많아서 자리도 항상 가득 차 있어요 ㅎㅎ만두 보쌈까지도 너무 알찬 세트 😭🙌
맛이써,"카페,디저트",예약 없이 이용,대기 시간 바로 입장,친목,친구,대화하기 좋아요,매장이 넓어요,커피가 맛있어요,디저트가 맛있어요,특별한 메뉴가 있어요,"새로 생긴 느낌좋은 성수 카페 🪼2층짜리라서 자리도 많고 아늑해서 대화하기 좋은 곳!겟마이초코 음료 시켰는데 특이하고 세팅이 귀여워서 더 좋았어요.. 그리고 제로슈가 케이크 같은 디저트를 시켰는데, 적당히 달달하고 상콤한게 작지만 맛있었어요! 귀여운 디자인은 덤 🥰앞으로 핫플 될 것만 같은 느낌 솔솔 〰️"
맛이써,"육류,고기요리",예약 없이 이용,대기 시간 바로 입장,여행,연인・배우자,음식이 맛있어요,고기 질이 좋아요,양이 많아요,특별한 메뉴가 있어요,가성비가 좋아요,"진짜 어떻게 이런 완벽한 고기집이 있지…인제 자작나무숲 놀러왔다가 돌아가는 길에 방문했어요!! 일단 가격이 착한데, 반찬 서비스 구성 등등이 너무 훌륭해요 !! 이 가격에 이런 질과 양이?? 오겹살과 고추장 화로구이 넘 맛있게 먹었구요 구워먹는 양파랑 버섯 감자 든든하게 주시고 반찬 찌개 그리고 서비스 음료까지 인심이 정말 후하십니다.. 반찬들도 하나같이 맛있어서 감동 받음 🥹인제 오신다면 꼭 꼭 들러서 방문하세요.. 리뷰 써달라고 해서 쓰는거 아님.. 정말 사람들이 많이 알아줬으면 하는 엄청난 지역 맛집 👏👏"
맛이써,요리주점,예약 후 이용,대기 시간 바로 입장,0,0,음식이 맛있어요,특별한 메뉴가 있어요,메뉴 구성이 알차요,대화하기 좋아요,친절해요,정말 제가 제일로 좋아하는 딤섬 맛집 !! 여기 딤섬 종류별로 다 먹어봤는데 하나같이 다 쫀득하고 풍미 가득한게 맛있어요..🥹 특히 샤오롱바오 육즙이 가득 들어있는게 제일로 맛있음 그외 우육면이나 밥 종류도 다 맛있어서 무조건 재방문 또 할겁니다 ~~ 👍
맛이써,돼지고기구이,예약 없이 이용,대기 시간 30분 이내,나들이,연인・배우자,음식이 맛있어요,고기 질이 좋아요,특별한 메뉴가 있어요,재료가 신선해요,반찬이 잘 나와요,운좋게 일요일 저녁 웨이팅 20분 만에 들어갔습니다! 우선 압도적인 숯불 비주얼.. 이런 화력에 고기를 구우면 맛있을 수 밖에 없는데 고기 자체도 넘 맛있어요!!항정살>가브리살>삼겹살 시켰는데 이 순서로  맛있더라고요 👏 특히 한정살은 어디서도 먹어본 적 없는 미친 맛입니다..🥹남영돈 말로만 듣다가 직접 먹어보니 그 인기 인정이 되네요 강추천 !!!
맛이써,샤브샤브,예약 없이 이용,대기 시간 바로 입장,나들이,0,음식이 맛있어요,재료가 신선해요,특별한 메뉴가 있어요,건강한 맛이에요,메뉴 구성이 알차요,반반샤브 너무 탁월한 선택!!야채와 고기 다 너무 신선하고 양도 많아서 진짜 맛있게 먹었어요~ 특히 소스도 다양하게 나오는데 노른자간장 소스 너무 맛있어요🥹🥹 매장도 깔끔하고 잘 꾸며져있어서 데이트 하러오기 좋을 것 같아요~~
맛이써,한식,예약 없이 이용,대기 시간 30분 이상,데이트,0,음식이 맛있어요,재료가 신선해요,양이 많아요,특별한 메뉴가 있어요,메뉴 구성이 알차요,진짜 또또또간집 .. 여기 국물닭발은 정말 믿고 드세요 너무너무 맛있어서 저녁에는 항상 웨이팅이 있다닭발 국물이 적당히 맵고 달달하고 특히 숙주가 많아서 조음 볶음밥에 치즈추가도 제발 믿고 먹어주세여 🙏
맛이써,중식당,예약 없이 이용,대기 시간 바로 입장,0,0,음식이 맛있어요,재료가 신선해요,가성비가 좋아요,건강한 맛이에요,혼밥하기 좋아요,재료도 다 너무 신선하고 딱 제입맛에 맞게 해주셔서 매번 찾아오는 곳.. 깔끔한 마라탕 찾으신다면 여기에용
맛이써,"육류,고기요리",예약 후 이용,대기 시간 바로 입장,데이트,연인・배우자,음식이 맛있어요,고기 질이 좋아요,특별한 메뉴가 있어요,반찬이 잘 나와요,단체모임 하기 좋아요,쫀득쫀득한 오겹살과 부드러운 목살 맛있게 먹고 갑니다! 고기 구워주셔서 좋았습니다.밑반찬도 다양하게 맛있었고 고기랑 잘 어울리는 반찬들이라서 같이 맛있게 먹었어요! 계란찜에 날치알 올라가는게 섬세한 감동이었어요 가게가 넓어서 단체모임에 강추 !! 👍
맛이써,요리주점,예약 후 이용,대기 시간 바로 입장,데이트,연인・배우자,대화하기 좋아요,뷰가 좋아요,음식이 맛있어요,술이 다양해요,특별한 메뉴가 있어요,"너무 멋진 성수의 와인바 🍷주택을 개조해서 만든 곳이라 아늑하고 1,2층 테라스까지 있는 넓은 곳이에요! 데이트나 모임을 하면 너무 좋을듯~ 메뉴는 특별하고 맛있는 퓨전 스타일이고 특히 막창 메뉴가 맛있었어요!! 포도를 연상케 하는 보라빛 조명과 인테리어가 인상적 🥹"
