﻿nickname,restaurant,reservation,waiting,purpose,withwho,tagging_1,tagging_2,tagging_3,tagging_4,tagging_5,content
연마백,"칼국수,만두",예약 없이 이용,대기 시간 바로 입장,일상,연인・배우자,매장이 넓어요,,,,,"왕십리 꿩칼국수.감기로 몇 주 고생했더니 평소에 잘 안 먹는 칼국수가 생각나더라구요. 주말 마무리로 오리고기에 꿩칼국수 먹으러 방문했습니다.단품으로 주문해도 좋지만, 오리고기를 구워먹으면 후식 칼국수를 내어주셔서 고기를 드시는 걸 추천해요! 저도 오리 2인분을 주문했는데 배를 땅땅 두드리며 나올 수 있었습니다.오리구이도 맛있고, 반찬들도 같이 구워먹기 맛있더라구요. 볶음밥도 많이 해 드시던데, 위장 용량 이슈로 포기했습니다.칼국수 국물이 진하고 참 맛이 좋더라구요. 면 식감도 굿입니다! 감기가 싹 내려가는 기분~ 담에 오면 꿩만두도 한 번 먹어보고 싶어요👍"
연마백,"순대,순댓국",예약 없이 이용,대기 시간 바로 입장,여행,연인・배우자,매장이 넓어요,음식이 맛있어요,양이 많아요,특별한 메뉴가 있어요,친절해요,"속초 아바이마을 나룻배식당.순대를 엄청 좋아해서 아바이마을에 꼭 가보고 싶었는데, 이번 속초 여행에서 소원 성취 하였습니다!매장 규모는 큰 편이고, 오징어순대, 아바이순대, 생선구이, 홍게라면 등을 판매해요. 다 맛있어 보였지만 제가 국밥충이라 아바이순대국밥 하나씩과 오징어순대 작은 걸 주문했습니다.오징어순대는 확실히 서울에서 먹는 것보다 맛있었어요ㅎㅎ 오징어 부드럽고 속 맛있고.. 그리고 순대국밥이 엄청 푸짐해서 좋았습니다. 먹어도 먹어도 끝없이 나와요.. 국물도 제 취향이고, 동네에 있었으면 단골 되었을 것 같습니다."
연마백,햄버거,예약 없이 이용,대기 시간 바로 입장,일상,연인・배우자,혼밥하기 좋아요,매장이 청결해요,음식이 빨리 나와요,음식이 맛있어요,특별한 메뉴가 있어요,왕십리 벤티버거.집근처에 새로 버거집 생겨서 벼르다 방문했는데.. 이제 여기 정착할 것 같아요😍 패티가 근-본 스타일.. 리치하지만 느끼하진 않고 버거 간(?)도 맛있게 좋았습니다. 개인 취향으로 요 근방에서 젤 맛있는 버거집이네요👍
연마백,"이벤트,파티",,,,,,,,,,"궁금했던 곳인데 드디어 방문했어요! 생각보다 공간이 아늑하고 음악 듣기 너무 좋더라구요.. LP도 다양하고 좋은 앨범이 많아서 구경하는 재미도 있고.. 신청곡을 듣는 것도 참 좋았는데, 틀어주시는 음악도 정말 좋았습니다. 또 방문하고 싶어요!"
연마백,돼지고기구이,예약 없이 이용,대기 시간 바로 입장,일상,연인・배우자,직접 잘 구워줘요,음식이 맛있어요,고기 질이 좋아요,특별한 메뉴가 있어요,매장이 넓어요,고기도 다 구워주시고 밑반찬도 하나하나 넘 맛있어요! 동네에서 고기 먹고싶을 때 가장 먼저 생각나는 곳입니다👍👍
연마백,샌드위치,포장·배달 이용,대기 시간 바로 입장,일상,혼자,친절해요,음식이 맛있어요,특별한 메뉴가 있어요,,,"신설동 모닝웨이.샌드위치를 좋아해서 가보고 싶던 곳이었는데, 오픈과 마감 시간이 다 빨라서 평일엔 못 가고.. 토요일 오전에 드디어 방문했습니다!브리치즈애플이나 딜 참치 등 색다른 메뉴도 있었는데 첫 방문이라 닭가슴살 아몬드 샌드위치를 주문했어요.가격대는 좀 있지 않나? 했는데 샌드위치 속이 꽤 알차고.. 너무너무 맛있어서 납득했습니다.닭가슴살은 아주 촉촉하고.. 약간 달달하고 크리미한 소스가 정말 맛있더라구요. 아몬드가 씹히는 느낌도 아주 좋았습니다.전메뉴 다 궁금한 곳이네요! 담주에도 또 가고 싶습니다ㅎㅎ"
연마백,"맥주,호프",예약 없이 이용,대기 시간 바로 입장,일상,연인・배우자,인테리어가 멋져요,친절해요,매장이 청결해요,술이 다양해요,특별한 메뉴가 있어요,마장동 메즈나인 브루잉 컴퍼니.궁금했던 도심 속 양조장! 2층 자리에서 내려다보이는 양조공간이 정말 멋져요. 브레이킹배드 월터의 작업실도 떠오르네요ㅎㅎ맥주 샘플러와 페퍼로니 피자를 주문했습니다. 샘플러에 번호도 붙여주시고 먹으면 좋은 순서대로 배열해주셔서 좋더라구요!
연마백,한식,예약 없이 이용,대기 시간 바로 입장,여행,연인・배우자,친절해요,매장이 청결해요,음식이 맛있어요,양이 많아요,특별한 메뉴가 있어요,강릉여행와서 먹은 첫끼! 양념도 넘 맛있고 타다끼가 부드러워서 넘 맛있게 먹었어요😍💕💕💕
연마백,"치킨,닭강정",포장·배달 이용,대기 시간 바로 입장,일상,연인・배우자,음식이 맛있어요,양이 많아요,,,,왕십리 왕초바베큐여긴 사실 매장에 가보고 싶었는데.. 기력없음 이슈로 배달을 시켰네요. 생맥주도 배달해주셔서 감사합니다..😇순살 숯불양념바베큐 보통맛에 우동사리를 추가했는데 제대로 숯불에 구워낸 느낌이었습니다. 맛있긴 한데 매장에서 바로 생맥주랑 먹으면 훨씬 맛있을 것 같습니다!
연마백,카페,예약 없이 이용,대기 시간 바로 입장,일상,연인・배우자,인테리어가 멋져요,음악이 좋아요,친절해요,커피가 맛있어요,디저트가 맛있어요,"신설동 파일드.요즘.. 모든 부분에서 훌륭한 자질을 가진 그런 사람을 육각형의 인간이라고 부르던데, 저한테는 신설동 카페 파일드가 딱 그런 느낌!커피: 존맛 필터커피가 나옴디저트: 완성도높고 독특한 스타일음악: 분위기에 맞는 흑인음악 위주인테리어: 우드톤/힙한 가구와 색감/식물들서비스: 친절하심위치: 성북천 옆..이러면 육각형의 카페 아닌가요? 여튼 저는 진짜 맘에 쏙 들었습니다^^* 에티오피아 버그 우가 진짜 맛있었어요. 정말 환하고 진한 향이 오래 남더라구요. 꽃과 과일 향을 좋아한다면 진짜 마음에 들 만한 커피. 산미도 부드럽게 느껴지구요~"
연마백,양식,예약 없이 이용,대기 시간 바로 입장,일상,연인・배우자,친절해요,아늑해요,음식이 맛있어요,특별한 메뉴가 있어요,,"신설동 오모.열무 페스토 스파게티, 참나물 명란 오일 스파게티와 디카페인 롱블랙, 탄산수를 주문했습니다. 워낙 파스타를 좋아해서 기대가 되었는데, 두 파스타 모두 특색있고 맛있어서 소스까지 싹싹 긁어먹었어요ㅎㅎ열무로 만든 페스토가 과연 어떨까 싶었는데.. 은은한 맛과 향이 좋았어요. 함께 나온 수란과 레몬즙을 곁들여 먹으면 맛이 확 업그레이드가 됩니다!참나물 명란 파스타는 베스트 메뉴였는데, 한 입 먹고 납득했어요.. 향긋한 참나물과 명란의 조합이 좋더라구요.두 메뉴 다 무척 맘에 들었는데, 참나물 파스타가 조금 더 입맛에 맞았습니다ㅎㅎ 다른 메뉴도 다 궁금해지는 곳이에요😍"
연마백,해장국,예약 없이 이용,대기 시간 바로 입장,일상,연인・배우자,매장이 넓어요,혼밥하기 좋아요,친절해요,매장이 청결해요,음식이 맛있어요,"신설동 1억 해장국.선지랑 양이 들어간 우거지해장국을 파는 해장국집을 발견해서 방문해보았습니다. 내부가 깔끔하고 직원분이 정말정말x3 친절하셔서 기분좋게 식사할 수 있었어요.양선지해장국과 우거지해장국을 주문했는데, 우거지해장국에는 고기가 없고 버섯과 야채만 들어간다고 합니다! 저는 양과 선지를 좋아해서 양선지를 주문했는데 양이 꽤 푸짐하네요ㅎㅎ 국밥 맛도 좋았습니다.동묘 쪽에서 깔끔하게 국밥 드시고 싶다면 방문할만한 곳이에요! 해장국 외에도 장터국밥이나 다른 국밥 메뉴도 있더라구요👍"
연마백,김밥,예약 없이 이용,대기 시간 바로 입장,일상,연인・배우자,혼밥하기 좋아요,재료가 신선해요,양이 많아요,특별한 메뉴가 있어요,친절해요,"왕십리 코끼리김밥원래 식물원김밥이었던 곳이 코끼리 김밥으로 바뀌었어요. 메뉴는 그대로인것 같은데..? 사장님도 바뀌신 것 같아 방문했습니다.밥없는 계란 야채 코끼리롤(이하 밥없롤.. 9,000원), 명란김밥(6,000원), 그리고 라면(5,000원)을 주문했어요.밥없롤은 엄청 푸짐하고 아보카도나 고급 크래미, 통계란같은 좋은 재료가 짱짱하게 들어가서 좋아하는 분들이 많을 것 같아요. 전 명란김밥 쪽이 더 밸런스가 좋은 느낌이었습니다ㅎㅎ 간판은 바뀌었지만 맛은 그대로라 신기했어요! 사장님은 더 친절하십니다👍"
연마백,피자,예약 없이 이용,대기 시간 바로 입장,친목,친구,음식이 맛있어요,양이 많아요,특별한 메뉴가 있어요,,,"옥수 더코너키친.빠네 쿨라텔로 파스타와 뽈로 인살라타 샐러드를 주문했어요.먼저 샐러드가 나왔는데, 그냥 저속노화용으로 별 생각없이 주문했던지라 기대를 안 했거든요.. 근데 너무 맛있었어요😍 제가 최근 먹은 샐러드 중 제일..! 재료 하나하나 조리법도 다른것 같고 다양한 온도감과 식감을 즐길 수 있는 샐러드였어요. 파스타는 피자 도우 안에 들어있었는데, 저 빵이 정말 맛있었어요. 파스타랑도 잘 어울렸지만, 샐러드를 넣어서 샌드위치처럼 먹으니 더 맛있었습니다.음료는 바질토마토에이드를 주문했는데, 그것까지 아주 맘에 들었어요.(진을 한 샷 정도 넣고 싶었습니다..😇) 친구랑 저 둘 다 대만족! 하고 나온 곳이에요. 특히 뽈로 인살라타 샐러드.. 강추합니다👍"
연마백,김밥,예약 없이 이용,대기 시간 10분 이내 ,일상,혼자,음식이 맛있어요,가성비가 좋아요,매장이 넓어요,혼밥하기 좋아요,주차하기 편해요,왕십리 남다른김밥.왕십리역 엔터식스 푸드코트에 있는 분식집입니다. 이 날 김밥이 너무너무 먹고싶어서 여기서 기본 김밥과 참치 김밥을 포장해왔어요ㅎㅎ 요즘 김밥 가격도 많이 올랐는데 여긴 3~4천원대라 상대적으로 저렴하게 느껴집니다..김밥 비주얼은 꽤 괜찮았어요! 가격 대비 재료가 푸짐하게 들어간 것 같고.. 시금치 우엉 당근 등 클래식한 김밥의 구성이라 호감이었습니다..푸드코트 내 식당이라 맛은 크게 기대하지 않았는데 의외로 넘 괜찮던데요?? 맛있는 집김밥 느낌이었어요. 밥이나 재료 간도 맘에 들었습니다ㅎㅎ 앞으로 자주 갈 것 같아요👍
연마백,"순대,순댓국",예약 없이 이용,대기 시간 바로 입장,일상,연인・배우자,음식이 맛있어요,잡내가 적어요,친절해요,매장이 청결해요,혼밥하기 좋아요,신당 강창구 찹쌀 진순대.황학사거리에 새로운 식당이 생기는 듯해 뭘까 궁금했는데 순대국집이라 넘 설레더라구요! 역시 새로 생긴 매장이라 그런지 실내가 깔끔하고 직원분이 친절해서 좋았습니다. 기본 순대국을 주문했는데 진한 사골 국물 베이스에 다대기가 미리 들어가 있네요. 처음부터 다 섞지 말고 다른 곳에 덜어놓은 후 조금씩 추가하면 취향에 맞게 먹을 수 있을 듯 합니다.고기와 순대도 섭섭하지 않게 들어있고.. 잡내 없이 깔끔한 스타일이었어요.쾌적한 곳에서 보장된 맛의 순대국을 먹을 수 있는 곳이에요👍
연마백,바(BAR),예약 없이 이용,대기 시간 바로 입장,기념일,"연인・배우자, 부모님",인테리어가 멋져요,음악이 좋아요,뷰가 좋아요,술이 다양해요,특별한 메뉴가 있어요,을지로 웜비어위캔드.청계천 지나다닐 때마다 2층 창 너머로 보이는 매장 분위기가 너무 좋아보여서 궁금했던 곳이에요. 부모님 모시고 방문했는데 모두가 분위기에 만족했던 곳! 해질녘에 갔던지라 노을지는 청계천을 바라보며 한 잔 할 수 있었습니다.버드 오브 프레이라는 논알콜 맥주가 의외로 너무 맛있고 퀄이 좋아서 신기했어요. 생맥주나 칵테일도 괜찮고.. 매장 분위기와 위치가 아주 좋아서 담에 또 오고 싶은 곳입니다👍
연마백,중식당,예약 후 이용,대기 시간 바로 입장,기념일,"연인・배우자, 부모님",음식이 맛있어요,특별한 메뉴가 있어요,친절해요,특별한 날 가기 좋아요,인테리어가 멋져요,"아부지 생신 기념 식사로.. 좋아하시는 북경오리집에 다녀왔습니다. 덕후선생 광화문점은 처음 가봤는데 주차도 편하고 매징이 깔끔해서 좋더라구요. 북경오리 한마리는 미리 예약해뒀고, 추가로 쯔란갈비, 사천식조개볶음, 굴소스채소볶음(공심채), 홍게포개반을 주문했어요. 평일 얼리타임? 예약 서비스로 홍유초수 한 그릇도 서비스로 받고.. 콜키지가 되어 와인도 한 병 가져왔습니다ㅎㅎ오랜만에 먹지만 역시나 좋았어요. 북경오리도 오리지만 사천식 조개볶음이 진짜 맛있더라구요..! 면 추가해서 비벼먹으면 극락.. 생일자이신 아부지도 대만족하시고 일행 모두 맛있게 먹었습니다ㅎㅎ 직원분들도 친절하시고.. 좋은 시간이었어요🤗"
연마백,베이커리,예약 없이 이용,대기 시간 30분 이내,여행,친구,친절해요,빵이 맛있어요,특별한 메뉴가 있어요,가성비가 좋아요,,"친구들이 생귤시루 산대서.. 덩달아 오픈런을 하게 되었습니다. 보냉백이나 케익보관함 등을 이용할수도 있었지만, 저는 서울까지 과연 생크림이 멀쩡할까 우려되어 호두파이, 마들렌, 치즈스콘 등 상온보관이 가능한 제품들만 구매했어요ㅎㅎ생귤시루가 부담스러운 사람들을 위한 미니 귤케이크, 퍼귤도 괜찮아 보였습니다!오픈 시간에도 사람들이 웨이팅을 하고 있었는데.. 에어컨도 틀어주고 부채도 나눠주고 양산도 나눠주는 성심당 직원들의 모습에서 성심을 느꼈습니다(?)맛이야 뭐든 평타 이상이고 가격이 저렴해서 정말 좋은 곳 같아요."
연마백,카페,예약 없이 이용,대기 시간 바로 입장,여행,친구,대화하기 좋아요,친절해요,매장이 청결해요,특별한 메뉴가 있어요,,"대전 오시우 커피.휴일의 중앙로는 어딜 가도 사람이 많네요.. 일사병 걸리기 직전(여름에 방문했던지라..) 겨우 발견한 꽤 규모가 있어 앉을 자리가 남아있던 카페입니다.시그니처는 아이스크림이 올라간 비주얼이 좋은 음료였는데, 더워서 그냥 커피를 마셨어요ㅎㅎ 핸드드립 원두도 꽤 다양하고 디카페인도 있어 좋았습니다!"
연마백,독립서점,,,,,베스트셀러가 많아요,독특한 책이 많아요,시설이 깔끔해요,카페 같은 분위기에요,,대전 다다르다.이번 대전여행에서도 방문한 다다르다. 요번엔 핸드드립을 한 잔 마셔봤는데.. 2박3일 여행 중 입에 들어갔던 모든 것들 중에 가장 맛있었어요🥺💕 원두는 에콰도르 cvm 워시드였는데 이런 맛난 커피를 6천원에 마실 수 있다니 참 좋았어요.관심가는 책은 많았는데 무거워서 못 산게 좀 아쉽네요.. 담에 대전 또 오면 이곳 방문을 마지막으로 해야겠어요ㅎㅎ
연마백,베이커리,예약 없이 이용,대기 시간 30분 이내,여행,친구,빵이 맛있어요,가성비가 좋아요,친절해요,,,대전 성심당 본점.저번 방문때 넘 늦게 와서 몇 종류 못 사간게 아쉬워서.. 이번엔 일찍 왔어요. 역시 오전에 오니 여러 종류의 빵이 많이 있어서 기뻤습니다! 다만 원하는 빵이 제가 들어간 시간에 나온다는 보장이 없으므로.. 그냥 마주친 빵을 웅명이려니 하고 집어왔어요ㅋㅋ이번에 먹은 것 중 가장 좋았던 건 명란바게트와 초코튀소였습니다! 초코튀소는 과하지 않을까 했는데.. 과하면서 맛있어서 좋더라구요. 가속노화 풀악셀 밟는 맛이었어요💁‍♀️ 눈에 보이시면 하나쯤은 드셔보셔도 좋을 듯 합니다ㅎㅎ
연마백,카페,예약 없이 이용,대기 시간 바로 입장,친목,친구,특별한 메뉴가 있어요,매장이 넓어요,아늑해요,,,"세종 제주도화.세종시에서 느끼는 제주도의 감성..?! 친구들과 함께 방문했는데, 아기자기한 감성이 괜찮았던 카페에요. 제주도 기념품을 판매중인게 뭔가 재밌었던..ㅋㅋ 커피보다는 차 종류가 더 전문인것 같았습니다. 아아는 고소했어요~"
연마백,"카페,디저트",예약 없이 이용,대기 시간 바로 입장,"친목, 여행",친구,매장이 청결해요,특별한 메뉴가 있어요,인테리어가 멋져요,뷰가 좋아요,매장이 넓어요,"청주 수암골 오지.야경이 아주 멋졌던 청주 대형카페입니다. 수암골이 유명한 청주 관광지라 와 봤는데 괜찮은 카페들이 모여있네요! 여기가 아마 위치가 제일 좋은 듯 합니다.베이커리 카페라 빵이 다양하게 있는데, 트랜드에 맞는 빵들이 많아서 재미있었어요. 여기서 두바이 초콜릿 어쩌구를 처음 먹어봤습니다ㅎㅎ"
연마백,"카페,디저트",예약 없이 이용,대기 시간 바로 입장,여행,친구,인테리어가 멋져요,집중하기 좋아요,뷰가 좋아요,야외공간이 멋져요,주차하기 편해요,"청주 후마니타스.백송짜글짜글에서 식사 후 차 한 잔 하러 방문했어요. 연잎이 가득한 저수지와 논이 넓게 펼쳐진 작은 마을 사이에 자리잡고 있는 복합문화공간이라 합니다. 한옥 건물이 멋지더라구요! 작은 도서관에 견줄 만큼 책도 많이 있었고, 경치도 멋졌습니다.디카페인 커피와 차, 조각케이크를 주문했는데 공간이 너무 좋아서 만족스러운 시간을 보내고 왔어요. 다음 일정 때문에 한시간 정도만 머물렀던 게 아쉽더라구요ㅎㅎ 담에 오면 여유롭게 책도 읽고 작업도 하고 몇 시간 있고 싶은 곳이에요👍"
연마백,태국음식,예약 없이 이용,대기 시간 바로 입장,일상,연인・배우자,친절해요,음식이 맛있어요,현지 맛에 가까워요,가성비가 좋아요,인테리어가 멋져요,최근에 갔던 태국음식점 중에서 가장 맛있었어요! 가격도 저렴하고 매장 분위기도 완전 현지 느낌 제대로입니다ㅎㅎ 팟타이랑 덮밥 쏨땀 다 대만족이었어요. 또 방문하고 싶습니다ㅎㅎ
연마백,"카페,디저트",예약 없이 이용,대기 시간 바로 입장,친목,친구,친절해요,인테리어가 멋져요,대화하기 좋아요,디저트가 맛있어요,특별한 메뉴가 있어요,"안국 미완성식탁.드디어 저도 방문해보았습니다! 정말 독특한 맛이 다양하게 있어서 좋았습니다. 고수, 라임, 파인애플, 코코넛이 들어간 코리앤더 콜라다와 참기름 마카롱을 친구와 하나씩 먹어보았어요. 적혀있는 맛이 정직하게 느껴지더라구요! 고수나 참기름 등 마카롱으로 먹었을때 괜찮을까 싶은 맛이었는데 의외로 괜찮은 디저트라 놀랐습니다. 올리브오일과 토마토, 딸기가 들어간 녹음 도 궁금하고 초당옥수수나 천도복숭아 등 제철 재료가 들어간 마카롱도 담에 가면 꼭 먹어보고 싶습니다😍"
연마백,막국수,예약 없이 이용,대기 시간 바로 입장,여행,연인・배우자,친절해요,주차하기 편해요,음식이 맛있어요,특별한 메뉴가 있어요,,"고성 교동막국수.고성여행 중 방문한 막국수 집인데 무척 맛있게 먹고 나왔어요. 명태회 막국수가 유명하다지만 물막국수를 좋아해서 물막국수와 수육 소자를 시켰습니다😙 수육 위에 명태회무침이 좀 나와서 맛을 볼 수 있었는데 꽤 맛있더라구요.물막국수는 육수 맛도 좋고 면 식감도 괜찮아서 흡입했습니다. 은은한 고소함이 계속 느껴지는데.. 어휴 술술 들어가더라구요. 완면해버렸지 뭐에요😍수육도 부드럽고.. 직접 담그시는 듯한 장이 아주 맛있었습니다. 판매하시면 사오고 싶더라구요!토속적이면서도 맛이 좋고, 사장님도 친절하셔서 잘 먹고 나왔습니다."
연마백,"카페,디저트",예약 없이 이용,대기 시간 바로 입장,여행,연인・배우자,특별한 메뉴가 있어요,인테리어가 멋져요,대화하기 좋아요,뷰가 좋아요,야외공간이 멋져요,"고성 스퀘어루트.고성여행 중 해안도로 따라 쭉 올라가다 우연히 발견한 카페입니다. 규모도 큰 편이고, 인적 드문 해변 바로 앞에 있어서 오션뷰가 정말 멋지더라구요!아아 두잔에 하나는 디카페인으로 했는데, 커피도 괜찮았고.. 시그니처 메뉴인 티라미수도 비주얼이 좋아서 궁금했습니다. (배불러서 못먹음)갤러리 카페도 겸하고 있어서 전시도 진행하고.. 루프탑에서 바라보는 바다도 아름다워서 좋았던 곳입니다."
연마백,"다이어트,샐러드",예약 없이 이용,대기 시간 바로 입장,일상,연인・배우자,혼밥하기 좋아요,친절해요,음식이 맛있어요,재료가 신선해요,특별한 메뉴가 있어요,왕십리 슬로우캘리.1주일동안 세 번이나 다녀온.. 요즘 너무 잘 먹어서 건강하게 먹어볼까 하고 한 번 포장해왔다가.. 넘 맛있어서 자주 가게 되었습니다ㅎㅎ 오랜만에 갔는데도 여전히 맛있군요🤔그냥 샐러드보다 훨씬 제 취향인데.. 밥도 들어있고 소스도 맛있고 해산물 재료가 많이 들어가서 좋은 것 같아요.개인적으로 좋아하는 조합은 클래식 연어 포케에 소스 절반만 넣고.. 해초를 추가하는 건데 이렇게 먹으면 간이 딱 맞고 야채도 많이 먹을 수 있어서 만족스러워요. 다이어트는 별 진전이 없지만.. 맛있어서 찾게 되는 메뉴입니다💁‍♀️
연마백,요리주점,예약 후 이용,대기 시간 바로 입장,데이트,연인・배우자,음악이 좋아요,친절해요,음식이 맛있어요,기본 안주가 좋아요,술이 다양해요,"건대 마미블루.평일에도 라이브 공연이 있는 재즈바는 소중합니다.. 공연스케쥴을 보다가 비브라폰 트리오를 발견하고 바로 예약했어요! 매장은 레트로 분위기가 제대로.. 오래 영업하신 것 같은데 사장님도 넘 친절하시고 칵테일도 맛있어서(사진에는 없지만) 이것저것 많이 주문해 마셨어요ㅎㅎ안주도 가성비가 좋았는데요, 폭립도 맛있고.. 과일안주 소자가 만오천원에 푸짐하게 나와서 좋았습니다.이 날 공연도 정말 신나고 즐거웠어요! 다른 날 또 가고싶은 재즈바입니다💁‍♀️"
연마백,"맥주,호프",예약 없이 이용,대기 시간 바로 입장,친목,친구,음악이 좋아요,혼술하기 좋아요,친절해요,술이 다양해요,특별한 메뉴가 있어요,"성수 스태거.가보고싶던 맥주집이었는데, 근처에 갈 일이 생겨서 기회다! 하고 방문했어요. 비음주자 친구를 데리고..(제가 친구 몫까지 마셨습니다ㅋㅋ)탭리스트가 알차고 마음에 들었습니다. 바질 향이 굉장한 써머가든 세종으로 시작해 오랜만에 마시는 인디카 IPA, 마무리는 블루 패션 인 써머로 했는데 다들 여름과 잘 어울리고 맛있었습니다.사장님도 정말 친절하시고.. 공간과 음악도 좋았어요. 담에 성수동 놀러가면 여긴 또 방문하고 싶은 곳입니다!"
연마백,카페,예약 없이 이용,대기 시간 바로 입장,친목,친구,커피가 맛있어요,특별한 메뉴가 있어요,인테리어가 멋져요,친절해요,,성수 로우키.핸드드립 커피를 좋아하게 된 이후에 방문한 로우키는 더욱 특별한 느낌이네요! 에티오피아 루무다모 내추럴을 아이스로 한 잔 테이크아웃했는데.. 한 모금 하자마자 감탄했어요🥺💕 산미와 과일향이 팡팡 맛있는 커피였습니다 덕분에 더위를 좀 더 견딜 수 있었어요👍
연마백,"카페,디저트",예약 후 이용,대기 시간 10분 이내 ,친목,친구,인테리어가 멋져요,대화하기 좋아요,친절해요,특별한 메뉴가 있어요,,성수 무브모브 킹키부츠 생일카페.친구가 좋아하는 뮤지컬 킹키부츠 생일카페에 함께 방문해보았습니다! 생일카페라는 곳을 처음 와봤는데 되게 재밌었어요ㅎㅎ 이벤트 음료는 그냥 그랬지만 팬들이 즐길 수 있는 컨텐츠가 많아서 팬이라면 넘 즐거운 공간이 아닐까 싶었습니다. 사람이 많은데도 카페 관리가 잘 되고 좌석도 편해서 좋았어요! 기회가 되면 저도 킹키부츠 한 번 봐야겠어요👍
연마백,이자카야,예약 없이 이용,대기 시간 바로 입장,데이트,연인・배우자,음식이 맛있어요,특별한 메뉴가 있어요,혼술하기 좋아요,,,"동네라면 정말 추천하고 싶은 곳입니다. 다양한 사시미와 제철 해산물, 스시와 소바, 구이 등 메뉴도 다양하고요.. 단품 스시를 추가할 수 있는 점도 좋더라구요. 저는 아마에비, 스페셜스시, 참치육회 들기름 메밀소바를 주문했는데 하나같이 다 만족스러웠습니다! 스시는 2만원이라는 가격에 구성과 퀄이 넘 괜찮아서 좋았고.. 참치육회 들기름소바는 너무 제 입맛에 잘 맞아서 흡입하게 되더라구요.1인 사시미나 작은 메뉴들이 있어서 혼술이나 혼밥하기에도 좋아보였습니다. 앞으로 자주 방문하게 될 것 같아요!"
연마백,한식,예약 없이 이용,대기 시간 바로 입장,여행,친척・형제,음식이 맛있어요,특별한 메뉴가 있어요,가성비가 좋아요,친절해요,매장이 청결해요,동생이랑 인천여행 왔다가 게장먹고싶어서 찾아온 곳인데 너무 괜찮네요! 매장도 깔끔하고 해산물이 다 먹기 좋게 손질되어 나와서 좋았어요. 다 맛있었는데 새우장이랑 게장이 취향이었습니다. 담에 영종도 오면 여기 또 오려구요👍👍
연마백,"다이어트,샐러드",포장·배달 이용,대기 시간 바로 입장,일상,혼자,친절해요,음식이 맛있어요,재료가 신선해요,양이 많아요,특별한 메뉴가 있어요,너무맛있어서 주3회 먹었습니다.. 질리지도 않고 속도 편하고 건강한 느낌이라 참 좋아요
연마백,피자,예약 없이 이용,대기 시간 바로 입장,친목,친구,음식이 맛있어요,양이 많아요,특별한 메뉴가 있어요,술이 다양해요,,"굉장히 기대를 많이 하고 방문했는데, 기대만큼 즐거운 식사를 하고 왔습니다.첫 방문이라 고심해서 주문했는데 조합이 아주 괜찮더라구요. 표고 블루치즈는 꼬릿한 치즈와 표고버섯 향, 크리미한 소스가 잘 어우러진.. 피자로는 처음 먹어보는 스타일인데 아주 맛있었어요. 전 맥주랑 먹었지만 와인과도 잘 어울릴 것 같았습니다.이탈리안 밤은 페퍼로니, 메종조 초리조, 베이컨, 양송이, 할라피뇨 등이 가득 올라간 피자였는데 살짝 매콤하고 다양한 육류의 풍미가 느껴져 좋았어요.도우가 맛있어서.. 그린가디스 디핑 소스를 주문했는데 이게 산미가 있고 허브 향이 아주 좋더라구요. 피자 손잡이 찍어먹으면 극락..👍다음에 또 가서 못 먹어본 피자와 와인을 즐겨보고 싶습니다. 넘 좋은 시간이었어요😍💕"
연마백,베이커리,예약 없이 이용,대기 시간 바로 입장,일상,혼자,빵이 맛있어요,특별한 메뉴가 있어요,건강한 맛이에요,친절해요,매장이 청결해요,"왕십리 보다미.쌀식빵 전문점인데, 최근 지나다가 초당옥수수 식빵을 개시하셨다 하여 방문해보았습니다. 제가 간 날은 비건데이라고 밀가루 계란 버터 등등 없이 빵을 만든다고 하시는데요.. 그거 없이 빵이 만들어진다니 신기하더라구요ㅋㅋ반으로 갈라보니 옥수수가 가득해서 만족! 쫄깃하니 뭔가 기정떡 같은 느낌이었어요. 구워먹으니 표면이 바삭해지며 맛있었습니다."
연마백,,예약 없이 이용,대기 시간 바로 입장,일상,혼자,음식이 맛있어요,재료가 신선해요,특별한 메뉴가 있어요,혼밥하기 좋아요,친절해요,"동네에도 칙피스가 있어서 가봐야지 하다가 다이어트가 시급해지니 방문하게 되네요..ㅎㅎ오랜만에 먹는 팔라펠과 후무스에 기분이 좋아졌습니다. 피타브레드나 병아리콩, 올리브, 당근라페 등 평범한 샐러드 프랜차이즈와 다른 스타일의 지중해식(중동식..?) 식사를 할 수 있어 좋네요."
연마백,주꾸미요리,예약 없이 이용,대기 시간 바로 입장,친목,친구,음식이 맛있어요,재료가 신선해요,양이 많아요,가성비가 좋아요,건강한 맛이에요,"응암동 쭈꾸.친구랑 은평구 나들이 갔다가 새절역 바로 옆에 있는 쭈꾸에서 식사를 하게 되었습니다. 주말인데도 점심특선이 되어서 기뻤어요ㅎㅎ 쭈꾸미에 야채 가득 묵사발까지 해서 인당 11,000원이라니 요즘 물가에 참 괜찮은 곳이네요.쭈꾸미 맵기는 중간으로 했는데 적당히 매콤해서 좋았고, 식감도 탱글해서 좋았어요. 양도 넉넉해서 만족스러웠습니다. 비빔밥으로 먹으니 야채도 잔뜩 먹을 수 있어서 좋았습니다. 동네라면 종종 갈 것 같은 곳!"
연마백,카페,예약 없이 이용,대기 시간 바로 입장,데이트,연인・배우자,인테리어가 멋져요,친절해요,매장이 청결해요,커피가 맛있어요,음료가 맛있어요,늦게까지 열어서 방문했는데 공간이 너무 좋네요! 디카페인 커피와 음료도 맛있고 사장님도 친절하셔서 좋았어요👍
연마백,분식,예약 없이 이용,대기 시간 바로 입장,일상,혼자,혼밥하기 좋아요,음식이 맛있어요,특별한 메뉴가 있어요,,,"매장 밖에 있는 의성마늘감태김밥(6,000원) 이라는 메뉴가 끌려 방문해보았습니다. 김밥 속이 꽉 차 있었어요. 감태는 한 장 인 것 같은데 그걸로도 존재감이 확실하더라구요! 마늘도 맛있구요ㅎㅎ 꽤 괜찮은 김밥이었습니다."
연마백,카페,예약 없이 이용,대기 시간 바로 입장,일상,혼자,친절해요,대화하기 좋아요,특별한 메뉴가 있어요,가성비가 좋아요,,"왕십리 읍천리382.프랜차이즈 카페같은데 샐러드나 샌드위치 메뉴가 괜찮은 것 같아 한 번 방문해보았습니다. 불고기 샌드위치를 포장했는데, 재료가 가득 든 빵빵한 샌드위치라 좋았어요."
연마백,카페,예약 없이 이용,대기 시간 바로 입장,일상,혼자,커피가 맛있어요,,,,,친절하고 커피도 빨리 나와요! 컴포즈에도 디카페인 아메리카노가 있어서 좋네요ㅎㅎ
연마백,와인,예약 없이 이용,대기 시간 바로 입장,데이트,연인・배우자,기본 안주가 좋아요,특별한 메뉴가 있어요,음악이 좋아요,대화하기 좋아요,반려동물과 가기 좋아요,안주와 술 다 맛있었어요! 재즈 들으면서 칵테일 한 잔 하기 좋습니다.. 공연 할 때 또 와보고 싶어요👍
연마백,중식당,예약 없이 이용,대기 시간 바로 입장,여행,연인・배우자,음식이 맛있어요,양이 많아요,특별한 메뉴가 있어요,친절해요,,"구리 촉석루.둘이서 간짜장 2개와 탕수육 소자를 주문했습니다. 간짜장이 먼저 나왔는데 물기없이 잘 볶아진 소스가 맛있어보이더라구요. 신기하게 통깨를 뿌려주고요..소스를 면에 다 부어서 골고루 비벼먹었는데 진짜 제 취향저격.. 적당한 염도와 단맛이 딱 좋더라구요. 면에 소스가 착 붙는 느낌😍 식으면서 좀 짜지는데 그게 또 맛있더라구요💁‍♀️탕수육은 양이 엄청 많고, 바삭하게 튀겨낸 옛날탕수육 스타일이었어요. 요청하면 간장도 주시는데, 그냥 먹어도 갓 튀겨낸지라 참 맛있었고.. 소스에 푹 적셔 먹어도 좋았어요.사람마다 취향이 다르겠지만 제 입맛엔 이 집 간짜장이 지금까지 먹어본 간짜장 중 가장 맛있었어요! 이 집 하나를 위해 구리시 재방문 가능합니다👍👍"
연마백,"카페,디저트",예약 없이 이용,대기 시간 30분 이내,여행,연인・배우자,뷰가 좋아요,커피가 맛있어요,특별한 메뉴가 있어요,,,강릉 보헤미안 박이추 커피.강릉여행가면 맛있는 커피를 파는 곳이 많아 참 좋습니다.. 어떤 카페를 갈까 고민하다 보헤미안 박이추 커피에 왔는데 핸드드립 원두가 다양해서 좋더라구요. 파나마 게이샤와 예멘모카 마타리를 골랐는데 두 개 다 맛있었지만 파나마 게이샤가 산미가 좀 더 좋았어요ㅎㅎ 커피공장 전경도 내려다 볼 수 있고.. 좌석에서 바다도 보이고.. 만족스러웠습니다ㅎㅎ
연마백,"해물,생선요리",예약 없이 이용,대기 시간 바로 입장,여행,연인・배우자,음식이 맛있어요,재료가 신선해요,특별한 메뉴가 있어요,,,"강릉 제주해인물회.제 마음 속 물회와 멍게비빔밥 1등은 여기입니다.. 제주해인물회를 가기 위해 강릉여행을 간다고 해도 과언이 아닙니다 캬캬물회, 비빔밥, 막국수, 전복죽 크게 네 메뉴가 있는데 위에 올라가는 메인 토핑을 고를 수 있는 시스템이에요. 제 최애 메뉴는 향긋하고 고소한 멍게비빔밥입니다! 성게비빔밥도 맛있지만 왠지 숙성멍게가 올라간 비빔밥이 더 맛있더라구요.멍게비빔밥에 물회 하나 시키면 밸런스가 딱 맞아요. 요즘 오징어가 나오는지 오징어모듬물회가 있어 그걸로 주문했는데 회랑 해산물이 매우 신선하였습니다.한 이삼년만에 간 것 같은데 변함없는 맛에 감동.. 이날도 대만족하고 돌아왔네요. 또 먹고 싶지만 내년 여름을 기약해 보겠습니다🥺"
연마백,"맥주,호프",예약 없이 이용,대기 시간 바로 입장,여행,연인・배우자,친절해요,인테리어가 멋져요,대화하기 좋아요,술이 다양해요,특별한 메뉴가 있어요,"강릉 별일없이산다.강릉여행 중 숙소로 들어가기 아쉬워 간단히 한 잔 할 만한 곳을 찾다가 발견한 곳이에요. 강릉에서 느껴지는 낯익은 홍대와 합정의 바이브..ㅎㅎ술과 안주가 꽤 다양했는데, 버드나무 브루어리 맥주와 레드락 생맥주, 그리고 계절메뉴로 생감자칩을 판매해서 좋더라구요. 마감 한시간 남겨놓고 방문한지라 요렇게만 마셨지만 꽤 만족스러웠습니다.강릉역과 강릉 중앙시장 근처에서 괜찮은 술집 찾으신다면 좋은 선택지가 되지 않을까 싶습니다!"
