﻿nickname,restaurant,reservation,waiting,purpose,withwho,tagging_1,tagging_2,tagging_3,tagging_4,tagging_5,content
Junns,"카페,디저트",예약 없이 이용,데이트,연인・배우자,,사진이 잘 나와요,,,,,"서울 앵무새는 유명한 시나몬롤집입니다.여러가지 맛의 시나몬롤과 퀸아망,,,,  너무 맛있어용"
Junns,돼지고기구이,예약 후 이용,대기 시간 바로 입장,친목,친구,단체모임 하기 좋아요,음식이 맛있어요,고기 질이 좋아요,양이 많아요,,오겹살 맛있게 먹고왔습니당~
Junns,"아귀찜,해물찜",예약 없이 이용,대기 시간 바로 입장,데이트,연인・배우자,음식이 맛있어요,양이 많아요,매장이 넓어요,단체모임 하기 좋아요,,동네에 이런 아구찜 맛집 있어서 정말 좋네요~
Junns,양식,예약 후 이용,대기 시간 바로 입장,친목,지인・동료,단체모임 하기 좋아요,아늑해요,음식이 맛있어요,양이 많아요,특별한 메뉴가 있어요,단체 모임을 정말 만족스럽게 하고 왔습니다.인원수가 많아서 미리 주문을 받아주셔서 요리가 금방 나왔습니다.아늑하면서도 단체모임하기 너무 좋았어요~
Junns,"육류,고기요리",예약 후 이용,대기 시간 바로 입장,일상,친구,인테리어가 멋져요,음식이 맛있어요,고기 질이 좋아요,비싼 만큼 가치있어요,,"정말 좋은 시간 가지고 갔습니다.직접 구워주신 고기가 너무 맛있었고, 분위기도 좋았습니다.콜키지 프리라서 너무 좋았네요."
Junns,프랑스음식,예약 없이 이용,대기 시간 바로 입장,데이트,연인・배우자,음식이 맛있어요,특별한 메뉴가 있어요,인테리어가 멋져요,매장이 넓어요,단체모임 하기 좋아요,"정말 맛있는 프렌치 레스토랑입니다.먹어보고 싶은 메뉴들이 많았고, 주문한 메뉴들은 다 맛있었습니다.분위기도 좋아서 데이트나 모임을 하기에도 좋은 것 같아요."
Junns,이자카야,예약 없이 이용,대기 시간 바로 입장,친목,친구,음식이 맛있어요,인테리어가 멋져요,대화하기 좋아요,,,분위기 좋은 우니 맛집
Junns,"카페,디저트",예약 없이 이용,대기 시간 바로 입장,데이트,연인・배우자,인테리어가 멋져요,사진이 잘 나와요,집중하기 좋아요,매장이 넓어요,음료가 맛있어요,매장이 엄청 넓고 깔끔하네요
Junns,돈가스,예약 없이 이용,대기 시간 10분 이내 ,일상,혼자,음식이 맛있어요,재료가 신선해요,특별한 메뉴가 있어요,혼밥하기 좋아요,,동네에 있는 돈까스 맛집~맛있게 먹고 가요!
Junns,"왁싱,제모",,,,,시술이 꼼꼼해요,친절해요,손이 빨라요,매장이 청결해요,가격이 합리적이에요,저번에 만족하고 또 왔습니다!손이 빠르고 꼼꼼하게 해주셔서 좋았어요.관리 잘 하고 다음에 또 올게요~
Junns,"카페,디저트",예약 없이 이용,대기 시간 바로 입장,데이트,연인・배우자,디저트가 맛있어요,특별한 메뉴가 있어요,대화하기 좋아요,아늑해요,,요거트 아이스크림은 사과당
Junns,수산물,,,,,친절해요,신선해요,맛있어요,,,싱싱한 전복 두마리 잘 먹고 갑니다.싱싱해서 맛있네요~!
Junns,생선회,포장·배달 이용,대기 시간 바로 입장,데이트,연인・배우자,음식이 맛있어요,재료가 신선해요,양이 많아요,,,노량진에서 회는 항상 여기서 먹습니다.오늘도 너무 맛있게 먹었습니다~
Junns,중식당,예약 없이 이용,대기 시간 바로 입장,데이트,연인・배우자,음식이 맛있어요,재료가 신선해요,양이 많아요,특별한 메뉴가 있어요,,음식이 전반적으로 깔끔해서 좋았습니다.기름지지 않아서 부대끼지 않아서 좋네요.맛도 맛있습니다.
Junns,"슈퍼,마트",,,,,상품이 다양해요,,,,,추석 주류 많아서 좋네요
Junns,분식,예약 없이 이용,대기 시간 바로 입장,일상,혼자,음식이 맛있어요,양이 많아요,혼밥하기 좋아요,아늑해요,,시간이 잠깐 나서 빠르게 먹고 갔어요.음식이 맛잇네요
Junns,"다이어트,샐러드",대기 시간 바로 입장,일상,혼자,,음식이 맛있어요,재료가 신선해요,,,,신메뉴 맛있게 먹엇습니다.연어는 조금 아쉽네요
Junns,닭발,예약 없이 이용,대기 시간 바로 입장,데이트,연인・배우자,단체모임 하기 좋아요,음식이 맛있어요,양이 많아요,가성비가 좋아요,메뉴 구성이 알차요,동네에 이런 닭발집이!메뉴 구성도 알차고 닭발이 감칠맛나서 너무 맛있게 먹었습니다!오돌뼈 주먹밥 계란찜 전부 양도 많고 맛도 좋아요.!
Junns,"콘도,리조트",데이트,연인・배우자,,,인테리어가 멋져요,침구가 좋아요,방음이 잘돼요,깨끗해요,호캉스하기 좋아요,"주변에서 추천을 많이해주셔서 방문했습니다.정말 만족스러웠습니다🫶🏻팀버룸에서 묵었는데, 방 거실 욕실 전부 굉장히 넓고 쾌적했습니다. 인룸다이닝 서비스 주문했는데 토마토 해산물 파스타가 정말 정말 맛있었습니다!야구 보면서 먹으려 했는데 SPOTV2가 나오지 않아서 못본게 아쉬웠습니다.. 다른 스포츠 채널은 다 있어서 다른 팀 경기는 다 중계하는데 우리팀만 ㅠㅠ수영장, 사우나, 루프탑 자쿠지 전부 이용했고 정말 재밌게 시간을 보냈습니다.그리고 조식이 진짜 최고!조식이지만 음식 종류도 많고, 퀄리티도 너무 좋았어요.든든하게 먹고 수영 또 하고 체크아웃했습니다.또 방문하고 싶네요~"
Junns,"왁싱,제모",,,,,시술이 꼼꼼해요,친절해요,손이 빨라요,분위기가 편안해요,가격이 합리적이에요,여름맞이 왁싱하러왔는데 정말 순식간에 끝났습니다~손이 정말 빠르고 만족스럽습니다~!
Junns,중식당,포장·배달 이용,대기 시간 바로 입장,데이트,연인・배우자,음식이 맛있어요,재료가 신선해요,양이 많아요,가성비가 좋아요,건강한 맛이에요,정말 맛있게 먹었습니다!집앞이라서 매장에 들러서 직접 포장해서 먹었습니다.자극적이지 않으면서 맛있는 맛이라서 좋았습니다.종종 포장해서 먹을 예정입니다~~
Junns,"찌개,전골",예약 없이 이용,대기 시간 30분 이내,데이트,연인・배우자,음식이 맛있어요,재료가 신선해요,양이 많아요,특별한 메뉴가 있어요,매장이 넓어요,맛있는 부대찌게건강하게 맛있는 맛~~
Junns,"화장품,향수",,,,,품질이 좋아요,특색 있는 제품이 많아요,트렌디해요,,,아쿠아 디 파르마에서 파는 커피와 디저트
Junns,일본식라면,예약 없이 이용,대기 시간 10분 이내 ,데이트,연인・배우자,음식이 맛있어요,재료가 신선해요,양이 많아요,매장이 넓어요,혼밥하기 좋아요,송리단길에서부터 단골이었습니다.여기에서도 맛볼 수 있어서 좋네요.사람들이 많았지만 회전율이 빨라서 금방 들어갔어요~~
Junns,"육류,고기요리",예약 없이 이용,대기 시간 바로 입장,데이트,연인・배우자,음식이 맛있어요,고기 질이 좋아요,양이 많아요,매장이 넓어요,단체모임 하기 좋아요,금요일 밤에 고기에 소주한잔 하러 왔습니다.갈비를 직접 구워주시는데 너무 맛있엇어요!늑간살도 시켰는데 엄청 오도독 한게 맛있었습니다.맛있게 먹고 가요~~~
Junns,"맥주,호프",예약 없이 이용,대기 시간 10분 이내 ,데이트,연인・배우자,음식이 맛있어요,특별한 메뉴가 있어요,메뉴 구성이 알차요,인테리어가 멋져요,대화하기 좋아요,감자감자한 메뉴들이 가득한 감자아일랜드감자 맛이 너무 좋고 음식들이 다 맛있어요!롯데몰 숨은 맛집!
Junns,요리주점,예약 없이 이용,대기 시간 바로 입장,데이트,연인・배우자,음식이 맛있어요,기본 안주가 좋아요,술이 다양해요,가성비가 좋아요,대화하기 좋아요,야구 끝나고 한잔 하러 왔는데 분위기 좋았습니다!두산이 이겨서 좋아요.
Junns,한식,예약 없이 이용,대기 시간 바로 입장,데이트,연인・배우자,음식이 맛있어요,재료가 신선해요,양이 많아요,가성비가 좋아요,,라면사리하나 추가해서 아주 든든하게 먹었습니다!
Junns,미용실,,,,,시술이 꼼꼼해요,원하는 스타일로 잘해줘요,손상이 적어요,남자 머리를 잘해요,트렌디해요,두피스케일링 시원하고 꼼꼼하게 해주셔서 좋았습니다.머리도 마음에 쏙 들어요.여름 준비 잘 하고 가요~!
Junns,이자카야,예약 없이 이용,대기 시간 바로 입장,친목,지인・동료,대화하기 좋아요,음식이 맛있어요,술이 다양해요,,,음식이 은근 다양하고 맛있어요.편하게 마시다가 갔습니다.
Junns,이자카야,예약 없이 이용,대기 시간 바로 입장,친목,지인・동료,단체모임 하기 좋아요,매장이 넓어요,아늑해요,음식이 맛있어요,술이 다양해요,단체로 왔는데 자리 셋팅도 잘 해주시고 신경써주셨습니다.음식도 맛있고 서비스도 주셔서 좋았어요~!
Junns,양식,예약 없이 이용,대기 시간 바로 입장,친목,지인・동료,음식이 맛있어요,재료가 신선해요,가성비가 좋아요,매장이 넓어요,단체모임 하기 좋아요,"단체회식을 진행했는데, 자리 셋팅도 너무 잘해주시고 친절하셨습니다. 음식 추천도 잘 해주셨어요.콜키지 비용도 저렴해서 와인을 가져와서 마시기 좋았어요.음식도 하나하나 다 맛있었습니다."
Junns,해장국,예약 없이 이용,대기 시간 바로 입장,일상,혼자,음식이 맛있어요,양이 많아요,,,,굉장히 깔끔한 양평해장국이었습니다.저녁에 먹어도 부대끼지않고 편하게 맛있게 먹었습니다!
Junns,패밀리레스토랑,예약 후 이용,대기 시간 바로 입장,일상,부모님,인테리어가 멋져요,매장이 넓어요,단체모임 하기 좋아요,음식이 맛있어요,양이 많아요,오랜만에 가족모임으로 아웃백 방문했습니다.음식은 맛있고 분위기도 좋았습니다~
Junns,이자카야,예약 없이 이용,데이트,연인・배우자,,음식이 맛있어요,술이 다양해요,메뉴 구성이 알차요,대화하기 좋아요,,"분위기 좋고, 음식이 너무 맛있습니다.회가 다양하게 나오고, 짬뽕도 정말 맛있어요!"
Junns,이자카야,예약 없이 이용,대기 시간 바로 입장,데이트,연인・배우자,음식이 맛있어요,술이 다양해요,가성비가 좋아요,인테리어가 멋져요,대화하기 좋아요,일찍와서 닷지자리에 앉았습니다.사장님 친절하시구 음식도 하나하나 맛있었어요.목살 진짜 맛있어요!
Junns,"맥주,호프",예약 없이 이용,대기 시간 바로 입장,데이트,연인・배우자,술이 다양해요,인테리어가 멋져요,단체모임 하기 좋아요,,,문래에서 맥주하기 가장 좋은 곳.넓고 힙하고 다양한 수제맥주가 있어서 좋아요~
Junns,"카페,디저트",예약 없이 이용,대기 시간 바로 입장,데이트,연인・배우자,커피가 맛있어요,디저트가 맛있어요,음료가 맛있어요,빵이 맛있어요,아늑해요,커피 맛있고분위기 좋고매장 깔끔해서편하고 기분좋게 있다가 가요.
Junns,샌드위치,대기 시간 바로 입장,데이트,연인・배우자,,음식이 맛있어요,특별한 메뉴가 있어요,가성비가 좋아요,인테리어가 멋져요,컨셉이 독특해요,파스트라미샌드위치가 너무 먹고싶어서 왔습니다.매장도 너무 예쁘고 음식이 맛있네요.맛있게 잘 먹고 가요.
Junns,돼지고기구이,예약 없이 이용,대기 시간 바로 입장,데이트,연인・배우자,음식이 맛있어요,고기 질이 좋아요,특별한 메뉴가 있어요,,,고기를 종류별로 시켰는데 다 맛있었어요.종류별로 직접 구워주셔서 편하게 먹었습니다!
Junns,중식당,예약 후 이용,대기 시간 10분 이내 ,데이트,연인・배우자,음식이 맛있어요,재료가 신선해요,메뉴 구성이 알차요,매장이 넓어요,,매장이 2층이라 넓고 쾌적하네요.오늘도 맛있게 먹고 갑니다!
Junns,,예약 없이 이용,대기 시간 바로 입장,데이트,연인・배우자,음식이 맛있어요,양이 많아요,가성비가 좋아요,혼밥하기 좋아요,,맛있게 먹고 가요너무 좋아요~
Junns,"슈퍼,마트",,,,,상품이 다양해요,과채가 신선해요,고기 질이 좋아요,친절해요,할인/적립을 잘 챙겨줘요,광명점도 좋네요~
Junns,미용실,,,,,친절해요,손이 빨라요,남자 머리를 잘해요,고급스러워요,,머리 잘 정돈해주셨어요.마음에 들어요~
Junns,생선회,예약 없이 이용,대기 시간 바로 입장,데이트,연인・배우자,음식이 맛있어요,재료가 신선해요,가성비가 좋아요,단체모임 하기 좋아요,,노량진 수산시장에 있는 곳 중 가장 추천하는 초장집.
Junns,생선회,예약 없이 이용,대기 시간 바로 입장,데이트,연인・배우자,음식이 맛있어요,재료가 신선해요,양이 많아요,메뉴 구성이 알차요,,"너무 맛잇어요…  전갱이도 맛있고, 모둠회 시켰는데 숙성이 너무 잘되서ㅜ맛있었어요.온누리상품권결제했어요."
Junns,"순대,순댓국",예약 없이 이용,대기 시간 10분 이내 ,데이트,연인・배우자,음식이 맛있어요,고기 질이 좋아요,양이 많아요,,,언제 먹어도 맛잇는 청와옥 순대국밥깔끔한 맛에 감탄하고 갑니다.오징어도 넘 맛있어요
Junns,베트남음식,예약 없이 이용,대기 시간 바로 입장,데이트,연인・배우자,혼밥하기 좋아요,음식이 맛있어요,재료가 신선해요,가성비가 좋아요,,맛있게 먹고 가요.깔끔하고 좋아요~
Junns,패션,,,,,친절해요,품질이 좋아요,가성비가 좋아요,종류가 다양해요,,넘 맘에 들어요.
Junns,신발,,,,,매장이 넓어요,품질이 좋아요,가성비가 좋아요,트렌디해요,,커플 신발로 맞추기에 넘 귀여워요
