﻿nickname,restaurant,reservation,waiting,purpose,withwho,tagging_1,tagging_2,tagging_3,tagging_4,tagging_5,content
돌고래삼촌,한정식,예약 후 이용,대기 시간 바로 입장,여행,부모님,음식이 맛있어요,,,,,"친환경 유기농 식재료 95프로 이상과직접 담근 식초와 장으로 만든 제대로된 발효 한정식. 기대이상 예상 못 했던 새로운 맛을 보여주네요 건강한 음식을 드려야 겠다는 신념과 철학으로직접 장을 만들어 요리를 하고, 판매를 한다고 하시는데정말 대단하죠?​요리 하나 하나 모두 눈으로 보기에도 예쁘고맛도 새로운 제대로된 한정식 요리를 먹어서아주 기분 좋고 특별한 식사였습니다.​부모님 모시고 갔는데, 쉐프님에게 잘 먹었다고 인사하셔서뿌듯했습니다."
돌고래삼촌,"육류,고기요리",예약 후 이용,대기 시간 바로 입장,친목,친척・형제,음식이 맛있어요,고기 질이 좋아요,특별한 메뉴가 있어요,재료가 신선해요,메뉴 구성이 알차요,"공덕역 경의선숲길에 위치한 분위기 좋은 고기집춘배 한접시 주문특목살 가브리살 삼겹살 구성이 딱임고기꾼답게 고기가 맛있어서 추가주문 평일 저녁 방문인데도 사람 많았고, 핫플인듯직원들도 친절했고 동생과 좋은 시간 보냈음"
돌고래삼촌,안경원,,,,,상품이 다양해요,가격이 합리적이에요,트렌디해요,친절해요,추천을 잘해줘요,"친절하고 전문적인 상담과고객에게 맞는 제품을 소개해준다고 평이 좋은 의정부 위드유안경 망월사역점 다녀왔어요.썬글라스 무상으로 피팅도 하고, 안경도 다시 맞췄는데정말 너무 너무 친절한 사장님 덕분에즐겁게 마칠수 있었어요.가격도 합리적이여서 매우 만족했습니다. ^^"
돌고래삼촌,"육류,고기요리",예약 후 이용,대기 시간 바로 입장,데이트,연인・배우자,음식이 맛있어요,고기 질이 좋아요,양이 많아요,가성비가 좋아요,특별한 메뉴가 있어요,"가득할 만. 베풀다 포. 만포갈비 : 가득히 베풀다.이름값 하는 의정부역 갈비집.대표메뉴인 수제양념갈비 시켜서 먹었는데. 넘 맛있네요.거기다가 육회가 반찬으로 나오더니.정말 맛있는 자가제면 물냉면 비빔냉면도 서비스.공짜 좋아~^^반찬도 다 맛있고. 가성비 끝내주는 맛집LA갈비 3키로 포장 할인판매도 있어서, 다음 가족행사에 사가지고 가서 같이 바베큐 해먹을거에요.포장하면 60프로 할인. 대박👍와. 의정부역 그리 많이 갔는데.이 집을 왜 여태 몰랐을까?? 강추!!!"
돌고래삼촌,와인,예약 후 이용,대기 시간 바로 입장,데이트,연인・배우자,음식이 맛있어요,특별한 메뉴가 있어요,메뉴 구성이 알차요,인테리어가 멋져요,음악이 좋아요,"오늘 먹은 브런치. 제일 맛있었던 메뉴는 생면 라자냐 롤볼로네제 소스 + 베사벨 소스 + 고기 듬뿍 + 토마토에 리코타치즈까지 이탈리안 꿀조합새우 오일 파스타 스파게티면의 식감과 생면 라자냐 롤 식감과 비교해가면서 재미있고 맛있게 먹었습니다.예쁘고, 맛있고, 건강한 브런치를 먹은것 같아 기분 좋아지는세련된 분위기의 성수 브런치 맛집. ^^b"
돌고래삼촌,베이커리,예약 없이 이용,대기 시간 바로 입장,일상,연인・배우자,빵이 맛있어요,특별한 메뉴가 있어요,디저트가 맛있어요,음식이 맛있어요,종류가 다양해요,파네트 빵 is 뭔들. 공덕 최애 빵집. 어떤 빵을 골라도 실패가 없고. 다 맛있음뭔가 조금 더 신경써서 만든 빵들이에요. 무화과 스콘 최애. 먹어보고 싶은 빵들이ㅠ너무나 많은 곳베이커리앞에 테이블들 초록초록 분위기 좋아요
돌고래삼촌,양식,예약 후 이용,대기 시간 바로 입장,"데이트, 일상",연인・배우자,인테리어가 멋져요,음식이 맛있어요,재료가 신선해요,특별한 메뉴가 있어요,메뉴 구성이 알차요,살살 녹는 뇨끼 드셔보신적 있나요??입에서 살살 녹는 맛이란 이런것! 서울숲 놀러갔다가 들른 성수 파스타 맛집 뇨끼룸완전 인생 뇨끼.이렇게 맛있을수 있나요~~?? 꼭 가보세요. 캐치테이블 예약하셔야 해요. ^^꼭 가보세요. 캐치테이블 예약 필수!!
돌고래삼촌,햄버거,예약 없이 이용,대기 시간 바로 입장,"나들이, 일상",연인・배우자,음식이 맛있어요,재료가 신선해요,고기 질이 좋아요,특별한 메뉴가 있어요,건강한 맛이에요,세븐버거는 소프트한 식감의 참깨 햄버거빵에신선한 야채. 토마토. 두툼한 소고기 패티에. 치즈까지~~정석중의 정석프랜차이즈 패스트푸드 버거에서는 먹어보기 힘든 수제버거의 맛!!  그러면서도 가격이 상당히 합리적. 그릴드치킨스테이크버거 특히 좋아함직화로 구워 불향 작렬. 겉바속촉 닭다리살이들어있음. 건강한 헬시버거.
돌고래삼촌,닭갈비,대기 시간 10분 이내 ,"데이트, 일상",연인・배우자,,음식이 맛있어요,고기 질이 좋아요,특별한 메뉴가 있어요,가성비가 좋아요,메뉴 구성이 알차요,"은혜로운 치즈의 강이 흐르는 홍대 닭갈비100% 순수 모짜렐라가 닭갈비 사이에 가득 뿌려져있어요.닭갈비 맛있는 거. 여기에 떡볶이, 라면사리, 치즈까지 넣었으니 무조건 맛있는 조합장인솜씨답게 너무 맛있고 양이 충분해서 배부르다고 볶음밥은 조금만 먹자고 하면서...날치알이 들어있는 볶음밥 1인분 주문. 다 먹음. ㅋㅋ닭갈비에 모듬사리 강력추천"
돌고래삼촌,카페,예약 없이 이용,대기 시간 바로 입장,"데이트, 일상",연인・배우자,커피가 맛있어요,디저트가 맛있어요,특별한 메뉴가 있어요,인테리어가 멋져요,야외공간이 멋져요,도심속 휴식을 지양하는 홍대카페 허밍벨라 가을이 되면서 야외 테라스 카페에서 맛있는 디저트 즐기기 너무 좋은 계절이에요.그멋진 공간과 특히 넓어서 쉬기 좋고. 건강한 재료로 만든맛있는 디저트가 끝내주는 곳이랍니다.우리의 목표는 무화과 도지마크림 쉬폰. 짱입니다!!
돌고래삼촌,일식당,예약 없이 이용,대기 시간 바로 입장,일상,연인・배우자,음식이 맛있어요,재료가 신선해요,양이 많아요,특별한 메뉴가 있어요,메뉴 구성이 알차요,연남동 저스트텐동 본점. 네이버 리뷰 4천개 넘는 극강의 가성비 인기 맛집. 텐동에 깨끗한 기름으로 튀겼는지 뽀얗고. 담백특히 첨 먹어본 순살게장텐동. 넘나 맛있는거. 밥만 비벼 먹어도 일반 게장비빔밥하고 다른 맛도리인데여기에 잘 만든 튀김 올려먹으니 밥도둑. 밥루팡. 침 나옴. 또 가고 싶은 집!!
돌고래삼촌,"카페,디저트",예약 없이 이용,대기 시간 바로 입장,일상,연인・배우자,커피가 맛있어요,디저트가 맛있어요,특별한 메뉴가 있어요,메뉴 구성이 알차요,인테리어가 멋져요,2012년 오픈한 유명한 연남동 에스프레소바시그니처메뉴인 가을에 어울리는 따듯한 피프 커피 럽얼그레이 크림 에스프레소 조화에쌉싸름한 티라미수의 살짝 쓴맛의 조화로움카페 분위기 너무 좋고. 에스프레소 메뉴도 킹왕짱!!
돌고래삼촌,"육류,고기요리",예약 후 이용,대기 시간 바로 입장,"나들이, 일상",연인・배우자,음식이 맛있어요,고기 질이 좋아요,재료가 신선해요,메뉴 구성이 알차요,야외공간이 멋져요,"경의선숲길 홍대역근처 숙성 생고기맛집특히 공원옆이라, 저녁에 분위기 너무 좋은 곳. 21일숙성 목살이 시그니처 메뉴엄청 두껍고 육즙 팡팡 터지고 맛있음고기 구워주셔서 편하고. 미나리랑 같이 구워먹음 꿀맛"
돌고래삼촌,"카페,디저트",예약 없이 이용,대기 시간 바로 입장,여행,연인・배우자,매장이 넓어요,컨셉이 독특해요,커피가 맛있어요,특별한 메뉴가 있어요,가성비가 좋아요,고용노동부 인증한 달인제과기능장 베이커리 카페완전 대형 베이커리 카페인데 빵도 맛있고2층 키즈존이 엄청나게 잘 되어있음아이들 오면 넘나 좋아할 공간3층은 성인용 존이라 조용히 휴식하기도 좋음. 어린이와 어른이들을 위한 분리하여즐겁게 시간을 보낼 공간이 모두 잘 되어있는곳
돌고래삼촌,"카페,디저트",예약 후 이용,대기 시간 바로 입장,여행,연인・배우자,인테리어가 멋져요,사진이 잘 나와요,뷰가 좋아요,디저트가 맛있어요,특별한 메뉴가 있어요,주차편리. 완전 시원한 청평호수뷰주문하고 지하1층 내려가면 호수랑 가까운 통창으로넓은 카페공간 있음고르곤졸라 피자 시켰는데. 완전 맛있음. 뷰맛집 + 맛집. 바베큐 메뉴랑 브런치 메뉴도 파네요. 강추
돌고래삼촌,정육점,,,,,가성비가 좋아요,신선해요,원산지 표시가 명확해요,부위가 다양해요,특색 있는 제품이 많아요,"충북 음성 농협 도축장에서 직접 경매, 매장 발골작업하는 30년 전통 양평 정육점일단 가격이 좋고. 한돈 한우 캠핑구이세트가 있어캠핑갈때 딱 좋음. 다양한 부위 구성이고가스. 숯. 야채류. 국물류 등등 다 팔아서캠핑 원스톱 쇼핑 가능. 편하네요."
돌고래삼촌,두부요리,예약 없이 이용,대기 시간 바로 입장,일상,연인・배우자,음식이 맛있어요,재료가 신선해요,양이 많아요,특별한 메뉴가 있어요,가성비가 좋아요,"공덕역 가성비 넘치는 2인세트 먹은 북창동 순두부순두부찌게 2개, 솥밥 2개에 고등어구이, 갈비맛양념구이까지 나오는데 30,900원기본찬에 가자미구이까지 나와서 깜놀했네요.그리고 솥밥에 타이머 달려서 조리해서 그런지, 밥이 질거나 타지 않게 나와서맛있더라고요. 찐가성비 인정!!"
돌고래삼촌,"육류,고기요리",예약 없이 이용,대기 시간 바로 입장,"나들이, 여행",연인・배우자,음식이 맛있어요,고기 질이 좋아요,특별한 메뉴가 있어요,가성비가 좋아요,단체모임 하기 좋아요,대한민국조리명인 박병훈님이 운영하는 덕소 고기집상위5% 도드람 한돈 숙성고기가  200그램 10500원미친 가성비 + 고퀄 점심엔 독일 육가공대회 동양인 최다수상 수제 소시지로만든  부대찌개 주문가능. 인생부대찌개에요. 진짜 맛있음. 주차 편리하고. 여기 찐 프리미엄 + 가성비여기 무조건 가세요. 완전 초대박입니다!
돌고래삼촌,이자카야,예약 없이 이용,대기 시간 바로 입장,"데이트, 일상",연인・배우자,음식이 맛있어요,특별한 메뉴가 있어요,가성비가 좋아요,메뉴 구성이 알차요,인테리어가 멋져요,숙대입구역 굴다리앞에 있는 모토카레시신상맛집인데 인테리어 완전 일본 빈티지 느낌분위기 쩌는곳. 우삼겹 스키야키 완전 푸짐하고참치 타르타르 추가로 주문했는데 아보카도랑 참치도많이 들어있고 맛있고 가성비고 좋았음. 여러가지 이벤트도 해서 가성비 짱인 곳.
돌고래삼촌,미용실,,,,,원하는 스타일로 잘해줘요,스타일 추천을 잘해줘요,클리닉 효과가 좋아요,시술이 꼼꼼해요,친절해요,장기해외여행 다녀오느라 관리 못했던 헤어원장님 상담받고 신데렐라 클리닉 받았는데시술전보다 월등히 결과가 좋네요. 차분하고 깔끔한 인테리어도 좋고 원장님이 조용조용 말씀도 잘하시고 불편하지 않도록 세심하게 스타일링 해 주셔서 좋았어요 ^^논현동 언주역 근처. 밤 늦게까지 영업해서퇴근후 저녁먹고 가도 시술가능하네요. ​
돌고래삼촌,"카페,디저트",예약 없이 이용,대기 시간 바로 입장,데이트,연인・배우자,커피가 맛있어요,디저트가 맛있어요,음료가 맛있어요,특별한 메뉴가 있어요,인테리어가 멋져요,"홍대입구역 틸로스터스 !!  올해 마신 커피중에서 제일 맛있는 커피였던거 같아요.홍대입구역 가까운 골목안에 감춰진 스페셜티 드립 커피 전문점인데,직접 만드시는 티라미수 케이크도 정말 예술이고..핸드드립커피는 추천해달라고 요청드렸더니, 로스팅 3일된 에디오피아 원두 추천해주셔서마셨는데, 정말 너무 너무 너무 맛있네요.분위기도 아늑하고, 정말 최고입니다!!"
돌고래삼촌,"백숙,삼계탕",예약 후 이용,대기 시간 바로 입장,나들이,부모님,뷰가 좋아요,음식이 맛있어요,고기 질이 좋아요,양이 많아요,특별한 메뉴가 있어요,부모님과 나들이 다녀온 장흥 계곡식당장흥폭포수식당. 여기 정말 맛있네요. 폭포를 보면서 먹는 식사도 좋았지만. 음식도 푸짐하고반찬까지도 다 맛있어서 놀랐어요. 부모님께서도 좋아하셨어요. 백숙도 부드럽고. 음식도 맛있고. 구경도 잘 했다고. ^^부모님 모시고 나들이 다녀오세요. ㅎㅎ인근 골프장 갔다 오시는 분들도 있던데. 뒷풀이로도 좋을것 같네요. 대만족한 식당!!
돌고래삼촌,돼지고기구이,예약 없이 이용,대기 시간 바로 입장,"나들이, 여행",부모님,야외공간이 멋져요,음식이 맛있어요,고기 질이 좋아요,특별한 메뉴가 있어요,메뉴 구성이 알차요,"TV에도 많이 나온 20년 넘은 남양주 맛집 아르페지오시그니처 메뉴인 치즈고삼 완전 맛있음다!!불쇼도 재미있고. 계곡도 시원함그리고 감자전이 부드러운게 아니라 바삭바삭한데이것도 치즈 고추장 삼겹살이랑 찰떡궁합. 또 먹고 싶은 맛~~~부모님 모시고 갔는데, 맛있는 식당에 왔다고 칭찬 받음. ^^"
돌고래삼촌,종합분식,예약 없이 이용,대기 시간 바로 입장,여행,연인・배우자,음식이 맛있어요,재료가 신선해요,특별한 메뉴가 있어요,가성비가 좋아요,메뉴 구성이 알차요,"레알 속초 간식. 속초 문어강정 첨 먹어봤어요. 속초중앙시장에 있는 사형제 문어강정 속초산 피문어로 만들어서 딱딱하지 않고,부드럽고 고급진 맛이 일품이네요. 속초 이제 닭강정 말고 문어강정!! 강추. 바로 먹어도 맛있고. 뒀다 먹어도 맛있더라고요."
돌고래삼촌,생선회,예약 없이 이용,대기 시간 바로 입장,여행,연인・배우자,음식이 맛있어요,재료가 신선해요,양이 많아요,특별한 메뉴가 있어요,가성비가 좋아요,"속초시장 지하에 회센터가 있네요. 게이트2번입구 내려가서 첫집 진미회센터 규모도 크고수조에 다양한 물고기도 많아요. 회포장 했는데 양도 많고, 신선도는 바로 잡아서 쳐주심매장내 식사하면 상차림비 없고, 매운탕 공짜라고 하니가성비 정말 좋은듯 하네요."
돌고래삼촌,생선회,예약 없이 이용,대기 시간 바로 입장,여행,연인・배우자,음식이 맛있어요,특별한 메뉴가 있어요,가성비가 좋아요,반찬이 잘 나와요,메뉴 구성이 알차요,"동명항 신가 횟집에서 속초여행 마무리 했어요.일단 주차장 넓어서 편리했고,모듬회 2인 소. 주문했는데, 기본 상차림부터 장난아니네요. 30가지이상 나온듯이요. 상차림에서 나온 물회가 너무 맛있었어요. 나중에 알고보니 여기 물회맛집으로 유명모듬회 퀄리티도 좋고 푸짐하게 나와서, 속초여행 피날레 제대로 했네요. ^^"
돌고래삼촌,과자류제조,,,,,,,,,,"속초중앙시장 선물용으로 구입한수제땅콩전병, 감태오란다 선물세트랑 오란다 과자 사서 먹었는데, 넘나 맛있네요. 이렇게 맛있는 오란다는 처음. 감태오란다도 먹고 싶어져서선물 주지 말고 먹을까 심각한 고민중. ㅋㅋㅋ선물용 패키지도 고급스럽기도 하고 가격도 좋은것 같아요. ^^"
돌고래삼촌,베이커리,예약 없이 이용,대기 시간 바로 입장,여행,연인・배우자,특별한 메뉴가 있어요,가성비가 좋아요,건강한 맛이에요,디저트가 맛있어요,메뉴 구성이 알차요,속초중앙시장 가성비 선물. 간식으로이서방마약곳간 쌀강정 추천현미 메밀 흑미 들깨 보리 5가지 맛으로 되어있어요. 지난번 속초 방문시 집에서 포장해서 먹어보니맛있더라고요. 냉장고 보관후 가스레인지 20초만 돌리면원래의 맛이 살아난다 함. 하지만 걍 먹어도 맛있음. ^^
돌고래삼촌,베이커리,예약 없이 이용,대기 시간 바로 입장,여행,연인・배우자,빵이 맛있어요,특별한 메뉴가 있어요,가성비가 좋아요,건강한 맛이에요,메뉴 구성이 알차요,속초중앙시장에서 속초술빵 사왔어요. 하나에 5천원인데 양도 많고따뜻할때 샘플 먹어보니 포실포실하고 맛있네요. 냉동보관 했다가 전자렌지 2분 돌리고김 좀 빠지면 먹으면 좋다고 하네요. ^^
돌고래삼촌,베이커리,예약 후 이용,대기 시간 바로 입장,여행,연인・배우자,빵이 맛있어요,특별한 메뉴가 있어요,디저트가 맛있어요,메뉴 구성이 알차요,종류가 다양해요,속초 빵지순례. 속초중앙시장 맛집갓구운 전통 포르투갈 에그타르트 먹어볼 수 있는곳엄청 맛있는데. 하루전날만 예약 받음꼭 예약하고 가세요. ㅎㅎ일단 사면 냉장고 냉동칸 넣었다 그냥 먹어도 맛있고에어프라이어 돌려먹어도 맛있어요. 완전 맛도리. 최애 에그타르트집. 강추
돌고래삼촌,두부요리,예약 없이 이용,대기 시간 바로 입장,여행,연인・배우자,음식이 맛있어요,재료가 신선해요,특별한 메뉴가 있어요,건강한 맛이에요,메뉴 구성이 알차요,속초IC 2분 거리에 위치한 진솔할머니순두부3대째 이어져오는 직접 만드는 순두부 맛집인데반찬까지 다 맛있어서 정말 강원도 향토음식 제대로 먹고 갑니다. 이번엔 황태국밥하고 짬뽕순두부 먹었는데둘 다 맛있네요. 다음엔 두부전골 도전 예정!! ^^지나갈때 가보세요. 추천
돌고래삼촌,일식당,예약 없이 이용,대기 시간 바로 입장,여행,연인・배우자,음식이 맛있어요,재료가 신선해요,양이 많아요,특별한 메뉴가 있어요,가성비가 좋아요,속초여행 갔을때  숙소에서 회 포장해서 먹으려고알아봤던 가성비 쩌는 현지인 회포장 맛집속초재래시장 차량 3분거리에 있음모듬회 중짜 시켰는데 회도 양이 장난아니고스끼다시 반찬들 깔끔하게 다양하게 담아주셔서 잘 먹었음가성비 갑!!
돌고래삼촌,이탈리아음식,예약 후 이용,대기 시간 바로 입장,여행,연인・배우자,음식이 맛있어요,재료가 신선해요,메뉴 구성이 알차요,뷰가 좋아요,야외공간이 멋져요,가평 드라이브 코스에리버뷰 보면서 멋진 식사 할 수 있는 곳주차도 편하고. 런치세트 커플메뉴 가성비 좋음콰트로 포루마지오 피자 정말 맛있음가평 드라이브 코스중에 강추하는 핫 플레이스!!단풍시즌에 또 가고 싶은 곳.
돌고래삼촌,정육점,,,,,가성비가 좋아요,신선해요,원산지 표시가 명확해요,양이 많아요,특색 있는 제품이 많아요,남양주 다비축산. 수동면행정타운 앞에 있어 찾기 쉬움여기 캠핑갈때 들르면 너무 편한것고기도 엄청 신선하고. 특히 돼지고기 꼬들목살요거 아주 요물. 일반 생목살보다 훨씬 꼬들꼬들직접 만드는 된찌 등 밀키트 파는데고기도 많이 들어있고 물만 부어 끓이면 되는 용기라서정말 편함. 맛은 고기가 많이 들어서 그런지 정말 맛있어요. 쌈장. 야채들도 팔아서 원스톱 쇼핑 가능한 곳. ㅎㅎ
돌고래삼촌,"캠핑,야영장","나들이, 여행",연인・배우자,,,뷰가 좋아요,조용히 쉬기 좋아요,공용시설 관리가 잘돼요,깨끗해요,냉난방이 잘돼요,자연속에서 은빛물결을 보며 힐링할수 있었던 곳글램핑 가본 싸이트중에서 제일 맘에 들었음공용시설이나 캠핑존 관리도 깨끗하고. 트레일러 글램핑 했는데 시설도 새것이고히터와 전기장판이 있어 따뜻하게 잘수있었음. 숯불바베큐랑 불멍도 가능한데 둘이 가서 불판에 구워먹음매점도 잘 되어있고 몸만 가면 되는곳. 강추
돌고래삼촌,카페,,,,,,,,,,버터커피 라떼가 있다고 하여 방문해본버터 커피하우스 시그니처 메뉴인 버터 라떼를 주문하고실내에서 들어갔는데 커피 향기가 엄청 진하고 좋네요. 버터라떼의 크림이 커피의 진한 맛과 어울어져독특한 풍미를 내는데 조화로워요. 마시고 나면 커피맛이 느껴지고. 버터 향이 길게 갑니다. 스트레스 아웃이라고 적힌 안내문구에 공감 ^^
돌고래삼촌,햄버거,예약 없이 이용,대기 시간 바로 입장,나들이,연인・배우자,음식이 맛있어요,재료가 신선해요,특별한 메뉴가 있어요,가성비가 좋아요,메뉴 구성이 알차요,내가 좋아하는 여의도 폴트버거수제버거인데도 가성비 완전 좋고 무엇보다 맛있음개인적으로 야채 많이 들어간 폴트버거 시그니처 맛있고바베큐버거도 맛있음. 안에 베이컨이 일반 베이컨이랑 다른 식감인데 이게 또 별미임. 가성비 좋아서 사먹고 랩까지 포장해서주말 TV보면서 저녁까지 식사해결. 굿~~
돌고래삼촌,일본식라면,예약 없이 이용,대기 시간 바로 입장,일상,연인・배우자,인테리어가 멋져요,,,,,"육수에 찍어먹는 라멘. 츠케멘 전문점홍대입구역과 가깝고돼지고기. 멸치. 가스오부시를 섞어쓰는 츠케멘 육수의 맛을 느낄수 있음두툼한 면도 면이지만, 특히 차슈 두께와 크기가 장난아님간이 약한 스프와리를 함께 나오므로 취향대로 맞춰먹을수록 있네요~~. 츠케멘 경험 하러 가보시길. ^^아. 들깨 츠케멘이 기본보다 더 입맛에 맞네요."
돌고래삼촌,카레,예약 없이 이용,대기 시간 바로 입장,일상,연인・배우자,음식이 맛있어요,,,,,"처음 가본 토모토카레. 스프카레랑 믹스카츠 시켰는데너무 맛있고 일본에서 먹었던 음식맛 수준!!알고보니 토모토카레 신쥬쿠점이 유명한 맛을한국에 선보이는 컨셉의 식당이였음 무엇보다 깔끔하고, 세트메뉴도 가성비 좋아서일본 카레 돈카츠 좋아하는 분들이면 무조건 가보셈. 대만족 예상. ㅎㅎ홍대입구역 가까움"
돌고래삼촌,젓갈,,,,,신선해요,,,,,속초 갈때마다 들르는 속초중앙시장 젓갈맛집10년넘게 같은 장소에서 영업중인곳명태회 무침 너무나 맛있어서 갈때마다 사고택배배달 시켜서 먹는 맛집장인어른께서도 저와 입맛이 같아서 단골된 집수육이랑 명태회무침 같이 먹으면 정말 짱입니다!!
돌고래삼촌,베이커리,예약 없이 이용,대기 시간 바로 입장,"데이트, 일상",연인・배우자,인테리어가 멋져요,,,,,나가사키 카스테라로 유명한 대형 빵공장 베이커리 카페경성빵공장 카스테라점이 숙대입구에 카페 형태로 생겼어요. 추석선물로 카스테라를 샀는데 선물포장도 예쁘고방금 나온 카스테라를 포장해주셔서 감사했어요. 사과빵도 귀엽고. 레트로 감성 끝내주네요.
돌고래삼촌,"찌개,전골",예약 없이 이용,대기 시간 바로 입장,일상,연인・배우자,음식이 맛있어요,,,,,ㅂㅈㅇ. 밥장인 홍대점. 홍대입구역에 가까움홍대에 10년 넘은 김치찌개 맛집가게 넓고 깨끗하고. 가성비도 좋고 식사 빨리 나와서 좋음. 제대로 먹고 싶은 날은 단품메뉴 말고2인한상차림 먹으면 김치찌개에 불고기까지 넣고비벼먹으면 게임오버~~오전에 지친 나를 회복시켜주는 맛
돌고래삼촌,베이커리,예약 없이 이용,대기 시간 바로 입장,"데이트, 나들이",연인・배우자,인테리어가 멋져요,,,,,평일 낮에도 줄을 서야 살 수 있는 무시무시한 빵집만동제과!!!평일 낮 예약은 받음. 주말 및 공휴일은 예약 안 받음. 마늘바게트 오이바게트 바질토마토 어니언베이글 키푸치노5가지 빵은 담지말고 프론트에 얘기해야 합니다. 줄 서서 살 가치있는 곳
돌고래삼촌,인도음식,예약 없이 이용,대기 시간 바로 입장,"데이트, 일상",연인・배우자,음식이 맛있어요,,,,,"인도에 안 가봤지만, 외국인 쉐프님과 서버분들이 만들어주시는 향신료 거부감이 1도 없는 맛있는 커리랑 누들. 샐러드 망고라씨 맛있었고. 인도스러운?? 인테리어 공간에서이국적이고 특별한 디너가 되었네요. 가격도 가성비 있고. 양도 충분해서 좋았어요. 다음에 안 먹어본 다른 요리들도 먹어보고 싶네요. ^^"
돌고래삼촌,오리요리,예약 없이 이용,대기 시간 바로 입장,여행,연인・배우자,음식이 맛있어요,,,,,"제주공항 차량 10분거리 현지인 맛집마늘 오리 주물럭 유명하다고 해서 다녀옴월요일 저녁 8,9시 넘어도 손님 계속 와요. 예약 추천가게 앞에 주차후 마늘 오리 주물럭 먹었는데양 푸짐. 고기 야채 완전 신선해서 맛있음. 3.8만에 둘이 배불러서 보끔밥 못 먹고 나옴. 현지인맛집 인정."
돌고래삼촌,자전거,,,,,,,,,,애월 해안도로에서 석양보면서 자전거 타는 로망 실천을 위해찾있던 애월에 있는 렌탈샵전기자전거 처음 타봤는데 쉽고 훨씬 편했고자전거도로가 있어서 안전하게 탈 수 있었음자전거 타고 해안도로 달리는데 바다가 아름답고 석양도 멋져서 사진도 정말 많이 찍고 행복한 시간이였음. 인생샷 건짐. ㅎㅎ
돌고래삼촌,"카페,디저트",예약 없이 이용,대기 시간 바로 입장,여행,연인・배우자,인테리어가 멋져요,,,,,노형동 브런치 앤 커피 로스터리 카페아침 8시 오픈. 실화냥. 공항가기전 아침 브런치도 가능한 분위기 좋고음식맛도 좋은 맛집. 특히 커피맛도 좋았음(공항까지는 차량으로 15분 안 걸림)주차장도 넓고 강추함
