﻿nickname,restaurant,reservation,waiting,purpose,withwho,tagging_1,tagging_2,tagging_3,tagging_4,tagging_5,content
전국적인 먹짱,샤브샤브,예약 없이 이용,대기 시간 10분 이내 ,친목,지인・동료,음식이 맛있어요,,,,,"날씨가 쌀쌀해지니 생각나는 스구식탁마침 근처 전포동에서 모임이 있어 스구식탁에서 쌈이 있는 메뉴로 먹었습니다.여전히 친절하시고, 맛있고 건강한 음식처음 오신 지인분도 맛있다고 좋아하셔서 뿌듯한건 덤"
전국적인 먹짱,한식,예약 없이 이용,대기 시간 바로 입장,데이트,연인・배우자,음식이 맛있어요,가성비가 좋아요,메뉴 구성이 알차요,혼밥하기 좋아요,음식이 빨리 나와요,"부산대근처 깔끔한 비빔밥을 찾다가 가게 된 곳비빔밥, 찌개, 제육이 깔끔하게 돌솥에 나오고 넘 맛있어요.집밥이 그리울때 또 찾게 될것 같습니다."
전국적인 먹짱,양식,예약 없이 이용,대기 시간 바로 입장,친목,"연인・배우자, 친구",음식이 맛있어요,인테리어가 멋져요,차분한 분위기에요,친절해요,특별한 날 가기 좋아요,스페인 가정에 초대되어 만찬을 즐기는 기분이 들었어요.음식들도 맛있고 와인도 잘 어울려서 즐거운 저녁자리가 되었어요.
전국적인 먹짱,"곰탕,설렁탕",예약 없이 이용,대기 시간 바로 입장,일상,혼자,음식이 맛있어요,가성비가 좋아요,혼밥하기 좋아요,친절해요,음식이 빨리 나와요,설렁탕과 소머리 수육을 시켜서 푸짐하고 맛있게 점심을 먹었습니다
전국적인 먹짱,돼지고기구이,예약 없이 이용,대기 시간 바로 입장,데이트,연인・배우자,음식이 맛있어요,가성비가 좋아요,친절해요,매장이 청결해요,직접 잘 구워줘요,"삼겹살에 파채를 얹어 맛있는 시오야끼를 첨 먹어봤어요.사장님과 직원분들 인상도 좋고 넘 친절하시네요.정성스레 구워주시고, 부족한 반찬은 바로바로 채워주셔서 기분좋고 맛있게 잘 먹었습니다."
전국적인 먹짱,돼지고기구이,예약 없이 이용,대기 시간 바로 입장,친목,친구,음식이 맛있어요,친절해요,직접 잘 구워줘요,주차하기 편해요,음식이 빨리 나와요,"애월쪽에 여행 왔다가 가까운 고기집을 찾아왔는데, 운이 좋게도 인생 돼지고기 맛집이었네요.김치찜, 자리돔젓도 정말 맛있는데 맛있게 구워주시는 삼겹, 목살, 항정, 가브리살, 거기다 껍데기까지 너무 맛있었어요.후식 냉면도 물냉 비냉 모두 맛있네요"
전국적인 먹짱,한식,예약 없이 이용,대기 시간 바로 입장,일상,혼자,음식이 맛있어요,반찬이 잘 나와요,혼밥하기 좋아요,친절해요,매장이 청결해요,우연히 들렀는데 깔끔하고 맛있어서 빠르게 다먹었네요다음에는 다른 메뉴도 먹어봐야겠어요~
전국적인 먹짱,"카페,디저트",예약 없이 이용,대기 시간 바로 입장,일상,혼자,커피가 맛있어요,대화하기 좋아요,집중하기 좋아요,뷰가 좋아요,매장이 청결해요,시간이 남아 들른 부산커피에서 책과 커피와 좋은 날씨를 만끽했어요
전국적인 먹짱,브런치,예약 없이 이용,대기 시간 바로 입장,데이트,연인・배우자,음식이 맛있어요,가성비가 좋아요,메뉴 구성이 알차요,인테리어가 멋져요,친절해요,가성비 좋고 맛있는 다양한 브런치를 파는 숲친절하신 사장님 덕분에 오늘도 기분좋게 데이트 했어요
전국적인 먹짱,"카페,디저트",예약 없이 이용,대기 시간 바로 입장,데이트,연인・배우자,음료가 맛있어요,대화하기 좋아요,매장이 넓어요,음악이 좋아요,,부산문화회관에서 공연을 보기전에 간 카페공연보기전 기다리면서 편안한 시간 보냈습니다.
전국적인 먹짱,"스파게티,파스타전문",예약 없이 이용,대기 시간 바로 입장,데이트,연인・배우자,음식이 맛있어요,재료가 신선해요,아늑해요,대화하기 좋아요,매장이 청결해요,"종종 브런치 먹으러 들르는 곳인데, 살치살 스테이크 맛있고 깔끔합니다."
전국적인 먹짱,"카페,디저트",예약 없이 이용,대기 시간 바로 입장,친목,지인・동료,커피가 맛있어요,디저트가 맛있어요,인테리어가 멋져요,컨셉이 독특해요,,재밌는 컨셉과 독특한 머핀이 있는 구니스덕분에 유쾌한 시간 보냈어요
전국적인 먹짱,전복요리,예약 없이 이용,대기 시간 바로 입장,가족모임,부모님,음식이 맛있어요,건강한 맛이에요,메뉴 구성이 알차요,친절해요,주차하기 편해요,전복죽과 냉면사리와 함께 나온 전복물회를 먹었어요.배가 안고프시다던 아버지도 한그릇 뚝딱 드셨어요.잘 먹었습니다.
전국적인 먹짱,"카페,디저트",예약 없이 이용,대기 시간 바로 입장,가족모임,부모님,커피가 맛있어요,디저트가 맛있어요,특별한 메뉴가 있어요,인테리어가 멋져요,사진이 잘 나와요,남해 여행 와서 추천받은 카페유자를 왔어요.유자카스테라가 맛있어 두 접시를 먹고 한상자를 포장해서 왔네요.커피맛도 참 좋네요~
전국적인 먹짱,이자카야,예약 없이 이용,대기 시간 바로 입장,부모님,,음식이 맛있어요,특별한 메뉴가 있어요,가성비가 좋아요,혼술하기 좋아요,친절해요,"야스미를 가려다가 휴업 중이라 우연히 들른 우마이기대도 없이 갔다가 발견한 찐 맛집특히 닭껍질과 무릎연골 완전 취저이고 토리나베도 참 맛있어서 부모님과 정신없이 코박고 먹었어요가격도 저렴하고 오키나와 생맥주, 각종 하이볼도 맛있었어요."
전국적인 먹짱,"백숙,삼계탕",예약 없이 이용,대기 시간 바로 입장,일상,혼자,음식이 맛있어요,건강한 맛이에요,매장이 청결해요,,,"종종 가던 삼계탕 집이 주인이 바뀐것 같아요. 삼계탕이라는 주메뉴는 동일하지만, 가게이름도 바뀌고 메뉴나 인테리어도 미묘하게 바뀌었더라구요.음식도 깔끔하고 넘 맛있게 잘 먹었습니다.다만 사장님으로 보이는 분이 손님을 대하는 태도가 예전 하숙생을 귀찮아하는 피곤한 하숙집 아줌마같아서 참 기분이 별로더라구요. 한번의 짧은 응대로 열심히 장사하는 분을 친절하다 아니다로 구분하는것은 잘못된것 같아요. 다음에 갔을때는 그런 기분 느끼지 않았음 좋겠네요."
전국적인 먹짱,갈비탕,예약 없이 이용,대기 시간 바로 입장,일상,혼자,음식이 맛있어요,가성비가 좋아요,혼밥하기 좋아요,매장이 청결해요,음식이 빨리 나와요,저렴한 가격에 잡내안나고 기본에 충실한 갈비탕입니다.생각날때 가끔 먹으러 오면 좋을만한 집이에요
전국적인 먹짱,복어요리,예약 없이 이용,대기 시간 바로 입장,일상,혼자,음식이 맛있어요,재료가 신선해요,건강한 맛이에요,친절해요,매장이 청결해요,"종종 이용하는 쫄복 맛집입니다. 쫄복도 시원하고 맛있지만, 정성스러운 반찬도 감동인 곳입니다.콩나물 비벼먹으라고 주신 양념장을 젓갈처럼 먹고 있으니 콩나물을 비벼서 가져다 주셨어요(감동)"
전국적인 먹짱,"카페,디저트",예약 없이 이용,대기 시간 바로 입장,데이트,연인・배우자,음식이 맛있어요,인테리어가 멋져요,대화하기 좋아요,아늑해요,매장이 청결해요,"분위기좋고 음식맛도 좋고 음료도 맛있고, 주차도 좋아서 자주 찾게 되는 셀라스유일한 단점은 늘 갈때마다 사장님 제외 직원들이 살짝 불친절하다는 느낌"
전국적인 먹짱,중식당,예약 없이 이용,대기 시간 바로 입장,데이트,연인・배우자,음식이 맛있어요,혼밥하기 좋아요,친절해요,음식이 빨리 나와요,,취밍에서 짬뽕밥과 탕수육을 먹었어요속풀리는 짬뽕과 바삭거리는 탕수육 잘 먹었습니다~
전국적인 먹짱,"백반,가정식",예약 없이 이용,대기 시간 바로 입장,데이트,연인・배우자,음식이 맛있어요,건강한 맛이에요,매장이 넓어요,혼밥하기 좋아요,주차하기 편해요,커플 둘다 몸살에 걸려서 따끈한 미역국이 먹고 싶어 찾아갔어요.맛있고 건강한 미역국을 먹으며 땀빼니 든든했어요
전국적인 먹짱,테마카페,예약 없이 이용,대기 시간 바로 입장,데이트,연인・배우자,디저트가 맛있어요,음식이 맛있어요,인테리어가 멋져요,대화하기 좋아요,집중하기 좋아요,남구의 보석같은 카페 그리다에서 좋은 시간 가졌어요.얼그레이 스콘 처음 먹었는데 너무 맛있더라구요.여유있는 시간에 꼭 가서 좋은 시간 보내세요~주차도 좋습니다.
전국적인 먹짱,빙수,예약 없이 이용,대기 시간 10분 이내 ,데이트,연인・배우자,특별한 메뉴가 있어요,가성비가 좋아요,음식이 맛있어요,,,"역사와 전통의 팥빙수 집을 왔어요.가성비가 정말 좋고, 그것과 별개로 팥빙수는 너무 맛있더라구요.우유말고 일반빙수가 제입맛에 훨씬 좋았고, 붕어빵도 맛있었어요.빙수와 단팥을 좋아하시는 부모님 모시고 오고 싶어지는 집이에요~"
전국적인 먹짱,한식,예약 없이 이용,대기 시간 바로 입장,데이트,연인・배우자,음식이 맛있어요,반찬이 잘 나와요,친절해요,매장이 청결해요,,매콤하니 중독적인 맛의 오징어볶음 너무 잘먹었습니다.밥 볶아 먹으니 또 꿀맛♡사장님도 친절하시고 반찬 무한 리필요구도 잘 받아주셔서 감사합니다.
전국적인 먹짱,요리주점,예약 없이 이용,대기 시간 10분 이내 ,데이트,연인・배우자,음식이 맛있어요,인테리어가 멋져요,혼술하기 좋아요,친절해요,음식이 빨리 나와요,오이무침과 교자 그리고 마파두부환상의 조합그리고 언제나 만석에 대기가 있는 핫플흑백요리사 중식여신의 교자요리를 보고 또 생각나서 왔어요
전국적인 먹짱,한식,예약 없이 이용,대기 시간 바로 입장,데이트,,음식이 맛있어요,건강한 맛이에요,인테리어가 멋져요,뷰가 좋아요,친절해요,"청도 외딴곳에 있는 뷰좋은 수제비집인데,내가 알던 분식 느낌의 수제비가 전혀 아니라갈비탕 삼계탕 느낌으로 인삼 약재 등 듬뿍들어간 소고기 탕에 도토리 수제비가 조금씩 들어가 있습니다.보양식이고 별미라 다음에도 찾아가고 싶어요"
전국적인 먹짱,펜션,데이트,연인・배우자,,,침구가 좋아요,방음이 잘돼요,깨끗해요,친절해요,조용히 쉬기 좋아요,"같은 공간에 숙소, 레스토랑, 카페, bar가 있고, 그 중심에는 책이 있어요.참 편하고 힐링이 되는 장소에요.복잡한 일상에서 쉼을 얻고 갑니다"
전국적인 먹짱,북카페,예약 후 이용,대기 시간 바로 입장,데이트,연인・배우자,인테리어가 멋져요,사진이 잘 나와요,집중하기 좋아요,아늑해요,읽을만한 책이 많아요,청도 시골안쪽에 이런 공간을 정성스레 만들고 관리하는 분의 마음에 대해 생각해 봤어요.어떤 장소에 가면 단순히 음식을 먹고 서비스를 받은 대가로 돈을 지불하는것 이상의 무언가를 느끼게 됩니다.10월 첫째날과 둘째날 스테이온과 오마이북 등의 장소를 다녀오며 스스로에 대해 많이 생각할 수 있어 너무 좋았습니다.
전국적인 먹짱,"카페,디저트",예약 없이 이용,대기 시간 30분 이내,데이트,연인・배우자,건강한 맛이에요,음식이 맛있어요,재료가 신선해요,인테리어가 멋져요,친절해요,"범어사역 시절부터 자주가던 메종드레레가 양산으로 옮기고는 첨 와봤네요.사장님은 여전히 친절하시고, 메뉴가 다양해지고, 손님은 많아서 웨이팅도 길고 재료소진으로 먹지 못하는 메뉴도 많았어요.맛은 정말 최고였어요.주변 손님들도 짧은 시간에 접시바닥만 보일정도로 싹싹 긁어먹고 가시더라구요.담에 또 일정 잡아 오려구요♡"
전국적인 먹짱,중식당,예약 없이 이용,대기 시간 10분 이내 ,데이트,연인・배우자,음식이 맛있어요,인테리어가 멋져요,혼밥하기 좋아요,친절해요,매장이 청결해요,"애정하는 미미루에 와서 잡채밥과 깐풍새우를 먹었어요.잡채밥은 볶음밥에 잡채를 올려주는 식이더라구요. 맛있었어요.근데 기대했던 깐풍새우는 실망이 컸어요.양념은 맛있지만, 튀김옷이 너무 두껍고 상대적으로 새우는 매우 작더라구요.지금까지 미미루에서 먹은 모든 메뉴가 다 맛있었지만, 새우류는 걸러야겠습니다.워낙 좋아하는 곳이라 취향차이일까해서 신중하게 먹어보고, 친구와도 몇번 얘기했으나 지나치게 두꺼운 튀김옷은 개선해주시는게 좋지 않을까 싶네요"
전국적인 먹짱,"스파게티,파스타전문",예약 없이 이용,대기 시간 10분 이내 ,데이트,연인・배우자,음식이 맛있어요,특별한 메뉴가 있어요,가성비가 좋아요,인테리어가 멋져요,친절해요,"집 가까이에 이렇게 좋은 화덕피자집이 있는지 몰랐네요.사장님께서 정말 친절하시고, 인심이 좋으세요.와인 콜키지 프리라 맛있는 피자와 함께 편히 즐길 수 있을듯 합니다.가족끼리 넉넉하게 먹고 즐거운 시간 보낼수 있는 기분좋은 맛집입니다."
전국적인 먹짱,한식,예약 후 이용,대기 시간 바로 입장,데이트,연인・배우자,음식이 맛있어요,재료가 신선해요,건강한 맛이에요,인테리어가 멋져요,친절해요,조미료가 아닌 직접 구운 소금으로 맛을 낸 자연식 식단이 참 맛있었어요100% 예약으로 정성스럽게 준비하고 친절하게 손님을 대해주셔서 기분좋게 건강한 음식을 먹었어요.담에 가면 된장찌개도 꼭 먹어보고 싶네요.
전국적인 먹짱,카페,예약 없이 이용,대기 시간 바로 입장,데이트,연인・배우자,커피가 맛있어요,인테리어가 멋져요,대화하기 좋아요,친절해요,매장이 청결해요,좋은 커피를 이쁜 인테리어의 카페에서 저렴하게 맛볼 수 있어 참 좋아요.아침일찍 경주와서 푸른 공원을 보며 커피를 즐기시길 추천드려요.사장님과 직원분도 친절하시고 커피에 대한 설명 상세히 잘해주세요
전국적인 먹짱,서점,,,,,책 읽기 쾌적해요,매장이 넓어요,아늑해요,인테리어가 멋져요,컨셉이 독특해요,매달 마지막주 금요일 밤 10시기장 아난티 이터널저니 서점에서 심야책방을 다섯번째 참여했어요.멋진 공간에서 다양한 분야의 작가의 얘기를 듣고 생각할 수 있는 시간이 참 좋네요. 그리고 비싼 아난티의 주차비를 절약할 수 있는 기회이기도 합니다 ㅎㅎ
전국적인 먹짱,"카페,디저트",예약 없이 이용,대기 시간 바로 입장,데이트,연인・배우자,인테리어가 멋져요,사진이 잘 나와요,대화하기 좋아요,뷰가 좋아요,아이와 가기 좋아요,가을 아난티의 밤을 느낄수 있는 카페에요사진은 아난티의 이터널 저니 영상입니다.
전국적인 먹짱,카페,예약 없이 이용,대기 시간 바로 입장,일상,혼자,음료가 맛있어요,아늑해요,차분한 분위기에요,친절해요,음식이 빨리 나와요,"전주버스터미널 이디야에서 달달한 플레인 요거트를 마시면서 고속버스를 탔어요.사장님 친절하시고, 버스 기다리면서 시간보내기 좋더라구요"
전국적인 먹짱,"찌개,전골",예약 없이 이용,대기 시간 바로 입장,일상,혼자,음식이 맛있어요,특별한 메뉴가 있어요,매장이 넓어요,혼밥하기 좋아요,주차하기 편해요,"전주사는 분에게 추천받아 간 집매콤하고 중독성 강한 국물에 갈비, 소고기, 버섯, 그리고 대추와 한약재도 들어있네요.혼밥러들을 위한 1인전용 방이 따로 있어 효율적이고 눈치안보고 먹을 수 있었어요.국물은 제가 좋아하는 광주에 명화식육식당과 비슷한 감칠맛이었어요.전주와서 한끼밖에 못먹고 가서 아쉽지만, 그래도 현지인 찐 맛집을 즐기고 갈수 있어 대만족 입니다."
전국적인 먹짱,양식,예약 없이 이용,대기 시간 바로 입장,데이트,연인・배우자,음식이 맛있어요,특별한 메뉴가 있어요,인테리어가 멋져요,대화하기 좋아요,친절해요,"구서동에 작고 분위기 좋은 소중한 와인바가 있네요음식도 맛있고 와인추천도 잘해주세요.작지만 대화하기 좋고, 음악이 정말 좋아요.즐거운 시간이었고, 저희들의 아지트가 될 것 같습니다."
전국적인 먹짱,카페,예약 없이 이용,대기 시간 바로 입장,데이트,연인・배우자,대화하기 좋아요,매장이 넓어요,매장이 청결해요,주차하기 편해요,좌석이 편해요,w스퀘어 투썸은 공간도 넓고 뷰도 좋지만다른 곳에 비해 음료가 맛있는것 같아요.여기서 먹고 맛있어서다른 지점에서 먹고 실망한 적이 몇번 있어요.그만큼 관리가 잘되고 좋은 지점인듯
전국적인 먹짱,국밥,예약 없이 이용,대기 시간 10분 이내 ,데이트,연인・배우자,건강한 맛이에요,고기 질이 좋아요,잡내가 적어요,주차하기 편해요,음식이 빨리 나와요,"월례행사처럼 찾게 되는 나막집오전에 기운이 쭉 빠진 날 점심으로 나막집 곰탕 생각이 가득해지고, 먹고나면 땀을 쭉 빼면서 하루를 버틸 기운이 나네요.계속 같은 맛으로 이 자리에 있어주세요♡"
전국적인 먹짱,카페,예약 없이 이용,대기 시간 바로 입장,데이트,연인・배우자,커피가 맛있어요,디저트가 맛있어요,특별한 메뉴가 있어요,메뉴 구성이 알차요,아늑해요,"통유리로 되어있어 채광이 좋고, 주차가 편한 폴바셋 대연 DT점커피맛도 좋지만 베이글 등 푸드도 맛있네요."
전국적인 먹짱,국수,예약 없이 이용,대기 시간 바로 입장,일상,혼자,음식이 맛있어요,가성비가 좋아요,혼밥하기 좋아요,매장이 청결해요,음식이 빨리 나와요,"여름이 지나서인지 늘 웨이팅이 있던 초량밀면에 자리가 여유 있어 편하게 먹고 왔습니다.오늘은 비빔밀면과 만두를 먹었는데 넘 잘 어울려 육수 한주전자와 함께 맛있게 먹었어요.아쉬운건 무가 부족해서 리필이 안된다는 점이네요 ㅠ 밀면에는 무인데, 이런 일 없도록 신경써주심 좋겠어요."
전국적인 먹짱,"곰탕,설렁탕",예약 없이 이용,대기 시간 바로 입장,친목,지인・동료,음식이 맛있어요,매장이 넓어요,친절해요,매장이 청결해요,좌석이 편해요,"새로 생겨 깨끗하고 쾌적했어요.사장님 넘 친절하시고, 점심에 불고기전골을 시키니 1인분을 더 주셔서 넉넉하고 맛있게 먹었어요~"
전국적인 먹짱,"육류,고기요리",예약 없이 이용,대기 시간 바로 입장,일상,,음식이 맛있어요,매장이 넓어요,혼밥하기 좋아요,친절해요,,점심시간 전 사람없는 시간에 가서 갈비탕 한그릇 맛있게 먹고 왔네요.빛이 잘드는 자리에 앉아 햇살 받으며 기분좋게 먹었습니다.다먹고 일어나려니 근처 회사원들이 줄지어 점심식사하러 오시더라구요
전국적인 먹짱,와인,예약 없이 이용,대기 시간 바로 입장,데이트,연인・배우자,음식이 맛있어요,술이 다양해요,특별한 메뉴가 있어요,음악이 좋아요,대화하기 좋아요,"우연히 찾게 된 후암동 골목길의 와인바일요일 늦은 시간에 찾으니 아무도 없어 둘이서 전세 낸 것처럼 전체 공간을 이용했어요.가게 밖으로 보이는 골목길은 여러가지 생각을 하게 해주었고, 내추럴 화이트와인과 잠봉믈렛의 조화도 참 기분좋았어요.사장님의 편안한 친절함과 좋은 음악에도 감사합니다.자주 가고 싶은 공간과 시간이에요"
전국적인 먹짱,이탈리아음식,예약 후 이용,대기 시간 바로 입장,데이트,"연인・배우자, 지인・동료",음식이 맛있어요,메뉴 구성이 알차요,비싼 만큼 가치있어요,인테리어가 멋져요,컨셉이 독특해요,"일요일 저녁 예약하고 방문했어요.위치도 좋고 음식도 맛있고, 매장구조도 독특하고 재밌었어요.손님이 많을때라 응대가 늦긴 했지만, 그런 점도 입장시부터 얘기해줘서 좋았어요.주말 저녁 좋은 시간 보냈습니다."
전국적인 먹짱,베이커리,예약 없이 이용,대기 시간 바로 입장,데이트,연인・배우자,빵이 맛있어요,종류가 다양해요,인테리어가 멋져요,사진이 잘 나와요,매장이 넓어요,"부암동 석파랑 지하에 있는 몽핀 은근히 숨겨져 있고 지하지만, 자연 그대로 노출된 멋진 암벽들과 함께 맛있는 빵과 커피를 즐길 수 있는 소중한 베이커리 카페에요.지친 여행객인 우리에게 기운을 북돋아준 충전 힐링 카페였어요."
전국적인 먹짱,미술관,,,,,,,,,,"서울속 너무 호화스럽고 편안한 쉼터 석파정과 미술관이 함께 있는 장소날씨 좋은 일요일 도슨트 시간에 맞추어 방문했어요.맑은 가을날씨를 만끽하며, 세속적인 고민들을 잠시나마 떨쳐버리게 해준 석파정에서의 시간들그리고 국내 유명 화가들의 글과 그림, 특히 이중섭 회가님의 생애와 일본의 가족에게 보낸 서신을 보며 공감할 수 있는 시간도 넘 행복했어요.단풍나무가 많아 가을이 깊어진 후에 가도 너무 좋을 것 같아요."
전국적인 먹짱,카페,예약 없이 이용,대기 시간 바로 입장,데이트,연인・배우자,커피가 맛있어요,인테리어가 멋져요,대화하기 좋아요,뷰가 좋아요,컨셉이 독특해요,간만에 온 부암동의 터줏대감같은 클럽에스프레소가을이 시작되는 좋은 날씨의 일요일에 창가자리에서 햇살과 바람 맞으며 커피마셨어요늘 행복한 시간을 주셔서 감사합니다.
전국적인 먹짱,만두,예약 없이 이용,대기 시간 바로 입장,데이트,연인・배우자,음식이 맛있어요,인테리어가 멋져요,뷰가 좋아요,아늑해요,친절해요,유명한 자하손만두를 오늘에서야 와봤어요.뷰좋은 위치에 있는 이쁜 가정집에서 먹는 만두국이 예전 할머니가 만들어주신 만두의 맛과 똑같았어요.심심하고 소화잘되고 또 생각나는 맛근처 오면 꼭 먹으러 오게 될것 같아요
