﻿nickname,restaurant,reservation,waiting,purpose,withwho,tagging_1,tagging_2,tagging_3,tagging_4,tagging_5,content
밤 새 피어난 비,바(BAR),예약 없이 이용,데이트,,,음식이 맛있어요,,,,,성수동에서도 실내 인테리어에 으뜸으로 신경과 자본을 쏟아 부은 곳입니다. 술집 운영에 관심 많은 분들은 교포 출신의 바텐더 사장님과 대화해보시면 많은 조언 들을 수 있을 것입니다.
밤 새 피어난 비,"카페,디저트",,,,,커피가 맛있어요,디저트가 맛있어요,특별한 메뉴가 있어요,건강한 맛이에요,,"진지하게 베이글을 만드는 곳입니다. 플레인 베이글을 포장해 사간 다음에 전자레인지에 딱 10초만 데워서 먹었더니, 세상 폭신쫀득한 베이글 맛!"
밤 새 피어난 비,중식당,,,,,,,,,,"만두는 아랫면이 익지 않아서 딱딱합니다. 샥스핀 수프는 싱거워서 간장 두 숟갈 더 넣어 먹었습니다. 깐풍기는 기름기가 너무 느끼해서 한개 먹고 환불조치했고, 다시는 방문하지 않을 계획입니다."
밤 새 피어난 비,"카페,디저트",예약 없이 이용,대기 시간 바로 입장,여행,혼자,커피가 맛있어요,디저트가 맛있어요,특별한 메뉴가 있어요,집중하기 좋아요,아늑해요,에스프레소 맛이 근사한 것은 기본이고음악 선곡이 근사한 곳입니다. 초록색 노래들이 구불구불 흘러 나옵니다. 이 곳은 자양시장의 기적 *.*
밤 새 피어난 비,양갈비,,,,,,,,,,큰 기대를 품고 갔는데 메뉴 선택이 실패였습니다. 다른 사람들처럼 양꼬치나 꿔바로우 먹을 걸. 향라새우튀김. 보기에 그럴듯하지만 향라 소스맛이 전혀 나지 않습니다. 중국 현지 스타일을 기대하시는 분들은 실망이 클 것입니다. 옥수수면은 칼칼 보다는 달큰한 쪽 스타일입니다. 호박과 당근을 정성껏 볶아 국물을 내옵니다.미식 실력에 자신있는 분들은 음식 주문 전에 현지 스타일로 요리해 달라고 당부해보시기 바랍니다. 저는 재도전 해볼 생각입니다.
밤 새 피어난 비,"카페,디저트",,,,,친절해요,커피가 맛있어요,디저트가 맛있어요,음료가 맛있어요,특별한 메뉴가 있어요,서울3대 헬스장 ‘바디메이트짐2’의 위에수제 청음료 찐맛집이 있을 줄이야+.+ 청귤에이드 강추입니다. 그리고 사장님이 직접 만드시는 쿠키를 꼬옥 드셔보세요. 버터 풍미가 듬뿍 담겨 있습니다:)
밤 새 피어난 비,이탈리아음식,예약 없이 이용,대기 시간 바로 입장,,,음식이 맛있어요,재료가 신선해요,특별한 메뉴가 있어요,가성비가 좋아요,혼밥하기 좋아요,인근 주민들은 알고 있을까요? 이곳은 사가정의 보배입니다. 저는 해산물 스튜에 면추가하여 식사를 했습니다. 경력이 깊은 셰프님의 손맛 덕분에 제대로 된 정통 이태리 파스타를 먹을 수가 있습니다. 밴드 토토의 명곡 로잔나를 감상하며 누리는 호사입니다. 가지라는 야채가 스튜와 이렇게 잘 어울리는 재료였다니 *.*
밤 새 피어난 비,카페,예약 없이 이용,데이트,연인・배우자,,인테리어가 멋져요,대화하기 좋아요,커피가 맛있어요,특별한 메뉴가 있어요,가성비가 좋아요,서울에서 구름맛 카푸치노를 맛볼 수 있는 거의 유일한 까페입니다*.* 드립커피에도 진하고 뚜렷하고 풍부한 맛이 담겨 있습니다. 오랜만에 종로를 걷던 중 우연히 이렇게 입 안에 오아시스를 머금고 갑니다:)
밤 새 피어난 비,햄버거,예약 없이 이용,,,,,,,,,"풀밸리버거는 안 시키는 것이 좋을 것입니다. 궁물이 줄줄줄 흘러서 아래빵이 흥건하게 젖는 바람에, 손바닥으로 물 받아먹다시피 했습니다.디럭스 버거를 드시면 더 다양한 토핑의 맛을 느낄 수 있습니다.케찹, 오이지, 등등 기본 반찬을 보여주지 않아서 먹지 못하는 분들이 많은 듯합니다. 적극적으로 요구하시면 됩니다."
밤 새 피어난 비,샌드위치,,,,,,,,,,"2024년 서울 전체를 통틀어 서비스가 가장 최악인 곳입니다. 여러번 들러본 결과, 여자알바 뿐 아니라 여자매니저까지 표정 최악, 말투 최악, 그리고재료 패대기 쳐가며 조리하는 태도까지손님으로 하여금 밥맛이 떨어지게 만들고야 말겠다는 각오가 투철한 곳입니다. 이유를 알 수는 없지만 남자직원들 때문에 기분이 상한 적은 없는 듯하고, 저는 사브웨이 본사 게시판에 제보하러 갈 예정입니다. 맛있는 식사하러 갔다가 기분 잡치고 밥맛 잃고 여러모로 황당하기 짝이 없습니다."
밤 새 피어난 비,바(BAR),데이트,연인・배우자,,,뷰가 좋아요,기본 안주가 좋아요,술이 다양해요,특별한 메뉴가 있어요,메뉴 구성이 알차요,"주제가 확실하고이야기가 흘러 넘치는 바입니다. 은평구의 기적일 뿐 아니라 연신내의 축복을 넘어, 서울의 자랑이 될 곳입니다. 대표님과 직원 분들의 호흡도 멋지고 존경스럽습니다 *.*"
밤 새 피어난 비,"카페,디저트",,,,,커피가 맛있어요,디저트가 맛있어요,음료가 맛있어요,특별한 메뉴가 있어요,가성비가 좋아요,신비로운 곳 *.*
밤 새 피어난 비,빙수,포장·배달 이용,,,,,,,,,일만원짜리 빙수인데 팥이 정말로 딱 두 숟갈 들어 있습니다. 비추입니다. 떡 추가비용이 1천5백원입니다. 떡 1개가 천오백원입니다. 비추입니다.
밤 새 피어난 비,카레,예약 없이 이용,대기 시간 바로 입장,,,음식이 맛있어요,,,,,"서울 최고의 카레집 중 하나입니다. 그런데 애기 엄지 지문 크기의 숟가락으로 카레밥을 퍼먹는 것이 너무 불편합니다. 카레와 밥의 비중도 맞추기 어렵구요. 그리고 주방 직원 분들이 그릇이나 조리기구를 너무 시끄럽게 다룹니다. 직원이 일하기 싫어하는 건 동서고금으로 마찬가지이지만, 그걸 손님에게 티를 내서야 되겠습니까. 밥맛이 떨어지지 않을 도리가 없는 것이지요. 음식은 참 맛있는 곳인데, 안타깝습니다."
밤 새 피어난 비,양꼬치,예약 없이 이용,대기 시간 바로 입장,,,음식이 맛있어요,고기 질이 좋아요,친절해요,매장이 청결해요,주차하기 편해요,"이곳은 서울 3대 양꼬치 요리집 중 하나입니다*.* 고기의 질과 반찬 조리의 완성도, 그리고 구비된 다종다양한 술들의 향연 +.+"
밤 새 피어난 비,닭갈비,,,,,음식이 맛있어요,고기 질이 좋아요,특별한 메뉴가 있어요,아늑해요,차분한 분위기에요,"황홀합니다. 우연히 들렀다가 닭요리계의 끝판왕을 맛보고 갑니다. 고급스런 소스가 5종 이상 곁들여지고, 닭을 구워먹을 수 있다는 것이 센세이셔널입니다! "
밤 새 피어난 비,"초밥,롤",예약 없이 이용,대기 시간 바로 입장,,,매장이 넓어요,음식이 맛있어요,재료가 신선해요,양이 많아요,특별한 메뉴가 있어요,"초밥 한접시 시켰을 뿐인데,튀김에 돌솥 우동에게다가 광어알 조림까지. 다른 초밥집을 대체 어떻게 가냐. 내사랑 호야초밥이다 정말 *.* "
밤 새 피어난 비,"곱창,막창,양",예약 없이 이용,,,,친절해요,음식이 맛있어요,고기 질이 좋아요,,,"곱창 불쑈도 멋졌고,무엇보다 직원 분들의 미소가 근사한 곳입니다. 곱창 맛이 절창인 건 당연지사! "
밤 새 피어난 비,이탈리아음식,예약 없이 이용,대기 시간 바로 입장,데이트,,친절해요,인테리어가 멋져요,음식이 맛있어요,재료가 신선해요,특별한 메뉴가 있어요,토요일 늦은 저녁 무심코 들렀다가대단히 만족스러운 시간을 보내고 왔습니다.양파수프를 이렇게 진국으로 먹어본 것이 대체 얼마만인지ㅠㅠ 문어 샐러드도 상큼하고 맛깔납니다. 레몬을 넣은 샐러드라니 *.* 라자냐는 너무 늦은 시간대에 주문해서 그런지 불어 있어서 이 점 하나 아쉬웠습니다. 씹는 맛이 마치 밀가루 푸딩 떠먹는 느낌. 다음에는 일찍 가서 먹어볼 예정입니다. 와인 정말 맛났습니다:) 
밤 새 피어난 비,한식,,,,,,,,,,"다른 메뉴는 먹어보지 못했으나, 낙지전골은 비추합니다. 해물전골이 아니라 김치해물전골이 나옵니다. 낙지전골 요리를 한 번도 먹어본 적이 없는 매니저와말이 통하지 않아, 억지로 꾹 참고 꾸역꾸역 먹었습니다. 김치찌게 스타일의 낙지전골을 원하는 분들은 신경쓰지 말고 드셔도 됩니다. 하지만 일반적인 해물낙지전골의 맛을 기대하는 분들은 다소 놀라게 될 것입니다. 업주나 본사직원 모두 배추를 넣은 거라고 우기지만 신김치 김치찌게 국물 맛이 납니다. "
밤 새 피어난 비,"멕시코,남미음식",예약 없이 이용,대기 시간 바로 입장,,,,,,,,일만 이천원 짜리 타코인데 기본 소스량이 3티스푼도 안 됩니다. 2000원 지불하고 추가 주문한 소스 량이 저 정도. 사장으로 추정되는 자는 교묘하게 신경질적이고타코 맛 자체는 하아... 복권 주는 이벤트 리뷰에 속지들 마시고정 가보겠다면 마스크 하나 준비해 가시기 바랍니다. 실내 공기가 많이 탁합니다. 
밤 새 피어난 비,카페,,,,,,,,,,"보기엔 그럴 듯한데, 맛은 보리차 그 자체입니다. 해도 너무하다 싶을 정도로 밍밍맹맹. 여기 가보신 분들에게 묻습니다. 이 맹물맛 커피가 정말 만족스럽던가요. "
밤 새 피어난 비,베이커리,예약 없이 이용,대기 시간 바로 입장,,,,,,,,살면서 먹어본 가장 딱딱하고 건조한 베이글입니다. 먹기가 너무 힘들어서 환불 조치 받았습니다. 밑에 추앙 댓글들 제정신들인가요. 먼 길 찾아갔다가 피해가 막심합니다. 이건 베이글이 아니라 말라 비틀어진 바케트 만도 못한 밀가루 퇴적물입니다. 
밤 새 피어난 비,남성정장,,,,,,,,,,"몇년 전에, 부자가 함께 운영한다는 특이한 컨셉에 이끌려 흰색셔츠 3장을 모두 다른 디자인으로 맞춤 주문을 했고, 결과는 참담하였다.목둘레는 호흡이 불가능할 정도로 조이고, 팔기장은 팔을 다 펼 수 없을 정도로 짧았고, 밑단 길이도 바지 밖으로 계속 빠져 나올 만큼 짧게 제작이 되었다. 이 황당무계한 결과에 대해서 바로 이의 제기를 하였지만 사장 혹은 담당직원의 못마땅해하는 표정이 아직도 기억난다.그렇게 잘못된 결과물을 다시 공장에 보내 누더기처럼 기워서는 내놓더라. 수리해줬으니 입고 다니라고. 며칠 전 옷장 정리하다가 발견한 덕분에 다시 떠올려 보는 추억. '옷보다 사람이다' 라는 슬로건을 내걸고 있는 것으로 아는데, 과연 이것이 구체적으로 무슨 뜻일까."
밤 새 피어난 비,햄버거,예약 없이 이용,대기 시간 바로 입장,여행,,음식이 맛있어요,재료가 신선해요,특별한 메뉴가 있어요,인테리어가 멋져요,매장이 넓어요,"한국 최고의 수제버거 요리집. 패티 씹는 맛이 고슬고슬. 시즈닝도 간이 잘 잡혀 있고 :) 미국냄새 물씬 나는 넓직한 실내를가득 메우는 선곡 감각 또한 풍미 가득합니다*.*서울의 브루클린버거나 다운타우너, 파이브가이즈에서 실망만 맛보고 왔는데, 우연히 들른 동두천에서 이런 미국맛천국을 마주하게 될 줄이야@.@ 음식 맛을 떠나서이렇게 멋진 공간을 축조해내신 사장님께 감사합니다. 아래 어느 분이 새우버거도 극찬해 주셨던데, 멀리 서울에 살지만 최대한 자주 오고자 합니다! "
밤 새 피어난 비,"멕시코,남미음식",예약 없이 이용,대기 시간 바로 입장,데이트,,음식이 맛있어요,재료가 신선해요,친절해요,,,그린 소스로 타코를 드셔 보세요! 다른 곳과 차별화된 이국의 맛. 알고보니 ‘큐민’이라는 향신료가 관건이었군요! 
밤 새 피어난 비,,예약 없이 이용,대기 시간 바로 입장,데이트,,인테리어가 멋져요,매장이 넓어요,친절해요,음식이 맛있어요,재료가 신선해요,"하이디라오에 영감 받은 듯한 ‘반반’샤부샤부.여기 인생샤부샤부집이다. 맑은 샤부 국물은 개운하고,얼튼 샤부 국물은 알싸하게 제대로 얼큰얼큰. 그리고 국산 겉절이김치가 또 예술이다 *.* 장안동 살다 이사간지 반년 됐는데, 다시 안 올 줄 알았던 이 동네를 또 오게 생겼네. "
밤 새 피어난 비,"카페,디저트",예약 없이 이용,대기 시간 바로 입장,일상,,,,,,,"맛이 없는 건 아닌데, 여자직원 눈 부릅뜨고 지나치게 큰 목소리로 손님을 밀어 냅니다. 두 번 다시 오지 말라는 식으로. 제 입장에서도 당연히 돈 쓰고 싶은 생각이 안 드는 것입니다. 일하시는 분들 힘든 것 알지만, 손님들도 마찬가지입니다. "
밤 새 피어난 비,중식당,예약 없이 이용,대기 시간 바로 입장,일상,친구,친절해요,음식이 맛있어요,재료가 신선해요,건강한 맛이에요,,늘 감탄하며 먹곤 하는 곳. 오늘은 특히 볶음밥이 기가 막힙니다. 서울 중국집 3대 볶음밥에 꼽힐 만한 곳입니다 *.* 
밤 새 피어난 비,,예약 없이 이용,대기 시간 바로 입장,,,,,,,,간짜장은 간이 안 맞고단무지는 달지 못해 쓰기까지. 다시는 안 가겠다는 것. 여러분들은 당하지 말라는 뜻. 
밤 새 피어난 비,중식당,예약 후 이용,대기 시간 30분 이상,여행,,매장이 넓어요,음식이 맛있어요,재료가 신선해요,,,한국 최고의 탕수육입니다. 소스에 흠뻑 젖은 채로 바삭바삭한 튀김이 밀리거나 지지를 않습니다. 처음 한 입 넣은 후부터 마지막 남은 한 조각 헤치울 때까지 내내 입안 가득 만족감이 흘러 넘칩니다. *볶음밥은 절대 주문하지 마세요. 
밤 새 피어난 비,,예약 없이 이용,대기 시간 바로 입장,데이트,연인・배우자,음식이 맛있어요,재료가 신선해요,특별한 메뉴가 있어요,혼밥하기 좋아요,,진정 서울 최고의 데미그라스 소스. 먹기 전 예쁜 사진이 아니어서 죄송합니다. 소스만 두번 더 달라고 요구했을 만큼 맛있게 먹었습니다. 그런데 가게 실내가 너무 추워요. 저 뿐 아니라 다른 테이블 손님들도 외투를 벗지 못한 채로 식사를 합니다. 
밤 새 피어난 비,요리주점,예약 후 이용,대기 시간 바로 입장,"친목, 기념일",친구,매장이 청결해요,음식이 맛있어요,기본 안주가 좋아요,술이 다양해요,인테리어가 멋져요,구의동의 보배인 곳입니다. 떡볶이를 꼭 드셔 보세요. 서울 최고의 국물떡복이를 맛보게 될 것입니다. 
밤 새 피어난 비,중식당,예약 없이 이용,대기 시간 바로 입장,일상,,음식이 맛있어요,재료가 신선해요,양이 많아요,건강한 맛이에요,매장이 넓어요,군자에 짬뽕전문점이 생긴 건 최초일 듯*.* 면발 미끌미끌 쫄깃하고짜장면도 달착짭조름하니 단골집 확정!
밤 새 피어난 비,갤러리카페,예약 없이 이용,대기 시간 바로 입장,데이트,연인・배우자,인테리어가 멋져요,사진이 잘 나와요,대화하기 좋아요,커피가 맛있어요,,후암동에 이사온 지 세 달만에 서울에서 가장 완벽한 까페를 찾아내다 *.* 추상적이고도 멋드러진 음악들로 가득한 선곡 목록.독특한 오브제로 가득한 공간. 하지만 비좁지 않고 여백이 넉넉한 간격. 창 밖은 옛미군기지의 자취가 남아있는 공터와 농구장과 갈대밭이 보이고. 다시 오지 않을 이유가 없는 곳. 
밤 새 피어난 비,햄버거,예약 없이 이용,대기 시간 바로 입장,데이트,연인・배우자,음식이 맛있어요,인테리어가 멋져요,,,,"빵에서 느껴지는 풍미가 일품입니다. 더블페티버거 먹은 후 미쳐서 곧바로 그냥 치즈버거 주문해 먹었고, 이럴수가! 더블페티에 대한 집착과 미련을 버릴 수 있게 되었습니다. 패티한장버거 주문해서 포크 나이프 말고 양 손으로 야무지게 눌러 집어 앙 베어물어 보세요. 여러분*.* "
밤 새 피어난 비,돈가스,,,,,,,,,,"문제는 소스입니다. 돈까스 고기 질도 좋고, 사장님 무척 친절하시지만, 돈까스 소스가 데미그라스 풍미가 아니고, 복고풍 기사돈까스 느낌도 아닙니다.탕수육 소스 혹은 양념치킨 소스에 돈까스를 곁들여 먹는 느낌. 가볼 생각이 있다면 이점 미리 유념하시는 것이 좋을 것입니다. "
밤 새 피어난 비,,,,,,음식이 맛있어요,기본 안주가 좋아요,술이 다양해요,특별한 메뉴가 있어요,대화하기 좋아요,오뎅탕 포장으로 사갔던 사람입니다. 오뎅의 품질이 상당해요. 악센트로 들어간 돼지고기까지도 씹는 맛이 재미집니다. 그런데 육수가 너무 짭니다ㅠㅠ 육수 내실 때에 무 몇 조각 더 넣으시면 어떨까 해요. 
밤 새 피어난 비,와인,,,,,인테리어가 멋져요,음악이 좋아요,단체모임 하기 좋아요,음식이 맛있어요,특별한 메뉴가 있어요,"무심코 왔다가 타임머신 체험을 하고 갑니다. 93년도 수퍼마들 선발 영상을 보며기사님 왕돈까스를 씹어 먹으며소폭을 마실 수가 있다니, 2023년도에*.* 맛은 ...봉골레 파스타 국물과 볶음밥이 무척 짭니다. 주문 시에 짜지 않게 해달라고 말해 보세요. 떡볶이와 돈까스는 소스 맛이 기가 맥힙니다. "
밤 새 피어난 비,,,,,,,,,,,"전형적인 가짜 맛집입니다. 싸구려 재료로 조리한 혀만 자극하는 소스에양이 너무 적은 파스타를대충 버무려 내놓는 곳입니다. 선불 영수증으로 음식 다 먹기도 전에 네이버리뷰를 등록하게 한 다음에공짜 콜라 제공하는 방식으로, 리뷰 숫자만 부풀려 채워 놓은 곳. 여직원 인상파 미간 잔뜩 찌푸린 표정에식욕 모조리 다 날아가 버립니다. 절대로 가지 마세요. 만칠천원이 아니라 칠천원짜리 편의점 파스타 만도 못합니다. "
밤 새 피어난 비,"카페,디저트",,,,,커피가 맛있어요,특별한 메뉴가 있어요,인테리어가 멋져요,뷰가 좋아요,,잔 만큼 예쁜 맛 *.*
밤 새 피어난 비,김밥,,,,,음식이 맛있어요,,,,,오뎅 4천원 어치 샀습니다. 국물 용기가 너어어무 작아서더 달라니 그렇게는 안 된다던 남자직원분의 깨알 같은 베포. 일요일 아침부터 웃음벨 폭발하고 갑니다. 오뎅 두 개 이상 구매하실 분들은 두번에 나눠서 결제 하세요. 용기 다 따로 포장해달라고 하시구요. 
밤 새 피어난 비,한식,,,,,음식이 맛있어요,,,,,심과 신이 모두 지쳐있던 상황에잠시 들렀다가 영혼의 위로를 받고 갑니다. 국밥을 먹으며 케니지의 음악을 들을 수 있는 현재 서울에서 가장 포스트모던한 음식점. 
밤 새 피어난 비,"멕시코,남미음식",,,,,,,,,,"그 정도 맛집 아닙니다. 그냥 오일에 버무린 장조림을 또띠야에 말아먹는 느낌 이상도 이하도 아니며, 향신료 맛도 약하고, 이국적 풍미도 부족합니다. "
밤 새 피어난 비,햄버거,,,,,,,,,,"인테리어가 이루 말할 수 없을 정도로 근사한데,양파튀김이 뭐라 형용할 수 없을 정도로 느끼합니다. 태어나서 먹어본 튀김요리 중에서 가장 기름만끽 그 자체. 이 맛을 의도한 것인지 물어봤는데, 예전보다 많이 줄인 것이라고 답하신 것을 보면 주관으로 밀어부치는 것도 아닌 듯 합니다. 오이피클은 꿀설탕에 절이기라도 한 것처럼 몹시 단 맛이니, 먼 길 찾아 가는 분들은 각오 하고 가시는 것이 좋을 것입니다. 버거 패티 맛은 일품$.$ "
밤 새 피어난 비,베트남음식,,,,,,,,,,"댓글 조작단에 속아 먼 길 찾아 갔지만, 그 정도 맛집은 아닙니다. 쌀국수 국물에 계피향이나 한약재가 충분히 우러나지 않았습니다. 면은 너무 푹 익었고, 고기 질감도 젖은 종이 비스므레함. 나시고랭도 볶음 요리라기 보다는 기름 비빔밥 정도입니다. 그나마 돈가스는 그럭저럭 먹을 만 하지만, 동네 사람들 아니면 찾아가서 먹을 정도는 결코 아닙니다. "
밤 새 피어난 비,카페,,,,,,,,,,음악 감상실인데 사방에서 찰칵찰칵 촬영질을 해내고매니저 직원 일동 전혀 제지 없이 방관하기만 하니 음악을 도무지 감상을 할 수가 없습니다. 먼 길 찾아 가실 분들은 시간낭비했다는 기분 만끽할 각오 하시는 게 좋습니다. 
밤 새 피어난 비,소고기구이,,,,,음식이 맛있어요,고기 질이 좋아요,특별한 메뉴가 있어요,친절해요,매장이 청결해요,두번째 방문이기에 등심&새우살 콤비의 맛이 일품인 것과 시원칼칼한 된장찌게의 맛에 대해서는자세하게 언급하지 않아도 될 듯해요. 다들 잘 아실 테니까요:) 이번에 새로 놀란 것은 육개장이었습니다. 숯불소고기구이 집에서 육개장을 주문해 먹는 것이 저같은 이들에게는 다소 낯설 거예요. 그럼에도 불구하고 강추하고 싶습니다. 육개장에 들어간 고기가 입 안에서 마치 생선대구살처럼 부드럽게 녹습니다. 이제껏 먹었던 육개장이 다 무엇이었나 싶을 정도였어요. 포장해서 집에 가져간 육개장은 어머니가 순식간에 다 헤치워 버리셨습니다. 무슨 이백만원짜리 와인 음미하듯이 감탄을 하시네요. 먼길 찾아 방문한 분들은 구이 식사 드시더라도 나갈 때는 육개장 2인분 정도 포장해 가시기를 강추드립니다 *.* 
밤 새 피어난 비,"칼국수,만두",,,,,,,,,,"살면서 먹어본 샤오롱바오 중 가장 맛 없습니다. 육즙이 전혀 없고, 피가 두껍고 퉁퉁 불어 있습니다. 군 만두는 돈이 마빡에 튀지 않는 이상 주문 하지마세요.통새우 만두는 기가 막힙니다."
밤 새 피어난 비,"멕시코,남미음식",,,,,음식이 맛있어요,재료가 신선해요,특별한 메뉴가 있어요,현지 맛에 가까워요,친절해요,나초를 주문하면 치즈를마치 아차산만큼 수북하게 쌓아올려 줍니다. 그 아래에는 고기와 소스가 듬뿍 담겨 있어서 선물받은 듯 든든한 기분이 됩니다. 잘 숙성된 살사소스도 꼭 추가주문하여 드세요*.*
