﻿nickname,restaurant,reservation,waiting,purpose,withwho,tagging_1,tagging_2,tagging_3,tagging_4,tagging_5,content
u07****,셀프세차,,,,,시설이 깔끔해요,가격이 합리적이에요,공간이 넓어요,,,입구부터 들어가고 나오는 방향 표시가 잘 되어있어 편함.세차 공간이 많고 넓고 세차용품도 다양하게 판매함.세차가 처음이어도 벽면에 설명이 자세하게 설명되어있음.충전하고 세차하는 방법이 편함.24시간 열려있어서 접근성이 좋음.
u07****,국수,예약 없이 이용,대기 시간 바로 입장,일상,혼자,혼밥하기 좋아요,,,,,혼자가서 기다리지 않고 바로 들어감.콩물은 약간 미숫가루맛이 남.명성에 비해 내 입맛에는 그닥...
u07****,생선회,포장·배달 이용,여행,"연인・배우자, 친척・형제",,음식이 맛있어요,,,,,평소 가던 곳이 휴가라 다른 곳 추천받아 간 별주부횟집! 일단 매장이 엄청 깨끗해서 마음에 듦.와 양도 엄청 많고 일단 회가 두툼함.두툼하니까 맛도 좋고 씹는 맛도 좋고 기름진 부위를 많이 넣어주심.그리고 양이 엄청 남. 중짜리 2개 시키니까 7명 먹기에 좋음.
u07****,일식당,예약 없이 이용,대기 시간 바로 입장,일상,지인・동료,특별한 메뉴가 있어요,,,,,여름이라 새로 나온 메뉴인 것 같은 냉우동+돈까스.돈까스에 고추냉이 올려먹으면 맛있음.하지만 육수가 너무너무너무 짬....물 엄청 부어 먹어도 이미 유부에 육수가 스며들어 짬...
u07****,"카페,디저트",예약 없이 이용,대기 시간 바로 입장,친목,친구,인테리어가 멋져요,,,,,혼자서 주문받고 만드셔도 아무리 그래도 주문하고 서빙까지 15분이 넘게 걸림.만드시는 분이 너무 느림....생각보다 커피가 그렇게 맛있지는 않음.
u07****,발관리,,,,,마사지가 시원해요,맞춤 케어를 잘해줘요,관리 효과가 좋아요,친절해요,,"진짜 여기처럼 잘 하는 곳 못 찾음.막힌 숨이 쉬어지고, 눈이 떠지고, 몸이 너무나 가쁜해지고, 발걸음이 가벼워져요.치료받는 느낌의 마사지 진짜 최고에요ㅜ제주도 올 때마다 찾는곳!!"
u07****,한식,예약 없이 이용,대기 시간 바로 입장,일상,연인・배우자,음식이 맛있어요,특별한 메뉴가 있어요,차분한 분위기에요,대화하기 좋아요,,밥이 먹고 싶어 네이버지도보고 찾아갔는데 오! 좋음.엄청 조용해서 이야기하기 좋음.음식이 조금 늦게 나와 아쉽지만 맛있어서 괜찮음.코다리갈비 - 가시가 없어 먹기 진짜 좋음. 간장양념이 맛있음. 반찬이 전반적으로 간이 정확하게 맞으며 맛있음. 양이 적지않음.감자전 - 간이 되어 있어서 간장이 나오지 않는다고 해주심. 요청하면 간장 주심. 슴슴하게 먹는 내 입에는 맞지만 조금 싱겁게 느껴질 수 있을 듯. 그래도 짱맛. 감자의 맛이 좋음.
u07****,국수,예약 없이 이용,대기 시간 바로 입장,일상,연인・배우자,음식이 맛있어요,양이 많아요,매장이 넓어요,친절해요,매장이 청결해요,망향은 항상 사랑임.갈비만두 - 처음 시켜봤는데 맛있네? 내용도 실하고 맛있음.비빔국수 - 이 지점은 약간 면에서 밀가루 맛이 난다. 그 부분만 잡는다면 더 맛있을 듯.
u07****,이탈리아음식,예약 없이 이용,대기 시간 바로 입장,데이트,연인・배우자,친절해요,,,,,갈비스튜 : 양이 너무 작음. 곱빼기가 있는 이유가 있음. 무한리필 밥이 없다면 배 고플 양.스테이크 샐러드 : 가격 대비 질이 딱히 좋은 편이 아님. 소고기가 질김. 이 가격에 여기 다시 안 옴. 모든게 셀프인데 가격도 비싸고 비싼만큼 음식의 질이 좋지 않음.
u07****,발관리,,,,,마사지가 시원해요,맞춤 케어를 잘해줘요,관리 효과가 좋아요,친절해요,매장이 청결해요,웨딩 촬영 전에 피로도 풀 겸 자세도 교정할 겸 왔는데 남자친구가 너무너무 좋아함.한의원 교정보다 잘 할 정도로 허리를 너무 잘 펴주심.안 좋은 부분을 정확히 아시고 풀어주는게 신기할정도.여유만있다면 마사지 받으러 매달 제주도에 내려오고 싶을 정도.
u07****,종합가전,,,,,가격이 합리적이에요,친절해요,주차하기 편해요,매장이 넓어요,설명이 자세해요,다이렉트 웨딩보고 늦은 시간에 방문했는데 이세영 매니저님께서 엄청 친절하게 견적도 봐주시고 최대한 저희한테 맞춰서 설명해주셔서 너무 좋았어요!! 저희가 고민하던 부분도 매니저님께서 해결해 주시고 진짜 최고! 이세영 매니저님 추천!
u07****,"치킨,닭강정",,,,,음식이 맛있어요,특별한 메뉴가 있어요,친절해요,매장이 청결해요,,진짜 너어어어어어무 맛있음.반반으로 시켰는데 불닭맛이 많이 맵지않고 적당함.누룽지도 너무 맛있고 진짜 최고.서울 드론쇼때 방문해서 대기가 좀 길었지만 대기할 만 함.바쁜데도 직원분들이 너무 친절함.
u07****,두부요리,,,,,음식이 맛있어요,가성비가 좋아요,매장이 넓어요,친절해요,매장이 청결해요,일단 밑반찬부터 맛있음.무한리필 순두부도 진짜 미쳤음.들개순두부 : 들깨향이 진하게 나면서 안에 들어가 야채와의 조화가 진짜 너무너무 맛있음.비지찌개 : 맛있지만 김치맛이 조금 강함.두부완자 : 집에서 엄마가 부쳐주는 동그랑땡 느낌. 이집은 진짜 너무 맛있음. 다음에 안 먹어본 메뉴 먹으러 갈 예정.
u07****,"초밥,롤",,,,,음식이 맛있어요,재료가 신선해요,특별한 메뉴가 있어요,친절해요,매장이 청결해요,정말 스시경은 와도와도 질리지않음.항상 모듬에 특모듬 그리고 장어랑 광어 지느러미까지 추가로 시키게 됨.장어랑 광어 지느라미가 진짜 미쳤음.
u07****,"멕시코,남미음식",,,,,음식이 맛있어요,매장이 넓어요,친절해요,매장이 청결해요,화장실이 깨끗해요,새우 타코가 맛있음.새우 퀘사디아는 안에 치즈가 많아 피자 같으며 생각보다 새우가 많이 들어가있지 않음.타코 샐러드는 생각보다 별로... 소스도 너무 쎄고 겉에 과자와의 조화가 별로임.
u07****,막국수,,,,,음식이 맛있어요,재료가 신선해요,특별한 메뉴가 있어요,인테리어가 멋져요,친절해요,진짜 들기름 막국수 너무 맛있음ㅜ 일정 주기마다 생각나는 맛.마지막에 육수 넣어 먹으면 감칠맛 폭발.수육과 같이먹는 김치도 정말 최고.
u07****,"칼국수,만두",,,,,음식이 맛있어요,매장이 넓어요,음식이 빨리 나와요,,,강한 마늘향과 맛이 좋음.칼국수와 죽이 너무 맛있음. 칼국수 넣기 전 깔끔한 국물이 최고.
u07****,술집,,,,,음식이 맛있어요,매장이 넓어요,친절해요,매장이 청결해요,,진짜 안주가 너무너무 맛있음. 감자전은 엄청 바삭하고 낙지소면은 양념이랑 면의 조화가 너무 좋음.
u07****,중식당,,,,,음식이 맛있어요,양이 많아요,매장이 넓어요,친절해요,매장이 청결해요,차이로드는 정말 언제가도 맛있음.짬뽕은 기름기가 많지않고 개운하고 진한편.볶음밥은 고슬고슬 잘 볶아졌지만 자장이 조금 짠 편.유린기는 정말 너무 맛있음. 고추도 넉넉하게 올라가서 느끼하지 않음.
u07****,카페,,,,,커피가 맛있어요,음료가 맛있어요,특별한 메뉴가 있어요,인테리어가 멋져요,친절해요,피스타치오 맛이 진하게 나면서 커피랑 너무 잘 어울림.직원분들이 자리까지 직접 커피도 가져다 주시고 너무 친절함
u07****,"찌개,전골",,,,,음식이 맛있어요,매장이 넓어요,친절해요,,,부대찌개 양도 많고 괜찮음.반찬이 맛있음.
u07****,빙수,,,,,특별한 메뉴가 있어요,디저트가 맛있어요,단체모임 하기 좋아요,매장이 넓어요,,오늘 유난히 더 맛있었음.메론도 너무너무 달고 최고.
u07****,"카페,디저트",,,,,커피가 맛있어요,음료가 맛있어요,특별한 메뉴가 있어요,인테리어가 멋져요,친절해요,여기만의 특별한 메뉴가 있음.전망도 너무 좋고 실내도 너무 조용하고 좋음.다시 방문하고 싶음.
u07****,"육류,고기요리",,,,,음식이 맛있어요,고기 질이 좋아요,친절해요,직접 잘 구워줘요,,서울에서 제일 좋아하는 소고기 맛집!오늘은 저번방문과 숙성이 다른듯 한 맛.안심이 부서지듯 뭉개지는 느낌으로 부드러움.등심도 오늘은 좀 더 부드러운 듯.약간의 숙성의 쿰쿰함이 조금 올라옴.여전히 너무 맛있음
u07****,분식,,,,,음식이 맛있어요,혼밥하기 좋아요,친절해요,매장이 청결해요,,여기 김가네 맛있음.오랜만에 방문했더니 가격이 사악... 치즈김밥이 5300원이라니ㄷㄷ
u07****,"카페,디저트",,,,,특별한 메뉴가 있어요,인테리어가 멋져요,,,,시그니처 밀크티 : 확실히 다른 카페와 차별이 있는 맛쑥 밀크티 : 끝에 살짝 쑥 향이 나며 너무 달다크림팡도르 : 옛날느낌의 빵맛으로 개인적으로 맛있었음팥케익 : 이도저도 아닌 그냥 단 케익. 별로...
u07****,"순대,순댓국",,,,,음식이 맛있어요,매장이 넓어요,혼밥하기 좋아요,친절해요,매장이 청결해요,고향옥운 갈 때 마다 맛있음. 특히 열무김치ㅜ 너무 맛있음. 고기랑 양파랑 열무김치랑 먹으면 최고!
u07****,"족발,보쌈",,,,,음식이 맛있어요,매장이 넓어요,친절해요,매장이 청결해요,,점심으로 먹기 좋아요
u07****,"카페,디저트",,,,,디저트가 맛있어요,특별한 메뉴가 있어요,인테리어가 멋져요,친절해요,매장이 청결해요,구워서 먹으면 진짜 짱맛! 스프레드 양도 넉넉해서 충분함
u07****,,,,,,매장이 넓어요,친절해요,,,,그냥그럼...
u07****,죽,,,,,음식이 맛있어요,매장이 넓어요,혼밥하기 좋아요,친절해요,매장이 청결해요,내시경 때문에 요청한 사항들 잘 들어주시고 낙지가 양이 진짜 많음!
u07****,오니기리,,,,,혼밥하기 좋아요,친절해요,매장이 청결해요,,,가격은 타 고터 음식점 대비 싸지만 맛은...고기맛이 약하고 밀가루가 대부분..
u07****,일본식라면,,,,,음식이 맛있어요,재료가 신선해요,가성비가 좋아요,매장이 청결해요,,라멘이 먹고싶었는데 다행히 고터에 있어서 좋았어요! 국물이 찐하규 맛있어요 ^^
u07****,"순대,순댓국",,,,,음식이 맛있어요,양이 많아요,매장이 넓어요,혼밥하기 좋아요,친절해요,맛있었습니다.
u07****,베이커리,,,,,빵이 맛있어요,특별한 메뉴가 있어요,친절해요,,,마늘 러스크 : 마늘맛이 약하며 빵 맛이 조금 별로...양파샐러드 빵 : 빵 사이에 피클양파등이 머스타드에 버무려져 채워져 있어서 정말 너무너무 맛있음!!! 
u07****,카페,,,,,특별한 메뉴가 있어요,대화하기 좋아요,집중하기 좋아요,매장이 넓어요,친절해요,케익이 생각보다 별로... 수박주스는 리얼 수박이 들어간 것 같으나 조금 밍밍함.
u07****,"다이어트,샐러드",,,,,음식이 맛있어요,특별한 메뉴가 있어요,혼밥하기 좋아요,매장이 청결해요,,정말 맛있음. 타코 소스도 짱 맛. 음악소리가 너무 크고 파리가 날라다니는게 흠.
u07****,막국수,,,,,음식이 맛있어요,매장이 넓어요,단체모임 하기 좋아요,음식이 빨리 나와요,,전병 : 크기가 크고 특이하게 치즈가 들어있음.물 막국수 : 양파간장 양념 특유의 간장맛이 생각보다 잘 어우러짐.
u07****,햄버거,,,,,음식이 맛있어요,컨셉이 독특해요,매장이 청결해요,,,사람들이 매장에 많아요.페퍼로니 맛있어요
u07****,"카페,디저트",,,,,커피가 맛있어요,음료가 맛있어요,가성비가 좋아요,친절해요,매장이 청결해요,리뷰는 처음 남겨보는데 여기는 수박주스랑 커피우유가 진짜 최고. 
u07****,"치킨,닭강정",,,,,음식이 맛있어요,친절해요,매장이 청결해요,,,후라이드 치킨이 정말 너무너무 맛있어요. 염지가 완전 잘된것 같아요. 양념보다는 후라이드가 너무 맛있었어요. 골뱅이는 소면이 좀 많이 익은 느낌? 좀 더 시원하면 더 맛있을 것 같아요.
u07****,중식당,,,,,음식이 맛있어요,혼밥하기 좋아요,친절해요,,,고추 간짜장 맛있어요.
u07****,분식,,,,,음식이 맛있어요,재료가 신선해요,특별한 메뉴가 있어요,가성비가 좋아요,친절해요,사장님이 너무 친절하시고 모든 메뉴가 다 맛있어어요!!
u07****,카페,,,,,친절해요,매장이 청결해요,,,,너무너무 친절함.
u07****,돈가스,,,,,매장이 넓어요,음식이 빨리 나와요,,,,그냥 보통 돈까스 맛. 모든게 무난
u07****,"순대,순댓국",,,,,매장이 넓어요,친절해요,,,,뼈 해장국보다 순대국이 나아요.
u07****,"다이어트,샐러드",,,,,혼밥하기 좋아요,친절해요,매장이 청결해요,,,목살슈퍼보울 : 보울이 제일 맛있음.리코타단호박샌드위치 : 맛이 변함. 예전에는 적절한 단맛과 꾸덕한 크림치즈랑 단호박 맛이 진짜 조화롭고 너무 맛있었는데 지금은 단맛도 거의 느껴지지않고 크림치즈도 뭔가 꾸덕하지 않으며 재료가 변한느낌. 맛이 없어짐.
u07****,"카페,디저트",,,,,특별한 메뉴가 있어요,대화하기 좋아요,집중하기 좋아요,매장이 넓어요,친절해요,수박주스는 진짜 맛있는 수박으로 주스만든 것 같음.천도복숭아 스무디는 그냥 그럼
u07****,돼지고기구이,,,,,음식이 맛있어요,친절해요,,,,고기가 일단 맛있으며 가운데에 있는 저 소스가 진짜 감칠맛 최고. 김치말이국수는 조금 짠 현이지만 김치가 수북하게 올라간게 맛있음. 고기랑 같이 먹기에 좋음.
u07****,"순대,순댓국",,,,,음식이 맛있어요,혼밥하기 좋아요,매장이 청결해요,,,일반 순대국 사진밖에 없지만 시킨 모든 메뉴가 기대 이상이었습니다. 특히 얼큰 순대국에 우거지도 들어가고 뼈해장국 같아 더 맛있었습니다. 밑반찬으로 나온 열무김치가 환상적
