﻿nickname,restaurant,reservation,waiting,purpose,withwho,tagging_1,tagging_2,tagging_3,tagging_4,tagging_5,content
섹쉬올리브,한방카페,예약 없이 이용,대기 시간 바로 입장,"친목, 나들이",지인・동료,차가 맛있어요,,,,,쌍화차에 곁들여진 여러가지 음식이 아기자기하게 담겨 나와요.꽃병에 생화까지.넘 분위기 좋은 찻집이에요
섹쉬올리브,김밥,예약 없이 이용,대기 시간 바로 입장,나들이,연인・배우자,음식이 맛있어요,양이 많아요,친절해요,,,우연히 들른곳인데 김밥이 아주 훌륭한 음식이었어요.사장님부부께서 계셨는데 김밥재료에 야채가 엄청 많이들어가서 두툼한 크기가 되고  일반 김밥과 큰 차이가 있더라구요.알고보니 방송에도 나왔다는 유명김밥집이었어요.용산가면 꼭 들러볼 김밥맛집입니다
섹쉬올리브,한식,예약 없이 이용,대기 시간 바로 입장,나들이,연인・배우자,음식이 맛있어요,,,,,"나물비빔밥 버섯탕  맛있게 잘먹었어요.깔끔한 버섯탕이 시원하고 맛있었네요.단,주방이 오픈?되있어서 일하시느라 소음이 너무 커서 먹는내내  거슬린게 아쉽습니다.이점 개선하시는게 좋을것같구요.그릇 치우시는 직원분들도 고객을 생각해서 조심스럽게 식기다루는 모습은 아니었어요.전체적으로 맛은 좋은데 너무 시끄러웠습니다."
섹쉬올리브,베이커리,예약 없이 이용,대기 시간 바로 입장,일상,혼자,빵이 맛있어요,친절해요,매장이 청결해요,,,무화과파운드케익 맛이 정말  예술이에요.마늘바게트도 맛있고.여기 팬 돼었어요 ㅎ사장님도 진솔하시고 친절하셔서 더 좋네요.무화과 타르트를 서비스로 주셔서 완전 횡재했어요.귀퉁이 살짝 부러졌다고 ㅠㅠ.사장님의 아픔이 저에게는 큰 기쁨이 되어버렸네요.ㅎ감사히 잘먹을게요 ~!
섹쉬올리브,"카페,디저트",예약 없이 이용,대기 시간 바로 입장,나들이,지인・동료,대화하기 좋아요,친절해요,좌석이 편해요,,,친절하시고 마카롱이 고급스러운 비주얼과 맛으로 커피와 잘어울렸어요.다음에도 들르겠습니다
섹쉬올리브,베이커리,예약 없이 이용,대기 시간 바로 입장,일상,연인・배우자,빵이 맛있어요,친절해요,,,,빵이 맛있다는 소문듣고  찾아간곳.사장님의 경력을 들어보니 역시 스페셜한 기량을 갖추신분 이더군요.홍보가 널리 되었으면 좋겠다는 생각이 들었어요.우선 밤식빵과 뺑오쇼콜라 맛보았어요.자르는것보다는 손으로 찢는 맛이 더 좋다는 사장님 설명을 듣고 집에와 바로 빵맛보기를 했어요. 역시 겉은 바삭하고  빵의 결이 느껴지는 촉촉함!너무나 맛있는 빵집 발견이에요.자주 들를게요.사장님의 이력을 가게밖에 기재해보심 어떨까요?
섹쉬올리브,"카페,디저트",예약 없이 이용,대기 시간 바로 입장,여행,연인・배우자,대화하기 좋아요,뷰가 좋아요,친절해요,화장실이 깨끗해요,,뷰맛집이에요.영금정과 바다를 바라보며 커피 한잔 했어요
섹쉬올리브,아이스크림,예약 없이 이용,대기 시간 바로 입장,여행,연인・배우자,특별한 메뉴가 있어요,재료가 신선해요,인테리어가 멋져요,친절해요,,속초맛집 탐방 첫번째로 설악젤라또에 왔어요..일부러 찾아왔는데 너무 예쁘고 세련된 인테리어와  아담한 카페분위기 굿입니다!친절하신 사장님 설명과 함께 맛보는 젤라또.메밀리조와 초당옥수수  특색있는 맛 .강추합니다!!
섹쉬올리브,"육류,고기요리",예약 후 이용,대기 시간 바로 입장,친목,지인・동료,음식이 맛있어요,고기 질이 좋아요,매장이 넓어요,친절해요,주차하기 편해요,소불고기 너무 맛있어요.신선한 야채리필도 되고  너무 좋아요.다음에 또 올게요
섹쉬올리브,"슈퍼,마트",,,,,상품이 다양해요,과채가 신선해요,주차하기 편해요,,,농가할인상품 많아 좋아요.할인상품 사고 왔어요
섹쉬올리브,"카페,디저트",예약 없이 이용,대기 시간 바로 입장,친목,지인・동료,커피가 맛있어요,디저트가 맛있어요,음료가 맛있어요,가성비가 좋아요,대화하기 좋아요,러스크 너무 맛있어요.가격도 착하고 커피랑 딱이네요
섹쉬올리브,닭요리,,,,,음식이 맛있어요,특별한 메뉴가 있어요,,,,간장찜닭 휴가나온 아들과 맛있게 먹었어요.
섹쉬올리브,"육류,고기요리",,,,,음식이 맛있어요,고기 질이 좋아요,친절해요,매장이 청결해요,주차하기 편해요,음식이 너무 맛있고 엄청 친절하셔서 또 갈거에요.서브로 주시는 김치찌개도 진짜 맛있어요
섹쉬올리브,한식,,,,,음식이 맛있어요,친절해요,특별한 날 가기 좋아요,,,오전인데도 대기있었구요.음식이 맛있어 좋았어요
섹쉬올리브,생선회,,,,,음식이 맛있어요,특별한 메뉴가 있어요,친절해요,,,먹시 물회는 신광호!!새콤매콤 특별한 맛이 있어요.또 올게요
섹쉬올리브,"카페,디저트",,,,,매장이 청결해요,,,,,묵은지참치김밥 맛있어요
섹쉬올리브,"카페,디저트",,,,,디저트가 맛있어요,음료가 맛있어요,사진이 잘 나와요,대화하기 좋아요,주차하기 편해요,인테리어가 예쁜 카페.음료.빵 모두 좋아요
섹쉬올리브,태국음식,,,,,음식이 맛있어요,재료가 신선해요,가성비가 좋아요,친절해요,주차하기 편해요,음식이 너무 맛있어요.가격도 괜찮아 마음에 들어요
섹쉬올리브,태국음식,,,,,현지 맛에 가까워요,음식이 맛있어요,가성비가 좋아요,양이 많아요,친절해요,너무 맛있는 꿍팟퐁커리.팟타이 양념다 싹싹 먹고 왔어요.다음엔 다른 요리로 먹어볼게요 
섹쉬올리브,,,,,,뷰가 좋아요,재료가 신선해요,음식이 맛있어요,,,제주오누이 전복솥밥.샐러드  넘 맛이써ㅛ.바다뷰 맛집최고에요
섹쉬올리브,"카페,디저트",,,,,뷰가 좋아요,,,,,유명한곳이라 일부러 갔는데 직원때매 망침.커피잔앞 남직원.머리 단정한 망스타일 여직원 불친절 끝판왕!외국인에겐 친절모드였으나 딱 내앞에선 시선은 아래만 보며 일만 함.말걸지마라는 아주 강한 눈빛.한참뒤 어렵게 뭐 하실거냐 묻더니 귀찮다는듯 짜증스런 말투.표정. 턱으로 키오스크 가리킴.고객이  많아도 그건 아니지.
섹쉬올리브,호텔,,,,,깨끗해요,인테리어가 멋져요,,,,호텔바에서 와인과 카프레제샐러드 분위기와 음악 좋고.무엇보다 가성비 최고에요
섹쉬올리브,"카페,디저트",,,,,뷰가 좋아요,대화하기 좋아요,인테리어가 멋져요,사진이 잘 나와요,주차하기 편해요,박수기정 바라보는 뷰가 너~~~무 멋져요.카페 정원도 잘 꾸며져서 사진찍기도 좋아요
섹쉬올리브,한식,,,,,주차하기 편해요,매장이 청결해요,음식이 맛있어요,건강한 맛이에요,,깔끔하고 넓은 매장이에요.네이버 예약했으면 적립되고 좋았을텐데 못하고 와서 아쉬웠어요.추천받고 온 건데 역시나 맛있네요.시래기까지 더해서 굿!
섹쉬올리브,,,,,,음식이 맛있어요,,,,,출발전 요기 잘했어요
섹쉬올리브,,,,,,주차하기 편해요,친절해요,양이 많아요,음식이 맛있어요,,엄마 모시고 갔는데 너무 맛있게 잘드셨어요.음식 하나하나 다  맛있고 간도 잘 맞아요.게장 짜지않고 맛있어요.청국장 비지 모두 맛있어서 다음에도 가려고 합니다
섹쉬올리브,"꽃집,꽃배달",,,,,친절해요,주차하기 편해요,꽃 조합이 예뻐요,감각적이에요,,너무 예쁜  인테리어였어요.피아노도 있고 아기자기한 분위기 좋았어요.또 갈게요
섹쉬올리브,,,,,,친절해요,포장이 정성스러워요,감각적이에요,꽃 조합이 예뻐요,가격이 합리적이에요,설명을 정말 친절하게 잘 해주셔요.후기가 왜 좋은지 알겠더라구요.오늘 아침 일찍부터 준비해주시고 정성가득한 꽃바구니 잘받았습니다.덕분에 엄마 생신날 빛을 더했답니다.번창하세요 ^^
섹쉬올리브,,,,,,가성비가 좋아요,음료가 맛있어요,대화하기 좋아요,,,커피잔이 대용량이에요.크기에 깜놀.맛도 좋아요
섹쉬올리브,,,,,,특별한 메뉴가 있어요,음식이 맛있어요,재료가 신선해요,인테리어가 멋져요,매장이 넓어요,연말모임으로 탁월한 선택이었어요.깔끔하고 음악선곡도 좋은 분위기에서 식사하니 더 좋았어요.음식나올때마다 설명해주시는 친절함.또한 사시미의 쫄깃한 식감과 코스마다 세심함과 정성이 느껴졌습니다.재방문할게요
