﻿nickname,restaurant,reservation,waiting,purpose,withwho,tagging_1,tagging_2,tagging_3,tagging_4,tagging_5,content
후암동 올리,베트남음식,예약 없이 이용,대기 시간 바로 입장,일상,혼자,음식이 맛있어요,,,,,고기육수 주문했는데 기본 깔끔하고 담백한 맛입니다. 고수는 따로 요청해서 추가 가능해요. 베트남 음식에 호불호 없이 즐길 수 있는 쌀국수예요.
후암동 올리,약국,,,,,가격이 합리적이에요,주차하기 편해요,,,,빠른 약 조제가 가능해요
후암동 올리,이비인후과,예약 없이 이용,대기 시간 30분 이내,,,,,,,,항상 대기해야하지만 원장님이 상태보고 항생제 조절 자루해주셔서 매번 이용합니다.
후암동 올리,종합생활용품,,,,,주차하기 편해요,매장이 넓어요,분위기가 편안해요,종류가 다양해요,,"귀여운 소품들이 많아요, 휴대폰 악세사리 종류도 많아요."
후암동 올리,한정식,예약 없이 이용,대기 시간 바로 입장,나들이,"연인・배우자, 아이, 부모님",음식이 맛있어요,재료가 신선해요,가성비가 좋아요,건강한 맛이에요,메뉴 구성이 알차요,"정식이 정말 알차요, 이정도 가격에 이런 양이면 정말 가성비가 좋아요. 아이도 보쌈고기나 두부 먹을 수 있어요. 전골도 깔끔하고 얼큰해서 맛있어요. 사람이 많은 이유가 있는 집입니다."
후암동 올리,관광안내소,예약 없이 이용,대기 시간 바로 입장,데이트,"연인・배우자, 아이",,,,,,남이섬내에서 오리보트와 하늘 자전거 탔는데 아이가 좋아해요~ 좋은 가을 여행이 되었습니다.
후암동 올리,"관람,체험",예약 없이 이용,대기 시간 바로 입장,나들이,"연인・배우자, 아이",,,,,,"단풍진 요즘에 가기 좋은 장소예요, 매년 장소내 식당이나 갤러리가 업그레이드 되는 것 같아서 좋아요. 아이들과 함께 가기 아주 좋아요. 놀이터도 있고 섬내 식당이느 기차, 자전거도 있어서 체험으로 좋구요."
후암동 올리,닭갈비,예약 없이 이용,대기 시간 바로 입장,나들이,"연인・배우자, 아이, 부모님",음식이 맛있어요,고기 질이 좋아요,가성비가 좋아요,재료가 신선해요,매장이 넓어요,와- 정말 맛있네요👍👍👍 무엇을 주문하던 계획보다 1인분이상 더 주문하는 것을 추천합니다. 양이 적은게 아니라 너무 맛있는데 손님이 많아서 추가 주문은 아주 오래기다려야해요. 닭이 숯불에 80% 익혀 나오고 타지 않은채로 나오는 기술!간도 짜지 않고 닭이 정말 부드러워서 아이도 잘 먹어요. 막국수도 개운하게 맛있고 오곡누룽지도 다른곳보다 더 구수해요. 볶음밥은 정신없이 먹다가 뒤늦게 사진 찍었네요. 역시 남이섬 앞에서 기냥저냥 먹는것보다 이곳이 훠얼씬 나아요! 시간들여 올만하고 저희는 택배주문까지 하기로 마음먹으며 나왔어요. 바쁜와중에 사장님 친절하시고 아이랑 오기도 정말 좋습니다.
후암동 올리,와인,예약 후 이용,대기 시간 바로 입장,데이트,친구,친절해요,음식이 맛있어요,기본 안주가 좋아요,술이 다양해요,특별한 메뉴가 있어요,"서비스의 정석은 이런것이다- 느껴지는 감동의 와인설명과 추천입니다. 와인 한병의 배경을 듣고 맛보니 맛의 풍미와 감동이 배가됩니다. 와인 종류도 정말 많고 니즈에 맞춘 추천도 잘해주시고 정말 최고예요. 마음이 울적한 사람, 서비스가 무엇인지 모르겠다는 사람, 와인이 무슨 맛인지 모르는 사람 모두에게 이곳을 추천합니다."
후암동 올리,이자카야,예약 후 이용,대기 시간 바로 입장,데이트,친구,음식이 맛있어요,술이 다양해요,특별한 메뉴가 있어요,친절해요,화장실이 깨끗해요,매번 갈 때마다 대만족하는 곳입니다. 일단 사시미가 어느곳보다도 맛있게 숙성이 잘되서 제일 맛있는데 함께 나오는 채소들도 어울림이 좋아요. 이밖에 백명란가리비구이 진짜 맛있고 도미조림이나 다른메뉴도 기본 재료맛이 충실히 반영되서 감탄의 맛입니다. 와인마시기도 사케나 소주 마시기에 다 좋은 아늑하고 너무 시끄럽지 않은 곳이예요. 화장실부터 모든곳이 깔끔하고 옷걸이도 마련되서 세심한 배려가 느껴지는 정말 애정하고 추천하는 곳입니다.
후암동 올리,베이커리,예약 없이 이용,대기 시간 바로 입장,일상,연인・배우자,빵이 맛있어요,인테리어가 멋져요,친절해요,매장이 청결해요,,샌드위치 둘다 정말 맛있어요- 빵들도 재료가 충실히 들어가 있어서 맛있어요. 현재 5주년 기념으로 5만원 이상 구매시 티셔츠 주는 행사해요. (티셔츠도 맘에 듬!)
후암동 올리,"족발,보쌈",예약 후 이용,대기 시간 바로 입장,일상,"연인・배우자, 아이",음식이 맛있어요,고기 질이 좋아요,가성비가 좋아요,친절해요,아늑해요,"고기와 김치 모두 맛있어서 동네에서 유명한 터줏대감 맛집입니다. 특히 서비스로 나오는 선지국도 정말 맛있어요. 칼국수는 후추 많이 넣은 옛날 맛입니다.  특히, 사장님이 정말 친절하셔서 기분좋게 합니다."
후암동 올리,양꼬치,예약 없이 이용,대기 시간 바로 입장,일상,"연인・배우자, 아이",음식이 맛있어요,고기 질이 좋아요,잡내가 적어요,재료가 신선해요,친절해요,후암동 맛집입니다. 수년째 방문하는데 항상 만족해요. 양꼬치도 신선하고 꿔비로우나 향라새우 등 요리도 밋있어요. 기본적으로 매장이 깔끔하며 사장님이 친절하고 다정합니다. 항상 변치않는 맛으로 단골손님이 많은 곳이예요. 추천합니다!
후암동 올리,미용실,,,,,원하는 스타일로 잘해줘요,고급스러워요,유지력이 좋아요,친절해요,매장이 청결해요,"매번 만족합니다. 길게 설명없이 항상 이전 스타일, 모질 꼼꼼히 기록해서 알아서 잘 해주시니 주변에서도 어디서 했냐고 꼭 묻습니다. 서지영실장님 스타일링 실력 워낙 좋으시고 채연 스타일리스트님이 두피 마사지부터 모든 것을 꼼꼼히 챙겨주셔서 황송합니다. 나중에 두피케어 프로그램 따로 만들어 파셔도 될 정도예요. 공간의 답답함도 없고 (창을 보면 안답답-) 차며 간식까지 부족함없이 채워줘서 가격이 합리적으로 느껴집니다. 강추하는 곳이예요!"
후암동 올리,요리주점,예약 없이 이용,대기 시간 바로 입장,친목,"친구, 지인・동료",음식이 맛있어요,술이 다양해요,가성비가 좋아요,아늑해요,,"성수족발 기다리려고 들어갔는데 분위기도 맛도 좋아서 눌러 앉을뻔했어요. 어묵탕 곤약과 물떡까지 있어서 좋구요, 술 종류도 정말 많았고 맛이었어요!"
후암동 올리,브런치카페,예약 없이 이용,대기 시간 바로 입장,친목,친구,인테리어가 멋져요,친절해요,특별한 메뉴가 있어요,,,분위기가 좋고 치즈케익도 맛있어요.
후암동 올리,중식당,예약 없이 이용,대기 시간 30분 이상,친목,"친구, 지인・동료",아늑해요,음식이 맛있어요,재료가 신선해요,양이 많아요,가성비가 좋아요,가지튀김이 정말 겉 파삭 속 촉촉- 이며 짜지 않아서 좋았어요. 딤섬은 가성비 갑!!!! 딘타이펑보다 나은 맛이예요. 볶은 도삭면도 씹을수록 쫄깃해요~ 모든 음식이 맛있고 역시 인기 있을만 하네요~
후암동 올리,"문구,팬시용품",,,,,친절해요,종류가 다양해요,,,,신상물건 추가가 자주 되요-
후암동 올리,분식,포장·배달 이용,대기 시간 10분 이내 ,일상,혼자,음식이 맛있어요,재료가 신선해요,건강한 맛이에요,친절해요,매장이 청결해요,"유명한만큼 정량화되어 항상 같은 맛, 같은 품질을 맛볼 수 있는것이 대단하다 생각하며 만족하는 점이예요. 든든히 만적스럽게 먹을 수 있는 김밥과 닭강정이예요."
후암동 올리,"멕시코,남미음식",예약 없이 이용,대기 시간 바로 입장,데이트,"연인・배우자, 아이",컨셉이 독특해요,메뉴 구성이 알차요,친절해요,,,체인형 멕시칸음식 맛본다는 샹각으로 가면 될 정도의 맛과 분위기예요. 직원들이 굉장히 친절합니다.
후암동 올리,"곱창,막창,양",예약 없이 이용,대기 시간 바로 입장,일상,"연인・배우자, 아이",음식이 맛있어요,고기 질이 좋아요,잡내가 적어요,재료가 신선해요,비싼 만큼 가치있어요,꽤 오래된 곳이고 용산에서 제일 맛있는 양곱창집이라 할 수 있어요. (굴다리소곱창도 유명하지만 여기와 맛의 결이 달라요) 먹어보면 전혀 비싸지 않다 이해되는 맛입니다. 밑반찬 특히 갓김치! 끝내주고 유명 브랜드보다 곱창 더 깔끔히 손질되서 먹는 순간 이건 다르다! 알 수 있어요. 전혀 맵지 않고 안느끼하고 깔끔한 밋이예요. 맥주잔 완전 얼려서 주시는 것 감동! 아이랑 가면 왕갈비 시켜주면되요 (역시 엄청 맛남) 친절히 굽는 것 신경써주시고. 쉬는날도 거의 없어요. 사장님 정말 대단한 장인정신입니다👍👍👍완전강추!
후암동 올리,"키즈카페,실내놀이터",,,,,놀거리가 많아요,매장이 청결해요,테마가 재미있어요,가격이 합리적이에요,,밀가루 외에도 다른 공간에 채워지는 것이 주기적으로 다르고 쿠킹클래스 주제도 달라져서 좋아요!
후암동 올리,,예약 없이 이용,대기 시간 바로 입장,일상,"연인・배우자, 아이",아늑해요,친절해요,매장이 청결해요,건강한 맛이에요,,"음식이 깔끔하게 나오는 생삼겹살집입니다. 미니리가 삼겹살과 잘 어울려요, 얇은건 차돌처럼 삘리 구워서 먹을 수 있는 시람이 주문하면 좋고 맛은 두꺼운게 더 나은것 같아요. 껍데기가 정말 맛있어요."
후암동 올리,와인,예약 없이 이용,대기 시간 바로 입장,친목,"친구, 지인・동료",특별한 메뉴가 있어요,인테리어가 멋져요,음악이 좋아요,대화하기 좋아요,아늑해요,과거 막걸리집이 와인집으로 바뀌었는데도 자연스레 잘 어울려요. 선택에 어려움이 있는분들 가면 좋습니다. 사장님이 추천해주시고 상세히 설명도 해주셔서 새로운 경험을 할 수 있어요. 음악과 분위기 모두 좋아요!
후암동 올리,이자카야,예약 후 이용,대기 시간 바로 입장,친목,"친구, 지인・동료",음식이 맛있어요,술이 다양해요,비싼 만큼 가치있어요,아늑해요,화장실이 깨끗해요,"동네에서 가장 자신있게 추천할 수 있는 장소예요. 데리고가서 단골되는 사람은 있어도 불만족하는 사람이 없는 곳입니다. 와인, 사케, 맥주 마시기 다 좋아요. 안주도 해산물 뿐만 아니라 파스타, 탕, 튀김 모두 맛있어요!! 매장은 언제나 청결하고 아늑해서 데이트하기에도 대화하기에도 좋은 시끄럽지 않은 매장입니다. 오늘도 데려간 분들께 감사의 인사를 받았어요 ^^"
후암동 올리,"카페,디저트",포장·배달 이용,대기 시간 바로 입장,일상,아이,커피가 맛있어요,디저트가 맛있어요,음료가 맛있어요,특별한 메뉴가 있어요,가성비가 좋아요,작은태국입니다. 인테리어부터 모든게 아기자기하게 이쁘고 메뉴도 다른 카페와 차별화되어있어요. 맛도 좋도 가격도 좋은 아름다운 카페입니다!
후암동 올리,돈가스,예약 없이 이용,대기 시간 바로 입장,일상,연인・배우자,음식이 맛있어요,재료가 신선해요,양이 많아요,가성비가 좋아요,건강한 맛이에요,"정말 수년째 언제와도 그대로 맛있어요. 돈까스인데도 먹고나도 든든함만 남을 뿐, 속이 부대끼거나 더부룩함이 없는 매직! 이날은 왜이리 우동국물도 맛나던지,,, 얼큰한게 정말 맛있더라구요. 더 추워지면 우동도 먹어보려구요. 사장님이 세심하셔서 말하지 않아도 부족한 빈찬까지 채워주시고 감동입니다!"
후암동 올리,종합생활용품,,,,,가성비가 좋아요,종류가 다양해요,특색 있는 제품이 많아요,신상품이 많아요,,심지어 디즈니 제품들도 있고 정말 아이들에게 필요한건 다있어요
후암동 올리,아이스크림,포장·배달 이용,대기 시간 바로 입장,일상,"연인・배우자, 아이",커피가 맛있어요,친절해요,매장이 청결해요,,,연휴에도 문을 열어서 잘 이용했어요.
후암동 올리,"특산물,관광민예품",,,,,친절해요,종류가 다양해요,,,,다양한  한국전통을 알리는 물건들 알차게 팔고 있어요-
후암동 올리,"카페,디저트",포장·배달 이용,대기 시간 바로 입장,일상,아이,아늑해요,커피가 맛있어요,,,,"바닐라라떼, 바닐라향이 은은했어요- 메모지 있어서 낙서하며 아이가 시간보내기 좋아요."
후암동 올리,중식당,예약 없이 이용,대기 시간 바로 입장,일상,"연인・배우자, 아이",음식이 맛있어요,재료가 신선해요,양이 많아요,가성비가 좋아요,건강한 맛이에요,"언제나 변함없는 맛이라 좋아요. 짜장은 단백하고 짬뽕은 해물이 많이 들어있고 (삼선시킴) 얼큰해요. 단, 짬뽕밥이 짬뽕보다 좀 더 짠 것 같아요. 아이가 물만두도 잘 먹습니다. 아이와 가족과 함께 방문하기에 언제나 좋아요."
후암동 올리,김밥,예약 없이 이용,대기 시간 30분 이내,여행,아이,주차하기 편해요,음식이 맛있어요,,,,아이가 먹을 수 있는 거의 유일한 야시장 메뉴예요. 단백한 맛이고 더 빨리 음식이 나오면 좋겠어요. ㅠㅠ 시장 자체가 아이가 갈만한 곳이 아닌 덥고 좁은 환경입니다.
후암동 올리,"카페,디저트",예약 없이 이용,여행,"연인・배우자, 아이",,대화하기 좋아요,아이와 가기 좋아요,,,,카페마저 없었으면 9월 더운날에 정말 기다리다가 화가 더 많이났을거 같아요. 1시간 이내에 네이버페이 예약하면 1시간 넘게 기다릴 수 있습니다. (중간중간 단체 예약 있음) 그나마 카페에서 이것저것 계속 구매하며 두시간을 보냅니다.
후암동 올리,카페,예약 없이 이용,대기 시간 바로 입장,여행,아이,화장실이 깨끗해요,아이와 가기 좋아요,음식이 빨리 나와요,양이 많아요,,바다체험 후 휴식하기 좋아요. 실내에 수족관과 아이들 그림 그릴 수 있는 색연필과 종이 있는 것 정말 칭찬합니다. 빙수는 시럽맛이라 추천하지 않지만 크로플 다시 구워나오니 맛있어요.
후암동 올리,"관람,체험",예약 후 이용,대기 시간 바로 입장,여행,"연인・배우자, 아이",,,,,,작은 상어도 있고 직접 체험하기를 좋아하는 아이에게 좋습니다. 사장님도 친절하시고 나름 알차게 준비되어 있어요.
후암동 올리,레일바이크,예약 후 이용,대기 시간 2시간 이상,여행,"연인・배우자, 아이, 부모님",뷰가 좋아요,안전하게 관리해요,주차하기 편해요,대기공간이 잘 되어있어요,,"9월 둘째주, 비오는날 방문해서 그나마 덜 더웠어요. 그래도 습하고 안덥다는 것 아닙니다. 직접 페달 돌릴필요 없어요. 가실 분 네이버예약은 최소 한시간 이상 여유두고 예약해야 합니다. 그런데 기다리는 중에 단체 예약 나타나면 두시간도 기다릴 수 있어요.동물이 몇몇 있고 레일바이크 타고는 들판을 볼 수 있습니다."
후암동 올리,호텔,여행,"연인・배우자, 아이",,,침구가 좋아요,방음이 잘돼요,호캉스하기 좋아요,친절해요,뷰가 좋아요,"그랜드키친 피자와 샐러드 맛있어요, 포차 조식 메뉴 제주도에서 제일 맛있어요. 한적해서 좋았어요."
후암동 올리,카페,포장·배달 이용,대기 시간 30분 이내,여행,부모님,인테리어가 멋져요,사진이 잘 나와요,커피가 맛있어요,디저트가 맛있어요,음료가 맛있어요,공간이 너무나 멋지고 아름다워요. 실론티라떼(?) 음료도 맛있었어요! 빵들도 하나같이 만족스럽고 맛있습니다. 하지만 빵주문 많을 때 포장 모두 되었는지 본인이 확인해야해요. 한참 뒤에 깨닫고 차돌려서 다시 한참 가서 파이 픽업했어요…
후암동 올리,"육류,고기요리",예약 없이 이용,대기 시간 바로 입장,여행,아이,가성비가 좋아요,,,,,다른 매장보다 오징어가 커보여 주문했어요. 바로 먹어야 맛있어요.
후암동 올리,"과자,사탕,초코렛",,,,,가성비가 좋아요,친절해요,,,,친절해서 선택했어요-
후암동 올리,떡카페,포장·배달 이용,대기 시간 바로 입장,여행,연인・배우자,가성비가 좋아요,,,,,보기에 예쁜데 귤이 아니라 더 큰 과일이라 율피가 질기고 써서 아이는 쓴맛을 더 느낍니다. 한입에 넣어야하고 잘라먹기 힘들어요. 사진용 떡인거 같아요.
후암동 올리,한식,예약 없이 이용,대기 시간 바로 입장,여행,"연인・배우자, 아이, 부모님",음식이 맛있어요,재료가 신선해요,양이 많아요,가성비가 좋아요,친절해요,공항에서 렌터카 픽업 후 오기에 좋은 거리 (20분) 이고 생선이 종류별로 구워져 나와서 아이와 함께 와서 먹기에도 좋아요. 반찬도 많고 (무한리필) 맛있어요! 아주 만족합니다. 추천해요!!!
후암동 올리,한식,예약 없이 이용,대기 시간 바로 입장,일상,아이,음식이 맛있어요,재료가 신선해요,양이 많아요,가성비가 좋아요,메뉴 구성이 알차요,장가네로 리뉴얼하고 아주 나아졌어요. 만4살 아이와 와서 치즈돈까스와 우동먹었는데 아이가 아주 맛있다고 또 먹으로 오고싶다합니다. 돈까스 정말크고 우동도 양이 적지 않은데 5천원이라 아주 싸요! 다른 메뉴도 도전해봐야겠어요.
후암동 올리,"슈퍼,마트",,,,,상품이 다양해요,신상품이 많아요,,,,샐러드 종류가 다양해서 좋아요.
후암동 올리,샌드위치,포장·배달 이용,대기 시간 10분 이내 ,일상,혼자,매장이 넓어요,혼밥하기 좋아요,,,,샐러드 포장했는데 가성비가 떨어지는 것 같아요.
후암동 올리,한식,예약 후 이용,대기 시간 30분 이상,나들이,"연인・배우자, 아이, 부모님",친절해요,매장이 청결해요,음식이 맛있어요,인테리어가 멋져요,뷰가 좋아요,"명불허전인 곳입니다. 테이블링으로 오픈시각 정각에 예약했어도 가입하느라 1분 지체되었더니 대기 31번 이었어요. 그래도 풍경과 조경이 좋아 쉽게 기다렸습니다. 해물파전과 도토리묵밥 최고 맛있어요. 해물파전에 새우와 오징어가 정말 정말 많아서 단백질 보충되는 느낌이예요. 단, 아이가 먹을만한 메뉴는 수육일듯 싶습니다. 안매운 부분도 묵이 쓰다고 해서 ㅠㅠ 아무튼 어르신들이좋아할 그리고 맛있는 곳입니다. 연중무휴네요."
후암동 올리,"휴양림,산림욕장",예약 후 이용,대기 시간 바로 입장,여행,"연인・배우자, 아이, 부모님",주차하기 편해요,산책로가 잘 되어있어요,뷰가 좋아요,조용히 쉬기 좋아요,,공기가 정말 좋습니다. 아주 상쾌해요. 이부분 하나만 기대하고 가야합니다. 숙박하기에는… 시설이 너무 낡음 + 청소 아주 대애충 하는 느낌입니다. 이불에서 냄새가 나고.. 군데군데 먼지가 뽀얗고 집안에 여치와 개미와 모기 등 온갖 벌레가 함께 있습니다. 스스로 벌레 퇴치제 챙겨가야해요. 가격이나마 5만원대면 이해하겠다는 생각입니다. 싱크대 하수구망같은것 교체 절실합니다.
후암동 올리,"육류,고기요리",예약 없이 이용,대기 시간 1시간 이상,"나들이, 여행","연인・배우자, 아이, 부모님",음식이 맛있어요,고기 질이 좋아요,양이 많아요,잡내가 적어요,건강한 맛이에요,"테이블링 안하면 기본 한시간 반 이상 기다려야합니다. 그냥 불고기겠지- 했는데!! 전혀 짜지 않고 (짜게 먹고싶으면 좀 국물 졸이면 됩니다) 야채 많아서 속도 편하고 그런데 든든하면서 먹고난 후에도 속이 편해요! 나이들수록 좋을 음식이고 맛도 좋고 김치도 맛있어요! 단, 꼭꼭 테이블링 해야합니다! 가격대비 양도 진짜 많아요! 아이와 함께 먹기에도 좋은 메뉴입니다."
후암동 올리,기업,,,,,,,,,,샐러드가 싸지 않은것 같아도 내용이 실해서 충분히 배불러요. 종류도 다양해서 자주 방문할 수 있을 것 같아요.
