﻿nickname,restaurant,reservation,waiting,purpose,withwho,tagging_1,tagging_2,tagging_3,tagging_4,tagging_5,content
푸딩쓰,베이커리,예약 없이 이용,대기 시간 바로 입장,일상,혼자,빵이 맛있어요,메뉴 구성이 알차요,종류가 다양해요,인테리어가 멋져요,야외공간이 멋져요,세 번째 방문하는 코끼리베이글! 12시 전에 갔는데 오늘도 플레인 베이글은 품절이네요🤣 또 가야겠다...
푸딩쓰,브런치카페,예약 없이 이용,대기 시간 바로 입장,일상,혼자,음식이 맛있어요,,,,,샌드위치 먹으러 갔다가 수프에 반했어요😋 이름대로 수프 맛집이네요. 샌드위치도 가격 착하고 수프랑 같이 먹기 좋아요. 무엇보다 성수에서 귀한 연중무휴 늦게까지 하는 카페라 좋았네요!!
푸딩쓰,양식,예약 없이 이용,대기 시간 바로 입장,친목,친구,음식이 맛있어요,건강한 맛이에요,인테리어가 멋져요,아늑해요,친절해요,일요 브런치로 최고의 선택이었어요! 건강하고 맛있는 음식과 공간 자체가 산뜻해서 힐링..🩵 직원분들 엄청 친절하시고 유쾌하게 일하시는 모습이 보기 좋았어요!! 나중에 유명해졌을때 이 리뷰가 성지가 되기를😌
푸딩쓰,"카페,디저트",예약 없이 이용,대기 시간 30분 이내,일상,혼자,친절해요,디저트가 맛있어요,음식이 맛있어요,,,직원분이 엄청 친절하셔서 기다리는 시간이 지루하지 않았네요☺️지금까지 먹어본 소금빵중에 제일 맛있었어요 또 먹으러 갈게요~~~!!
푸딩쓰,미용실,,,,,원하는 스타일로 잘해줘요,맞춤 케어를 잘해줘요,매장이 청결해요,관리법을 잘 알려줘요,분위기가 편안해요,벌써 몇 년째 찾아다니는 민경팀장님이라 이번 2호점도 찾아갔어요! 매장 넓고 멋지네요! 늘 저에게 맞는 스타일로 잘 케어 해주셔서 감사합니다:)
푸딩쓰,"카페,디저트",예약 없이 이용,대기 시간 바로 입장,여행,친구,친절해요,디저트가 맛있어요,특별한 메뉴가 있어요,,,강릉에서 와보고 싶던 카페에요! 테이크아웃인줄 몰랐지만 잘 먹어볼게용😃
푸딩쓰,냉면,예약 없이 이용,대기 시간 30분 이상,친목,지인・동료,음식이 맛있어요,양이 많아요,음식이 빨리 나와요,,,2년 만에 재오픈한 을지면옥 다녀왔어요! 비오는 날에 갔는데도 오픈 전부터 웨이팅이 엄청나네요🥹 깔끔하고 어느 정도 염도도 있는 평냉이라 입문자들도 괜찮을 것 같아요. 비빔사리 시키시면 고명 없이 맛만 볼 수 있으니 참고하세요. 편육도 쫄깃쫄깃 넘 맛있었습니다😋 자세한 후기는 블로그에 올렸어요!
푸딩쓰,갈비탕,포장·배달 이용,대기 시간 바로 입장,가족모임,부모님,친절해요,포장이 깔끔해요,양이 많아요,가성비가 좋아요,,어버이날 자리 없을까봐 포장 해와서 먹었어요! 양이 엄청 많고 맛도 괜찮은데 양념이 좀 단 편이었어요
푸딩쓰,,예약 없이 이용,대기 시간 바로 입장,일상,혼자,빵이 맛있어요,특별한 메뉴가 있어요,디저트가 맛있어요,,,원래 사려던 메뉴가 없어서 시그니처 메뉴로 사봤어요 당충전 뽝!! 달고 맛이 진해요
푸딩쓰,"카페,디저트",예약 없이 이용,대기 시간 바로 입장,일상,혼자,디저트가 맛있어요,비싼 만큼 가치있어요,음식이 맛있어요,,,껠끄쇼즈 바닐라 무스 먹고 반했었는데 오늘은 샌드쿠키 먹어봤습니당 작지만 고급스러운 맛이에요!
푸딩쓰,"카페,디저트",예약 없이 이용,대기 시간 10분 이내 ,일상,혼자,친절해요,디저트가 맛있어요,특별한 메뉴가 있어요,,,토요일에 갔는데도 거의 안 기다리고 살 수 있었어요! 하프앤하프가 되서 좋고 새로운 디저트의 개념이랄까 근데 가격이 너무 쎄긴합니다🥹
푸딩쓰,"해물,생선요리",예약 없이 이용,대기 시간 바로 입장,일상,혼자,음식이 맛있어요,특별한 메뉴가 있어요,매장이 넓어요,혼밥하기 좋아요,,앉은지 5분도 안 되서 나와서 혼자 후다닥 먹고 가기 좋아요. 맛있는데 생각보다 매워서 맵찔이는 좀 힘들었어요🤣
푸딩쓰,일식당,예약 없이 이용,대기 시간 30분 이내,일상,혼자,사진이 잘 나와요,음식이 맛있어요,특별한 메뉴가 있어요,,,성수동 줄 서는 맛집 20분 정도 기다려서 먹었네요🥹 혼자 먹기 딱 좋은 양에 맛있어요 아래 닭고기랑 양파도 들어있어서 알찼어요💖
푸딩쓰,차,예약 없이 이용,대기 시간 바로 입장,일상,혼자,차가 맛있어요,음료가 맛있어요,특별한 메뉴가 있어요,,,중국에서 유명하다길래 먹어봤는데 맛있지만 가격이 쎄네요🤣 한 번 먹어본걸로 만족해요
푸딩쓰,"맥주,호프",예약 없이 이용,대기 시간 바로 입장,친목,지인・동료,음식이 맛있어요,기본 안주가 좋아요,특별한 메뉴가 있어요,가성비가 좋아요,양이 많아요,"말로만 듣던 울리불리 드디어 가봤어요! 와 피자 치즈가 흘러내리는데 너무 맛있네요🥹 같이 간 지인들도 근래 먹은 피자중에 제일 맛있다고 배부른데 계속 먹었습니다. 치즈떡볶이, 과일 다 성공적!!!"
푸딩쓰,브런치,예약 후 이용,대기 시간 30분 이내,친목,친구,친절해요,특별한 메뉴가 있어요,,,,비주얼은 너무 좋은데 비해 맛은 살짝 아쉬운 정도..? 화이트 벽이라 사진 찍었을때 얼룩이 나와서 보는 것 처럼 예쁘게 안 나오네요🥲
푸딩쓰,닭볶음탕,예약 없이 이용,대기 시간 바로 입장,친목,친구,음식이 맛있어요,양이 많아요,특별한 메뉴가 있어요,가성비가 좋아요,,계란범벅 먹으러 갔다가 오징어덮채랑 닭볶음탕까지 플렉스 했는데 다 맛있어요! 계란범벅은 아는 맛인데 맛있어요. 오징어 덮채는 생각보다 슴슴한 맛인데 계속 손이 가고 닭볶음탕은 집에서 엄마가 해준 맛 쌀떡 들어있는거 넘 좋아요👍🏻
푸딩쓰,바(BAR),예약 없이 이용,대기 시간 30분 이내,친목,친구,사진이 잘 나와요,특별한 메뉴가 있어요,,,,너무 먹음직스럽고 개성있는 타코! 사진이 아주 잘 나와요📸 (먹기는 꽤나 불편..) 콘립 세상 자극적고 맛있으니 꼭 드세요
푸딩쓰,안과,예약 후 이용,대기 시간 바로 입장,,,,,,,,투데이라섹 알아보다가 몇 군데 검안 하고 선택했어요. 원장님과 직원분들도 친절하시고 수술 결과도 잘 나와서 만족합니다:)
푸딩쓰,햄버거,예약 없이 이용,대기 시간 바로 입장,일상,혼자,혼밥하기 좋아요,음식이 맛있어요,특별한 메뉴가 있어요,,,광진구 버거 맛집으로 유명한 래빗홀 버거. 블루치즈버거가 생각보다 블루치즈 맛이 강해서 놀랐네요. 다음에는 클래식으로 먹어봐야겠어요:)
푸딩쓰,한식,예약 후 이용,대기 시간 바로 입장,친목,지인・동료,인테리어가 멋져요,비싼 만큼 가치있어요,코스요리가 알차요,고기 질이 좋아요,잡내가 적어요,처음 갔다가 반해서 대관 예약해두고 다녀왔어요. 여전히 분위기며 맛이며 셰프님의 입담까지 너무 훌륭했습니다😊 전통주 페어링도 코스랑 잘 어울리는 귀한 술들 맛 볼 수 있어서 좋았어요!!
푸딩쓰,와인,예약 없이 이용,대기 시간 바로 입장,일상,혼자,친절해요,음식이 맛있어요,비싼 만큼 가치있어요,차분한 분위기에요,혼밥하기 좋아요,점심 먹으러 갔는데 카츠가 너무 맛있었어요! 혼자 밥먹기 좋고 친절하셔요. 히레카츠 완전 부드러워요 짱짱🐷
푸딩쓰,햄버거,예약 없이 이용,대기 시간 1시간 이상,일상,혼자,인테리어가 멋져요,컨셉이 독특해요,음식이 빨리 나와요,현지 맛에 가까워요,,지금쯤이면 웨이팅 줄었을줄 알았는데 토요일 점심은 한 시간 반 정도 기다려야하네요🤣 현지에선 안 먹어봤으나 대체로 간이 짭짤합니당 감튀 중독성 있어요
푸딩쓰,한식,예약 없이 이용,대기 시간 바로 입장,일상,혼자,음식이 맛있어요,양이 많아요,가성비가 좋아요,혼밥하기 좋아요,,세종대 학생들의 지갑을 책임진다는 김볶맛집 다녀왔어요! 양이 진짜진짜 많네요 맛있습니당
푸딩쓰,냉면,예약 없이 이용,대기 시간 바로 입장,일상,혼자,음식이 맛있어요,건강한 맛이에요,혼밥하기 좋아요,친절해요,,물냉면이랑 만두 먹었어요! 냉면은 슴슴한 육수가 맛있었고 면은 메밀향이 별로 안 나서 아쉬웠습니다. 만두가 짱맛이에요!!!
푸딩쓰,돈가스,예약 없이 이용,대기 시간 바로 입장,가족모임,친척・형제,음식이 맛있어요,양이 많아요,비싼 만큼 가치있어요,혼밥하기 좋아요,차분한 분위기에요,와 미슐랭 셰프님이 하시는 카츠집이라더니 진짜 다르네요😳 튀김옷은 바삭하고 고기 부드러워서 입에서 녹아요 지방층도 완전 고소합니당👍🏻
푸딩쓰,브런치,예약 없이 이용,대기 시간 바로 입장,친목,친구,특별한 메뉴가 있어요,디저트가 맛있어요,인테리어가 멋져요,야외공간이 멋져요,대화하기 좋아요,낮에는 웨이팅이 길어서 못 갔는데 우연히 밤에 2차로 가게됐어요. 밤에도 아늑하고 분위기 좋아서 와인 마시면서 수다 왕창 떨었네요. 그리고 초코무스 진짜 맛있어요🌟
푸딩쓰,,예약 없이 이용,대기 시간 바로 입장,친목,친구,음식이 맛있어요,재료가 신선해요,건강한 맛이에요,친절해요,매장이 청결해요,"와 샤브샤브로 이렇게 할 수가 있네요... 맛에서 좋은 재료를 쓴다는게 느껴져요🥹 고기 자체도 맛있고 돼지고기, 한우, 해산물 다양한 선택지가 있어서 좋았습니다."
푸딩쓰,바(BAR),예약 후 이용,대기 시간 바로 입장,나들이,혼자,혼술하기 좋아요,차분한 분위기에요,컨셉이 독특해요,특별한 메뉴가 있어요,비싼 만큼 가치있어요,머릿속이 복잡할때 방문하기 좋은 바에요. 사장님과의 대화도 좋았고 혼자 생각정리하기에도 좋았어요. 덕분에 가져간 책 다 읽고 왔네요. 멀지만 가치 있었던 시간이었습니다:)
푸딩쓰,바(BAR),예약 없이 이용,대기 시간 바로 입장,친목,친구,술이 다양해요,특별한 메뉴가 있어요,컨셉이 독특해요,친절해요,특별한 날 가기 좋아요,"너무 즐거운 시간 보내고 온 파인앤코! 제대로 된 칵테일바는 이런 곳이죠 유쾌한 접객, 창의적인 메뉴, 맛까지 빠지는 것 없이 좋았습니당💖 재방문 의사 2000%!!"
푸딩쓰,"일식튀김,꼬치",예약 후 이용,대기 시간 바로 입장,친목,친구,직접 잘 구워줘요,음식이 맛있어요,특별한 메뉴가 있어요,비싼 만큼 가치있어요,코스요리가 알차요,어렵게 예약한 만큼 너무 맛있었고 양도 많아서 마지막엔 배불렀네요!! 촉촉하고 부드럽게 진짜 잘 구워주세요🥹❤️ 진저하이볼도 짱맛입니당
푸딩쓰,국수,예약 없이 이용,대기 시간 바로 입장,일상,지인・동료,음식이 맛있어요,가성비가 좋아요,음식이 빨리 나와요,,,전통있는 곳이라 가보고 싶었어요! 비빔메밀면 도라지가 들어간게 특이하고 맛있었고 쟁반메밀은 국물이 살짝 달았어요. 다음에는 냄비국수로 먹어보고 싶어요😋
푸딩쓰,베이커리,예약 없이 이용,대기 시간 바로 입장,나들이,혼자,빵이 맛있어요,특별한 메뉴가 있어요,메뉴 구성이 알차요,인테리어가 멋져요,,근처에 왔다가 궁금했던 크붕이 먹으러 왔어요!! 다른 빵 종류도 다양해서 여러가지 사고 싶은 충동이🥹 바닐라랑 얼그레이 크붕이 포장해가서 먹으려구요~!!
푸딩쓰,한식,예약 후 이용,대기 시간 바로 입장,친목,친구,음식이 맛있어요,재료가 신선해요,건강한 맛이에요,특별한 메뉴가 있어요,비싼 만큼 가치있어요,진주에 비건식당 생겨서 너무 좋아요!! 건강하면서도 맛있고 배부릅니당😋 가까웠으면 자주 갔을거에요❤️
푸딩쓰,돼지고기구이,예약 후 이용,대기 시간 바로 입장,일상,친척・형제,음식이 맛있어요,고기 질이 좋아요,잡내가 적어요,매장이 넓어요,단체모임 하기 좋아요,맛있는 돼지고기를 먹고 싶을땐 여기로 가시면 됩니다🐷 모듬 한 판 시키면 부위별로 골고루 맛 볼 수 있어요. 참숯 쓰셔서 고기향이 넘 좋더라구요!! 하이볼도 맛있으니 같이 드세용
푸딩쓰,감자탕,예약 없이 이용,대기 시간 바로 입장,일상,친척・형제,음식이 맛있어요,양이 많아요,가성비가 좋아요,매장이 넓어요,,우거지 들어간 감자탕 좋아해서 다녀왔어요 보기보다 우거지가 훨씬 많이 들었고 부들부들해서 좋네요! 등뼈 사이즈 너무 커서 보고 깜놀.. 볶음밥까지 맛있게 클리어하고 왔습니당👍🏻
푸딩쓰,"우동,소바",예약 후 이용,대기 시간 바로 입장,친목,친구,음식이 맛있어요,특별한 메뉴가 있어요,인테리어가 멋져요,아늑해요,친절해요,추운날 따뜻한 우동이 생각날 때 들르면 좋을 니카이우동. 따뜻하고 편안한 국물의 니꾸우동은 먹다가 부추페스토를 풀어 먹으면 또 색다른 맛이다. 잠봉크림우동이라는 신박한 메뉴가 있어서 시켜봤는데 직접 만든 잠봉과 고소한 버터의 조합이 이탈리안의 느낌이 낭낭했다. 잠봉카츠도 꼭 먹어보기!
푸딩쓰,"해물,생선요리",예약 없이 이용,대기 시간 바로 입장,일상,지인・동료,음식이 맛있어요,메뉴 구성이 알차요,친절해요,,,"메뉴는 골뱅이 한 가지로 술만 주문하면 되는 곳. 골뱅이를 시키면 계란말이, 김치전은 서비스! 쿨하신 사장님 입담이 좋으셔서 북적북적 즐겁게 먹고 왔습니당😁"
푸딩쓰,한식,예약 없이 이용,대기 시간 바로 입장,일상,혼자,음식이 맛있어요,양이 많아요,특별한 메뉴가 있어요,가성비가 좋아요,혼밥하기 좋아요,근처 갈 일 있어서 들렀는데 비주얼만큼이나 맛있네요! 콘치즈 완전 듬뿍 올라갔어요😗 양이 너무 많아서 남은거 포장해왔습니당
푸딩쓰,포장마차,예약 없이 이용,대기 시간 바로 입장,친목,지인・동료,특별한 메뉴가 있어요,가성비가 좋아요,컨셉이 독특해요,,,즉석 햄버거를 파는 포차! 술 먹고 먹는 햄버거는 맛이 없을수가 없죠 편하게 술 마시기 좋은 분위기입니당~
푸딩쓰,"초밥,롤",예약 후 이용,대기 시간 바로 입장,친목,지인・동료,음식이 맛있어요,양이 많아요,가성비가 좋아요,차분한 분위기에요,대화하기 좋아요,일 년에 한 번은 꼭 가는 스시이젠 애정하는 곳이라 개인 모임도 열었어요💖 언제나 맛있고 배터져서 나옵니당 예약 텀이 점점 길어지네요🥹 내년에 봬요 셰프님
푸딩쓰,"카페,디저트",예약 없이 이용,대기 시간 바로 입장,일상,혼자,친절해요,디저트가 맛있어요,특별한 메뉴가 있어요,건강한 맛이에요,,벌써 세 번째 방문이에요. 인기 많은 메뉴는 오픈런 해야 먹을 수 있는데 오늘 드디어 원하는 메뉴 다 겟했습니당! 다른 베이커리에 비해 건강한 재료를 사용해서 죄책감 덜고 먹을 수 있어요. 근데도 엄청 맛있다는거!! 사장님도 친절하셔서 가까우면 자주 갔을거에요🫶🏻
푸딩쓰,한식,예약 후 이용,대기 시간 바로 입장,친목,친구,매장이 청결해요,음식이 맛있어요,건강한 맛이에요,인테리어가 멋져요,차분한 분위기에요,미쉐린 1스타 윤서울 김도윤 셰프님의 시그니처 면요리 전문점. 맛있고 건강한걸 찾게 되는 요즘 딱 좋은 선택이었어요👍🏻 음식 재료도 정성스러워서 신경 많이 쓰신게 느껴지네요. 생들기름면은 꼭 드셔보시기를!! 요즘 날 추우니까 수육 종류도 하나 시켜서 막걸리 마시기 좋아요. 다음에는 윤서울도 가보고 싶어졌어요!!😀
푸딩쓰,돼지고기구이,,,,,음식이 맛있어요,고기 질이 좋아요,특별한 메뉴가 있어요,친절해요,직접 잘 구워줘요,버터숙성 삼겹살은 어떤 맛일지 궁금해서 갔는데 풍미가 엄청나네요! 직접 구워주셔서 편하게 먹었어요. 특히 묵은지가 진짜 진짜 맛있어서 더 달라고 요청 드렸네요🥹 사이드로 주문한 야끼소바도 독특하고 맛있어요!!
푸딩쓰,베이커리,,,,,인테리어가 멋져요,빵이 맛있어요,특별한 메뉴가 있어요,,,푸딩계에서 제일 유명한 코코로카라 드디어 가봤어요! 가격대는 있지만 맛있고 크기도 커서 2명이서 먹으면 적당하겠네요. 저는 그릭모모를 제일 맛있게 먹었어요!! 인테리어도 예쁘고 야외 좌석에서 사진도 예쁘게 찍을 수 있어요. 대신 사람 많아서 자리 잡기가 어려워요.
푸딩쓰,냉면,,,,,매장이 청결해요,음식이 맛있어요,양이 많아요,매장이 넓어요,,"78년 역사와 전통의 평양냉면 우래옥 드디어 가봤습니다😎 토요일 5시 반에 가서 1시간 반 기다렸어요. 평양냉면은 듣던대로 육향과 메밀향이 잘 어우러지며 감칠맛이 뛰어나요. 배, 고기, 물김치 고명도 넉넉한 편이구요! 슴슴한 겉절이도 튀지 않고 맛있습니다. 김치말이냉면은 기본 평양냉면에 겉절이와 참기름을 넣은듯한 맛인데, 면과 함께 밥이 깔려서 나오는 독특한 스타일이라 호불호 있어요. 불고기가 비싸지만 맛있어서 먹기를 잘 했다는 생각이 들었어요. 거의 다 먹어갈 때쯤 면사리를 추가해서 불고기 양념에 넣어 먹는 것도 좋았어요. 예상치 못한 맛인데 맛있어요. 자세한 후기는 블로그에 올려뒀습니당🫶🏻"
푸딩쓰,일식당,,,,,음식이 맛있어요,재료가 신선해요,단체모임 하기 좋아요,친절해요,특별한 날 가기 좋아요,코스가 너무 정갈하고 맛있었어요. 비린맛 하나 없어서 재료부터 신선한게 느껴져요! 셰프님들도 친절하게 잘 챙겨주시고 덕분에 좋은 시간 보내고 왔어요❤️
푸딩쓰,일식당,,,,,특별한 날 가기 좋아요,친절해요,음식이 맛있어요,특별한 메뉴가 있어요,인테리어가 멋져요,압구정점은 처음인데 인테리어도 감성적인 일본 느낌이고 양고기도 맛있어요!! 고기가 잡내없고 풍미가 좋아서 생맥주랑 먹으면 술술콸콸🥹🍺 다 구워주셔서 편해요
푸딩쓰,아이스크림,,,,,매장이 청결해요,특별한 메뉴가 있어요,,,,상아키토김밥 시켰는데 조금 심심한 느낌이어서 다음엔 기본으로 먹어봐야겠어요!
푸딩쓰,면세점,,,,,종류가 다양해요,가성비가 좋아요,친절해요,주차하기 편해요,,
