﻿nickname,restaurant,reservation,waiting,purpose,withwho,tagging_1,tagging_2,tagging_3,tagging_4,tagging_5,content
순진한깜박,종합분식,예약 없이 이용,대기 시간 바로 입장,일상,혼자,음식이 맛있어요,,,,,당산역 터줏대감어떤 메뉴라도 보통 이상은 갑니다24시간 운영하는 분식언제가도 혼밥족이 많음야밤에 출출하면 생각남 배달도 가능
순진한깜박,냉면,예약 없이 이용,대기 시간 바로 입장,친목,연인・배우자,음식이 맛있어요,양이 많아요,건강한 맛이에요,혼밥하기 좋아요,,해산물 베이스의 진주냉면을맛볼 수 있는곳개인적으로 육전이 땡긴다면 비냉이랑먹는걸 추천합니다이곳은 주문은 키오스크로음식수령과 반납은 셀프직원분들이 친절
순진한깜박,죽,예약 없이 이용,대기 시간 바로 입장,일상,혼자,음식이 맛있어요,양이 많아요,건강한 맛이에요,혼밥하기 좋아요,매장이 청결해요,로제해물죽 시켰는데양도 많고 맛있게 먹었습니다죽이 필요할때 항상 애용하는곳선불입니다!
순진한깜박,"전,빈대떡",예약 없이 이용,대기 시간 바로 입장,데이트,연인・배우자,음식이 맛있어요,양이 많아요,가성비가 좋아요,매장이 넓어요,단체모임 하기 좋아요,"1차보다는 2차로 많이 가는 곳각종 전과 튀김을 먹고싶은대로바구니에 집을 수 있다녹두전과 육전, 새우튀김을 주로 고르는편위장이 남는다면 떡볶이를 시켜 국물에찍어먹는것도 별미비오는날은 북적북적하다"
순진한깜박,한식,예약 없이 이용,대기 시간 바로 입장,데이트,연인・배우자,음식이 맛있어요,양이 많아요,가성비가 좋아요,매장이 넓어요,혼밥하기 좋아요,공덕에서 이미 유명한김치찌개&제육볶음 식당둘이서 메뉴 하나씩 시켜공기밥 슥슥 먹는 소소한 즐거움이 있다김치찌개는 간이 센걸 보니 묵은지?
순진한깜박,국밥,예약 없이 이용,대기 시간 바로 입장,데이트,연인・배우자,음식이 맛있어요,건강한 맛이에요,혼밥하기 좋아요,친절해요,,돼지국밥 특으로 먹었습니다양이 되게 많네요자극적이지 않고 좋은 끼니였습니다
순진한깜박,이자카야,예약 없이 이용,대기 시간 바로 입장,데이트,연인・배우자,음식이 맛있어요,특별한 메뉴가 있어요,대화하기 좋아요,친절해요,매장이 청결해요,2차로 오기 좋은 이자카야카에루는 개구리란 뜻그래서 개구리 요리가 있다;;선뜻 도전은 못하고 2인사시미랑마파두부 맛있게 먹었습니다북적이지만 응대 빠르고 친절
순진한깜박,"곱창,막창,양",예약 없이 이용,대기 시간 바로 입장,데이트,연인・배우자,재료가 신선해요,메뉴 구성이 알차요,직접 잘 구워줘요,,,곱창2 대창1로 시키고 호로록볶음밥1에 치즈추가 필수맛있게 먹었다사장님은 좀 예민하신편ㅋ
순진한깜박,두부요리,예약 없이 이용,대기 시간 바로 입장,데이트,연인・배우자,음식이 맛있어요,재료가 신선해요,가성비가 좋아요,혼밥하기 좋아요,아늑해요,이근방에서 순두부가 끌린다면주저없이 이곳으로 와야합니다밑반찬도 괜찮고 가성비 좋은 순두부가게막걸리 한잔하기도 좋아보임
순진한깜박,"카페,디저트",예약 없이 이용,대기 시간 바로 입장,데이트,연인・배우자,커피가 맛있어요,디저트가 맛있어요,인테리어가 멋져요,사진이 잘 나와요,대화하기 좋아요,"신당에서 정말 핫한 카페주문을 하면 진동벨과 숫자표를 주는데차례가 되면 해당 숫자박스에서 메뉴를 수령에스프레소와 디저트, 인테리어도 괜찮다5층까지 있는데 주말에 손님 진짜진짜 많음진동벨이 모자라면 피크타임에는 주문도 기다렸다 해야함 꼭 가고싶다면 자리부터 선점 추천그만큼 가볼만은 하다특별한 우편 서비스도 있습니다"
순진한깜박,일식당,예약 없이 이용,대기 시간 30분 이내,친목,친구,음식이 맛있어요,특별한 메뉴가 있어요,친절해요,매장이 청결해요,,"사장님이 직접 장보신 싱싱한 원물들로구성되는 라꾸긴의 메뉴들저같은 경우는 우니진미, 가츠산도, 모듬사시미는 항상 시키는 편이고 가끔 안키모나 신규메뉴들도 좋아합니다. 소주도 좋지만 생맥주와 사케도 잘 어울리는편"
순진한깜박,중식당,예약 없이 이용,대기 시간 10분 이내 ,일상,혼자,음식이 맛있어요,양이 많아요,매장이 넓어요,혼밥하기 좋아요,,이게 중식 볶음밥이다!라는 느낌이 물씬나는 맛집웨이팅이 상당했고1인은 합석하는 경우도 있다재방문 의사 있음
순진한깜박,일본식라면,예약 없이 이용,대기 시간 30분 이내,데이트,연인・배우자,음식이 맛있어요,양이 많아요,가성비가 좋아요,혼밥하기 좋아요,친절해요,점심때마다 웨이팅이 있어요마제류가 유명하고 라멘도 맛있습니다!마제소바는 맛보기 무료밥 제공
순진한깜박,일식당,예약 없이 이용,대기 시간 바로 입장,데이트,연인・배우자,음식이 맛있어요,재료가 신선해요,특별한 메뉴가 있어요,가성비가 좋아요,매장이 넓어요,성수 데이트 점심먹으러스시도쿠 왔습니다.회 숙성이 잘 되어있어서 초밥도 감칠맛 있고맛있네요! 재방문 의사 유
순진한깜박,피자,예약 없이 이용,대기 시간 바로 입장,데이트,연인・배우자,음식이 맛있어요,메뉴 구성이 알차요,매장이 넓어요,친절해요,매장이 청결해요,웨이팅 없이 자리잡고 주문했어요12시에 들어와서 식사 마치니 12시 40분쯤 됐네요치즈덕후라면 강추! 보기보다 간도 적당하고 풍부한 맛이 좋았습니다~ 한국식 피자맛집
순진한깜박,"곱창,막창,양",예약 없이 이용,대기 시간 바로 입장,데이트,연인・배우자,음식이 맛있어요,가성비가 좋아요,직접 잘 구워줘요,,,부산국제영화제 갔다가 간 곳노윤서 배우님도 방문한 식당이라 해요상상이상으로 고소하고 맛있었습니다덤으로 가성비도 최고대선 쭉쭉 들어갔네요
순진한깜박,요트,,,,,친절해요,안전하게 관리해요,가격이 합리적이에요,뷰가 좋아요,,평일에 갔는데 가격대비 너무 만족스러웠습니다뷰도 좋고 다리배경으로 사진도 찍어서 인화해주시더라구요(1장만 제공가능) 직원분 금손!50분정도 타구 꼭 체험해보세요
순진한깜박,"족발,보쌈",예약 없이 이용,대기 시간 바로 입장,데이트,연인・배우자,음식이 맛있어요,차분한 분위기에요,친절해요,매장이 청결해요,직접 잘 구워줘요,사장님 친절하시구 족발이랑 나오는 육수가 너무 좋았어요 가격도 좋아요!
순진한깜박,루지,,,,,,,,,,루지 짚라인 너무 재밌게 탔습니다루지는 코스4개구 짚라인은 1개에요직원분들 친절하구 즐거웠습니다!
순진한깜박,"카페,디저트",예약 없이 이용,대기 시간 바로 입장,데이트,연인・배우자,커피가 맛있어요,디저트가 맛있어요,사진이 잘 나와요,친절해요,매장이 청결해요,치즈 케이크 너무 맛있어요커피랑 잘 맞음
순진한깜박,"카페,디저트",예약 없이 이용,대기 시간 바로 입장,데이트,연인・배우자,커피가 맛있어요,디저트가 맛있어요,인테리어가 멋져요,뷰가 좋아요,매장이 넓어요,크리미 치즈 파이 취향저격고소한 아아까지
순진한깜박,냉면,예약 없이 이용,대기 시간 바로 입장,데이트,연인・배우자,음식이 맛있어요,특별한 메뉴가 있어요,인테리어가 멋져요,매장이 넓어요,친절해요,"홍대점은 처음이었습니다교대,은평한옥마을점 못지않게맛있고 친절하네요"
순진한깜박,이북음식,예약 없이 이용,대기 시간 바로 입장,친목,친구,음식이 맛있어요,가성비가 좋아요,메뉴 구성이 알차요,차분한 분위기에요,친절해요,개성이 뚜렷한 식당중면같은 면발과 간간한 육수다채로운 수육매력적인 곳이었다
순진한깜박,돈가스,예약 없이 이용,대기 시간 바로 입장,데이트,연인・배우자,음식이 맛있어요,양이 많아요,가성비가 좋아요,혼밥하기 좋아요,친절해요,전부 맛있어요행복한 한끼였습니다.
순진한깜박,일본식라면,예약 없이 이용,대기 시간 바로 입장,일상,혼자,음식이 맛있어요,양이 많아요,혼밥하기 좋아요,매장이 청결해요,화장실이 깨끗해요,새우 츠케맨 처음 맛보는 메뉴였는데맛과 향이 인상깊음. 츠케맨 특성상 간이 조금 세니까 맥주를 곁들이니까 너무 시원하고 좋았습니다!
순진한깜박,헬스장,,,,,친절해요,시설이 깔끔해요,가격이 합리적이에요,기구가 다양해요,과도한 권유가 없어요,"2년째 열심히 잘 다니고 있습니다7층은 웨이트, 6층은 유산소시설, 가성비 좋아요"
순진한깜박,일본식라면,예약 없이 이용,대기 시간 30분 이내,친목,친구,음식이 맛있어요,양이 많아요,가성비가 좋아요,혼밥하기 좋아요,친절해요,토핑 많이를 함부로 누르지 마세요대자에 보통도 충분히 많습니다가성비와 맛 모두를 잡은곳웨이팅은 조금 감수해야함
순진한깜박,일식당,예약 없이 이용,대기 시간 바로 입장,친목,친척・형제,음식이 맛있어요,양이 많아요,혼밥하기 좋아요,친절해요,매장이 청결해요,후토마끼가 생각보다 양이 많아요다른메뉴들도 맛있음2인으로 오기 좋은곳
순진한깜박,요리주점,예약 없이 이용,대기 시간 바로 입장,친목,지인・동료,음식이 맛있어요,기본 안주가 좋아요,가성비가 좋아요,친절해요,,편하게 아재감성으로 막걸리 마시기 좋은곳.
순진한깜박,"전통,민속주점",예약 후 이용,대기 시간 바로 입장,친목,지인・동료,음식이 맛있어요,술이 다양해요,비싼 만큼 가치있어요,인테리어가 멋져요,아늑해요,"삼계솥밥, 한치순대 진짜 맛있었습니다. 분위기 좋고 좋은 술로 기분내고 싶을때 소수로 오면 알맞을 것 같아요. 예약필!"
순진한깜박,요리주점,예약 후 이용,대기 시간 바로 입장,친목,지인・동료,음식이 맛있어요,술이 다양해요,메뉴 구성이 알차요,아늑해요,,시그니처 튀김수육이 품절이어서 아쉬웠다. 파스타나 플래터 추천. 떡볶이는 내 스타일이 아니었음. 와인을 부담 없이 마시기 좋은곳!
순진한깜박,"곰탕,설렁탕",예약 없이 이용,대기 시간 바로 입장,친목,지인・동료,음식이 맛있어요,양이 많아요,매장이 넓어요,혼밥하기 좋아요,친절해요,20공으로 배부르게 먹었습니다김치도 적당히 잘 익어서 만족
순진한깜박,일본식라면,예약 없이 이용,대기 시간 바로 입장,일상,혼자,음식이 맛있어요,양이 많아요,가성비가 좋아요,혼밥하기 좋아요,,든든한 라멘의 끝판왕잊을만하면 생각나는 맛입니다사진은 대자
순진한깜박,돈가스,예약 없이 이용,대기 시간 바로 입장,나들이,혼자,음식이 맛있어요,반찬이 잘 나와요,혼밥하기 좋아요,차분한 분위기에요,친절해요,근처 왔다가 양재점은 처음 와봤네요로스카츠 시켰구 만족스러운 맛이었습니다혼밥하기 좋아요
순진한깜박,한식,예약 없이 이용,대기 시간 바로 입장,친목,친구,음식이 맛있어요,양이 많아요,친절해요,화장실이 깨끗해요,,올때마다 사장님도 너무 친절하시고곱창도 끝내줍니다평일도 사람 항상 많아요김치 구워서 같이 먹으면 진짜 맛있음
순진한깜박,생선회,예약 없이 이용,대기 시간 30분 이내,친목,친구,가성비가 좋아요,친절해요,음식이 빨리 나와요,,,콜키지 가격이 매우저렴한 횟집저녁 웨이팅이 있습니다칠링용 얼음도 있고 좋아요
순진한깜박,중식당,예약 없이 이용,대기 시간 10분 이내 ,친목,친구,음식이 맛있어요,특별한 메뉴가 있어요,혼밥하기 좋아요,매장이 청결해요,,묵직한 교동짬뽕이 생각날때아주 제격인 식당12시 전후는 약간의 웨이팅 감수불짬뽕도 맵지만 맛있다 완뽕
순진한깜박,"맥주,호프",예약 없이 이용,대기 시간 바로 입장,친목,친구,술이 다양해요,비싼 만큼 가치있어요,컨셉이 독특해요,친절해요,,체코에서 마시던 그 느낌이여기 코젤을 마시며 떠올랐습니다매력있는 곳
순진한깜박,해장국,예약 없이 이용,대기 시간 바로 입장,비즈니스,지인・동료,음식이 맛있어요,양이 많아요,매장이 넓어요,친절해요,,양평해장국을 좋아한다면의심말고 가야할 집항상 해내탕에 만족직원분들도 매우 친절
순진한깜박,냉면,예약 없이 이용,대기 시간 바로 입장,친목,지인・동료,음식이 맛있어요,가성비가 좋아요,혼밥하기 좋아요,친절해요,,아침 10시부터 평양냉면을 맛볼 수 있는곳이 서울안에서는 드물다이젠 냉면 맛도 안정화가 되었고 소고기 수육은언제나 옳다
순진한깜박,돼지고기구이,예약 없이 이용,대기 시간 바로 입장,친목,친구,음식이 맛있어요,고기 질이 좋아요,양이 많아요,특별한 메뉴가 있어요,매장이 넓어요,고기 질도 좋고 맛도 좋아요사람들도 많네요추천합니다!
순진한깜박,국수,예약 없이 이용,대기 시간 바로 입장,친목,친구,음식이 맛있어요,양이 많아요,가성비가 좋아요,매장이 넓어요,,초심자도 맛있게 먹을 수 있는곳영업시간도 넉넉합니다평냉 굿
순진한깜박,"육류,고기요리",예약 없이 이용,대기 시간 바로 입장,가족모임,부모님,음식이 맛있어요,고기 질이 좋아요,매장이 넓어요,단체모임 하기 좋아요,친절해요,좋은날 가는 좋은식당맛이 좋습니다 츄라이 츄라이
순진한깜박,한식,예약 없이 이용,대기 시간 바로 입장,일상,혼자,매장이 넓어요,혼밥하기 좋아요,친절해요,매장이 청결해요,주차하기 편해요,신도림동에서 평냉을 즐길 수 있는곳^^특선메뉴 주문시 만두와 수육까지
순진한깜박,바(BAR),예약 없이 이용,대기 시간 바로 입장,친목,지인・동료,술이 다양해요,인테리어가 멋져요,음악이 좋아요,대화하기 좋아요,매장이 청결해요,분위기 좋고 문래 투어 마무리하기 적합신청곡 들으며 가볍게 한잔
순진한깜박,중식당,예약 없이 이용,대기 시간 바로 입장,여행,친구,음식이 맛있어요,가성비가 좋아요,매장이 넓어요,매장이 청결해요,화장실이 깨끗해요,맛있게 매운 짬뽕 맛집찐 교동스타일보다 걸쭉한 느낌은아닌데 오히려 깔끔하게 맛있다평소 먹는양이 보통이상이다 싶으면무조건곱배기
순진한깜박,펜션,친목,친구,,,냉난방이 잘돼요,화장실이 잘 되어있어요,친절해요,주차하기 편해요,바비큐 해먹기 좋아요 ,예전에도 왔던곳인데바베큐 세팅비도 합리적이구 숯도많이주세요주말에 편하게 놀기 좋아요
순진한깜박,바(BAR),예약 없이 이용,대기 시간 바로 입장,친목,친구,술이 다양해요,인테리어가 멋져요,대화하기 좋아요,혼술하기 좋아요,친절해요,오피셜 이외에도 독립병입 위스키를 다루는 가게첫방문이었는데 잘 응대해주셔서 기분좋게 잘 마시고 왔습니다. 추천
순진한깜박,요리주점,예약 없이 이용,대기 시간 바로 입장,친목,지인・동료,술이 다양해요,특별한 메뉴가 있어요,인테리어가 멋져요,음악이 좋아요,친절해요,왕십리 2차는 이곳 추천안주랑 주류가 다양해요
순진한깜박,돼지고기구이,예약 없이 이용,대기 시간 30분 이내,친목,지인・동료,음식이 맛있어요,고기 질이 좋아요,매장이 넓어요,직접 잘 구워줘요,,왕십리 목살 탑티어 땅코언제와도 맛있다맛있는데 처음부터 끝까지 구워주시니ㅎㅎ메인시간대는 웨이팅이 길어 살짝 미리오는게 나음전투라면은 생각보다 맵다
