﻿nickname,restaurant,reservation,waiting,purpose,withwho,tagging_1,tagging_2,tagging_3,tagging_4,tagging_5,content
빼코빼코,한방카페,예약 없이 이용,대기 시간 바로 입장,친목,친구,인테리어가 멋져요,차가 맛있어요,,,,한국 처음 오는 외국인 친구랑 왔어요! 한국적인 차와 디저트 팔고 있어서 외국인 친구랑 오기 좋아요. 확실히 내국인보다는 외국인들이 많네요ㅎㅎ
빼코빼코,한식,예약 없이 이용,대기 시간 바로 입장,여행,친구,음식이 맛있어요,,,,,일본인 친구와 함께 왔어요. 온반 너무 맛있고 고기 부드러워요! 뷰도 이뻐서 친구가 만족해했습니다~ 외국인친구 데려오기 좋아요!
빼코빼코,와인,예약 후 이용,대기 시간 바로 입장,여행,혼자,대화하기 좋아요,술이 다양해요,,,,인생 첫 혼술바  ｡𖦹°‧ 제 엠비티아이가 i라서 들어가기 전에 걱정이 많았는데 그런 걱정이 무색하게도 사장님이 분위기 안 어색하게 이끌어주시고 성격도 유쾌하셔서 재밌게 잘 즐기고 왔어요! 덕분에 낯가림이 많이 풀리면서 세시간이 금방 지나갔네요. 저같은 i분들은 첫 혼술바로 소수의견 추천드립니당!
빼코빼코,한식,예약 없이 이용,대기 시간 바로 입장,여행,혼자,음식이 맛있어요,,,,,제가 갔을 때는 운 좋게 웨이팅이 없었는데 앉고 나니까 웨이팅이 조금씩 생기네요. 순두부찌개는 생각보다 매콤해서 매운 거 잘 못 먹는 분들은 단계 조절하세요! 순두부찌개 밥이랑 같이 먹으니까 너무 맛있네요.
빼코빼코,"카페,디저트",예약 없이 이용,대기 시간 바로 입장,여행,친구,디저트가 맛있어요,뷰가 좋아요,매장이 넓어요,,,산방산이 보이는 뷰 카페🌴 반대편에는 용머리 해안도 보여서 앞뒤로 뷰가 대박인 카페입니다. 날 좋을 때 가니까 산방산이 또렷이 보이고 바다 윤슬도 예뻐요. 카페가 엄청 넓고 포토존 천국이라 여기저기 사진 찍기 좋아요. 빵도 넘 맛있네영~~
빼코빼코,한식,예약 없이 이용,대기 시간 바로 입장,여행,친구,음식이 맛있어요,,,,,제가 갔을 때는 돌솥밥 기계가 고장나서 돌솥밥은 못 먹었지만 사장님이 음료수 서비스로 주셨어요! 갈치조림은 미리 졸여져서 나와서 약한 불에 살짝만 끓이고 먹었네요. 양념이 맛있어서 밥 왕창 비벼 먹었어요!
빼코빼코,아이스크림,예약 없이 이용,대기 시간 바로 입장,여행,혼자,디저트가 맛있어요,,,,,땅콩 아이스크림의 원조라는 점에서 먹으면 의미 있어요. 맛은 다른 곳과 크게 다르지 않아요. 사장님이 아이스크림에 땅콩 분태랑 통땅콩을 넣어주세요. 맛이 고소해서 계속 먹게 되네요. 검멀레 해변 보면서 먹으니까 여행 온 분위기 팍팍 나고 맛나요~
빼코빼코,"페리,해운",,,,,,,,,,배가 크고 갑판도 있어서 사진 찍기 좋아요! 배가 커서 멀미 걱정은 안 하셔도 될 것 같아요. 우도랑 가까워서 금방 도착하니까 너무 좋네요!
빼코빼코,"카페,디저트",예약 없이 이용,대기 시간 바로 입장,일상,혼자,디저트가 맛있어요,,,,,역시 너무 맛있어요ㅠㅠ 다른 요아정보다 좀 더 저렴하고 양도 많고 앞으로 요거트월드만 오게 될 것 같아요💗 제가 자주 올게요..! 진짜 최고입니당..
빼코빼코,"칼국수,만두",예약 없이 이용,대기 시간 바로 입장,일상,혼자,음식이 맛있어요,가성비가 좋아요,,,,"가성비 최고의 맛집 아닐까 싶어요. 저렴한데 맛있기까지 하고 양도 많아서 정말 또 오고 싶더라구요. 특히, 국물이 시원해요. 칼국수에 딱히 특별한 게 안 들어가있는데도 진짜 맛있네요. 칼국수 땡길 때마다 종종 와야겠어요!"
빼코빼코,가공식품,,,,,종류가 다양해요,컨셉이 독특해요,,,,"유명한 곳이라 평일 기준 5시 40분에 왔는데 제가 1번이었어요. 근데 금방 만석 되더라구요. 야장은 6시 반부터 시작 돼서 시간 되면 가게에서 전화를 따로 주세요. 저희는 인원이 5명인데도 5명에 맞게 세팅 잘 해주셨습니다. 5명이서 가도 문제 없어보여요. 다만, 앞에 인쇄소가 있어서 그런지 잉크 냄새 같은 게 조금 났어요. 가끔씩 오토바이가 지나다녀서 먹을 때 살짝 비켜줘야하는 불편함도 있었지만 이런게 또 야장의 묘미가 아닐까 싶습니다. 고기도 종류가 많아서 여러개 시켰어요. 야장이라 고기 맛은 크게 기대를 안 했는데 여기 고기들은 하나같이 다 맛있네요! 같이 간 친구들도 다 맛있다고 칭찬했어요! 을지로에서 야장 삼겹살 가고 싶으면 모아식품 추천해요. 다른 야장집이랑 비교 했을 때 고기 질이 괜찮았어요!"
빼코빼코,브런치,예약 없이 이용,대기 시간 바로 입장,일상,지인・동료,음식이 맛있어요,,,,,간판이 없어서 찾기 살짝 어려울수도 있어요. 잠봉 버터 샌드위치는 우리가 아는 흔한 잠봉뵈르 맛이랑 비슷해요. 바게트가 좀 딱딱해서 잘못하다 입천장 까질 뻔 했어요. 그래도 넘 맛있게 먹었어요. 파스타랑 같이 시켜드세요!!
빼코빼코,분식,예약 없이 이용,대기 시간 바로 입장,일상,친구,음식이 맛있어요,가성비가 좋아요,,,,추억의 디델리 떡볶이 먹고 왔네여..🥹 라볶이 안에 들어가는 대파 튀김 왤케 맛있나요ㅠ 가격도 착해서 토핑도 분모자랑 소시지 넣었어요. 같이 시킨 냉라멘이랑 대파 커리 라볶이랑 조합 최고에요. 냉라멘이 시원해서 그런지 같이 먹으니까 더 맛있어요! 가게가 많이 사라진 추세라 더 소중하고 뜻깊게 먹었던 것 같아요!
빼코빼코,양식,예약 후 이용,대기 시간 바로 입장,친목,친구,음식이 맛있어요,특별한 메뉴가 있어요,,,,조명부터 따뜻하고 분위기 있어서 소개팅 2차로 오거나 썸남썸녀끼리 오면 좋을 것 같아요~ 와인바라 안주 양은 적은 편이에요. 디너로 올 시에는 1인 1주류 시켜야하고 논알콜도 있어서 선택지가 넓어요! 랜치 소스가 뿌려진 버거의 랜치 라구번은 진짜 순식간에 없어진 것 같아요ㅎㅎ 소스가 단짠단짠이라 소스부터 합격..! 버섯크림파스타는 살짝 매콤하면서 목이버섯이 들어가있어서 퓨전의 맛이 느껴졌어요. 부채살 스테이크도 냠냠 맛있게 잘 먹었어요~ 역시 고기는 실패하지 않아요. 개인적으로 제일 맛있게 마신 논알콜 칵테일은 오로라..💕 오렌지와 라임 섞은 맛이라 다른 칵테일에 비해 달달해서 맛있어요! 예약도 돼서 성수동에 와인바 하나 가고 싶으시면 리타르단도 추천해여ᵎᵎ  ྀི
빼코빼코,"카페,디저트",예약 없이 이용,대기 시간 바로 입장,친목,친구,인테리어가 멋져요,음료가 맛있어요,특별한 메뉴가 있어요,,,"비 오는 컨셉의 카페에요🌧️ 1층, 2층 둘다 좌석이 많은데 1층은 좀 더 빗소리와 비 오는 뷰를 즐길 수 있다면 2층은 좀 더 수다떨기 편한 좌석들이 많았어요. 넘 예쁜 크루아상들이 많아서 사진도 이쁘게 잘 나와요~ 디저트가 예뻐서 맛이 별로면 어떡하지 했는데 그런 걱정 필요없이 페스츄리 자체부터가 완전 바삭합니다! 가위로 잘라먹는데는 이유가 있었어요! 가격대가 좀 있긴 한데 그래도 한번쯤 와볼만 해요🖤"
빼코빼코,중식당,예약 없이 이용,대기 시간 바로 입장,일상,혼자,음식이 맛있어요,,,,,"테이블도 넓고 혼밥 하기 좋아요! 마라탕도 완전 찐이라 마라탕 좋아하시는분들이 맛있게 먹을 것 같아요. 특히, 밥이 무한리필이라 배부르게 먹었네요! 저울이 있어서 담다가 중간에 무게를 잴 수 있어서 가격 조절이 가능해요!"
빼코빼코,중식당,예약 없이 이용,대기 시간 바로 입장,일상,친구,음식이 맛있어요,,,,,이 집의 별미는 개인적으로 창잉터우라고 생각해요. 잘게 썬 파랑 고기에 소스들이 감칠맛 나고 맛있어요. 밥이랑 먹으면 한 그릇 뚝딱이에요. 음식들이 전체적으로 향신료도 안 세서 향에 민감한 사람들도 부담없이 먹기 좋아요~
빼코빼코,"치킨,닭강정",예약 없이 이용,대기 시간 바로 입장,친목,친구,매장이 넓어요,음식이 맛있어요,,,,새로 나온 옥수수치킨이랑 제일 좋아하는 허니콤보 먹었어요. 교촌 허니콤보는 언제나 사랑입니다..💕옥수수치킨도 완전 단짠단짠의 극치고 겉에 붙어있는 플레이크가 바삭해서 좋았어요. 근데 양은 좀 적은 느낌ㅎㅎ국물 맵떡도 같이 시켰는데 떡 몇개는 좀 안 익었더라구요. 숙대점은 매장이 넓고 커서 좋은 것 같아요. 에피타이저로 나오는 팝콘은 시즈닝이 너무 맛있으니까 리필 할 각오하고 드세영ㅎㅎ
빼코빼코,돈가스,예약 없이 이용,대기 시간 바로 입장,일상,지인・동료,음식이 맛있어요,,,,,라드유로 튀긴 돈까스라 해서 기대하고 먹었는데 정말 맛있었어요. 고기가 부드럽고 튀김도 바삭하면서 고소해요. 돈가스에 명이나물 나오는 집은 처음 보는데 돈가스랑 명이나물의 조합도 잘 어울리네요. 밥은 리필 돼서 부족하면 더 먹을 수 있어요~ 아보카도 튀김도 궁금한데 한번 먹어보러 또 가고 싶네요!
빼코빼코,,예약 없이 이용,대기 시간 바로 입장,일상,부모님,음식이 맛있어요,,,,,"해물 양이 엄청 많아요. 전복도 있고 오징어도 통으로 들어가고 해물이 넘치게 많아서 좀 건져먹고 칼국수 면 투하했어요. 추가로, 감자 수제비도 뜯어서 넣었어요. 감자로 만들어져서 그런지 수제비도 엄청 쫀득하고 맛있었어요!"
빼코빼코,"육류,고기요리",예약 없이 이용,대기 시간 바로 입장,회식,지인・동료,음식이 맛있어요,특별한 메뉴가 있어요,,,,돼지고기 특수부위인 황지살 파는 레트로 분위기 고깃집이에요! 쫄깃하고 식감이 항정살이랑은 조금 다른 느낌? 이에요. 항정살보다 덜 느끼한 것 같아요. 고기가 두꺼워서 굽는데 시간이 조금 걸리지만 너무 맛나요. 사이드로 비빔수제비도 너무 맛있었어요!
빼코빼코,분식,예약 없이 이용,대기 시간 10분 이내 ,친목,친구,음식이 맛있어요,가성비가 좋아요,,,,자주 가는 곳인데 이번에 갈 때는 처음 웨이팅 했네요. 행궁동이 유명해지면서 보영만두도 같이 유명해지는 것 같아요! 만두가 튀김처럼 바삭하고 맛있어서 저만 알고 싶은 그런 곳이었는데..🥺 가격은 전에 비해 올라도  여전히 맛있고 여전히 가성비 좋아요. 만두 맛집이지만 여기는 냉면이나 쫄면도 맛있어서 꼭 시켜보세요!
빼코빼코,"카페,디저트",예약 없이 이용,대기 시간 바로 입장,친목,친구,디저트가 맛있어요,인테리어가 멋져요,,,,유럽 감성 느낌나는 행궁동 카페에요! 맛있는 파이들이 많아서 결정장애가 왔지만 라임파이는 처음 보는 거라 시켜봤는데 파이가 상큼하면서 맛있어요. 인테리어도 따뜻하니 예쁘고 행궁동 한옥뷰 보이는 자리도 이쁘더라구요.
빼코빼코,떡볶이,예약 없이 이용,대기 시간 바로 입장,친목,친구,음식이 맛있어요,,,,,"떡볶이에 되게 커다란 야채 튀김이 올라가있어요. +맛살까지! 튀김 따로 안 시켜도 같이 먹을 수 있어서 좋네요! 다만, 튀김 두께가 꽤 얇아서 자르기 좀 힘들지만 이 가격에 떡볶이 양도 많고 만족스러워요!"
빼코빼코,"카페,디저트",예약 없이 이용,대기 시간 바로 입장,친목,친구,디저트가 맛있어요,,,,,음료보다는 확실히 파이 맛집! 전반적으로 파이의 타르트?부분이 좀 특이하면서 맛있어요! 찾아보니 바노피파이라는 호주식 디저트였군요! 저는 써머 후르츠 파이 시켰는데 안에 크림이 진짜 맛있어요~ 알콜이 들어가있다고 하던데 케이크에서 진짜 알콜맛이 미세하게 나요. 케이크 너무 맛있게 먹었는데 가격에 비해 크기가 좀 작은 게 아쉽네요. 근데 안에 들어가는 원재료 값이 또 비쌀 거 같아서 이해가 되기도 하고…커피는 그냥 저냥 평범했어요! 의자는 등받이 없어서 좀 불편했어요.
빼코빼코,주꾸미요리,예약 없이 이용,대기 시간 바로 입장,일상,부모님,음식이 맛있어요,,,,,쭈꾸미랑 등갈비찜 둘다 먹었는데 쭈꾸미가 확실히 더 맛있네요. 쭈꾸미에서 불향도 나고 맛있어요. 셀프바에 김치말이국수도 있어서 배부르게 먹고 왔어요!
빼코빼코,한식,예약 없이 이용,대기 시간 바로 입장,친목,친구,음식이 맛있어요,매장이 넓어요,,,,일단 용산점에 비해 웨이팅이 덜해서 합격?입니다!! 그럼 맛은!!진짜 왜 유명한지 알겠더라구요. 정말 맛있어요!!곰탕 비쥬얼은 좀 헉스러워도 수육이나 고기들이 신선했고 고기 질도 좋아보였어요. 능동육회비빔밥은 고추장 없이 간장 베이스로 먹는 건데 독특했어요. 특히 육회 존맛..!! 올해 먹은 육회 중에 젤 맛있게 먹은 느낌이에요. 고기 자체가 맛있어서 믿음이 가네요. 다음에는 수육전골 먹어봐야겠어요.
빼코빼코,한식,예약 없이 이용,대기 시간 10분 이내 ,친목,친구,음식이 맛있어요,,,,,보리된장고기국수 마제소바 느낌나면서 건강한 맛이라 더 맛있었어요! 작은 바램이라면 조금 더 콜드한 느낌으로 나와도 좋을 것 같아요! 묵은지 문어국수는 그냥 평범했던 것 같아요. 깻잎 들어가면 더 맛있을 듯!
빼코빼코,한식,예약 없이 이용,대기 시간 바로 입장,일상,지인・동료,음식이 맛있어요,,,,,치즈에 당면까지 추가했어요! 치즈가 쭉 늘어나서 좋아요!!ㅎㅎ 계란 후라이도 서비스로 주시고 너무 맛있게 잘 먹었습니다.
빼코빼코,"카페,디저트",예약 없이 이용,대기 시간 바로 입장,친목,친구,디저트가 맛있어요,,,,,"매장은 좀 협소해요! 빙수 외에도 다양한 메뉴들이 있더라구요. 특히, 요즘 트렌드인 할매니얼 메뉴들이 많아서 팥이나 흑임자 좋아하시는 분들은 맛있게 먹을 것 같아요!"
빼코빼코,양식,예약 후 이용,대기 시간 바로 입장,친목,친구,음식이 맛있어요,특별한 메뉴가 있어요,,,,후하 너무 맛있게 먹었어요! 와인바지만 저희는 와인은 안 시키고 그냥 단품으로만 먹었는데도 너무 만족스러웠어요. 시그니처인 프렌치 치킨 토스트🫶🏻 안에 치킨도 크고 빵 겉에 카라멜 코팅 되어 있어서 완전 단짠단짠이었어요. 햄버거랑은 또 다른 느낌의 음식이에요. 비스크 파스타는 생전 첨 먹어보는 파스타인데 이렇게 맛있는건지 처음 알았네요. 피클 느낌 나는 목이버섯이 들어가면서 블랙 새우 타이거랑 같이 먹으니까 짭짤하니 내장맛도 진해서 그리고 뇨끼는 원래 예정에 없다가 궁금해서 시켜봤는데 안 시키면 큰일 날 뻔..ㅎㅎ 감자뇨끼도 맛있지만 트러플 오일 들어간 크림까지 싹싹 긁어먹었어요. 세가지 음식 다 깔끔하게 비워서 아마 설거지 하기 편하셨을 거에요^^ 메뉴가 다 맛있어서 다른 메뉴들도 궁금하네요.
빼코빼코,"찌개,전골",예약 후 이용,대기 시간 바로 입장,친목,지인・동료,음식이 맛있어요,,,,,안에 갈비도 많이 들어있고 밥도 돌솥 형태로 나와서 푸짐하게 먹었네요. 계룡산 등산 후에 먹으면 딱이에요! 밑반찬도 너무 맛있어요~
빼코빼코,돈가스,예약 없이 이용,대기 시간 바로 입장,일상,지인・동료,매장이 넓어요,,,,,가격에 비해 돈가스 크기가 작고 밑반찬이 부실했어요ㅠ 거기다 반찬도 셀프에 밥도 추가가 안 되네요.
빼코빼코,"육류,고기요리",예약 후 이용,대기 시간 바로 입장,회식,지인・동료,음식이 맛있어요,,,,,양념갈비정식으로 먹었어요! 양념이 잘 베여있고 넘 맛있네요. 직접 고기도 잘라주셔서 서비스도 좋았어요. 정식에 포함된 서비스 중에 저는 순두부로 먹었는데 순두부찌개에 고기도 갈아서 들어있고 정말 맛있게 먹었어요! 외국인 친구 데려와도 좋을 것 같아요!
빼코빼코,해장국,예약 없이 이용,대기 시간 바로 입장,여행,혼자,음식이 맛있어요,,,,,보이기엔 뼈해장국 맑은 버전인 거 같은데 뼈해장국과는 또 다른 맛이에요. 좀 더 맑은데 깊이감이 있는 해장국 느낌? 고기도 실하고 많아요. 혼밥 자리도 있어서 바다 보면서 먹을 수 있어요!
빼코빼코,국수,예약 없이 이용,대기 시간 30분 이내,여행,혼자,음식이 맛있어요,,,,,고기국수 맛집 인정..👍🏻 제가 항상 생각한 고기국수는 라멘과 별 다를게 있나 했는데 올래국수 먹고 나니까 이게 고기국수구나!! 하고 느꼈습니다. 국물이 맑고 담백하고 기름지지 않은데 고기까지 많고..완전 고기국수 그 자체에요. 제주도 오면 고기국수 먹으러 여기 또 올 것 같아요. 단일메뉴다보니 주문하자마자 음식은 바로 나온다는 것도 장점!! 그래서 웨이팅이 좀 있어도 회전율이 빠릅니다. 국수 하나로 담백함과 맛을 둘다 사로잡기 쉽지 않은데 맛집은 역시 맛집이네요.
빼코빼코,양갈비,예약 없이 이용,대기 시간 바로 입장,일상,지인・동료,음식이 맛있어요,,,,,마라탕 국물이 일반 마라탕집이랑은 좀 다르게 땅콩 소스가 더 많이 들어간 느낌이라 국물도 걸쭉하고 맛있어요! 마라탕 초보자 분들도 무난하게 먹을 수 있는 맛! 가격은 다른 마라탕집에 비해 살짝 비싸요! 
빼코빼코,케이크전문,예약 없이 이용,대기 시간 바로 입장,"친목, 나들이",친구,디저트가 맛있어요,인테리어가 멋져요,,,,미국 느낌 나는 치즈 케이크 맛집이에요🇺🇸 실제 미국인들도 많더라구요! 그래서 더 미국 온 느낌 났어요ㅎㅎ 치즈 케이크 정말 맛있어요ㅠㅠ 아이스크림까지 올려주시고 넘 맛있게 먹었어요!!
빼코빼코,일식당,예약 후 이용,대기 시간 10분 이내 ,"친목, 나들이",친구,음식이 맛있어요,특별한 메뉴가 있어요,,,,제이타쿠동과 감태의 조합💕 식전으로 먹을 아귀 간과 식후에 먹을 미타라시당고까지 서비스가 너무 좋네요. 음식도 정갈하게 차려져 나오고 귀여운 메뉴 네임택까지ㅎㅎ 토마토연어국수는 기대 이상이었어요. 연어가 국수처럼 나와서 호로록 먹는 재미가 있어요. 양은 남자 분들에게는 살짝 적을 수도 있지만 국수에 야채도 많이 들어있어서 건강하게 먹기 좋을 것 같아요!
빼코빼코,찜닭,예약 없이 이용,대기 시간 바로 입장,일상,지인・동료,음식이 맛있어요,,,,,순살에 맵기는 신라면 맵기 정도로 치즈 토핑 해서 먹었어요! 매콤하면서 달짝지근해서 너무 맛있게 먹었어요! 김가루는 따로 달라고 하시면 사장님이 주세요! 역시 찜닭 언제 먹어도 맛나여!!
빼코빼코,"육류,고기요리",예약 없이 이용,대기 시간 바로 입장,일상,지인・동료,음식이 맛있어요,,,,,김치찌개가 조금 시큼해서 호불호 갈릴 맛이에요. 고기는 안에 많지는 않았어요.
빼코빼코,떡볶이,예약 없이 이용,대기 시간 바로 입장,친목,친구,음식이 맛있어요,,,,,신당동 떡볶이는 처음 먹어보네요!! 떡볶이 맛 자체는 괜찮았어요! 양도 많고 외국인 친구 데려오기 딱 좋을 것 같아요. 실제로 외국인들도 많더라구요. 계란은 추가로 넣어야해서 계란 인당 꼭 넣으시구요ㅎㅎ 순대에 내장 안 들어가있는 게 좀 아쉽지만 신당동 떡볶이가 궁금하시면 한번쯤 경험삼아 와볼만 해요.
빼코빼코,"딤섬,중식만두",예약 없이 이용,대기 시간 바로 입장,친목,친구,음식이 맛있어요,혼밥하기 좋아요,,,,한남동 만두 맛집이에요🥟삼색 만두가 시그니처이긴 하지만 교자들도 가능하면 꼭 시키세요! 교자 만두피가 정말 쫄깃하고 맛있어요! 안에 속재료도 많고 너무 맛있어서 친구랑 또 오고 싶다고 말했네요ㅠㅠ 다음에 오면 단당면을 꼭 먹어보겠어요!
빼코빼코,"카페,디저트",예약 없이 이용,대기 시간 바로 입장,친목,친구,인테리어가 멋져요,커피가 맛있어요,,,,호주식 커피 맛집인데 분위기도 해외 온 것 같구 좋아요! 카페가 기차역 컨셉이어서 원하는 문구 적으면 사장님이 소장용 티켓도 만들어주시네요. 커피도 마시면서 감성까지 챙길 수 있어서 분위기 좋았습니다!
빼코빼코,"맥주,호프",예약 없이 이용,대기 시간 바로 입장,회식,지인・동료,음식이 맛있어요,술이 다양해요,,,,안주로 치킨이랑 화채시켰는데 너무 맛있게 먹었어요! 치킨에 있는 감튀 존맛! 양도 딱 적당하고 2차 하기 좋아요. 
빼코빼코,생선회,예약 없이 이용,대기 시간 바로 입장,회식,지인・동료,음식이 맛있어요,,,,,노량진 수산시장에서 자주 가는 횟집이에요. 모듬회로 시켰어요! 방어철에 자주 갔는데 여름에 와도 맛있네요! 
빼코빼코,한식,예약 없이 이용,대기 시간 바로 입장,회식,"친구, 지인・동료",음식이 맛있어요,,,,,오픈런 해서 갔어요! 문 열어놓으니까 야장 느낌도 나면서 분위기 좋더라구요. 곱창은 초벌 된 상태로 나옵니다. 그리고 곱창이 진짜 맛있습니다.  곱이 가득해요! 볶음밥까지 볶아먹었어요! 자리는 좀 협소해도 곱창이 맛있어서 또 오고 싶네요!
빼코빼코,돈가스,예약 없이 이용,대기 시간 바로 입장,일상,지인・동료,음식이 맛있어요,,,,,로스가츠 바삭하니 부드럽고 맛있어요. 같이 나오는 양배추국도 국물이 진하고 양배추도 아삭아삭해요. 점심식사로 먹기 딱 좋습니다!
빼코빼코,양식,예약 없이 이용,대기 시간 2시간 이상,친목,지인・동료,인테리어가 멋져요,컨셉이 독특해요,음식이 맛있어요,,,"평일 저녁에 갔는데도 웨이팅이 후덜덜했어요. 3인 기준 여섯시에 캐치테이블로 예약했는데 8시 입장했어요! 그래도 웨이팅한 시간이 아깝지 않게 메뉴가 모두 맛있었고 특색 있었어요! 잠봉뵈르 파스타는 완전 처음 먹어보는 맛..💖 시금치 치미추리 소스는 또 처음 먹어보네요. 다만, 양은 좀 적은 편이라 세명이서 네개 시키니까 딱 알맞았어요. 많이 먹는 분들은 배 안 부르실수도..ㅎㅎ 하지만 분위기만큼은 최고에요!"
빼코빼코,아시아음식,예약 없이 이용,대기 시간 바로 입장,일상,혼자,음식이 맛있어요,현지 맛에 가까워요,,,,베트남에서 파는 꿔이를 한국에서도 파는 곳은 처음 봤어요. 쌀국수 처돌이라 꿔이도 추가로 시켰는데 역시 맛있어요ㅠ 빵이랑 쌀국수 국물이랑 어우러지면서 촉촉해요! 양도 많고 쌀국수 메뉴도 다양해요!
