﻿nickname,restaurant,reservation,waiting,purpose,withwho,tagging_1,tagging_2,tagging_3,tagging_4,tagging_5,content
잡덕수집가,"해물,생선요리",예약 없이 이용,대기 시간 바로 입장,일상,지인・동료,음식이 맛있어요,,,,,간이 세지 않아서 좋습니다.
잡덕수집가,"장어,먹장어요리",예약 없이 이용,대기 시간 바로 입장,일상,지인・동료,음식이 맛있어요,,,,,식감이 엄청 부드럽습니다.
잡덕수집가,카페,예약 없이 이용,대기 시간 바로 입장,일상,부모님,음료가 맛있어요,,,,,볼거리도 있고 먹을거리도 있어요
잡덕수집가,국수,예약 후 이용,대기 시간 1시간 이상,일상,지인・동료,음식이 맛있어요,양이 많아요,,,,맵찔이는 비추천이에요. 위가 쓰려요. 한입만 찬스 쓰세요
잡덕수집가,"카페,디저트",예약 없이 이용,대기 시간 바로 입장,일상,부모님,종류가 다양해요,매장이 청결해요,,,,바로 구워서 주기 때문에 조금 기다려야 하는데 맛있습니다
잡덕수집가,생선회,예약 없이 이용,대기 시간 바로 입장,일상,부모님,음식이 맛있어요,,,,,막회 맛있어요. 국수 곁들여서 막기도 좋습니다
잡덕수집가,베트남음식,예약 없이 이용,대기 시간 바로 입장,일상,지인・동료,가성비가 좋아요,,,,,빠르게 먹을 수 있고 고수 옵션 있습니다
잡덕수집가,카페,예약 없이 이용,대기 시간 바로 입장,일상,지인・동료,음료가 맛있어요,,,,,기차표 할인되서 좋아요
잡덕수집가,호텔,비즈니스,지인・동료,,,침구가 좋아요,,,,,한식보다는 양식이 조식으로 좋은 것 같습니다.
잡덕수집가,카페,예약 없이 이용,대기 시간 바로 입장,일상,혼자,집중하기 좋아요,오래 머무르기 좋아요,,,,유자 껍질이 씹혀서 상큼해요
잡덕수집가,한식,예약 없이 이용,대기 시간 바로 입장,일상,부모님,차분한 분위기에요,,,,,보기보다 가격대가 있는 편이네요
잡덕수집가,"카페,디저트",예약 없이 이용,대기 시간 30분 이내,친목,지인・동료,인테리어가 멋져요,,,,,사람이 많아서 정신없네요. 텐트 자리는 모임하기 좋습니다
잡덕수집가,"카페,디저트",예약 없이 이용,대기 시간 바로 입장,일상,,가성비가 좋아요,,,,,모닝커피 한잔 뚝딱 가능합니다
잡덕수집가,모텔,비즈니스,지인・동료,,,화장실이 잘 되어있어요,주차하기 편해요,,,,깨끗해서 출장와서 이용하기 좋아요
잡덕수집가,한식,예약 없이 이용,대기 시간 바로 입장,일상,지인・동료,음식이 맛있어요,가성비가 좋아요,,,,각자 2인분씩 순삭이요
잡덕수집가,"칼국수,만두",예약 없이 이용,대기 시간 바로 입장,일상,지인・동료,음식이 맛있어요,가성비가 좋아요,,,,풋고추가 엄청 크고 아삭 맛있어요
잡덕수집가,찜닭,예약 없이 이용,대기 시간 바로 입장,일상,부모님,음식이 맛있어요,매장이 넓어요,,,,배달로 먹다가 직접 먹으러 왔어요
잡덕수집가,"백숙,삼계탕",예약 없이 이용,대기 시간 바로 입장,가족모임,"부모님, 친척・형제",음식이 맛있어요,,,,,다른데 먹어봐도 여기가 제일 맛있어요
잡덕수집가,이탈리아음식,예약 없이 이용,대기 시간 바로 입장,일상,부모님,음식이 맛있어요,,,,,매장이 복잡하지 않아서 좋아요
잡덕수집가,한식,예약 없이 이용,대기 시간 바로 입장,일상,지인・동료,음식이 맛있어요,,,,,따뜻한 음식 빠르게 나와서 좋습니다
잡덕수집가,"과일,주스전문점",예약 없이 이용,대기 시간 바로 입장,일상,지인・동료,특별한 메뉴가 있어요,,,,,깍두기 망고 재밌습니다
잡덕수집가,호텔,비즈니스,지인・동료,,,침구가 좋아요,호캉스하기 좋아요,,,,조식 맛있어요. 침구가 엄청 푹신하네요
잡덕수집가,"육류,고기요리",대기 시간 바로 입장,일상,,,고기 질이 좋아요,,,,,고기 질이 좋아요
잡덕수집가,"육류,고기요리",예약 없이 이용,대기 시간 바로 입장,일상,지인・동료,가성비가 좋아요,,,,,반찬 인심이 좋습니다.
잡덕수집가,호텔,비즈니스,지인・동료,,,침구가 좋아요,조용히 쉬기 좋아요,,,,신축이라 깨끗하고 조용해서 출장 와서 편하게 이용합니다.
잡덕수집가,종합분식,예약 없이 이용,대기 시간 바로 입장,일상,지인・동료,가성비가 좋아요,혼밥하기 좋아요,,,,전주 오면 당연한 코스 같은 식당입니다.
잡덕수집가,일식당,예약 없이 이용,대기 시간 바로 입장,일상,지인・동료,음식이 맛있어요,,,,,메뉴 다양하게 맛볼 수 있습니다.
잡덕수집가,카페,예약 없이 이용,대기 시간 바로 입장,친목,지인・동료,커피가 맛있어요,뷰가 좋아요,,,,야외 공간도 있어서 바람 맞으면서 마시니까 좋아요.
잡덕수집가,한식,예약 없이 이용,대기 시간 바로 입장,가족모임,친척・형제,특별한 메뉴가 있어요,,,,,통감자전 바삭하니 술안주로 좋아요
잡덕수집가,"맥주,호프",예약 없이 이용,대기 시간 바로 입장,일상,부모님,특별한 메뉴가 있어요,,,,,술 종류보다 술안주 다양합니다.
잡덕수집가,한식,예약 없이 이용,대기 시간 바로 입장,가족모임,친척・형제,음식이 맛있어요,,,,,남녀노소 다양하게 먹을 수 있어서 좋아요.
잡덕수집가,"맥주,호프",예약 없이 이용,대기 시간 바로 입장,가족모임,부모님,특별한 메뉴가 있어요,,,,,하이볼과 안주 간단히 먹을 수 있어서 좋습니다
잡덕수집가,차,예약 없이 이용,대기 시간 바로 입장,일상,친척・형제,음료가 맛있어요,,,,,더운데 스무디 시원해서 좋아요
잡덕수집가,빙수,예약 없이 이용,대기 시간 바로 입장,일상,부모님,가성비가 좋아요,,,,,인절미콩빙수에 팥추가 자주해서 먹어요
잡덕수집가,쌈밥,예약 없이 이용,대기 시간 바로 입장,가족모임,부모님,음식이 맛있어요,,,,,짭짤하게 맛있습니다
잡덕수집가,한식,예약 없이 이용,대기 시간 바로 입장,일상,지인・동료,음식이 맛있어요,,,,,점심식사로 담백하게 먹기 좋아요
잡덕수집가,베이커리,예약 없이 이용,대기 시간 바로 입장,나들이,부모님,특별한 메뉴가 있어요,,,,,빙수팥이 엄청 달달해요.
잡덕수집가,만두,예약 없이 이용,대기 시간 바로 입장,나들이,부모님,음식이 맛있어요,,,,,간이 약해서 조절해서 드시는 분들에게 좋습니다.
잡덕수집가,한식,예약 없이 이용,대기 시간 바로 입장,친목,지인・동료,음식이 맛있어요,,,,,빠르고 간편하게 먹을 수 있습니다.
잡덕수집가,돈가스,예약 없이 이용,대기 시간 바로 입장,비즈니스,지인・동료,음식이 맛있어요,,,,,고기가 얇고 바삭해요
잡덕수집가,"카페,디저트",예약 없이 이용,대기 시간 바로 입장,비즈니스,지인・동료,커피가 맛있어요,가성비가 좋아요,,,,세트메뉴 있어서 먹어보았습니다.
잡덕수집가,모텔,비즈니스,혼자,,,조용히 쉬기 좋아요,,,,,출장와서 쉬기 좋습니다
잡덕수집가,한식,예약 없이 이용,대기 시간 바로 입장,일상,지인・동료,음식이 맛있어요,,,,,이틀 연속으로 먹고 있어요
잡덕수집가,김밥,예약 없이 이용,대기 시간 바로 입장,일상,지인・동료,음식이 맛있어요,,,,,김밥에 라면 딱이네요
잡덕수집가,"족발,보쌈",예약 없이 이용,대기 시간 바로 입장,비즈니스,지인・동료,음식이 맛있어요,,,,,다양하게 맛볼 수 있어서 좋습니다
잡덕수집가,호텔,비즈니스,지인・동료,,,깨끗해요,,,,,화장실 넖고 환해서 좋습니다.
잡덕수집가,베이커리,예약 없이 이용,대기 시간 바로 입장,일상,지인・동료,빵이 맛있어요,,,,,아이디어 좋고 맛도 좋아요
잡덕수집가,한식,예약 없이 이용,대기 시간 바로 입장,비즈니스,지인・동료,음식이 맛있어요,,,,,반찬이 다 맛있습니다.
잡덕수집가,베이커리,예약 없이 이용,대기 시간 바로 입장,일상,지인・동료,빵이 맛있어요,,,,,빵 종류 다양하고 맛있어요
잡덕수집가,일식당,예약 없이 이용,대기 시간 바로 입장,친목,지인・동료,음식이 맛있어요,,,,,"마제소바, 돈까츠 두툼하고 맛있어요"
