﻿nickname,restaurant,reservation,waiting,purpose,withwho,tagging_1,tagging_2,tagging_3,tagging_4,tagging_5,content
봄 나무,이자카야,예약 후 이용,대기 시간 바로 입장,데이트,연인・배우자,대화하기 좋아요,매장이 넓어요,술이 다양해요,화장실이 깨끗해요,룸이 잘 되어있어요,"프라이빗한 룸으로 되어있어서 이야기 나누기 딱이에요!술집 특유의 시끄러움이 없어서 만족스러웠어요~사시미, 나가사끼짬뽕, 차돌떡볶이 시켰는데 배터지게 먹었습니다ㅋㅋ 나가사끼짬뽕은 밥말아먹고싶게 만드는 국물이에요. 주차는 발렛이니 참고하세요 :)"
봄 나무,주꾸미요리,예약 없이 이용,대기 시간 바로 입장,일상,부모님,음식이 맛있어요,,,,,"몇년동안 굉장히 좋아하던 맛집인데 너무 비싸요매번 비싸다 생각했는데 2주만에 1천원씩 올랐더라구요.양은 점점 줄어들고, 가격은 점점 오르고맛은 예전만큼 못하고 (다른맛집들이 많이 생긴거일수도..)아쉽네요ㅠㅠ"
봄 나무,샤브샤브,예약 없이 이용,대기 시간 10분 이내 ,데이트,연인・배우자,음식이 맛있어요,재료가 신선해요,매장이 청결해요,,,"1인샤브라 깔끔하게 혼자 먹을 수 있어요.양은 많지 않지만, 가격도 맛도 괜찮은편이에요버섯이 너무 귀엽게 미니미하게 들어있음 ㅎㅎ"
봄 나무,카페,예약 없이 이용,대기 시간 바로 입장,일상,혼자,디저트가 맛있어요,대화하기 좋아요,,,,카페드리옹은 오픈때부터 본점으로 자주 다니던 곳이에요~~ 밀푀유가 맛있고 주변 시세(?)에 비하면 가격도 괜찮아요! 딸기밀푀유 추천합니다. 에끌레어도 맛있으니 추천해요 :) 헤이즐넛 에끌레어👍🏻
봄 나무,"두피,탈모관리",,,,,시술이 꼼꼼해요,친절해요,분위기가 편안해요,매장이 청결해요,관리 효과가 좋아요,"들어설때부터 화사함에 친절함에 기분좋았던 곳.두피 분석도 철저하게 해주셔서 좋았어요~유수분밸런스 잘 맞춰주시고 각질,피지도 정리해주셔서 감사합니다 :) 깨끗한 두피를 원하시면 여기예용!"
봄 나무,"속눈썹증모,연장",,,,,시술이 꼼꼼해요,맞춤 디자인을 잘해줘요,매장이 청결해요,,,속눈썹이 직모인데다 긴 편이라 금방 축축 쳐지곤 하는데예쁘게 만들어주셨어요~ 바짝 올리는것만 해봤는데 C컬로 자연스러우면서 풍성하게 해주셔서 만족합니다 :)손이 빠르셔서 생각보다 금방 끝나는 느낌이에요!
봄 나무,"카페,디저트",예약 없이 이용,대기 시간 바로 입장,친목,친구,인테리어가 멋져요,,,,,다들 어떻게 알고오는지 유명한가봐요ㅎㅎ미국 소도시에 있는 바 느낌나서 이국적이에요.주말엔 사람들 엄청 많아요! 솔티드 크림라떼는 적당히 달고 짜서 맛있어요~~ 말차크림라떼는 생각보다 말차향은 안나서 부드럽게 마실것같아요
봄 나무,"초밥,롤",예약 없이 이용,대기 시간 바로 입장,일상,혼자,음식이 맛있어요,,,,,자주 오는 스시로로오랜만에 회덮밥먹었는데 회 양도 많고 맛있어요~
봄 나무,한식,예약 후 이용,대기 시간 바로 입장,데이트,연인・배우자,매장이 넓어요,친절해요,매장이 청결해요,음식이 맛있어요,재료가 신선해요,대치에서부터 즐겨먹던 최가네! 성수에도 생겼다해서 방문했어요~~ 여기서도 맛볼수있어서 좋아용 넘 맛있어요!가게도 깨끗하고 다 깔끔해서 좋아요 :) 둘이 먹었는데 셋이 감탄하고 갑니다(?)ㅎㅎ
봄 나무,"피부,체형관리",,,,,맞춤 케어를 잘해줘요,고급스러워요,시술이 꼼꼼해요,친절해요,분위기가 편안해요,"처음 방문한 약손명가 역삼점. 원장님이 한자리에서 17년정도 하셨다 그래서 믿고 방문했어요! 스페셜 웨딩관리 받았는데 역시 유명한 이유가 있더라구요, 드레스 입을때 라인이 아무래도 중요한데.. 온 몸을 풀어주시면서 순환되게 해주시고 바디를 제대로 터치해주세요~ 상담부터 응대, 관리도 만족하고 갑니다💕👍🏻"
봄 나무,베이커리,예약 없이 이용,대기 시간 바로 입장,데이트,친구,인테리어가 멋져요,사진이 잘 나와요,매장이 청결해요,빵이 맛있어요,,"지나가다 보기만 했었는데 첫 방문했어요!이미 유명한 맛집이더라구요?분위기도 좋은데, 베이글도 다 만족하고 갑니당~~토마토바질에이드는 신기한 맛인데 맛있어욤ㅎㅎ다음에 또 와서 이것저것 사가려구요~"
봄 나무,"카페,디저트",예약 없이 이용,대기 시간 바로 입장,친목,친구,인테리어가 멋져요,사진이 잘 나와요,매장이 청결해요,,,"뷰가 예뻐서 찾아왔어요~날씨좋았으면 더 퍼펙트할것같은데 그래듀 장마철에맑은날이라 다행이에요디저트는 까눌레랑 스콘, 브라우니, 티라미수, 바스크치즈케이크가 있어요 :) 뷰 맛집!"
봄 나무,"우동,소바",예약 없이 이용,대기 시간 바로 입장,나들이,친구,음식이 맛있어요,특별한 메뉴가 있어요,친절해요,,,예전부터 오고싶어서 저장해놓은 맛집미슐랭에 올라서 사람이 많아요.다행히 평일저녁에 웨이팅1번이었는데 7시이후부턴 사람들 엄청 많아지더라구요. 붓가케가 쫀득한 식감이라 진짜 맛있어요 튀김도 완전 바삭!! 또 갈거예요😉
봄 나무,미용실,,,,,스타일 추천을 잘해줘요,트렌디해요,매장이 청결해요,시술이 꼼꼼해요,친절해요,뿌염하기가 넘 귀찮아서 어둡게 덮어야지하고 갔는데친절하고 상세한 상담 후 애쉬빛넣어서 어둡게 했어요~마지막 스타일링까지 해주셔서 감사합니당색도 정말 마음에 들어요😆다음에 또 방문할게요!
봄 나무,카페,예약 없이 이용,대기 시간 바로 입장,데이트,연인・배우자,인테리어가 멋져요,매장이 청결해요,디저트가 맛있어요,특별한 메뉴가 있어요,,오픈때부터 좋아했던 카페드리옹. 역시 밀푀유는 여기가 맛있어요🙌🏻 오랜만에 밀크티도 시켰는데 역시 부드럽네요~
봄 나무,카페,예약 없이 이용,대기 시간 바로 입장,나들이,혼자,인테리어가 멋져요,집중하기 좋아요,화장실이 깨끗해요,,,"그릭요거트 피치프라페 신메뉴 할인이라 시켜봤는데맛있어요!!!! 그릭요거트만 먹고는 음료에 넣는다는게안어울려 읭..?싶지만 아래는 요맘때맛도 나고, 섞어먹으면 잘 어울립니다. 다만, 라지시켰는데 양은 좀 맞춰주셨으면 좋겠네여 ㅠㅠ"
봄 나무,"카페,디저트",예약 없이 이용,대기 시간 바로 입장,데이트,연인・배우자,매장이 넓어요,오래 머무르기 좋아요,,,,오랜만에 방문한 브라이언스 커피.2층은 처음 올라가봤는데엄청 넓은 자리들이 있더라구요~하지만 커피와 빵은 좀 아쉬웠어요 ㅠㅠ파운즈는 그냥 그렇고 마들렌은 포슬한 느낌이에요커피는 단걸 시켰는데 애매한 느낌이었어요 ㅠㅠ
봄 나무,"카페,디저트",예약 없이 이용,대기 시간 바로 입장,친목,친구,인테리어가 멋져요,매장이 넓어요,,,,예전부터 분위기가 마음에 들어 와보고싶었던 심재.빵과 케이크가 예쁘고 먹음직스러워서 홀릴뻔..ㅋㅋ이 날은 디저트는 패스하고 아메리카노 마셨는데맛은 쏘쏘하고 양이 물컵만한 양이라 많이 아쉽네요 ㅠㅠ그래도 매장이 넓어서 좋았어요~~ (사람이 많아서 시끄러운거 참고하세요)
봄 나무,와인,예약 없이 이용,대기 시간 바로 입장,친목,친구,인테리어가 멋져요,술이 다양해요,가성비가 좋아요,,,"친구가 맛있다해서 방문한 축상분위기좋고, 안주 가성비가 좋아요!감베로니 파스타맛집이에요~사람이 많아서 예약하고 방문하시길 추천해요 :)"
봄 나무,"멕시코,남미음식",예약 없이 이용,대기 시간 바로 입장,친목,친구,음식이 맛있어요,혼밥하기 좋아요,컨셉이 독특해요,,,"지나다니면서 외관이 외국같이 예뻐서 눈길가던곳인데드디어 방문했습니다! 일단 맛있어요!!고민하다 피기스타코 시켰는데한피스씩 파는게 좋고, 요깃거리로 좋아요.외관은 미국 느낌이라면 내부는 멕시코 로드 타코집 분위기? 신기한 곳이에요 ㅎㅎ 맛있어서 다음에 또 가서 다른메뉴 시켜보려구요."
봄 나무,양식,예약 후 이용,대기 시간 바로 입장,일상,친척・형제,인테리어가 멋져요,아늑해요,대화하기 좋아요,음식이 맛있어요,친절해요,"컨템포러리 다이닝바 르베미. 분위기부터 맛, 서비스까지 코스처럼 즐기고 왔어요❤️ 단품으로 우대갈비스테이크, 관자스테이크, 해물토마토스튜먹었는데 싹싹 다 긁어먹었어요ㅋㅋ 양식셰프님과 일식셰프님의 콜라보를 보는 재미까지 있었답니다. 모두에게 추천해요 :)"
봄 나무,중식당,예약 후 이용,대기 시간 바로 입장,데이트,연인・배우자,친절해요,매장이 청결해요,인테리어가 멋져요,음식이 맛있어요,재료가 신선해요,"인테리어도 예쁜데, 맛도 좋아요 :) 레몬크림새우, 차돌박이짬뽕, 매운짜장 시켰어요~ 하나도 거를거 없이 맛있어요! 짜장은 옛날짜장이라 참고하세여~ 전 논현오면 담에 또 먹으러올거예요ㅋㅋ"
봄 나무,"카페,디저트",예약 없이 이용,대기 시간 바로 입장,데이트,연인・배우자,인테리어가 멋져요,뷰가 좋아요,매장이 넓어요,,,"뷰 맛집이라그래서 찾아왔습니당~ 폐창고를 개조한건가봐요, 엄청난 오르막에 있어서 차있어야 올 수 있고, 주차공간이 딸려있다는게 좋아요 :) 맛은 라떼는 괜찮은데 조금더 고소하면 좋겠고, 옥수수라떼는 옥수수맛이 가득나서 맛있네요~~ 비와도 오기 좋은곳이네용ㅋㅋ"
봄 나무,생선회,예약 후 이용,대기 시간 바로 입장,친목,친구,단체모임 하기 좋아요,가성비가 좋아요,친절해요,,,B코스로 2인 시켰어요~회가 얇게 나와서 회의 식감을 잘 느낄 수 있고 스끼다시가 많이 나옵니당 ㅎㅎ무엇보다 광안리 뷰라서 뷰가 대박!!친절하셔서 기분좋게 저녁 잘 먹고갑니당
봄 나무,대게요리,예약 후 이용,대기 시간 바로 입장,데이트,연인・배우자,친절해요,음식이 맛있어요,양이 많아요,매장이 넓어요,,"부산여행가서 정말 맛있게 먹었던 대게!2kg먹었는데 2마리 나왔어요 양이 부족하지않을까 걱정했는데 전혀! 두명이서 두마리 먹었는데 대게로만 배가 부르더라구요~~ 라면에도 해산물 아낌없이 넣어주시고, 대게 먹고싶다면 원조기장대게할인마트 추천합니다 :) 7층이에요"
봄 나무,"네일아트,네일샵",,,,,원하는 디자인을 잘해줘요,아트가 멋져요,시술이 꼼꼼해요,손발 케어를 잘해줘요,매장이 청결해요,"6월 이달의 아트했어요~ 첫방문인데 다른곳에서 네일받고 손톱이 상해서 다 자르고 갔는데, 짧고 상한 손톱에도 예쁘게 다듬어주셨어요!심지어 아트도 다 넘 예뻐서 뭐할지 고민하다가여름이라 시원한 연두색으로 했습니다.친절하고 깔끔하고 다음에 또 올게요💚"
봄 나무,요리주점,예약 후 이용,대기 시간 바로 입장,나들이,연인・배우자,음식이 맛있어요,기본 안주가 좋아요,인테리어가 멋져요,친절해요,매장이 청결해요,"교대에 이렇게 예쁘고 맛있는 술집이 있었다니!정말 맛있게 먹고 갑니다~~모임, 나들이, 데이트에도 좋고한식에 전통주가 있어서 부모님 모시고 오기에도 좋을것같아요. 닭백숙도 차돌떡볶이도 진짜 맛있어요~~이미 핫플이지만 핫플되세용❤️"
봄 나무,"카페,디저트",예약 없이 이용,대기 시간 바로 입장,데이트,연인・배우자,인테리어가 멋져요,사진이 잘 나와요,,,,"오픈때부터 엄청 기대했던 미뉴트빠삐용!방문은 처음해봤는데 실망이네요 ㅠㅠ일단 겉만 바삭하고 속은 완전 퍽퍽해서 물이 필요해요스페인에서도 매일 츄러스 먹고, 한국에서도 츄러스 찾아먹을 정도로 좋아합니다. 속까지 바삭한 식감의 츄러스인데 왜 놀이동산만큼도 못하는지.. 아쉬움만 남는 츄러스였어요…🥲"
봄 나무,"피부,체형관리",,,,,친절해요,매장이 청결해요,좋은 제품을 사용해요,관리 효과가 좋아요,맞춤 케어를 잘해줘요,"바나나부띠끄 첫 방문인데 대만족하고갑니다!😊 역에서도 가까워서 편하고 내부도 예뻐서 반했어요~~ 고민하는 점이 많아서 무슨 관리를 받을까하다가 원장님이 추천해주신 듀얼리프팅관리로 받았는데 얼굴이 아주 반짝반짝 광이나요✨ 각질 정돈도 되었고, 피부가 무엇보다 탱탱하게 수분이 채워져서 화사해졌어요 감사합니다 :)"
봄 나무,일식당,예약 없이 이용,대기 시간 바로 입장,친목,지인・동료,인테리어가 멋져요,아늑해요,친절해요,,,삼각지역에 새로운 밥집이 생겼더라구요~ 리뷰가 좋아서 가본 곳. 일단 분위기도 좋고 친절하시고 조용해서 혼밥하기 딱이에요! 밥그릇이 작았는데 생각보다 배도 부르고 맛도 맛있었어요! 조금 느끼할법해서 와사비를 같이 주시면 더 좋을 것 같아요. 소바는 추가로 시켰는데 맛이 좀 아쉬웠어요. 무도 같이 주시면 좋을듯하네요 :)
봄 나무,카페,예약 없이 이용,대기 시간 바로 입장,데이트,연인・배우자,인테리어가 멋져요,,,,,애플망고빙수 본사에서 누가 디자인(?)한건지…맛은 둘째치고 먹지도않았는데 요렇게 무너지네요케이크 느낌을 내고 싶었던것같은데.. 눈꽃얼음이라뜯자마자 바로 망고와 푸딩이 무너져내립니다.맛도 그닥이라.. 망고빙수가 맛없기 쉽지않은데아쉬움만 가득.. 차라리 망고푸딩보다는 요거트아이스크림이 더 잘 어울릴듯요..
봄 나무,양식,예약 후 이용,대기 시간 바로 입장,친목,친구,음식이 맛있어요,인테리어가 멋져요,매장이 넓어요,단체모임 하기 좋아요,친절해요,모임하러왔어요~~ 맛있고 푸짐해요!
봄 나무,조개요리,예약 후 이용,대기 시간 바로 입장,친목,친구,컨셉이 독특해요,재료가 신선해요,,,,이렇게 유명한 곳이었나요? 사람들이 순식간에 차고 웨이팅까지 생기는 야주포차! 조개구이 잘 먹고 왔어요 :)요즘 날씨엔 좀 더워서 다음번엔 비올때 조개전골 먹어보려구요~
봄 나무,카페,예약 없이 이용,대기 시간 바로 입장,데이트,연인・배우자,대화하기 좋아요,디저트가 맛있어요,매장이 청결해요,,,유명한 밀푀유 맛집🧡 생긴지 초반부터 서래마을 본점을 자주갔었는데 이젠 지점이 많이 생겨서 입구점으로 왔어요~~ 서래마을 입구점에선 포장해서 선물한 적 있는데 엄청 예쁘고 맛있다고 들었습니다 :) 밀푀유 추천해오!
봄 나무,"카페,디저트",예약 없이 이용,대기 시간 바로 입장,데이트,연인・배우자,인테리어가 멋져요,뷰가 좋아요,매장이 넓어요,야외공간이 멋져요,,뷰 하나 보고 찾아왔는데 뷰가 진짜 좋아요부지가 넓어서 자리도 많고보통 대형카페는 촌스러운데 여긴 안그러네요ㅎㅎ가격대는 좀 있지만 뷰가 좋습니당!!
봄 나무,"피부,체형관리",,,,,시술이 꼼꼼해요,친절해요,상담이 자세해요,관리 효과가 좋아요,맞춤 케어를 잘해줘요,"뷰티건강검진 대박이에요❣️내 피부의 모공, 피지, 주름, 미백 상태를 진단해주고, 내 체형의 불균형과 문제점도 분석해줘서 맞춤케어를 해주세요🤍 헤리티지스파는 전문적인 케어와 친절한 서비스에 한번 가면 계속 찾게되는 뷰티맛집이에요😍 늘 감사합니다!! "
봄 나무,돈가스,예약 없이 이용,대기 시간 바로 입장,데이트,연인・배우자,친절해요,매장이 청결해요,음식이 맛있어요,재료가 신선해요,혼밥하기 좋아요,"시올돈 엄청 좋아하는데 방배점이 본점이더라구요~!거기에 놀라고, 맛에 또 한번 놀라고🫢특등심카츠, 김치가츠나베 둘다 진짜 맛있습니당치즈카츠랑 카레는 품절이라 다음번엔 그거 먹어보려구요~사장님이 엄청 친절하셔서 기분좋게 저녁먹고왔어요방배동혼밥, 방배동점심으로도 추천합니다 :)"
봄 나무,메이크업,,,,,고급스러워요,유지력이 좋아요,친절해요,손이 빨라요,,메이크업하시는 은쌤이랑 헤어쌤도 손이 엄청 빠르세요 그런데도 완벽하게 만들어내주시네요👍🏻👍🏻 사진찍을 일이 있어서 방문했는데 첫방문인데도 완전 만족하고 갑니다ㅎㅎ
봄 나무,"카페,디저트",예약 없이 이용,대기 시간 바로 입장,나들이,친척・형제,인테리어가 멋져요,사진이 잘 나와요,아늑해요,차분한 분위기에요,커피가 맛있어요,지나가다 많이 본 곳인데 내부로 들어오니 훨씬 분위기가 예뻐요. 컨셉에 진심이신지 하나하나 정성이 느껴져요. 소품도 예쁘고 엽서도 넘 예뻐서 구매했어용 ㅎㅎ 음료도 맛있게 잘 먹고 갑니당~~! 또 올게여
봄 나무,생선회,예약 없이 이용,대기 시간 바로 입장,회식,지인・동료,재료가 신선해요,가성비가 좋아요,건강한 맛이에요,친절해요,매장이 넓어요,"오랜만에 참치 먹으러 왔어요~대부분 룸이라서 프라이빗하게 모임할 수도 있고,특 스페셜인데 가격대비 코스도 잘 나오네요콘버터, 조림, 메로구이 등등 먹을게 너무 많음그리고 무엇보다 참치 퀄리티가 정말 좋아요!!부위별로 쫄깃하고 부드럽고 입에서 녹고🤤잘 먹고 갑니당 자주 올게요~~!"
봄 나무,햄버거,예약 없이 이용,대기 시간 바로 입장,친목,친구,음식이 맛있어요,특별한 메뉴가 있어요,인테리어가 멋져요,친절해요,,"로제버거랑 스리라차갈릭버거 먹었는데진짜 맛있었어요! 두개 다 특이한 메뉴라 어떤 맛일지 궁금했는데, 시그니처인 이유가 있더라구요.로제는 중독되고, 스리라차는 로제에 비해 담백해요핫비비큐치킨은 양념이 쎄고 매콤해서 제 입맛엔 딱!담에 버거좋아하는 친구데리고올게여"
봄 나무,생선회,예약 후 이용,대기 시간 바로 입장,나들이,친척・형제,가성비가 좋아요,친절해요,,,,숙성회 2인세트먹었는데 가성비가 엄청 좋아요~회도 광어 연어 농어 숭어 엔가와까지이 가격에 회뿐만아니라 미나리회무침 오뎅탕 연어머리조림 새우튀김 밥까지 나옵니당~~중대학생들도 많이 오는곳이더라구요!
봄 나무,"육류,고기요리",예약 없이 이용,대기 시간 바로 입장,데이트,연인・배우자,매장이 청결해요,매장이 넓어요,,,,이곱착한고기에서 이베리코 먹고왔어요엄청 넓어서 모임하기에 좋을것같아요~
봄 나무,"카페,디저트",예약 없이 이용,대기 시간 바로 입장,데이트,연인・배우자,친절해요,화장실이 깨끗해요,디저트가 맛있어요,특별한 메뉴가 있어요,,에그타르트 맛집이 여기있었나봐요~~유자에그타르트는 유자청이 들어서 새콤해서 맛있고솔티드카라멜에그타르트는 달달한데 살짝 커피향이 풍겨요다음에 또 에그타르트 생각나서 올것같아요 ㅎㅎㅎ
봄 나무,"육류,고기요리",예약 후 이용,대기 시간 10분 이내 ,데이트,연인・배우자,친절해요,음식이 맛있어요,고기 질이 좋아요,특별한 메뉴가 있어요,,"깍둑꽃살과 양념소갈비살 시켜서 먹었는데 너무 맛있어서 2인분 더 시킨거있죠? 후식은 후식대로 냉면, 치즈계란찜, 된장찌개까지..! 먹으면서 인상이 찌푸려지는 진짜 맛집!너뮤 맛있습니당… 진짜 메뉴별로 시켜서 드셔보세요!!"
봄 나무,"피부,체형관리",,,,,시술이 꼼꼼해요,A/S가 세심해요,관리 효과가 좋아요,맞춤 케어를 잘해줘요,,고급스러운 인테리어에 친절한 상담도 좋았는데꼼꼼한 관리까지 몸이 노곤노곤해져요~ 1회받으러갔다가 20회 결제했습니당ㅋㅋ 피부랑 바디 두가지를 한곳에서 한번에 받을 수 있는게 좋았어요! 뭉친 근육 풀러 열심히 다니려구요 :)
봄 나무,포장마차,예약 후 이용,대기 시간 바로 입장,데이트,연인・배우자,단체모임 하기 좋아요,친절해요,음식이 맛있어요,기본 안주가 좋아요,술이 다양해요,조개전골 양도 많고 정말 맛있어요!기본 안주인 홍합탕도 푸짐합니다~~다 먹은 후엔 칼국수 사리 추가한 후국물이 좀 짜졌으니 홍합탕국물반+전골국물반이렇게 섞으면 국물이 더 기가 막혀요!!!사장님도 친절하시고 잘 먹고 갑니당 ㅎㅎ
봄 나무,생선회,예약 후 이용,대기 시간 바로 입장,데이트,연인・배우자,인테리어가 멋져요,매장이 넓어요,단체모임 하기 좋아요,음식이 맛있어요,재료가 신선해요,"질이 좋아서 참치가 하나도 비리지않아요~부위별로 참치를 즐길 수 있어서 좋았어요 :)어묵탕도 시원하고 맛있어서 잘 먹고 갑니당!사당역 단체모임, 접대로 추천해요 "
봄 나무,"우동,소바",예약 없이 이용,대기 시간 바로 입장,데이트,연인・배우자,차분한 분위기에요,매장이 청결해요,음식이 맛있어요,재료가 신선해요,,냉소바가 먹고싶어 들린 우사기소바.토리텐 냉소바와 에비텐 냉소바를 시켰는데여기 튀김 진짜 잘하시네요~~소바도 깔끔하고 짭짤해요!점심에 사람많다는데 평일 저녁은 그래도 북적이지않게 먹을수있었어용 ㅎㅎ
봄 나무,"피부,체형관리",,,,,시술이 꼼꼼해요,친절해요,분위기가 편안해요,관리 효과가 좋아요,맞춤 케어를 잘해줘요,"두번째 방문하는 진심테라피.공간 예쁜건 말해뭐해요~ 화사하고 예쁜데 관리실과 베드는 편한데다, 무엇보다 관리가 미쳤어요!저번엔 피부수분관리받고 이번엔 등관리 받았는데팔 수술로 깁스하고 있었어서 어깨도 등도 다 뭉친데다 틀어졌는데, 정말 뼈와 근육 하나하나 다 만져주시는 느낌.여긴 모든 분들이 실력이 대단하십니다👏🏻 시원해서 행복했어요~~!!"
