﻿nickname,restaurant,reservation,waiting,purpose,withwho,tagging_1,tagging_2,tagging_3,tagging_4,tagging_5,content
리나4891,"곱창,막창,양",예약 후 이용,대기 시간 30분 이상,일상,친구,음식이 맛있어요,단체모임 하기 좋아요,친절해요,,,부위별로 무한리필이 가능해서 좋아요! 평일 6시 이후로 가니 웨이팅이 한..3~40분 걸립니다. 초벌되서 나와 바로먹긴 좋아요! 이벤트도 다양하니 참여해보세요!
리나4891,카레,예약 없이 이용,대기 시간 바로 입장,일상,친구,음식이 맛있어요,,,,,인테리어가 멋지고 재료가 신선해요! 시그니처 메뉴도 신기하고 맛있어요~
리나4891,"카페,디저트",예약 없이 이용,대기 시간 바로 입장,일상,친구,인테리어가 멋져요,사진이 잘 나와요,매장이 청결해요,,,"분위기가 좋고, 아늑해요. 음료도 맛있고 특히 플레이팅이 예뻐서 눈으로도 즐기고 입으로도 즐기기 좋아요! 특히 실타래 빙수가 독특합니다! 토핑도 다양하면서 실타래 모양으로 톡톡 끊어지는게 예술이에요."
리나4891,피자,예약 없이 이용,대기 시간 바로 입장,"여행, 일상",친구,음식이 맛있어요,재료가 신선해요,인테리어가 멋져요,매장이 청결해요,친절해요,치즈폭포를 추기해서 치즈가 넘쳐 흐릅니다! 치즈 진짜 추천! 게딱지 밥 신기해서 시켜봤는데 은근 매콤하고 느끼한 피자와 잘 어울려요
리나4891,이탈리아음식,예약 없이 이용,대기 시간 바로 입장,일상,지인・동료,음식이 맛있어요,인테리어가 멋져요,매장이 넓어요,친절해요,매장이 청결해요,분위기가 좋고 사진찍기 좋아요! 파스타가 부드럽고 재료가 신선해서 맛있어요~
리나4891,"카페,디저트",예약 없이 이용,대기 시간 바로 입장,일상,친구,특별한 메뉴가 있어요,음식이 맛있어요,인테리어가 멋져요,사진이 잘 나와요,친절해요,푸딩이 말랑하고 부드럽고 맛있어요! 샤베트도 복숭아랑 부딩이랑 잘 조화롭게 잘 어울러서 굳이에요! 주말에는 사람들이 있어서 자리 한번 잡으면 못 옮기니 유의하세요~
리나4891,보드카페,,,,,시설이 깔끔해요,게임 종류가 다양해요,친절해요,,,"시설도 깔끔하고 넓어요! 닌텐도 스위치 게임도 있으면서, 음료랑 음식도 다양해서 좋습니다!"
리나4891,중식당,예약 없이 이용,대기 시간 10분 이내 ,일상,지인・동료,음식이 맛있어요,혼밥하기 좋아요,아늑해요,친절해요,매장이 청결해요,점심시간때 가면 조금 웨이팅이 있긴 하지만 음식이 맛있어요! 네이버 리뷰하면 꽃빵도 주는데 완전 추천합니다~
리나4891,카페,대기 시간 바로 입장,일상,친척・형제,,인테리어가 멋져요,대화하기 좋아요,친절해요,커피가 맛있어요,,1층과 2층으로 이루어져 있고 매장이 넓어요~ 시그니처 커피도 있고 맛있어요!
리나4891,,예약 없이 이용,대기 시간 바로 입장,"친목, 일상",친구,기본 안주가 좋아요,음식이 맛있어요,친절해요,매장이 청결해요,혼술하기 좋아요,가성비 좋고 안주가 다양해요. 5 -6시 사이에 와서 하이볼 시키면 1+1이라 좋습니다~ 
리나4891,안경원,,,,,친절해요,설명이 자세해요,가격이 합리적이에요,,,"상담하는데 친절하고 진행이 빠르게 이어져서 좋았어요~ 안경알 새로 맞추는 기다리는 시간동안 2층에 쉬는 공간과 간식, 게임도 있어서 기다리는데 지루하지도 않고 편하게 있었어요"
리나4891,돈가스,예약 없이 이용,대기 시간 바로 입장,"나들이, 일상",친구,음식이 맛있어요,인테리어가 멋져요,뷰가 좋아요,매장이 청결해요,,음식이 맛있고 친절해요! 분위기도 은은하고 사진찍기 좋아요~
리나4891,,예약 없이 이용,대기 시간 바로 입장,일상,친구,특별한 메뉴가 있어요,가성비가 좋아요,대화하기 좋아요,친절해요,,지금 네이버 리뷰 진행하면 토스트를 주는 이벤트가 진행중이에요 굿굿~ 
리나4891,분식,예약 없이 이용,대기 시간 바로 입장,친목,친구,음식이 맛있어요,양이 많아요,인테리어가 멋져요,매장이 넓어요,,
리나4891,한식,예약 없이 이용,대기 시간 바로 입장,일상,친구,가성비가 좋아요,매장이 넓어요,아늑해요,친절해요,,"점심먹기 좋아요~ 메뉴도 다양해서 굿!메뉴: 돌솥제육, 순살가득탕국"
리나4891,빙수,예약 없이 이용,대기 시간 바로 입장,일상,친구,특별한 메뉴가 있어요,디저트가 맛있어요,,,,
리나4891,"초밥,롤",예약 후 이용,대기 시간 10분 이내 ,여행,친구,음식이 맛있어요,재료가 신선해요,메뉴 구성이 알차요,아늑해요,친절해요,회가 싱싱하고 진짜 배부르게 먹었어요 최고~
리나4891,베이커리,예약 후 이용,대기 시간 바로 입장,나들이,친구,빵이 맛있어요,디저트가 맛있어요,비싼 만큼 가치있어요,,,딸기가 싱싱하고 맛있어요!
리나4891,피자,,,,,혼밥하기 좋아요,친절해요,매장이 청결해요,음식이 맛있어요,가성비가 좋아요,
리나4891,카페,,,,,커피가 맛있어요,가성비가 좋아요,디저트가 맛있어요,대화하기 좋아요,,
리나4891,카페,,,,,대화하기 좋아요,가성비가 좋아요,,,,텀블러 가져가면 담아두디만 할인은 안되네요~
리나4891,"문구,팬시용품",,,,,친절해요,시설이 깔끔해요,특색 있는 제품이 많아요,,,"랜덤으로 여러가지 제품이 들어있어요..! 스티커를 뜯으면 교환, 환불은 안되고 수량이 한정되어 있어요."
리나4891,카페,,,,,친절해요,매장이 청결해요,가성비가 좋아요,,,텀블러 가져가면 담아서 줘요~ 아마 할인도 되는듯..??
리나4891,햄버거,,,,,혼밥하기 좋아요,대화하기 좋아요,,,,
리나4891,"카페,디저트",,,,,인테리어가 멋져요,대화하기 좋아요,사진이 잘 나와요,음료가 맛있어요,디저트가 맛있어요,
리나4891,카페,,,,,대화하기 좋아요,가성비가 좋아요,친절해요,,,
리나4891,분식,,,,,가성비가 좋아요,음식이 맛있어요,혼밥하기 좋아요,,,
리나4891,,,,,,집중하기 좋아요,대화하기 좋아요,친절해요,매장이 청결해요,,산리오 콜라보! 3000원으로 구매하는건 5000원 이상 결제당 1번만 가능하데요..!
리나4891,한식,,,,,혼밥하기 좋아요,친절해요,,,,
리나4891,카페,,,,,매장이 청결해요,친절해요,가성비가 좋아요,,,
리나4891,,,,,,음료가 맛있어요,커피가 맛있어요,가성비가 좋아요,대화하기 좋아요,,
리나4891,카페,,,,,사진이 잘 나와요,대화하기 좋아요,음료가 맛있어요,가성비가 좋아요,,
리나4891,토스트,,,,,가성비가 좋아요,매장이 청결해요,음식이 빨리 나와요,,,
리나4891,카페,,,,,가성비가 좋아요,좌석이 편해요,,,,
리나4891,"카페,디저트",,,,,커피가 맛있어요,친절해요,매장이 청결해요,,,
리나4891,카페,,,,,좌석이 편해요,친절해요,매장이 청결해요,대화하기 좋아요,,
리나4891,분식,,,,,양이 많아요,음식이 맛있어요,,,,진짜 떡이 쫄깃쫄깃해요!
리나4891,한식,,,,,혼밥하기 좋아요,가성비가 좋아요,,,,
리나4891,토스트,,,,,혼밥하기 좋아요,가성비가 좋아요,,,,KT맴버쉽 6월 달달혜택으로 1000원에 먹으니 좋아요~
리나4891,한식,,,,,혼밥하기 좋아요,음식이 빨리 나와요,,,,오늘의 메뉴: 컵밥
리나4891,종합생활용품,,,,,가성비가 좋아요,,,,,쿠로미 득템☆
리나4891,요리주점,,,,,대화하기 좋아요,오래 머무르기 좋아요,음식이 맛있어요,,,
리나4891,백화점,,,,,가성비가 좋아요,친절해요,,,,
리나4891,카페,,,,,인테리어가 멋져요,대화하기 좋아요,가성비가 좋아요,,,
리나4891,햄버거,,,,,가성비가 좋아요,매장이 청결해요,혼밥하기 좋아요,,,
리나4891,"카페,디저트",,,,,매장이 청결해요,친절해요,디저트가 맛있어요,음료가 맛있어요,사진이 잘 나와요,
리나4891,카페,,,,,친절해요,매장이 청결해요,좌석이 편해요,가성비가 좋아요,,
리나4891,카페,,,,,가성비가 좋아요,음료가 맛있어요,대화하기 좋아요,,,
리나4891,"카페,디저트",,,,,디저트가 맛있어요,특별한 메뉴가 있어요,가성비가 좋아요,,,
리나4891,카페,,,,,친절해요,대화하기 좋아요,가성비가 좋아요,,,
