﻿nickname,restaurant,reservation,waiting,purpose,withwho,tagging_1,tagging_2,tagging_3,tagging_4,tagging_5,content
쿨제이95,햄버거,예약 없이 이용,대기 시간 바로 입장,일상,혼자,음식이 맛있어요,,,,,혼밥하러 들렀는데 좋아요
쿨제이95,"치킨,닭강정",포장·배달 이용,대기 시간 30분 이상,일상,혼자,,,,,,오랜만에 먹었는데 내가알던 교촌이 맞는건지...
쿨제이95,"순대,순댓국",예약 없이 이용,대기 시간 바로 입장,일상,혼자,음식이 맛있어요,친절해요,매장이 청결해요,,,유명 맛집급은 아니지만 간단히 먹을만 해요
쿨제이95,햄버거,예약 없이 이용,대기 시간 바로 입장,일상,혼자,음식이 맛있어요,가성비가 좋아요,매장이 청결해요,,,맥모닝 치킨머핀 맛있네요
쿨제이95,이자카야,예약 없이 이용,대기 시간 바로 입장,일상,지인・동료,음식이 맛있어요,친절해요,매장이 청결해요,,,깔끔하고 맛있습니다 직원들도 매우친절
쿨제이95,돼지고기구이,예약 없이 이용,대기 시간 바로 입장,일상,지인・동료,음식이 맛있어요,양이 많아요,친절해요,매장이 청결해요,,1인분씩.따로 줘서 너무 깔끔하니 좋습니다
쿨제이95,이자카야,예약 없이 이용,대기 시간 바로 입장,친목,기타,음식이 맛있어요,기본 안주가 좋아요,친절해요,매장이 청결해요,,튀김류가 맛있습니다.  안주들 양이 넉넉해요.
쿨제이95,이자카야,예약 없이 이용,대기 시간 바로 입장,친목,기타,음식이 맛있어요,가성비가 좋아요,친절해요,매장이 청결해요,,간단한듯 하면서도 깊이있는 맛이랄까요 안주로 너무 좋습니다.
쿨제이95,중식당,예약 후 이용,대기 시간 바로 입장,친목,기타,음식이 맛있어요,재료가 신선해요,특별한 메뉴가 있어요,친절해요,매장이 청결해요,전체적으로 요리 완성도가 좋습니다. 업장 분위기도 좋고 서빙이나 직원들 친절함도 아주좋네요.마라전골 제대로 찐한 마라맛 너무 좋습니다.
쿨제이95,베트남음식,예약 없이 이용,대기 시간 바로 입장,일상,지인・동료,음식이 맛있어요,양이 많아요,가성비가 좋아요,친절해요,매장이 청결해요,점심할인.넘 좋습니다. 이근처 쌀국수중에 젤 맛있어요
쿨제이95,분식,예약 없이 이용,대기 시간 바로 입장,일상,지인・동료,음식이 맛있어요,가성비가 좋아요,친절해요,,,간단히 먹기 좋습니다. 음식이 빨리 나와서 좋아요.
쿨제이95,"육류,고기요리",예약 없이 이용,대기 시간 바로 입장,일상,지인・동료,음식이 맛있어요,고기 질이 좋아요,친절해요,매장이 청결해요,,강동구청앞에서 고깃집은 그냥 여기가면 됨.서비스 좋고 고기맛있음.
쿨제이95,"순대,순댓국",예약 후 이용,대기 시간 바로 입장,친목,지인・동료,음식이 맛있어요,양이 많아요,친절해요,,,순대국밥 뼈해장국 너무 맛있습니다. 테이블 마다 깔끔한 양념통도 좋네요.다만......모듬수육에 오소리감투 너무 말라있네요....ㅠㅠ
쿨제이95,"맥주,호프",예약 없이 이용,대기 시간 바로 입장,친목,친구,음식이 맛있어요,술이 다양해요,가성비가 좋아요,친절해요,,브롱스소주 왜케 맛있나요 직원 넘친절하심
쿨제이95,베트남음식,예약 없이 이용,대기 시간 바로 입장,일상,혼자,양이 많아요,가성비가 좋아요,친절해요,매장이 청결해요,,지금까지 먹어본 쌀국수 와는 많이 다른느낌이네요 사장님 매우 친절하시고 양 엄청 많아요 ㅋㅋ
쿨제이95,"맥주,호프",예약 없이 이용,대기 시간 바로 입장,친목,친구,음식이 맛있어요,가성비가 좋아요,친절해요,,,묘하게 맛있네요 이게 짬바 인가봅니다.
쿨제이95,일식당,예약 후 이용,대기 시간 바로 입장,친목,지인・동료,음식이 맛있어요,양이 많아요,가성비가 좋아요,친절해요,매장이 청결해요,맛있는 음식에 맛있는술 셰프님 텐션도 너무 좋고신나는 시간이었습니다
쿨제이95,"맥주,호프",예약 없이 이용,대기 시간 바로 입장,일상,친구,음식이 맛있어요,가성비가 좋아요,친절해요,,,간단히 맥주마시기 너무좋음
쿨제이95,마라탕,예약 없이 이용,대기 시간 바로 입장,일상,지인・동료,음식이 맛있어요,양이 많아요,매장이 청결해요,,,언제가도 푸잠하니 맛있습니다. 사람몰리면 많이 늦게나오긴해요
쿨제이95,중식당,예약 없이 이용,대기 시간 바로 입장,일상,지인・동료,음식이 맛있어요,양이 많아요,가성비가 좋아요,친절해요,매장이 청결해요,언제가도 맛있고 친절하세요 음식양도 넉넉해서 배불리 먹고 옵니다.
쿨제이95,"치킨,닭강정",예약 없이 이용,대기 시간 바로 입장,친목,친구,음식이 맛있어요,,,,,사장님 부부 사이가 나쁘시진않은거 같은데 왜케 숨막히죠? ㅋㅋㅋㅋㅋ 닭은 맛있는데 ㅋㅋㅋㅋ
쿨제이95,"우동,소바",예약 없이 이용,대기 시간 바로 입장,일상,지인・동료,음식이 맛있어요,양이 많아요,가성비가 좋아요,친절해요,매장이 청결해요,언제가도 너무 맛있고 부담없습니다
쿨제이95,포장마차,예약 후 이용,대기 시간 바로 입장,친목,친구,음식이 맛있어요,특별한 메뉴가 있어요,가성비가 좋아요,재료가 신선해요,친절해요,프랜차이즈 치킨포함 여기보다 맛있는 치킨집 찾기 어렵다. 거기에 소주 최적화된 안주들까지 두루갖추니 제정신으로 걸오나오기 힘든곳. 존맛탱.
쿨제이95,김밥,예약 후 이용,대기 시간 바로 입장,일상,혼자,음식이 맛있어요,양이 많아요,,,,김밥이 아주 굵직굵직 크고 맛있습니다.
쿨제이95,베트남음식,예약 없이 이용,대기 시간 10분 이내 ,일상,지인・동료,매장이 청결해요,,,,,새로오픈해서 들러봤습니다. 잘되길 바랍니다.
쿨제이95,"초밥,롤",예약 후 이용,대기 시간 바로 입장,친목,지인・동료,음식이 맛있어요,재료가 신선해요,양이 많아요,특별한 메뉴가 있어요,가성비가 좋아요,셰프님의 세심한 서비스 배터지는 양에 맛은 기본.괜히 예약이 어려운 업장이 아니네요 존맛입니다.
쿨제이95,"초밥,롤",예약 후 이용,대기 시간 바로 입장,친목,친구,음식이 맛있어요,재료가 신선해요,가성비가 좋아요,친절해요,매장이 청결해요,근래먹은 판초밥증 제일 좋았습니다 다만 셰프님 손이 좀 느리신듯하네요 😀
쿨제이95,한식,예약 없이 이용,대기 시간 바로 입장,일상,지인・동료,음식이 맛있어요,양이 많아요,가성비가 좋아요,,,서울라만두 먹음.라면에 이것저것 때려넣어 맛있음 ㅋㅋ
쿨제이95,"육류,고기요리",예약 없이 이용,대기 시간 바로 입장,친목,친구,음식이 맛있어요,가성비가 좋아요,친절해요,매장이 청결해요,,상호는 애들이나 갈꺼같은 술집인줄알았는데 구이류 너무 맛있네요. 기본안주 계란찜 강추
쿨제이95,국밥,예약 없이 이용,대기 시간 바로 입장,친목,지인・동료,음식이 맛있어요,양이 많아요,가성비가 좋아요,친절해요,,24시간 영업이라.늦게갈수 있어서 좋네요곱창전골 돼지인데 맛있었습니다.
쿨제이95,이자카야,예약 후 이용,대기 시간 바로 입장,친목,지인・동료,음식이 맛있어요,술이 다양해요,가성비가 좋아요,친절해요,매장이 청결해요,야장 자리 넘  좋구요 안주류 좋습니다. 특히 튀김이 맛있네요 👍
쿨제이95,해장국,예약 없이 이용,대기 시간 바로 입장,일상,지인・동료,음식이 맛있어요,양이 많아요,가성비가 좋아요,친절해요,,국물너무 좋네요 ㅋㅋㅋㅋ 해장잘됐습니다.
쿨제이95,카페,예약 없이 이용,대기 시간 바로 입장,일상,부모님,커피가 맛있어요,가성비가 좋아요,,,,편하게 커피마시기 좋네요
쿨제이95,"순대,순댓국",예약 없이 이용,대기 시간 바로 입장,일상,혼자,음식이 맛있어요,양이 많아요,가성비가 좋아요,,,순대국밥 너무 맛있습니다. 국물이 깔끔하고 개운해요 해장에 좋습니다
쿨제이95,"찌개,전골",예약 없이 이용,대기 시간 바로 입장,친목,지인・동료,음식이 맛있어요,가성비가 좋아요,친절해요,,,동태찜 부드럽고 너무 맛있습니다
쿨제이95,이자카야,예약 없이 이용,대기 시간 바로 입장,친목,지인・동료,음식이 맛있어요,특별한 메뉴가 있어요,가성비가 좋아요,친절해요,매장이 청결해요,가격도 좋은데 음식 넘 맛있습니다 튀김도 좋은데 우동류도 너무 잘만드시네요
쿨제이95,"순대,순댓국",예약 없이 이용,대기 시간 30분 이내,친목,지인・동료,음식이 맛있어요,양이 많아요,가성비가 좋아요,친절해요,,순대국밥 너무 매력있네요 소주에 너무 잘어울립니다
쿨제이95,쌈밥,예약 없이 이용,대기 시간 바로 입장,일상,지인・동료,고기 질이 좋아요,특별한 메뉴가 있어요,매장이 청결해요,,,닭갈비가 주메뉴인데 된장찌개가 너무 맛있습니다. 닭은 맛이 있긴한데 너무 슴슴해요 ㅎㅎㅎ
쿨제이95,"카페,디저트",예약 없이 이용,대기 시간 바로 입장,일상,부모님,,,,,,아아 기본 4800원인데 카누가 더맛있네요
쿨제이95,"맥주,호프",예약 후 이용,대기 시간 바로 입장,친목,친구,음식이 맛있어요,술이 다양해요,가성비가 좋아요,친절해요,매장이 청결해요,"안주, 술맛은 너무 좋습니다 가게 분위기가 괜찮아서 데이트하기 딱이에요."
쿨제이95,"육류,고기요리",예약 없이 이용,대기 시간 바로 입장,친목,친구,음식이 맛있어요,고기 질이 좋아요,양이 많아요,친절해요,,서서먹고 덥고 물론 불편한점 많지만 그만큼 고기가.너무 맛있습니다. 짭짤달달 소주한잔 딱이네요.
쿨제이95,닭요리,예약 없이 이용,대기 시간 바로 입장,친목,친구,음식이 맛있어요,양이 많아요,가성비가 좋아요,,,2차로 들러서 간단히 먹었는데 맛있습니다 계란후라이 서비스도 넘 좋아요
쿨제이95,감자탕,예약 없이 이용,대기 시간 바로 입장,일상,지인・동료,,,,,,"맛이 없는건 아님, 다만 직원들이 센스가 부족한듯,1명이 먹든 4명이 먹던 반찬을 같은양을주니여기저기서 계속 부를수밖에, 남는게 아까울수 있지만 그간 장사한동안어느정도 담을지 감을 못잡는거 같음."
쿨제이95,국밥,예약 후 이용,대기 시간 바로 입장,친목,친구,음식이 맛있어요,양이 많아요,특별한 메뉴가 있어요,가성비가 좋아요,친절해요,교대에서 술먹어야하면 무조건 여기임.맛 양 친절 센스 청결 가격 뭐하나 빠지는게 없음.특히 5만원 용마카세는 적극추천.
쿨제이95,한식,예약 없이 이용,대기 시간 바로 입장,일상,지인・동료,음식이 맛있어요,양이 많아요,가성비가 좋아요,매장이 청결해요,,비빔밥 청국장 제육볶음 까지 11천원에 먹을수있다니 넘나좋은것. 맛또한 최고
쿨제이95,포장마차,예약 없이 이용,대기 시간 바로 입장,친목,친구,음식이 맛있어요,가성비가 좋아요,친절해요,,,여기 골뱅이 너무 맛있습니다사장님 너무 친절하세요
쿨제이95,한식,예약 없이 이용,대기 시간 10분 이내 ,친목,친구,음식이 맛있어요,양이 많아요,가성비가 좋아요,친절해요,,역시 맛있네요 술한잔하기 너무 좋아요 성식이 이런데좀 그만 다녔으면 좋겠어요
쿨제이95,"순대,순댓국",예약 없이 이용,대기 시간 바로 입장,친목,친구,음식이 맛있어요,양이 많아요,가성비가 좋아요,친절해요,매장이 청결해요,순대국 진하고 맛있습니다 대창순대도 부드러워요 잡내없고 술한잔에 딱 입니다. 직원들도 매우친절하세요.
쿨제이95,"치킨,닭강정",예약 없이 이용,대기 시간 바로 입장,친목,친구,,,,,,그냥 그래요 장소는 넓네요글구 다른직원은 다 친절한데안경쓴 여직원은 외국인인가요무조건 안된데
쿨제이95,"순대,순댓국",예약 없이 이용,대기 시간 바로 입장,일상,지인・동료,음식이 맛있어요,양이 많아요,가성비가 좋아요,,,적당한맛 적당한가격 깔끔한 실내 포인트적립 좋음
