﻿nickname,restaurant,reservation,waiting,purpose,withwho,tagging_1,tagging_2,tagging_3,tagging_4,tagging_5,content
솔직담백 솔담씨의 리뷰스토리,일식당,예약 후 이용,대기 시간 바로 입장,나들이,친구,특별한 메뉴가 있어요,,,,,마곡아트센터 공연보러 왔다가 타치가와텐 다녀왔어요 대표 메뉴인 올스타텐동 그리고 화와이언 텐동 시켰어요.진짜 푸짐하고 튀김이 바삭해서 맛있어요.아삭바삭 식감이 너무 좋았어요같이 간 지인도 넘 맛있다고 하고요
솔직담백 솔담씨의 리뷰스토리,"다이어트,샐러드",예약 없이 이용,대기 시간 바로 입장,나들이,친구,건강한 맛이에요,가성비가 좋아요,재료가 신선해요,혼밥하기 좋아요,차분한 분위기에요,사당역 보태닉 마켓 가성비 좋아용 재료도 신선해서 간단히 요기 하기 넘좋구요.메뉴도 다양해서 골라 먹을수 있는 샐러드 전문점 입니다 .가성비 갑 샐러드집이예요 요즘 샐러드 가격도 만만치 않은데 질 대비 진짜 만족 했어요
솔직담백 솔담씨의 리뷰스토리,베이커리,예약 없이 이용,대기 시간 바로 입장,나들이,지인・동료,음료가 맛있어요,특별한 메뉴가 있어요,가성비가 좋아요,건강한 맛이에요,메뉴 구성이 알차요,나들이 나와서 들른 누오바이탈리아이런 찐 이탈리아 감성 베이커리 맛집이예용카포나타랑 올리브 스필라티 꿀맛. 꿀조합 제 입맛에 너무 잘 맞아요 오렌지 착즙쥬스 진짜 넘 맛있었어요.공간도 넓고 위치도 코너에 있어서진짜 쉽게 찾아갔네요 또 오고 싶은 집 ㅎㅎ
솔직담백 솔담씨의 리뷰스토리,한식,예약 없이 이용,대기 시간 바로 입장,친목,지인・동료,음식이 맛있어요,특별한 메뉴가 있어요,가성비가 좋아요,건강한 맛이에요,반찬이 잘 나와요,휴식도 다녀왔어요 넘 깔끔하고 맛있는 곳이예요 점심 저녁 메뉴 따로 구성되어 있고요쌀을 직접 도정해서 밥을 짓는데 가게 도정기와 누룽지도 직접 만들어 제공해주십니다.일단 밥 질이 너무 좋고윤기 나면서 밥맛이 너무 좋아요 😍
솔직담백 솔담씨의 리뷰스토리,"백반,가정식",예약 없이 이용,대기 시간 바로 입장,일상,혼자,음식이 맛있어요,반찬이 잘 나와요,가성비가 좋아요,건강한 맛이에요,단체모임 하기 좋아요,미역국 진짜 좋아하는 사람으로서 여기 찐 맛집이예요가격도 과하지 않게 적정하고진짜 미역국 맛은 깊습니다.국내산 미역사용이 의미있는집이예요보돌미역 재방문 하고 싶은 맛집입니다일상적인 음식이 더 맛있기 힘든법인데 집밥 먹는 느낌이라 넘 좋았어요
솔직담백 솔담씨의 리뷰스토리,한식,예약 없이 이용,대기 시간 바로 입장,나들이,지인・동료,음식이 맛있어요,양이 많아요,특별한 메뉴가 있어요,반찬이 잘 나와요,단체모임 하기 좋아요,옥된장 된장전골부터 기본반찬 대파김치랑 볶음김치엄마가 직접 구워주신 느낌의 엄마김에 싸먹으면 진짜 밥한공기 뚝딱이요 오징어 미나리전도 함께 주문했는데미나리랑 오징어만 듬뿍이어서 진짜 맛있게 먹고 왔어요. 오징어미나리전 꼭 드셔보세용 강추
솔직담백 솔담씨의 리뷰스토리,양식,예약 없이 이용,대기 시간 바로 입장,나들이,지인・동료,특별한 메뉴가 있어요,가성비가 좋아요,음식이 맛있어요,매장이 넓어요,매장이 청결해요,바질 루꼴라 잠봉뵈르바질향 듬뿍 제가 좋아하는 루꼴라까지 고급 버터까지 듬뿍 발려서 완전 맛있게 먹었어요.당근라페그리고 르뱅쿠키 이거 완전 제 취향 초코 견과류 콕콕박혀 맛도식감도 완전 반했음돠다 맛있었어요 미국 갬성 물씬나고 분위기도 좋고요직원분들 친절하게 응대해줘서 기분도 좋게 먹고 왔어요 파스타 피자 메뉴도 있던데 다음에 먹어볼 예정입니다 ㅎㅎ 사람들이 많이 찾는곳은 다 이유가 있는것 같아요
솔직담백 솔담씨의 리뷰스토리,카페,예약 없이 이용,대기 시간 바로 입장,나들이,지인・동료,특별한 메뉴가 있어요,가성비가 좋아요,음식이 맛있어요,인테리어가 멋져요,사진이 잘 나와요,와우 인테리어가 넘 멋져서. 들어갔는데 세상에 분위기 좋았네요 베이글 천국이예요 이렇게 다양한 베이글은 첨 봤는데넘 맛있어요일단 기본 베이글이 쫄깃한 식감부터 앙버터 먹었는데. 넘 맛있게 먹었답니다 청양마요?? 이건 방문했을때 이미 품절였어요ㅜㅜ 진짜 먹어보고 싶었는데 담에. 또 가봐야 할듯합니다
솔직담백 솔담씨의 리뷰스토리,샌드위치,예약 없이 이용,대기 시간 바로 입장,나들이,지인・동료,음식이 맛있어요,양이 많아요,특별한 메뉴가 있어요,가성비가 좋아요,재료가 신선해요,한남동 댄스댄스댄스 방문했어요테이크 아웃 전문매장인데 굿즈들도 많고 넘 예뻐요 닭가슴살 샌드위치 와 두부 크림치즈 바게트 넘 좋아요 두부크림치즈 정말 기발하지 않나요 ㅎㅎ. 강추해요
솔직담백 솔담씨의 리뷰스토리,덮밥,예약 없이 이용,대기 시간 바로 입장,나들이,친구,양이 많아요,가성비가 좋아요,메뉴 구성이 알차요,사진이 잘 나와요,음악이 좋아요,오이드킨 부타동 맛집이예요마늘 소스 추가해서 부타동이랑 같이 먹었는데 넘 맛있너요. 마늘소스 취향저격입니다.칼칼한 우동 맛도 고기랑 잘어울리게 먹었어요부타동 세트메뉴 가성비 갑이네요
솔직담백 솔담씨의 리뷰스토리,"카페,디저트",예약 없이 이용,대기 시간 바로 입장,친목,지인・동료,디저트가 맛있어요,특별한 메뉴가 있어요,비싼 만큼 가치있어요,가성비가 좋아요,건강한 맛이에요,여기 최애 디저트 맛집입니다또 왔어요.역시 주말이라 사람 많군요
솔직담백 솔담씨의 리뷰스토리,"육류,고기요리",예약 후 이용,대기 시간 바로 입장,나들이,기타,음식이 맛있어요,잡내가 적어요,반찬이 잘 나와요,차분한 분위기에요,친절해요,양프렌치렉 먹으러 다녀왔어요.매장도 너무 한옥느낌이라서 고급스럽고요.음식 세팅이 너무 정갈하고 예뻐요.고기도 직접 구워주셔서 넘 맛있게. 먹고 기분좋게 돌아와습니다.기본찬세팅. 메뉴랑 플레이팅이 정말 고급스럽게예뻐요 대접할일 있을때 그 누군가 이곳으로 모셔오고 싶은 마음이 들게 하는 화양연화 입니다.음식도 맛있고 직원들도 친절하고 가게도 운치있고 예쁜공간이예요 다음에 또 오고 싶은 마음이 듭니다
솔직담백 솔담씨의 리뷰스토리,아시아음식,예약 없이 이용,대기 시간 바로 입장,친목,친구,현지 맛에 가까워요,가성비가 좋아요,건강한 맛이에요,아늑해요,인테리어가 멋져요,충무로 맛집 바오서울에 다녀왔어요대만식 햄버거랑 동파육 덮밥을 주문했죠바오 정말 맛있어요 사이즈 앙증 맞아서 혼자 먹기 좋은 사이즈고요동파육도 정말 맛있네요
솔직담백 솔담씨의 리뷰스토리,햄버거,예약 없이 이용,대기 시간 바로 입장,친목,친구,음식이 맛있어요,양이 많아요,특별한 메뉴가 있어요,건강한 맛이에요,,데일리픽스 수제버거집에 다녀왔어요여기 넘 맛있어요 패티가 한수 100%라니요진짜 강민경씨 픽한 맛집인지 알것 같아요오랜만에 친한동생이랑 갔는데 둘다 만족하고 왔어요
솔직담백 솔담씨의 리뷰스토리,"카페,디저트",예약 없이 이용,대기 시간 바로 입장,친목,지인・동료,특별한 메뉴가 있어요,가성비가 좋아요,빵이 맛있어요,대화하기 좋아요,아늑해요,너무 예쁜 성북동 디저트 카페 달콤한 위로를 소개합니다 여기. 다쿠아즈 구움과자는 넘 맛있어요다쿠아즈 한번 먹고 반했네요선물용으로 구매하도 좋을것 같아요 한성대입구역에서 가까운 곳에 이런곳이 있는줄 몰랐어요 주택을 개조해서 더 멋스러운 공간이라서 좋았어요
솔직담백 솔담씨의 리뷰스토리,이탈리아음식,예약 후 이용,대기 시간 바로 입장,친목,지인・동료,음식이 맛있어요,특별한 메뉴가 있어요,디저트가 맛있어요,친절해요,매장이 청결해요,로마옥 도곡 맛집 인정해요.식전빵부터 시작해서 잣 카프레제 샐러드 정말 취저입니다.쑥티라미수 디저트도 진짜 참신한데 넘 맛있어요.쑥티라미수 라니 너무 기발하지 않나요?디저트 맛집이라고 소문 낼거예요. 쑥티라미수 꼭 드셔보세요.최애 레스토랑으로 손꼽는 곳입니다.분위기도 좋아서 연말에 또 갈게요 ㅎㅎ
솔직담백 솔담씨의 리뷰스토리,베이커리,예약 없이 이용,대기 시간 바로 입장,나들이,친구,빵이 맛있어요,특별한 메뉴가 있어요,건강한 맛이에요,컨셉이 독특해요,사진이 잘 나와요,여기 빵. 진짜 너무 제 스타일이예요.카스테라 전문인데 앙버터도 맛있고 쌀빵도 쫄깃쫄깃 식감 진짜 최고예요.앙버터는 스콘이 정말 부드럽거든요.제 최애 앙버터 맛집이예요 그리고 약간 레트로 감성도 물씬나서 매장가면 즐겁답니다.부모님들 모시고 가면 좋아하실듯한 비주얼이예요. 이곳 알밤빵이랑 사과빵은 진짜 조각처럼 예뻐서 먹기 아까울 지경입니다비주얼과 맛 분위기 삼박자가 조화를 이루는 경성빵공장 다음에 또 갈게요
솔직담백 솔담씨의 리뷰스토리,"해물,생선요리",예약 없이 이용,대기 시간 바로 입장,나들이,지인・동료,음식이 맛있어요,가성비가 좋아요,반찬이 잘 나와요,메뉴 구성이 알차요,건강한 맛이에요,코다리조림이 너무 먹고싶어서 다녀왔는데진짜 넘나 맛있어요시래기 코다리로 주문했는데 시래기진짜 따로 포장해오고 싶을 정도로맛나요계속 포장. 주문도 끊임없이 이어지더라고요기본으로 나오는 미역국도 정말 맛있고오코다리 맛집으로 인정해요
솔직담백 솔담씨의 리뷰스토리,"카페,디저트",예약 없이 이용,대기 시간 바로 입장,나들이,친구,디저트가 맛있어요,특별한 메뉴가 있어요,건강한 맛이에요,비싼 만큼 가치있어요,음식이 맛있어요,제가 최애하는 디저트카페 미니마이즈입니다이번에 초코쌀케이크와 시즌메뉴로 나온 밤치즈케이크 두개 골라봤어요초코 꾸덕꾸덕함이 진짜 취향저격 제대로예요.어쩜 이렇게 맛있는 쌀케이크가 있죠성분이 좋아서 안심하고 구매하는데 맛도 진짜 장난 아니예요 전 일반 베이커리 케이크보다 미니마이즈가 퀄리티가 훨씬 좋은것 같아요밤치즈는 달지않고 담백해서 먹기 부담없이 어른들도 좋아할 것 같은 무난한 맛이예요
솔직담백 솔담씨의 리뷰스토리,햄버거,예약 없이 이용,대기 시간 바로 입장,나들이,지인・동료,음식이 맛있어요,특별한 메뉴가 있어요,가성비가 좋아요,인테리어가 멋져요,컨셉이 독특해요,요즘 핫한 데일리 픽스 수제 버거집에 다녀왔어요수제 한우 패티 100%  수제 버거 맛집 인정해요다비치 강민경이 픽한 맛집이라더니이유를 알겠더라고요.전 더블 치즈로 주문해봤어요..치즈와 더블 패티가 양이 많아 배불렀네요.육즙도 풍부하고 번도 맛있고요.매장으로부터 할인받고 작성한 솔직한 후기입니다.
솔직담백 솔담씨의 리뷰스토리,미용실,,,,,자연스러워요,맞춤 케어를 잘해줘요,상담이 자세해요,관리법을 잘 알려줘요,,머리가 너무 길어서 레이어드 컷 하러 이플헤어 역삼본점에 다녀왔어요.혜이 디자이너님께 케어 받았는데 너무 친절하시더라고요.머리 자르는 스타일 추천도 해주시고 제가 손질을 잘못하는 타입인데 어떻게 관리해야 하는지 정말 꼼꼼하게 알려주셨어요.그리고 커트만으로도 스타일이 살아나서 정말 기분 좋게 머리하고 왔어요.어떻게 해야 예쁜지 하나하나 설명해주시고 적용해주셔서 얼마나 감사했는지 몰라요 ^^
솔직담백 솔담씨의 리뷰스토리,"순대,순댓국",예약 없이 이용,대기 시간 바로 입장,나들이,지인・동료,특별한 메뉴가 있어요,잡내가 적어요,양이 많아요,음식이 맛있어요,반찬이 잘 나와요,독산역 근처 아로가 다녀왔는데순대 스테이크 특별한 메뉴 맛보고 왔어요직접 매장에서 만들고 판매도 하더라고요 그리고 순대국 질이 정말 푸짐하고 맛도 좋아요.고기 질이 좋아서 잡내없이 먹기 좋더라고요.순대국 맛집 인정합니다!!!1982 년부터 운영한 찐 맛집으로 인정합니다!!
솔직담백 솔담씨의 리뷰스토리,"찌개,전골",예약 없이 이용,대기 시간 바로 입장,나들이,혼자,양이 많아요,음식이 맛있어요,가성비가 좋아요,매장이 넓어요,,홍대입구역 도보 2분거리 너무 위치 좋은곳에 ㄷ깔끔하고 밥이 맛있어요.진심으로 맛있는 밥집예요.음식도 빨리 나오고 직원분들도 친절해요.오징어볶음 시켰는데  가격대비 양도 푸짐하고 맛있어요. 진짜 멈추지 않고 계속 오징어만 골라먹었어요.보통 야채가 오징어보다 많은데 야채보다 오징어 훨씬 많고 먹어도 먹어도 안주는 느낌^^ 담에도 오징어. 원픽예요.찌개도 맛집인데 다른분들은 찌개 많이 드시더라고요 ^^
솔직담백 솔담씨의 리뷰스토리,"다이어트,샐러드",예약 없이 이용,대기 시간 바로 입장,일상,혼자,특별한 메뉴가 있어요,가성비가 좋아요,건강한 맛이에요,재료가 신선해요,인테리어가 멋져요,새르 포케 먹으러 다녀왔어요 매장 깔끔하고 넘 예뻐요 두부 버섯 포케 주문해서 먹었는데 비주얼 맛 모두 만족하고 왔어요 재료를 아낌없이 주시고 야채가 정말 신선해요
솔직담백 솔담씨의 리뷰스토리,베이커리,예약 없이 이용,대기 시간 바로 입장,친목,지인・동료,빵이 맛있어요,특별한 메뉴가 있어요,가성비가 좋아요,음식이 맛있어요,종류가 다양해요,여기 정말 이탈리아에 온것같은 느낌의 카페예요평일 낮인데도 사람들도 많고 빵도 품절이고요 주말에 오면 진짜 더 대박일듯요진짜 빵도 맛있고 레몬 그라니따 최고예요꼭 먹어보세요
솔직담백 솔담씨의 리뷰스토리,한식,예약 후 이용,대기 시간 바로 입장,나들이,지인・동료,특별한 메뉴가 있어요,음식이 맛있어요,반찬이 잘 나와요,단체모임 하기 좋아요,인테리어가 멋져요,여기 진짜 맛있더라고요 우렁미나리전 먹었는데 진짜 친구한테 알려주고 싶은맛이예요오징어 미나리전도 있던데 다음엔 그거 먹어보려고요된장전골도 일품이예요된장은 이제 옥된장에서만 먹을듯요 밑반찬으로 나오는 대파김치랑 볶은김치도 밥도둑이예요 안맛있는게 없어요 ㅎㅎ
솔직담백 솔담씨의 리뷰스토리,베이커리,예약 후 이용,대기 시간 바로 입장,나들이,지인・동료,빵이 맛있어요,디저트가 맛있어요,건강한 맛이에요,가성비가 좋아요,메뉴 구성이 알차요,이야빠방 기대하던 곳도봉단팥빵 맛집을 드디어 다녀왔어요 이것저것 구경하다가 고퀄 단팥빵 3개랑 쌀쑥식빵으로 가져왔어요 5시 갔더니 단팥은 품절이라서 ㅜㅜ넘 아쉬웠고요 대신 흑임자 크림 팥우유 팥쑥 이렇게 사가지고 왔네요. 빵선물하기 좋은 비주얼과 포장이죠^^쿠키 케익 상투과자 샌드위치 등 종류별로 있더라고요^^이야빠방 이라는 가게이름도 너무 귀엽죠 아이가 놀며 외치는 기합소리에서 만들어진가게 이름이래요 빵을먹는분들이 행복해졌음 하는 바람으로 지어졌다니 주인분의 마음이 너무 예쁘시더라고요 다음에도 재방문 의사 이백퍼입니다
솔직담백 솔담씨의 리뷰스토리,"초밥,롤",예약 후 이용,대기 시간 바로 입장,나들이,지인・동료,음식이 맛있어요,특별한 메뉴가 있어요,가성비가 좋아요,메뉴 구성이 알차요,컨셉이 독특해요,숙대입구역 근처에 스시차림 새로 오픈해서 다녀왔어요.우나기동 시켰는데 장어 양도 많고 함께 나오는 냉모밀이랑 찰떡 궁합이예요.그리고 직원분이 상냥하시고 안내하실때도진짜 친절하시더라고요.원산지 표지제를 꼼꼼히 이행하는 매장이라 믿음이 갑니다요.오랜만에 장어 먹고 몸보신 제대로 하고 왔어요.다음에 시그니처초밥도 맛보고 와야겠어요.저도 이른시간에 갔는데 얼마안되서 만석이 되더라고요
솔직담백 솔담씨의 리뷰스토리,미용실,,,,,원하는 스타일로 잘해줘요,손상이 적어요,클리닉 효과가 좋아요,관리법을 잘 알려줘요,상담이 자세해요,모발 손상이 너무 심해서 클리닉 하러 다녀왔어요. 새로 이전한 강남점으로 갔는데 매장 너무 깔끔하고 분위기 좋더라고요.예은 선생님께 예약하고 갔는데 상담부터 클리닉에대한 종류별 그리고 단계별 어떤 시술이 들어 가는지 꼼꼼히 설명해주시고 친절하게 대해주시더라고요진짜 머리카락 푸석푸석 그자체로 갔는데시세이도 클리닉 완료후 찰랑거리는 제 머리를 보고 넘 놀라웠어요마지막 아이롱 열처리로 마무리 해야 더 오래 지속된다고 살짝 컬도 넣어주셨는데 너무 예뻐서 흡족했어요첫번째가 클리닉 완료후 마지막 사진은 클릭닉 하기 전 상태입니다진짜 클리닉 진작 할걸 그랬어요예은쌤 너무 감사합니다~~ 담에 또 갈게요♡
솔직담백 솔담씨의 리뷰스토리,일본식라면,예약 없이 이용,대기 시간 바로 입장,나들이,지인・동료,음식이 맛있어요,재료가 신선해요,가성비가 좋아요,현지 맛에 가까워요,,라면이 넘. 맛있어요 왜 유명한지 알것 같아요 강남 간김에 오레로라멘 방문했어요.두시 넘긴 시간이었는데사람들도 많더라고요 닭고기도 부드럽고 차슈도 넘 맛있어요~
솔직담백 솔담씨의 리뷰스토리,"딤섬,중식만두",예약 없이 이용,대기 시간 바로 입장,나들이,친구,음식이 맛있어요,가성비가 좋아요,향신료가 강하지 않아요,아늑해요,단체모임 하기 좋아요,대학로 공연보고 들어간 청화원입니다 꿔바로우 딤섬 그리고 우육도삭면 시켰어요바삭한 꿔바로우와 따끈따끈한 딤섬 그리고 메인대표 메뉴인 우육도삭면 친구와 함께 기분좋은 식사를 하고 왔어요딤섬 맛집입니다 ㅎㅎ
솔직담백 솔담씨의 리뷰스토리,카레,예약 후 이용,대기 시간 바로 입장,나들이,혼자,음식이 맛있어요,가성비가 좋아요,건강한 맛이에요,특별한 메뉴가 있어요,혼밥하기 좋아요,천호역 현대백화점 지하 식품관에 입점한 스스키노 다녀왔어요 스프카레 처음 맛봤는데 완전 제스타일이네요각종 야채와 향신료의 조합이 풍미를 더해주고요 안에 든 재료들도 정성껏 준비한 것 같아요.닭다리 스프카레 맛봤는데 진짜 제 스타일입니다.야채가 듬뿍 들어기 깔끔하면서 향신료맛이 일품이고 닭다리 양도 푸짐해서 좋아요.밥도 기본밥 뿐아니라 추가비용으로 치즈밥이랑 볶음밥도 있어서 취향에 맞게 선택할수 있어요.볶음밥 시켰는데 진짜 맛있더라고요.여기 다음에. 또갈듯 ㅎㅎ
솔직담백 솔담씨의 리뷰스토리,"카페,디저트",예약 없이 이용,대기 시간 바로 입장,나들이,지인・동료,특별한 메뉴가 있어요,가성비가 좋아요,디저트가 맛있어요,음식이 맛있어요,음악이 좋아요,아이스크림부터 커피 차다양한 음료가 있어요도넛도 맛있고 비주얼도 좋아용늦게 가서 솔드아웃된 도넛들 맛보지 못해 아쉬웠네요담엔 일찍 갈래요
솔직담백 솔담씨의 리뷰스토리,케이크전문,예약 없이 이용,대기 시간 바로 입장,나들이,지인・동료,디저트가 맛있어요,특별한 메뉴가 있어요,컨셉이 독특해요,매장이 청결해요,선물하기 좋아요,신세계백화점 스위트파크카페 시즈니크 다녀왔어요생망고 티라미수랑 복숭아 티라미수 선택했는데진짜 과일양이 많아서 놀랐어요전체적인 사이즈는 큰편이 아닌데 망고양이 듬뿍이라 먹으면서 흡족했어요.많이 달지 않고 망고의 신선함과 티라미수 조합이 잘 어울렸어요 다음에는 케이크도 먹고 싶더라고요
솔직담백 솔담씨의 리뷰스토리,베이커리,예약 없이 이용,대기 시간 바로 입장,나들이,지인・동료,빵이 맛있어요,특별한 메뉴가 있어요,건강한 맛이에요,메뉴 구성이 알차요,컨셉이 독특해요,경성빵공장 진짜 가보고 싶었던곳인데오늘에서야 방문했어요매장 외과부터 레트로 감성이 물씬 나고요안에는 1층 빵 매장 2층 테이블 죄석으로 구성되어있어요1층 빵구경하고 먹고싶은 알밤빵 앙버터 홍국쌀빵 만주 휘리릭 사들고 2층으로 갔답니다알밤빵은 비주얼 보고 안살수가 없었어요너무 귀엽고 앙증맞아서 계속 눈이 가더라고요 2층도 역시 레트로 갬성입니다.빵도 맛있고 분위기도 좋은 경성빵공장 다음에 또 오고 싶어요
솔직담백 솔담씨의 리뷰스토리,"카페,디저트",예약 없이 이용,대기 시간 바로 입장,나들이,지인・동료,디저트가 맛있어요,비싼 만큼 가치있어요,건강한 맛이에요,음식이 맛있어요,아늑해요,여기 미니마이즈 완전 취저입니다.밀가루 대신 쌀가루 글루텐프리 코코넛 슈가 사용까지 저도 집에서 코코넛 슈가로 베이킹요리하는데 성분이 너무 좋은데 넘맛있는다는거 ㅎㅎ아이스크림 먹고 반했어요 집에서 멀어서 그렇지 매장이 집 가까이 있음 넘 좋을듯해요 자주주자 갈거예요케익도 푸딩도 넘 맛나요
솔직담백 솔담씨의 리뷰스토리,"카페,디저트",예약 없이 이용,대기 시간 바로 입장,나들이,친구,디저트가 맛있어요,특별한 메뉴가 있어요,가성비가 좋아요,건강한 맛이에요,비싼 만큼 가치있어요,재료가 너무 좋아어 픽한곳이예요쌀로 만든 건강한 푸딩 설탕 밀가루 노노노맛있는 디저트를 이렇게 건강하고 맛있게 먹을수 있다니 넘 행복해요 속도 편하고 건강도 맛도 챙기는 미니마이즈 최고였네요
솔직담백 솔담씨의 리뷰스토리,양식,예약 없이 이용,대기 시간 바로 입장,친목,지인・동료,특별한 메뉴가 있어요,가성비가 좋아요,양이 많아요,야외공간이 멋져요,아늑해요,파프리카 버거 진짜 비주얼 짱이네요 잠봉보르 샌드위치도 제 취향저격입니다 맛집 인정 가로수길 갔다가 우연히 가봤는데 진짜 만족스러운 곳이예요 딩근라페도 넘 맛나요 아 맛있어요 ㅎㅎ
솔직담백 솔담씨의 리뷰스토리,샤브샤브,예약 후 이용,대기 시간 바로 입장,데이트,친구,음식이 맛있어요,재료가 신선해요,건강한 맛이에요,메뉴 구성이 알차요,혼밥하기 좋아요,일인 샤브 세트되어 혼밥족을 위한 최적의 장소입니다.저는 친구랑 둘이 다녀왔는데요 1인 1샤브 너무 마음에 들었어요.이런곳은 처음 보는데요개인별 샤브를 선택해 먹을수 있어 좋더라고요. 진짜 바테이블만 있는데요 요즘 시대에 정말 잘 맞는 식당예요 혼자 가서 혼밥하기 너무 좋을것 같아요 재방문 의사 💯 % 입니다 정말 공간도 깔끔하고 맛있더라고요
솔직담백 솔담씨의 리뷰스토리,"카페,디저트",예약 없이 이용,대기 시간 바로 입장,친목,지인・동료,디저트가 맛있어요,음료가 맛있어요,특별한 메뉴가 있어요,아늑해요,음악이 좋아요,벨지안 초콜릿 우유로 너무 유명한파머스카페 다녀왔어요비오는날 따뜻한 벨지안 초코 우유 완전 찰떡이었어요.초코우유 찐찐찐 ♡브리우니도 넘 맛있구요
솔직담백 솔담씨의 리뷰스토리,"다이어트,샐러드",예약 없이 이용,대기 시간 바로 입장,친목,친구,음식이 맛있어요,가성비가 좋아요,건강한 맛이에요,메뉴 구성이 알차요,혼밥하기 좋아요,제 최애 포케 전문점이예요진짜 재료가 신선해서 넘 좋아요.정말 정성스레 만들어질게 느껴집니다.한끼 떼우는게 아니라 잘 만들어진 음식을 먹는것 같아요 맛도 있고요건강한 음식을 이렇게 맛있게 먹을수도 있구나 싶어요 먹을때마다 만족스러워요 직원들도 친절해서 기분이 좋아지는 매장입니다.
솔직담백 솔담씨의 리뷰스토리,케이크전문,예약 없이 이용,대기 시간 바로 입장,나들이,기타,디저트가 맛있어요,주문제작을 잘해줘요,건강한 맛이에요,비싼 만큼 가치있어요,컨셉이 독특해요,멜로드도산 현대백화점 무역점에 다녀왔어요정말 색감과 디자인이 너무 예뻐요같이 먹은 지인들도 정말 감탄하고 사진찍고 생망고시즌 메뉴 골라왔는데 적당히 달고 망고도 듬뿍 담겨너무 맛있게 먹었어요 특별한 기념일에 너무 좋을것 같아요
솔직담백 솔담씨의 리뷰스토리,"스파게티,파스타전문",예약 후 이용,대기 시간 바로 입장,나들이,지인・동료,양이 많아요,아늑해요,사진이 잘 나와요,인테리어가 멋져요,특별한 날 가기 좋아요,대학로 혜화에 있는 파스타파켓 다녀왔어요대학로 자주 가는데 여길 첫방문하다니리조또가 넘 맛있어요 왜 베스트인줄격공하고. 왔네요맛도 있지만 양도 푸짐해서 만족스럽더라고요치즈도 듬뿍듬뿍 넣어줘서  진짜 피자 먹을맛 났네요 리조트 강추강추요 
솔직담백 솔담씨의 리뷰스토리,복어요리,예약 없이 이용,대기 시간 바로 입장,나들이,지인・동료,음식이 맛있어요,건강한 맛이에요,메뉴 구성이 알차요,단체모임 하기 좋아요,혼밥하기 좋아요,더운날 따뜻한 복국으로 속을 따뜻하게 채우고 왔어요복지리도 맛있고 껍질무침도 상콤하게 복가라아게는 말할것도 없이 겉바삭 속은 촉촉 아주만족스러운 식사를 하고 왔네요
솔직담백 솔담씨의 리뷰스토리,,예약 없이 이용,대기 시간 바로 입장,나들이,혼자,디저트가 맛있어요,야외공간이 멋져요,매장이 넓어요,사진이 잘 나와요,,성수역 핫플인 크림샵도원다녀왔어요 호두파이 넘 먹고싶었거든요 이곳 주문하고 비주얼 보고 넘 반했너요 
솔직담백 솔담씨의 리뷰스토리,"다이어트,샐러드",예약 없이 이용,대기 시간 바로 입장,나들이,지인・동료,음식이 맛있어요,재료가 신선해요,가성비가 좋아요,건강한 맛이에요,혼밥하기 좋아요,여기 오케이포케 음식이 정말 먹을만해요.잘 조리해 주신 건강한 음식을 먹는 기분이예요.소복한우 마녀스프 연두부 낫또주문한 음식 모두 만족했어요.소복한우는 포만감을 줍니다 한우와 마늘쫑의 궁합이 정말 좋았어요소스도 직접만드신다고 하니 믿음이 갔어요
솔직담백 솔담씨의 리뷰스토리,"다이어트,샐러드",예약 없이 이용,대기 시간 바로 입장,나들이,지인・동료,음식이 맛있어요,건강한 맛이에요,가성비가 좋아요,혼밥하기 좋아요,매장이 청결해요,위치도 압구정역에서 가깝고 찾아가기 편리해요마녀스푸 소복한위 차지기 앤다이브 이렇게 준문햇는데 넘 마녀스프 먹고 감탄했어요 건강하면서 맛있는 맛이예요 완전 제 취향저격입니다 소복한우는 포케에 진짜 한우라니요 직접 조리한 음식들 정스러웠네요 포케가 요리가 되는 곳입니다 
솔직담백 솔담씨의 리뷰스토리,카페,예약 없이 이용,대기 시간 바로 입장,기념일,혼자,디저트가 맛있어요,특별한 메뉴가 있어요,비싼 만큼 가치있어요,인테리어가 멋져요,매장이 청결해요,신세계백화점 갈일이 있어서 브라우터 매장에 다녀왔어요프레첼 전문점 답게 다양한 프레첼이 진열되 있더라고요 5월 초부터 중순까지 한정판매하는 버터샌드쿠키 구매해왔는데 와 버터쿠키 정말 맛있더라고요 14일 구매했는데 진짜 맛보길 잘한듯 지인들도 너무 맛있게 먹었다고 해주니괜히 뿌듯했어요 다음에는 베이글도 꼭 먹어봐야겠어요
솔직담백 솔담씨의 리뷰스토리,베트남음식,예약 후 이용,대기 시간 바로 입장,친목,친구,음식이 맛있어요,현지 맛에 가까워요,가성비가 좋아요,아늑해요,인테리어가 멋져요,가게도 분위기가 좋고무엇보다 음식이 맛있어요.같이 간 친구랑 너무 만족하며 먹고 왔어요.양도 많고 맛있고 다음에 또 가고 싶어요
솔직담백 솔담씨의 리뷰스토리,일식당,예약 없이 이용,대기 시간 바로 입장,데이트,기타,음식이 맛있어요,가성비가 좋아요,혼밥하기 좋아요,인테리어가 멋져요,매장이 청결해요,초다이닝 강남점 한번 가보고 싶었던 곳인데 드디어 이번주에 다녀왔어요 연어후토마끼랑 들기름갓소바 주문했는데진짜 맛있게 먹고왔어요.연어후토마끼 보고 너무 커서 놀랬는데먹다보니 넘 맛있어서 입 앙 벌리고 오물오물 잘도 먹었네요!!! 마요네즈에 콕 찍어먹는 맛이 일품예요
