﻿nickname,restaurant,reservation,waiting,purpose,withwho,tagging_1,tagging_2,tagging_3,tagging_4,tagging_5,content
도도는뚀,양식,예약 없이 이용,대기 시간 바로 입장,친목,친구,음식이 맛있어요,재료가 신선해요,특별한 메뉴가 있어요,인테리어가 멋져요,친절해요,"너무나 기다렸던 포트럭! 오로라 테이블 사장님이 포트럭으로 돌아오셔서 가오픈기간에 들려봤어요! 인테리어 하나하나 직접 손보셔서 그런지 사장님의 감성이 다 담긴 곳이였어요🥹 좌석마다 분위기도 다르고 느낌도 달라서 매번 다른자리에서 먹어볼까! 싶을만큼 인테리어가 너무 멋졌어요ㅠㅠㅠ 어떤메뉴일까 너무 궁금했는데 플래터와 파스타, 그리고 샐러드 메뉴가 있더라구요. 일단 제일 궁금했던 메뉴부터 주문했는데 역시ㅠㅠㅠㅠ 사장님 손맛은 어디 안간다고 이맛이라며 감탄하며 먹었습니다! 이 가격에 이 양에 그리고 이 맛까지 제 입맛엔 사장님 파스타요리가 제일이예요💖 저의 최애 리조또가 이젠 없어서 조금 슬펐지만 새로운 메뉴들로 제 사심 채워보려구요! 산본에 가신다면 포트럭 꼭 들러보세요~!"
도도는뚀,베트남음식,예약 없이 이용,대기 시간 바로 입장,일상,지인・동료,친절해요,,,,,뜨끈한 국물이 생각나는 계절이 성큼 다가왔어요! 그러다 생각난 라온! 역시 탁월한 메뉴선정이였습니다:) 출입구에 설치된 키오스크에서 주문을 하고 주문서를 드리면 되는 시스템이더라구요. 사장님들이 매우 친절하셨고 양도 넉넉하고 맛있었습니다~! 따끈한 국물이 생각나는 날에 꼭 들러보시길🍜
도도는뚀,"순대,순댓국",예약 없이 이용,대기 시간 10분 이내 ,일상,지인・동료,친절해요,음식이 맛있어요,양이 많아요,특별한 메뉴가 있어요,재료가 신선해요,와! 인생순대국 찾았습니다! 맛있다고 말만 듣다가 가봤는데 이른시간부터 연령 상관없이 매장 가득 매운 사람들 보고 아 찐맛집이구나 싶었습니다. 사장님은 물론이고 직원분들까지 진짜 손 빠르시고 친절하세요. 대기도 있고 사람도 많은데 회전율 좋고 안내도 빨리해주시니 크게 기다린느낌없이 입장했어요! 기본찬으로 나오는 김치도 맛있고 숙주가 들어간 순대국은 처음이였는데 와... 술 안마셨는데도 해장되는 느낌이 들었습니다🥹 뜨끈한 국물덕에 속도 따땃하고 배도 부르고 진짜 만족스런 한끼였어요! 순대국 좋아하신다면 꼭 들러보시길요
도도는뚀,"카페,디저트",예약 없이 이용,대기 시간 바로 입장,"친목, 나들이","친구, 반려동물",친절해요,커피가 맛있어요,디저트가 맛있어요,특별한 메뉴가 있어요,음식이 맛있어요,지인들이 놀러왔을때 자신있게 데려가는 곳 중 하나가 에그룸이예요! 왜 자신있게 로컬맛집 데려가는 그런 느낌처럼요~! 반려동물 동반도 가능해서 반려동물을 데려오는 지인은 더더욱 선호하는 곳이기도 하구요! (*펫티켓은 필수이고요) 식사부터 디저트까지 한곳에서 가능하니 그게 진짜 장점이예요. 그렇다고 어느하나 빠지는 메뉴없이 완성도 있게 다 맛있어서 진짜 행복한 시간이였습니다. 안키모 신메뉴 기대하며 1일부터 달려갔지만 아직이라하셔서 시그니처 메뉴 라자냐와 크림미트볼 시켰는데 극락입니다 디저트까지 완벽했던 에그룸 너무너무 애정합니다💖
도도는뚀,아이스크림,예약 없이 이용,대기 시간 30분 이내,일상,친구,친절해요,매장이 청결해요,특별한 메뉴가 있어요,디저트가 맛있어요,건강한 맛이에요,드디어!! 내손동에도 요아정이 상륙했습니다🍦 직원분들 진짜 친절하시구요. 매장도 깔끔하고 먹고갈 수 있는 자리가 있어서 포장하기도 매장에서 먹고가기도 가능한곳이여서 더 좋았어요! 요거트 아이스크림 너무 맛있게 먹었습니다 왜 요아정 요아정하는지 알겠네요🤍 맛있게 잘 먹었습니다!
도도는뚀,"카페,디저트",예약 없이 이용,대기 시간 바로 입장,"친목, 일상",친구,커피가 맛있어요,특별한 메뉴가 있어요,인테리어가 멋져요,대화하기 좋아요,아늑해요,범계에 에쏘바가 있는지 처음 알았는데 유명한곳이였더라구요! 좌석이 있어서 앉아 마시고 갈 수 있어 좋았어요~ 추천도 잘 해주시고 아늑한 분위기가 좋았습니다:)
도도는뚀,"칼국수,만두",포장·배달 이용,대기 시간 바로 입장,일상,혼자,음식이 맛있어요,특별한 메뉴가 있어요,양이 많아요,친절해요,포장이 깔끔해요,"전화로 포장 주문하고 갔는데 빨리 준비해주셨어요! 포장도 꼼꼼하게 해주시고 친절하셨습니다!서울 5대 소바맛집이라더니 정말 맛있더군요양도 많고, 너무 잘 먹었습니다"
도도는뚀,스포츠의류,,,,,품질이 좋아요,종류가 다양해요,독특한 디자인이 많아요,친절해요,선물하기 좋아요,선물할게 있어서 방문했는데 디자인도 예쁘고 살게 많더라구요. 추천도 잘 해주시고 친절하셨습니다! 덕분에 선물 잘 골랐어요
도도는뚀,"카페,디저트",예약 없이 이용,대기 시간 바로 입장,일상,"친구, 아이",친절해요,아이와 가기 좋아요,커피가 맛있어요,디저트가 맛있어요,특별한 메뉴가 있어요,주말이라 웨이팅있으면 어쩌나 했는데 운좋게 바로입장했어요🥹✌🏻 다행히 디저트종류도 남아있었구요! 날이 더워서 커피가 더 꿀맛이더라구요. 디저트는 역시나 최고였습니다~! 직원분들도 친절하시구 분위기도 좋았어요❣️맛있게 잘 먹었습니다!
도도는뚀,"다이어트,샐러드",예약 없이 이용,대기 시간 바로 입장,친목,친구,음식이 맛있어요,재료가 신선해요,특별한 메뉴가 있어요,친절해요,매장이 청결해요,구성이 알차고 굉장히 맛있었습니다. 포만감도 있고 꽤 좋은 한끼식사였습니다. 친절하시고 매장도 청결합니다. 재방문하고 싶은 곳이였어요
도도는뚀,,예약 없이 이용,대기 시간 바로 입장,친목,"친구, 지인・동료",음식이 맛있어요,가성비가 좋아요,메뉴 구성이 알차요,인테리어가 멋져요,친절해요,앓다죽을 최애 장소 세련...언제가도 좋네요! 안주도 맛있고 사장님이 말아주시는 하이볼도 언제나 꿀맛이고요🥹🫶🏻 좋은 사람들과 꼭 들리는 소즁한 장소예요.. 세련 정말로 사랑합니다❣️
도도는뚀,"카페,디저트",예약 없이 이용,대기 시간 바로 입장,친목,친구,커피가 맛있어요,인테리어가 멋져요,집중하기 좋아요,아늑해요,차분한 분위기에요,동네에 작고 아늑한 카페예요! 꼭 가봐야지 해놓고 이래저래 타이밍이 안맞아서 못가다가 날잡고 들러봤는데 조용하고 아늑한 차분한 카페예요☕️ 조용히 생각을 정리하거나 책을 읽거나 아니면 잔잔한 대화를 하기 좋은 공간이랄까요! 습하고 더운날씨에 들러 실내에서는 쾌적하고 온화한 시간 보내다 왔습니다~! 밀크티가 유명하다더니 정말 맛있었어요🥹
도도는뚀,이자카야,예약 없이 이용,대기 시간 바로 입장,친목,"친구, 지인・동료",친절해요,매장이 청결해요,음식이 맛있어요,술이 다양해요,특별한 메뉴가 있어요,"평촌에 정말 괜찮은 이자카야가 있다고 해서 들렀는데요.. 와 안주 퀄리티가 미쳐서 거의 식사를 하고 왔습니다🥹 술종류도 다양해서 주종이 다르더라도 각자 취향에 맞춰 마실 수 있고 안주도 숙성회부터 파스타, 탕, 그리고 가벼운 안주까지 선택의 폭이 진짜 넓어요. 좌석도 여유있고 정말 쾌적하고 시원해서 술이 쭉쭉-들어가네요🍻 사장님도 정말 친절하세요. 그냥 무조건 꼭 가보세요. 안주와 술, 분위기 다 잡은 곳입니다❣️ 재방문 확실하고요!!!! 바로 지도에 내장소 저장한 곳입니다!!!!!! 평촌 밤•담 짱짱!!"
도도는뚀,"일식,초밥뷔페",예약 후 이용,대기 시간 바로 입장,"친목, 일상",친구,음식이 맛있어요,가성비가 좋아요,친절해요,매장이 청결해요,매장이 넓어요,매장이 넓고 청결해요! 직원분들도 친절하시고 신속하게 안내해주시구요. 빈접시도 금방금방 치워주셔서 편하고 맛있게 식사했습니다!
도도는뚀,미용실,,,,,시술이 꼼꼼해요,친절해요,원하는 스타일로 잘해줘요,스타일 추천을 잘해줘요,과도한 권유가 없어요,원장님이 끌림 운영하실때 컷트실력에 반해서 따라다니는중이예요. 이전하신다해서 몇개월 공백동안 원장님 오픈하시면 자르려고 기다릴정도로 이젠 다른곳 못가게 됐어요ㅠㅠ 요 몇년간은 컷트만 하는편이라 이렇게 한곳만 고집하는게 유난인가? 싶어도 머리한번 망하면 맘고생하는거 너무 잘 알아서 원장님만 찾게됩니다. 저는 따로 손질을 하는편은 아니라 오로지 컷트에 의존하고 있어서 어느정도 컷트로 스타일이 나와줘야하는데 원장님이 정말 딱! 그렇게 해주세요. 그리고 미용실을 자꾸 여기만 고집하는이유가 제가 하고싶은 스타일이나 디테일을 말로 잘 전달하는데 있어서 원장님은 소통이 정말 잘돼요! 단순히 된다 안된다가 아니라 제 모발의 상태에 따라 제가 원하는 스타일이 어느정도 나올지 세세하게 설명해주시고 절충해주셔서 매번 만족해요💓
도도는뚀,"맥주,호프",예약 없이 이용,대기 시간 바로 입장,친목,지인・동료,음식이 맛있어요,술이 다양해요,특별한 메뉴가 있어요,가성비가 좋아요,친절해요,사람들이 늘 북적이는곳이라 맛집이구나 싶어 꼭 들려봐야지 했다가 드디어 방문해봤네요:)비가 많이 오는날이라 원랜 야외자리까지 늘 가득인데 이날은 대기없이 바로 자리잡았어요! 술 종류도 다양하고 무알콜에 음료까지 있어서 일행들 모두 만족했네요 안주도 다 맛있는것들뿐이더라구요. 치킨이 인기메뉴인거같아서 시켜봤는데 즉석에서 튀겨주시는 그 옛날통닭맛ㅠㅠㅠㅠㅠ 정말 맛있었어요! 사장님도 친절하시구요. 또 방문하고 싶은 곳 입니다. 사람들이 늘 북적이는 이유가 있어요🍻
도도는뚀,"카페,디저트",예약 없이 이용,대기 시간 바로 입장,"친목, 일상",친구,인테리어가 멋져요,커피가 맛있어요,디저트가 맛있어요,친절해요,매장이 청결해요,처음 들려보고 너무 좋았어서 노플랜카페를 알려준 친구와 다시 방문했는데요. 역시나.... 또 와도 역시 좋은곳이네요🥹🫶🏻 처음에 왔을땐 주차공간이 공사중이였는데 지금은 공사가 다 끝나서 주차공간도 4대?정도 여유가 있고요. 무더운 날씨에 카페안은 매우 쾌적하고 시원해서 시간가는줄 모르게 앉아있게 되는곳이였어요! 스콘류는 처음 먹어봤는데 내주시기전에 살짝 데워 주시더라고요‘ㅇ’ 그래서 갓 구운느낌으로 겉바속촉하게 정말 맛있게 먹었어요❣️ 테이블에 내어주실때 갓 데워주셔서 그런지 고소한 버터향이 코를 탁! 찌릅니다ㅠㅠㅠㅠ (최고) 커피랑 먹으니 극락이 따로없네요!!사장님들은 역시나 너무 친절하시구요. 커피 너무 맛있어서 집갈때 마실 커피도 테카웃 했어요☕️🧊 주변에 가실일 있으심 꼭 들려보시길 추천합니다:-)
도도는뚀,일식당,포장·배달 이용,대기 시간 30분 이내,일상,혼자,친절해요,매장이 청결해요,재료가 신선해요,특별한 메뉴가 있어요,메뉴 구성이 알차요,회가 정말 맛있고 숙성회라 그런지 감칠맛이 느껴집니다! 회를 좋아라 하지만 그렇다고 맛을 막 잘아는편은 아닌데 그런 막입인 제가 먹어도 정말 재료가 좋구나! 느낄 수 있었습니다~! 메뉴도 다양하고 1인용부터 중•대 사이즈까지 선택의 폭도 넓어서 좋더라구요:) 포장은 20분정도 걸려서 미리 주문하고 가는편인데 식사시간엔 좀 더 걸리기도 하니 참고하시길요! 사장님이 워낙 친절하셔서 다른 횟집보다 여길 더 가게되더라구요🥹 맛있고 신선한 회를 맛보고 싶다면 꼭 들러보세요❣️
도도는뚀,베이커리,예약 없이 이용,대기 시간 바로 입장,"친목, 일상",친구,커피가 맛있어요,특별한 메뉴가 있어요,아늑해요,차분한 분위기에요,친절해요,"분위기, 커피, 장소 세박자가 다 맞아떨어지는곳이예요! 동네카페인데도 늘 사람들이 많은 이유가 있는! 그런곳이예요🫶🏻 커피도 맛있고 사장님도 직원분들도 정말 친절하세요~! 그리고 디저트와 식사대체 가능한 빵들이 있어서 선택의 폭도 넓구요! 덕분에 행복한 커피타임이였습니다☕️🧊"
도도는뚀,보리밥,예약 없이 이용,대기 시간 바로 입장,나들이,친구,친절해요,음식이 맛있어요,재료가 신선해요,특별한 메뉴가 있어요,건강한 맛이에요, 야외에서 먹는 보리밥맛은 정말 이루 말할 수 없이 끝내줍니다! 주차공간도 여유있고 실내•야외 자리가 있어 좋구요~ 친절하시고 음식도 정갈하고 맛있습니다! 맛있게 잘 먹었습니다
도도는뚀,카페,예약 없이 이용,대기 시간 바로 입장,"친목, 일상","친구, 지인・동료",친절해요,커피가 맛있어요,음료가 맛있어요,특별한 메뉴가 있어요,인테리어가 멋져요,근처에 이렇게 좋은 카페가 있었다뇨! 주차자리도 여유있고 규모까지 커서 정원느낌의 야외테라스도 이용가능한 카페라 너무 만족했어요. 사장님도 너무 친절하시구 커피뿐만 아니라 차종류까지 있어서 일행 모두가 만족한곳이였습니다❣️ 갈증이 난대다가 음료까지 맛있고 또 장소도 분위기도 좋아서 연달아 두잔이나 마셨네요! 아이스바닐라라떼와 오미자차 정말 맛있었어요🥹 또 방문하고 싶은 곳이였습니다. 맛있게 잘 마셨어요🌹
도도는뚀,"카페,디저트",예약 없이 이용,대기 시간 바로 입장,"친목, 일상","친구, 반려동물",친절해요,인테리어가 멋져요,대화하기 좋아요,커피가 맛있어요,특별한 메뉴가 있어요,언제가도 좋은 장소예요🐢주말에 산책하고 덥고 갈증나서 들렸는데 시원하고 쾌적한 공간에 커피와 버터냄새가 가득하면 그곳이 천국 아닌가요! 주차도 가능하고 매장도 넓어서 좋아요! 테이블마다 놓인 생화도 너무 예쁘구요🌹 터틀리는 정말 이 동네의 자랑입니다!!!!!
도도는뚀,"카페,디저트",예약 없이 이용,대기 시간 바로 입장,"친목, 일상",친구,커피가 맛있어요,디저트가 맛있어요,특별한 메뉴가 있어요,인테리어가 멋져요,친절해요,새로운 카페가 생겼는데 너무 좋다는 얘기를 듣고 방문했어요! 매장도 넓고 주차자리도 있는 완벽한 공간이더라구요❣️ 사장님도 정말 친절하셨고 테이블간격도 넓은데 다양한 좌석이 있어서 공간마다 주는 느낌이 다 달랐어요! 음료도 디저트도 다양해서 좋았고 첫방문이라 메뉴 추천 부탁드렸는데 친절하게 설명해주셔서 너무 감사했어요!! 커피도 디저트도 맛있고 분위기도 좋았습니다:-) 무조건 재방문 하고 싶은 곳입니다
도도는뚀,덮밥,포장·배달 이용,대기 시간 바로 입장,일상,혼자,음식이 맛있어요,메뉴 구성이 알차요,매장이 넓어요,친절해요,매장이 청결해요,맛있고 정갈해요! 한끼식사로 손색없구요~ 직원분들도 친절하십니다:)
도도는뚀,"초밥,롤",예약 없이 이용,대기 시간 바로 입장,일상,혼자,친절해요,음식이 맛있어요,재료가 신선해요,특별한 메뉴가 있어요,메뉴 구성이 알차요,어느 조합에 먹어도 맛있는 유부초밥!정말 맛있어서 이것저것 먹고싶을때 잊지않고 주문하는 메뉴예요:) 주문하면 즉석에서 만들어주셔서 신선하고 촉촉&부들한 상태의 유부초밥을 맛볼 수 있어 좋아요! 사장님도 친절하시고요❣️ 매장도 넓어서 매장에서 식사하기도 좋고 포장하기도 좋은 그런곳이예요~ 맛있게 잘 먹었습니다
도도는뚀,카페,예약 없이 이용,대기 시간 바로 입장,"친목, 일상","친구, 반려동물",커피가 맛있어요,음료가 맛있어요,인테리어가 멋져요,친절해요,매장이 청결해요,맛있는 커피와 편안한 공간! 그리고 너무나 귀엽고 사랑스러운 사장님의 강아지까지🐕너무나 만족스러운 공간이였습니다! 내부가 넓고  감각적인 공간이예요:) 테이블간격도 넓고 편해서 시간여유를 즐기기 좋은카페였어요. 기본적으로 커피맛도 정말 최고였어요❣️ 무엇보다 강아지가 너무 귀여워서 재방문하고 싶은곳입니다!!!!
도도는뚀,"육류,고기요리",예약 없이 이용,대기 시간 바로 입장,"친목, 나들이","친구, 아이",음식이 맛있어요,고기 질이 좋아요,매장이 넓어요,친절해요,직접 잘 구워줘요,"와! 여기 왜 이제 왔을까요:) 매장도 넓고 직원분들도 정말 친절하세요! 고기도 직접 구워주시고 밑반찬도 정갈하고 종류가 많아요! 아이들과 같이 갔는데 아이 식기도 챙겨주시고 핸드폰 거치대도 대여해주시더라구요. 가족모임하기도 좋고, 어른들끼리 가도 좋을 공간이였습니다❣️ 말씀드리지 않아도 반찬 리필도 신경써주시고 홀이 넓고 손님이 많았는데도 테이블 하나하나 신경써주시는게 느껴져서 편하고 즐거운 식사를 할 수 있었네요~ 후식으로 아이스크림까지! 정말 만족스러운곳입니다! 동편마을에서 고기드실분들 제오오 꼭 들러보세요. 맛있게 잘 먹었습니다!"
도도는뚀,"카페,디저트",예약 없이 이용,대기 시간 바로 입장,"나들이, 일상","친구, 아이",커피가 맛있어요,친절해요,매장이 청결해요,반려동물과 가기 좋아요,아이와 가기 좋아요,"언제가도 기분좋은 곳!나들이 즐기기 좋은 날씨라 테라스에 앉기 딱 좋네요! 남녀노소, 반려동물까지 모두 즐기기 좋은 장소예요❣️ 즐거운 시간 보내다 갑니다!"
도도는뚀,"카페,디저트",포장·배달 이용,대기 시간 바로 입장,나들이,혼자,커피가 맛있어요,친절해요,매장이 청결해요,매장이 넓어요,야외공간이 멋져요,매장 내부도 넓고 테라스 공간도 있어서 좋아요:) 초막골 공원 산책하다 갈증나면 들리기 좋아요!
도도는뚀,"초밥,롤",포장·배달 이용,대기 시간 바로 입장,"나들이, 일상",혼자,친절해요,매장이 청결해요,음식이 맛있어요,양이 많아요,메뉴 구성이 알차요,최애 유부초밥집❣️ 요샌 김밥대신 유부초밥으로 정착했어요! 크기도 크고 재료도 실해서 조금만 먹어도 배부를정도로 아낌없이 만들어주십니다! 매장도 넓고 청결하고 테라스 공간도 있어요~ 사장님도 정말 친절하시구요:) 유부야 덕분에 피크닉 제대로 즐겼네요! 맛있게 잘 먹었습니다🍙
도도는뚀,"꽃집,꽃배달",,,,,감각적이에요,꽃 조합이 예뻐요,싱싱해요,친절해요,포장이 정성스러워요,바구니 선물할 일이 있어서 구매했어요.풍성하고 고급스러워서 마음에 들어요.가져갈땐 비닐로 한번 더 포장해주셔서 잘 가져왔네요🌹 꽃살땐 꼭 여기 이용하게되요! 
도도는뚀,"카페,디저트",예약 없이 이용,대기 시간 바로 입장,"친목, 일상",친구,친절해요,인테리어가 멋져요,커피가 맛있어요,음료가 맛있어요,특별한 메뉴가 있어요,분위기도 좋고 공간이 주는 편안함도 좋아요:)사장님도 친절하시구요! 맛있게 잘 마시고 갑니다!
도도는뚀,"곱창,막창,양",예약 없이 이용,대기 시간 30분 이내,친목,친구,친절해요,매장이 청결해요,음식이 맛있어요,특별한 메뉴가 있어요,잡내가 적어요,국물이 진하고 재료도 푸짐하게 들어가있어서 너무 맛있엇어요! 곱창추가해서 먹었더니 국물이 더 진하고 맛있더라구요❣️ 왜 맛집인지 바로 수긍하게 되는 맛입니다! 맛있게 잘 먹었습니다
도도는뚀,"카페,디저트",예약 없이 이용,대기 시간 바로 입장,"친목, 여행",친구,커피가 맛있어요,디저트가 맛있어요,특별한 메뉴가 있어요,인테리어가 멋져요,친절해요,독특한 인테리어에 끌려서 들려봤어요!친절하시고 인테리어가 정말 멋있더라구요.좌석도 다양하고 넓어서 공간마다 다 다른장소에 온 느낌이구요:) 커피도 맛있고 빵이 정말!!!! 맛있었어요! 플레이팅해주시면서 저렇게 샐러드도 주시고 데코해주셔서 순간 메뉴 잘못나왔나?! 할정도로 너무 예쁘게 담아주셨어요❣️ 맛있게 잘 먹었습니다
도도는뚀,"해물,생선요리",예약 없이 이용,대기 시간 바로 입장,"친목, 여행",친구,친절해요,음식이 맛있어요,재료가 신선해요,특별한 메뉴가 있어요,반찬이 잘 나와요,제발!! 꼭 드셔보세요!!! 싹싹 긁어먹고 나온 맛집입니다. 친절하시고 음식도 정갈하고 푸짐해요! 좌석도 많고 매장도 넓어서 편하게 식사하기 좋구요. 먹고나서 며칠동안 생각나던 맛집이였어요❣️ 맛있게 잘 먹었습니다
도도는뚀,"카페,디저트",예약 없이 이용,대기 시간 바로 입장,"친목, 일상","친구, 반려동물",인테리어가 멋져요,대화하기 좋아요,친절해요,반려동물과 가기 좋아요,커피가 맛있어요,"지나다니면서 동반이 가능한지 몰라 매번 보기만하고 지나쳤는데 동반이 가능하다하여 방문했어요! 왜 이제서야 알게됐을까 싶을정도로 너무 좋은 공간이였습니다! 매장 인테리어도 분위기도 좋고, 사장님도 친절하시구요. 커피도 맛있었어요! 산책하다 들리기 좋은 위치라 털친구들이랑 와도 사람끼리만 와도 다 만족할만한 공간이였습니다☕️ 하스트커피 꼭 들러보세요💖"
도도는뚀,한식,예약 없이 이용,대기 시간 바로 입장,"친목, 일상","친구, 지인・동료, 반려동물",음식이 맛있어요,술이 다양해요,친절해요,반려동물과 가기 좋아요,단체모임 하기 좋아요,"펫프렌들리한 공간이라 강쥐동반도 가능하고 맛있는 메뉴도 가득한 곳! 메뉴도 비건, 논비건메뉴로 다양하고, 술도 무알콜부터 음료까지 다양하게 준비되어있어 술을 잘먹는 사람도 술을 못먹는 사람도 편하게 즐길 수 있는 공간이예요! 특히나 강아지동반이 가능하고 사장님께서 신경쓰신 공간이라는게 느껴져서 더 의미있더라구요:) 떡볶이는 늘 가득 먹고와도 생각나는거같아요! 정말 맛있게 먹었습니다💖"
도도는뚀,"카페,디저트",예약 없이 이용,대기 시간 바로 입장,"나들이, 일상","친구, 아이",친절해요,아이와 가기 좋아요,커피가 맛있어요,디저트가 맛있어요,특별한 메뉴가 있어요,원래도 동편마을에서 브런치카페하면 에그룸이잖아요?! 주말 좀 애매한시간에 들렀더니 대기없이 바로 입장이 가능했어요! 신나서 들어갔는데 디저트종류가 거의 다 매진이라 역시.. 핫플이구나 싶었는데 다행히 파블로바가 남아있어서 주문해봤습니다:) 파블로바는 처음 주문하는거라 정말 신기했어요! 빵대신 머랭이 있다니! 신선한 과일과 고소하고 부드러운 생크림이 가득들어있어 어른도 아이도 모두 호불호없이 맛있게 먹었어요! 웅이아버지로 변신하게 만들어줄만큼 정말 맛있는 디저트였습니다🎂 날이 좋아 더 들리기 좋아진거같아요! 덕분에 행복한 시간 보냈습니다💖
도도는뚀,베이커리,예약 없이 이용,대기 시간 바로 입장,일상,"친구, 반려동물",아늑해요,커피가 맛있어요,친절해요,매장이 청결해요,반려동물과 가기 좋아요,이미 너무나 입소문난 카페지만 이런 보물같은 장소를 알게된게 너무 뿌듯할정도로 좋아하게 되버린 곳이예요☕️ 커피도 맛있고 베이커리류도 역시나 맛있더라구요! 직원분들도 너무 친절하시구 펫프렌들리한 공간이라 산책중에 들러서 커피로 갈증해소하기도 너무 좋은곳이네요!(펫티켓 준수🐕) 지금같은 봄날엔 테라스장소가 딱이니 꼭 들려보세요!
도도는뚀,피자,포장·배달 이용,대기 시간 바로 입장,"친목, 나들이, 일상",친구,친절해요,매장이 청결해요,음식이 맛있어요,재료가 신선해요,가성비가 좋아요,피크닉메뉴로 뭐가 좋을까 하다가 근처에 피자집이 있어서 포장주문을 했어요! 반반메뉴도 있고 포장시 할인도 적용되니 가격도 엄청 합리적이더라구요! 매장앞에 보니 매일 할인하는 피자도 있도 이런저런 이벤트도 많은듯 했어요~ 전화응대로도 엄청 친절하시다 느꼈는데 픽업때도 역시 친절하신 사장님덕에 기분좋게 포장했습니다! 도우가 너무 두껍지 않으면서 적당히 쫄깃하고 토핑도 푸짐하게 올라가있어서 정말 맛있게 먹었어요🍕다음에 꼭 또 재방문해야지 싶었던곳입니다! 맛있게 잘 먹었습니다~!
도도는뚀,"카페,디저트",예약 없이 이용,대기 시간 바로 입장,일상,"혼자, 반려동물",친절해요,반려동물과 가기 좋아요,커피가 맛있어요,인테리어가 멋져요,차분한 분위기에요,그거 아세요? 터틀리의 테이블에 놓인 꽃들은 전부 생화라는점! 얼마나 매장에 사장님이 정성들이시는지 디테일만 봐도 느껴져요! 반려동물동반이 가능해서 산책중에 종종 들리는데요 강쥐도 좋아하는 터틀리입니다🐕💖 시원하고 맛있는 아메리카노 잘 마시고갑니다!
도도는뚀,"카페,디저트",예약 없이 이용,대기 시간 바로 입장,"친목, 일상","친구, 반려동물",친절해요,반려동물과 가기 좋아요,커피가 맛있어요,디저트가 맛있어요,음료가 맛있어요,언제 들러도 기분좋은곳!좀만 늦게가도 디저트는 품절이니 디저트 드실분들은 서둘러 가시길요! 사장님이 정말 친절하시구 매장 분위기도 편안하고 좋아서 혼자서도 여럿이도 가기 좋은곳이예요. 펫프렌들리한곳이라 펫티켓만 준수해주신다면 반려동물과 방문도 가능하구요🐕💖 강아지 물도 늘 챙겨주시고 자유공원 근처에 있어 산책하다 들리기도 딱 좋은 위치예요! 커피도 음료도 디저트도 다 맛있으니 자신있게 추천하는곳입니다:-)
도도는뚀,"카페,디저트",예약 없이 이용,대기 시간 바로 입장,"친목, 나들이","친구, 반려동물",커피가 맛있어요,디저트가 맛있어요,특별한 메뉴가 있어요,친절해요,반려동물과 가기 좋아요,동편마을가면 요새 에그룸은 꼭 필수코수예요!펫 프렌들리한 공간이라 강아지와 가도 즐거운 시간을 보낼 수 있어요! 펫티켓은 당연 준수해야하구요~ 여긴 사장님도 직원분들도 손님분들까지 다 따수운분들만 계신곳같아요! 갈때마다 분위기와 음식으로 힐링하고 오는 곳입니다💖 식사와 디저트까지 한번에 다 먹을 수 있는 공간이라 더더욱 갈일이 많아요:) 맛있게 잘 먹고갑니댜~
도도는뚀,"카페,디저트",예약 없이 이용,대기 시간 바로 입장,친목,"친구, 반려동물",커피가 맛있어요,특별한 메뉴가 있어요,친절해요,반려동물과 가기 좋아요,차분한 분위기에요,1층은 반려동물 동반 가능하다하여 들려봤어요!분위기도 좋고 친절하세요! 다른 손님분들도 펫프렌들리한 분위기라 편하게 커피 마시고 왔습니다💖 커피도 맛있어서 다음에 다시 들리고 싶은곳이예오
도도는뚀,"카페,디저트",예약 없이 이용,대기 시간 바로 입장,친목,"친구, 반려동물",커피가 맛있어요,음료가 맛있어요,특별한 메뉴가 있어요,친절해요,반려동물과 가기 좋아요,커피도 맛있고 반려동물동반도 가능한 카페라고 해서 들러봤어요! 상주견 강아지 팡이도 너무 귀여웠고 사장님도 반갑게 맞아주셔서 감사했어요~ 메뉴도 특색있고 맛있어서 인절미음료 정말 잘 먹었어오💖 또 들리고 싶은곳입니다
도도는뚀,"카페,디저트",예약 없이 이용,대기 시간 10분 이내 ,친목,"친구, 반려동물",특별한 메뉴가 있어요,메뉴 구성이 알차요,아늑해요,친절해요,반려동물과 가기 좋아요,역시 인기있는곳은 다 이유가 있는거 같아요. 피크타임 시간 피해서 간다고 갔는데도 만석인 에그룸! 직원분들 모두 친절하시고 신속하게 응대해주셔서 오래 기다리지않고 입장했어요! 반려동물 동반카페라 그런지 다른 손님분들도 모두 호의적이셔서 너무 즐겁고 행복한 식사시간이였어요~ 펫티켓은 당연!하구요. 이렇게 음식도 맛있고 친절하고 반려동물과도 눈치안보고 입장할 수 있는곳이 있어서 행복하네요💖 식사메뉴와 디저트 모두 맛보았는데요. 어느하나 빠지는거 없이 다 맛있었어요! 또 생각나는맛이랄까요ㅠㅠㅠ 완전 추천합니다 에그룸!
도도는뚀,"카페,디저트",예약 없이 이용,대기 시간 바로 입장,친목,"친구, 반려동물",친절해요,룸이 잘 되어있어요,반려동물과 가기 좋아요,커피가 맛있어요,디저트가 맛있어요,펫프렌들리하고 커피도 디저트도 맛있는곳!서울숲 산책하고 들렸는데 카페 분위기도 좋고 좌석도 다양하고 좋더라구요~ 직원분들도 너무 친절하시고 반려동물 동반이 되서 산책하다 들리기 너무 좋았어요💖 덕분에 행복한 시간 보내다 갑니다
도도는뚀,"맥주,호프",예약 없이 이용,대기 시간 바로 입장,"친목, 기념일",친구,컨셉이 독특해요,음식이 맛있어요,가성비가 좋아요,메뉴 구성이 알차요,친절해요,매번 포장만하다가 매장에서는 처음먹어봤어요!분위기도 좋고 가볍게 맥주한잔하기 너무 좋은 분위기였어요~ 직원분들도 친절하시고 바로 튀겨져 나온 튀김 먹으니 더 맛있더라구요🥹 너무 맛있게 잘 먹었습니다
도도는뚀,,,,,,매장이 청결해요,가격이 합리적이에요,친절해요,종류가 다양해요,설명이 자세해요,인스타보니 귀여운 인턴사원이 출근한다고 해서 일부러 들러봤어요! 반려동물동반이 가능한 매장이라 운좋으면 이렇게 귀여운 털친구들을 만날 수 있어 너무 좋아요💗 간김에 시원한 생맥주 한잔씩 마셨는데 시원하고 청량감이 최고였습니다🍺 쉘터는 와인도 와인인데 생맥 꼭 드셔보시길요! 덕분에 즐거운 시간 보냈습니다🌈
도도는뚀,아시아음식,예약 없이 이용,대기 시간 바로 입장,"친목, 기념일",친구,음식이 맛있어요,재료가 신선해요,친절해요,좌석이 편해요,매장이 넓어요,왜 이제야 가봤을까요! 팬더 마스코트가 독특해서 가봤던건데 음식맛이 마스코트였네요...🥹 웨이팅이 있는곳같은데 운좋게 바로 입장해서 자리잡았어요! 좌석도 편하고 분위기도 좋아요~ 직원분들이 진짜 친절하시고 메뉴가 다! 정말 너무 맛있어요 진짜로요ㅠㅠㅠㅠ 또 가고싶다고 생각할만큼 만족한곳입니다! 어향가지는 백번천번 추천드립니다💗 맛있게 잘 먹었습니다~
