﻿nickname,restaurant,reservation,waiting,purpose,withwho,tagging_1,tagging_2,tagging_3,tagging_4,tagging_5,content
꿀맥주,일본식라면,예약 없이 이용,대기 시간 바로 입장,데이트,연인・배우자,음식이 맛있어요,,,,,차슈가 부드럽고 컨셉이 확실해서 재밌게 맛있게 먹었습니다. 😋
꿀맥주,"장어,먹장어요리",예약 없이 이용,대기 시간 바로 입장,"데이트, 친목",부모님,음식이 맛있어요,,,,,정말 가성비 좋은 민물장어를 먹을 수 있는 곳입니다. 인천대공원 근처에있어 가족 나들이 후 방문하기 좋습니다.
꿀맥주,돈가스,예약 없이 이용,대기 시간 바로 입장,나들이,혼자,음식이 맛있어요,,,,,어여쁜 샛노랑 빛깔의 돈카츠부드러운 육질과 풍부한 육향의 흑돼지 카츠입니다. 갸능하다면 특모듬 주문 추천합니다. 👍🏻
꿀맥주,일본식라면,예약 없이 이용,대기 시간 바로 입장,데이트,연인・배우자,음식이 맛있어요,,,,,"아기자기한 공간에서 따끈한 라멘 한그릇하기 좋은곳입니다. 상호답게 정말 작은식당인데요, 닭고기 향 가득한 토리파이탄 과 커리우동 정갈하고 맛있게 식사하고 갑니다."
꿀맥주,냉면,예약 없이 이용,대기 시간 바로 입장,데이트,연인・배우자,음식이 맛있어요,,,,,날씨가 선선해지면 더욱 생각나는 평양냉면입니다. 의정부계열의 뿌리인 의정부 평양면옥은 역시 안정된 육수가 인상적이었습니다.맑은 육수에 고춧가루가 뿌려져 나오는 특유의 스타일의 간 배합이 아주 적절했습니다.
꿀맥주,"카페,디저트",예약 없이 이용,대기 시간 바로 입장,데이트,연인・배우자,디저트가 맛있어요,,,,,약과 진짜 맛있네요. 손에 묻어나지도 않고 많이 달지 않으면서 딱 깔끔한 맛입니다. 👍🏻
꿀맥주,막국수,예약 없이 이용,대기 시간 바로 입장,데이트,연인・배우자,음식이 맛있어요,,,,,막국수 시원하니 맛있네요
꿀맥주,"초밥,롤",예약 없이 이용,대기 시간 바로 입장,데이트,연인・배우자,음식이 맛있어요,,,,,동네 롯데마트에 생겨서 접근성도 좋고 무엇보다 음식이 신선하고 맛있습니다!👍🏻
꿀맥주,돼지고기구이,예약 없이 이용,대기 시간 바로 입장,데이트,연인・배우자,음식이 맛있어요,,,,,참숯향이 가득밴 목살 한점 배어물면 육즙이 입안가득 터집니다. 직원분들이 숙련된 솜씨로 적당한 굽기로 구워주셔서 쫄깃한 식감으로 즐길 수 있습니다. 목살구이 원탑이라고 말할 수 있는 곳입니다👍🏻
꿀맥주,돈가스,예약 없이 이용,대기 시간 바로 입장,데이트,연인・배우자,음식이 맛있어요,,,,,짬쪼름한 튀김옷과 부드러운 육질의 돼지고기가 잘어울립니다. 구수한 돈지루와 흰쌀밥까지 먹으면 든든한 한끼가 완성됩니다. 가라아게도 새콤한 마요소스와 잘 어울려서 필수 주문메뉴입니다. 😊
꿀맥주,"셀프,대여스튜디오",,,,,시설이 깔끔해요,소품이 다양해요,주차하기 편해요,,,"결혼기념일 맞이해서 셀프사진촬영 했습니다. 시설도 깔끔하고 주차도 편리하게 잘 되어있었습니다. 이용 매뉴얼도 알기쉽게 설명되어있어 쉽게 촬영할수 있었습니다. 다양한 배경지와 필터, 그리고 소품들로 느낌있는 사진들을 연출하기 좋았습니다. 😊"
꿀맥주,술집,예약 없이 이용,대기 시간 바로 입장,데이트,연인・배우자,음식이 맛있어요,,,,,동네에 이런 곳이 있는줄 몰랐네요원적산 언덕 한켠에 위치해있어 정말 ‘숨겨진’ 장소 입니다. 매콤닭발은 매콤하고 야들야들 맛있었습니다. 무알콜맥주도 있어서 부담없이 즐기기 좋았습니다.
꿀맥주,돈가스,예약 없이 이용,대기 시간 바로 입장,데이트,연인・배우자,음식이 맛있어요,,,,,신메뉴 히레스튜 맛있습니다. 오이절임도 새콤하고 짠맛이 안주로 잘 어울립니다. 야끼소바와 히레도그는 자주 먹는데 역시 맛있네요😋
꿀맥주,카페,예약 없이 이용,대기 시간 바로 입장,데이트,연인・배우자,커피가 맛있어요,디저트가 맛있어요,,,,스모어 비주얼이 좋네요. 말차도 맛있었고 필터커피도 향긋했습니다. 계양산 뷰와 함께 즐길 수 있어서 좋았습니다.
꿀맥주,돈가스,예약 없이 이용,대기 시간 30분 이상,데이트,연인・배우자,음식이 맛있어요,,,,,특목살 육향이 진하고 식감이 쫀득해서 정말 맛있습니다.🐷
꿀맥주,"카페,디저트",예약 없이 이용,대기 시간 바로 입장,데이트,연인・배우자,인테리어가 멋져요,커피가 맛있어요,디저트가 맛있어요,,,한옥인테리어에 달달한 커피와 디저트가 맛있는 곳입니다. 시원한 충주호 뷰를 보며 탱글 달달한 푸딩 먹으면 누구나 기분이 좋아질 것 같습니다. 😊
꿀맥주,"순대,순댓국",예약 없이 이용,대기 시간 바로 입장,데이트,연인・배우자,음식이 맛있어요,,,,,시래기가 들어간 순댓국으로 맵짠 맛이 아주 맛있었습니다.
꿀맥주,스크린골프장,,,,,시설이 깔끔해요,공간이 넓어요,최신 장비를 사용해요,친절해요,,최신 퀀텀장비가 적용돼있어 즐겁게 게임했습니다. 신규 업장이라 시설이 깨끗했고 사장님이 친절하셔서 편안한 시간을 보낼 수 있었습니다.
꿀맥주,"관람,체험",예약 없이 이용,대기 시간 바로 입장,데이트,연인・배우자,,,,,,"무더위가 기승을 부리는 요즘, 시원한 동굴 탐험 추천합니다. 평균 15도 남짓한 온도가 유지되어 매우 시원해서 더위를 날려버릴 수 있었습니다. 동굴내 투명카약, 와인, 와사비 등등 볼거리 즐길거리가 많아 가족, 연인들끼리 즐거운 시간 보내기 좋은 곳입니다."
꿀맥주,베이커리,예약 없이 이용,대기 시간 바로 입장,데이트,연인・배우자,빵이 맛있어요,,,,,"충주에서 맛있는 빵을 찾는다면 이곳에 방문하면 됩니다. 무화과깜빠뉴, 밤데니쉬, 커스터드크로핀 모두 맛있었습니다. 🍞"
꿀맥주,생선회,예약 없이 이용,대기 시간 바로 입장,데이트,연인・배우자,음식이 맛있어요,,,,,"송어, 향어회를 맛있게 먹을 수 있는 곳입니다. 상호 그대로 맛있는 초고추장에 송어 야채양념을 만들어 먹는데 같이 나오는 매운탕과 잘 어울렸습니다. 😋"
꿀맥주,"카페,디저트",예약 없이 이용,대기 시간 바로 입장,데이트,연인・배우자,커피가 맛있어요,,,,,드립커피가 향긋하니 맛있었습니다.
꿀맥주,돈가스,예약 없이 이용,대기 시간 바로 입장,데이트,혼자,음식이 맛있어요,,,,,충주시 작은 마을의 아기자기한 돈카츠집입니다. 숙성고기라 부드러워 맛있게 잘 먹었습니다.
꿀맥주,아이스크림,예약 없이 이용,대기 시간 바로 입장,데이트,연인・배우자,특별한 메뉴가 있어요,,,,,두바이초콜릿 모찌 맛있습니다.
꿀맥주,일식당,예약 없이 이용,대기 시간 바로 입장,데이트,연인・배우자,음식이 맛있어요,,,,,"큼직한 장어튀김이 올라간 소바, 완전 별미였습니다. 눅눅해지지 않고 바삭함이 어느정도 유지되어서 맛있게 잘 먹었습니다. 😊"
꿀맥주,일식당,예약 없이 이용,대기 시간 바로 입장,나들이,혼자,음식이 맛있어요,,,,,언제 먹어도 너무 맛있습니다.
꿀맥주,"족발,보쌈",예약 없이 이용,대기 시간 바로 입장,데이트,연인・배우자,음식이 맛있어요,특별한 메뉴가 있어요,,,,"그냥 먹어도 맛있는 족발, 튀겨 먹으니 더 맛있습니다. 아무래도 기름져서 많이 먹기에는 느끼한데 파채 추가해서 먹으면 딱 좋습니다. 기본찬으로 나오는 껍데기와 순두부라면도 은근 먹을만 합니다. 😊"
꿀맥주,"카페,디저트",예약 없이 이용,대기 시간 바로 입장,데이트,연인・배우자,커피가 맛있어요,,,,,드립커피가 맛있네요인테리어도 감각적이고 카페 배경음악들도 좋은 음악들로 틀어주셔서 좋은 시간 보내다가 갑니다. 😊
꿀맥주,요리주점,예약 없이 이용,대기 시간 바로 입장,데이트,연인・배우자,음식이 맛있어요,특별한 메뉴가 있어요,,,,"동네 요리주점이라 가벼운 마음으로 방문했는데 너무 멋진 곳이었습니다. 사장님이 요리에 대한 열정이 가득하신 만큼 설명도 친절하게 잘 해주셨고, 무엇보다 장작을 이용한 훈제 요리들이 무척 맛있었습니다. 동네 음식점에서 육회타르타르에 생트러플이 올라간 메뉴를 볼줄은 몰랐네요. 잘 먹었습니다. 😊"
꿀맥주,돈가스,예약 없이 이용,대기 시간 바로 입장,데이트,연인・배우자,음식이 맛있어요,특별한 메뉴가 있어요,인테리어가 멋져요,,,심야식당 메뉴 모두 맛있었습니다. 특히 돈테키는 완전 밥도둑이네요😋
꿀맥주,"카페,디저트",예약 없이 이용,대기 시간 바로 입장,친목,부모님,디저트가 맛있어요,,,,,눈꽃빙수 달달하니 맛있었습니다.
꿀맥주,복어요리,예약 없이 이용,대기 시간 바로 입장,친목,부모님,음식이 맛있어요,,,,,복어살이 담백하고 국물이 시원해서 맛있었습니다. 야채랑 젓갈반찬 비벼먹는 밥으로 마무리하니 든든했습니다.
꿀맥주,"백반,가정식",예약 없이 이용,대기 시간 바로 입장,데이트,연인・배우자,음식이 맛있어요,반찬이 잘 나와요,,,,솥밥이 고소하고 영양 가득해서 맛있었습니다. 정식에 나오는 반찬들도 정갈해서 든든하게 한끼 잘 먹고갑니다.
꿀맥주,국밥,예약 없이 이용,대기 시간 바로 입장,나들이,혼자,음식이 맛있어요,가성비가 좋아요,반찬이 잘 나와요,,,통영 아침식사로 부담없이 맛있게 먹을 수 있었습니다.
꿀맥주,"카페,디저트",예약 없이 이용,대기 시간 바로 입장,데이트,연인・배우자,커피가 맛있어요,뷰가 좋아요,,,,통창으로 넓은 남해바다를 볼 수 있어서 좋았습니다. 커피도 맛있었습니다.
꿀맥주,국밥,예약 없이 이용,대기 시간 바로 입장,데이트,연인・배우자,음식이 맛있어요,,,,,돼지국밥 자극적이지 않고 고기가 부드러워 맛있습니다. 고기비빔국수는 제주도 생각날 만큼 맛있었습니다.
꿀맥주,두부요리,예약 없이 이용,대기 시간 바로 입장,데이트,연인・배우자,인테리어가 멋져요,매장이 청결해요,주차하기 편해요,음식이 맛있어요,,황리단길에 위치해있으며 주차도 가능해 편리하게 이용할 수 있었습니다. 치즈순두부의 치즈가 매운맛을 잘 집아주어 맛있게 잘 먹었습니다.
꿀맥주,카페,예약 없이 이용,대기 시간 바로 입장,데이트,연인・배우자,뷰가 좋아요,디저트가 맛있어요,특별한 메뉴가 있어요,,,무화과 푸딩이 정말 맛있습니다.
꿀맥주,한식,예약 없이 이용,대기 시간 바로 입장,데이트,연인・배우자,음식이 맛있어요,,,,,요즘같은 폭염에 이열치열 몸보신하기 딱입니다. 쫀득한 식감의 도가니탕이 아주 맛있습니다. 시내에서 다소 외진 곳에 위치해 있는데 가게 앞에 주차공간도 있어서 찾아갈만 했습니다.
꿀맥주,이자카야,예약 없이 이용,대기 시간 30분 이내,데이트,연인・배우자,음식이 맛있어요,특별한 메뉴가 있어요,,,,황리단길에 위치한 꼬치와 술한잔 하기 좋은 이자카야입니다. 닭안심과 연골꼬치가 특히 맛있었습니다.
꿀맥주,"카페,디저트",예약 없이 이용,대기 시간 바로 입장,데이트,연인・배우자,디저트가 맛있어요,,,,,카이막 소프트아이스크림과 구슬아이스크림 콤보 추천합니다!
꿀맥주,한식,예약 없이 이용,대기 시간 30분 이내,데이트,연인・배우자,인테리어가 멋져요,음식이 맛있어요,,,,"경주 황리단길에 위치한 소옥에 다녀왔습니다. 관광객들에게 유명한 곳이라 웨이팅이 꽤 있었는데대기실에 에어컨을 켜놓긴했지만 성능이 별로인지, 워낙 폭염이어서 인지 밖이 더 시원했습니다. 대기 후에 음식이 셋팅된 자리로 안내받았고갈비찜은 부드럽고 맛있었는데 양이 적어서 감태주먹밥과 배추전 주문이 필수였습니다."
꿀맥주,일본식라면,예약 없이 이용,대기 시간 바로 입장,나들이,혼자,혼밥하기 좋아요,음식이 맛있어요,특별한 메뉴가 있어요,,,오랜만에 방문했는데 역시 맛있네요. 미소아부라소바 진한맛으로 먹었는데 최고입니다!👍🏻
꿀맥주,돈가스,예약 없이 이용,대기 시간 바로 입장,나들이,혼자,음식이 맛있어요,,,,,방문할 때마다 만족합니다. 예전보다 두껍게 썰어주셔서 식감도 좋았고 이 곳만의 감성인 깍두기와 뭇국이 아주 좋습니다. (예전에 있던 쇠수저 감성이 그립읍니다.)
꿀맥주,돼지고기구이,예약 없이 이용,대기 시간 바로 입장,친목,"부모님, 친척・형제",음식이 맛있어요,특별한 메뉴가 있어요,직접 잘 구워줘요,단체모임 하기 좋아요,,"만수동 인근에서 오랜기간 영업 중인 곳입니다. 인근 주민들에게 오랫동안 사랑 받을만큼 맛있었고 등갈비 구이라는 특별한 메뉴로 가족 외식을 할 수 있어 좋았습니다. 오래되었지만 매장관리를 잘 하셨는지 깔끔했고 에어컨, 선풍기가 잘 되어있어 한여름에도 괜찮았습니다. 소세지와 비빔국수는 매콤해서 아이들이 먹기에는 주의가 필요해 보였습니다."
꿀맥주,"찌개,전골",예약 없이 이용,데이트,연인・배우자,,음식이 맛있어요,,,,,백채김치찌개 역시 맛있습니다. 두툼한 통돼지고기가 씹히는 식감이 좋고 계란말이까지 곁들이니 푸짐하게 한끼할 수 있었습니다.
꿀맥주,햄버거,예약 없이 이용,대기 시간 바로 입장,데이트,연인・배우자,음식이 맛있어요,,,,,가성비 좋은 수제버거는 역시 프랭크버거입니다.
꿀맥주,일식당,예약 없이 이용,대기 시간 바로 입장,친목,지인・동료,음식이 맛있어요,,,,,이틀 연속으로 방문했습니다. 오늘은 일반 등심으로 주문했는데 난축맛돈이었고 프리미엄 못지않게 맛있었습니다. 치킨난반은 가라아게 스타일은 아니고 치킨카츠에 타르타르 소스가 올려나옵니다.
꿀맥주,일식당,예약 없이 이용,대기 시간 바로 입장,나들이,혼자,혼밥하기 좋아요,음식이 맛있어요,특별한 메뉴가 있어요,,,탐라애돈흑돈 정말 맛있었습니다. 원래 난축맛돈 생각하고 퇴근 후 방문했는데 품절이라 반신반의로 탐라애돈 주문했는데 역시 프리미엄급이라 맛있었습니다. 저온 조리로 육질은 부드럽고 육즙 가득해 씹는 즐거움이 있었습니다. 매콤한 돈지루와 마늘쫑&우엉 절임이 느끼함을 잘 잡아주어 완벽한 식사였습니다.
꿀맥주,샤브샤브,예약 없이 이용,대기 시간 바로 입장,데이트,연인・배우자,매장이 청결해요,음식이 맛있어요,,,,굴포천 상권에 새로 생긴 샤브샤브 집입니다. 입간판에 육회 유자냉소바가 눈에 띄어 이끌려 들어왔습니다. 일반 소바와 다르게 유자향이 추가되어 더 안정적인 맛입니다. 육회 상태가 좋은편은 아니었으나 소바랑 잘 어울렸습니다. 닭껍질교자는 고소하고 맛있었습니다.
