﻿nickname,restaurant,reservation,waiting,purpose,withwho,tagging_1,tagging_2,tagging_3,tagging_4,tagging_5,content
대동맛지도,"카페,디저트",예약 없이 이용,대기 시간 바로 입장,일상,혼자,친절해요,,,,,차랑 케이크가 정말 잘 어울려요👍
대동맛지도,"맥주,호프",예약 없이 이용,대기 시간 바로 입장,데이트,연인・배우자,음식이 맛있어요,특별한 메뉴가 있어요,가성비가 좋아요,메뉴 구성이 알차요,,어떤 메뉴를 먹어도 맛있네요👍 두부김치도 존맛 고기가 좀만 더 있으면 좋겠지만ㅎㅎㅎㅎ
대동맛지도,"카페,디저트",예약 없이 이용,대기 시간 바로 입장,데이트,연인・배우자,특별한 메뉴가 있어요,메뉴 구성이 알차요,반려동물과 가기 좋아요,뷰가 좋아요,매장이 넓어요,진짜ㅏㅏㅏㅏ너ㅓㅓㅓ무 귀여운 고먐미가 있는 곳❤️
대동맛지도,양식,예약 없이 이용,대기 시간 바로 입장,데이트,연인・배우자,매장이 넓어요,음식이 맛있어요,양이 많아요,특별한 메뉴가 있어요,메뉴 구성이 알차요,생각보다 양이 많아요 근데 진짜 맛있음 특히 시저봄동샐러드는 다시와서 먹고싶을 정도 특별한데 맛있는 맛입니다 다른 메뉴도 궁금해요 재방문 각👍
대동맛지도,"카페,디저트",예약 없이 이용,대기 시간 바로 입장,일상,혼자,디저트가 맛있어요,특별한 메뉴가 있어요,,,,오후기도 하고 비가 와서 따뜻한 티 마셨는데 산뜻하고 좋았습니다 쌀타르트도 진짜 맛있게 먹었어요 다른 곳에서 맛보기 힘듣 맛??타르트 모양도 예쁘고 다만 나오자마자 먹으면 얼어잇는듯?딱딱해서 살짝 녹은다음에 먹으면 더 쉽게 먹을 수 있을거같아요
대동맛지도,"치킨,닭강정",예약 없이 이용,대기 시간 바로 입장,데이트,연인・배우자,단체모임 하기 좋아요,음식이 맛있어요,,,,사이드로 메뉴가 많아서 좋아요 단체 모임하기 딱일듯!!👍👍
대동맛지도,낙지요리,예약 없이 이용,대기 시간 바로 입장,일상,친구,음식이 맛있어요,,,,,맛나요👍
대동맛지도,카페,예약 없이 이용,대기 시간 바로 입장,일상,혼자,커피가 맛있어요,,,,,크림커피 맛있네요👍
대동맛지도,브런치,예약 없이 이용,대기 시간 바로 입장,데이트,연인・배우자,음식이 맛있어요,메뉴 구성이 알차요,인테리어가 멋져요,,,맛있어요 세트가 2명이 먹기엔 딱 좋아요❤️
대동맛지도,이탈리아음식,예약 없이 이용,대기 시간 바로 입장,일상,친척・형제,메뉴 구성이 알차요,매장이 넓어요,,,,뭔가 추억의 맛이에요 학생도 많고 아이들도 많아서 옛날 생각도 나고 좋았어요
대동맛지도,"카페,디저트",포장·배달 이용,대기 시간 바로 입장,비즈니스,지인・동료,인테리어가 멋져요,디저트가 맛있어요,매장이 청결해요,,,까눌레 맛집👍
대동맛지도,"치킨,닭강정",예약 없이 이용,대기 시간 바로 입장,데이트,연인・배우자,음식이 맛있어요,양이 많아요,고기 질이 좋아요,메뉴 구성이 알차요,,치킨에 김볶밥❤️ 진짜 짱맛탱👍👍👍
대동맛지도,양식,예약 없이 이용,대기 시간 30분 이내,일상,혼자,재료가 신선해요,건강한 맛이에요,,,,진짜 건강한 맛이에요 자극적인 맛에 길들여져 있었는데 이런 음식 좋네요👍 옆에 소금이랑 후추가 있어서 살짝 쳐서 먹으니 존맛.. 다만 한가하고 여유로운 브런치 카페라기 보단 웨이팅이 있고 북적거려서 먹고 바로 나가야함ㅠㅠ또르르 다음에 한가한 시간에 가야겠어요
대동맛지도,베이커리,포장·배달 이용,대기 시간 바로 입장,일상,혼자,빵이 맛있어요,,,,,인생 치아바타 만났습니다 먹물치즈 치아바타 다들 드셔보세요 촉촉하고 부드럽고 진짜 노말ㅠㅠ❤️
대동맛지도,"맥주,호프",예약 없이 이용,대기 시간 바로 입장,데이트,연인・배우자,친절해요,음식이 맛있어요,메뉴 구성이 알차요,,,무슨 메뉴를 시켜도 다 맛있는 곳..❤️ 나만 알고싶은데 이미 많은 사람들이 알고 있고 그치만 아는 사람만 아는 것 같은 맛집..소즁해..🫶🏻
대동맛지도,아이스크림,예약 없이 이용,대기 시간 바로 입장,데이트,연인・배우자,친절해요,디저트가 맛있어요,,,,사장님이 정말 친절하셔서 항상 재방문 하게 되네요👍
대동맛지도,정육식당,예약 없이 이용,대기 시간 바로 입장,데이트,연인・배우자,음식이 맛있어요,단체모임 하기 좋아요,,,,고기는 맛있게 먹었습니다 직원분들도 친절해요 상차림 만원인데 만원 어치의 반찬인지는 잘 모르겠..그냥 회식하러 오기 좋은 곳인 느낌
대동맛지도,"카페,디저트",예약 없이 이용,대기 시간 바로 입장,데이트,연인・배우자,친절해요,인테리어가 멋져요,디저트가 맛있어요,가성비가 좋아요,,사장님 너무 친절하시고🫶🏻 빙수 존맛..예전에 배달로 먹었었는데 와서 먹으니까 더 맛있네요ㅠㅠ❤️
대동맛지도,한식,예약 없이 이용,대기 시간 바로 입장,데이트,연인・배우자,친절해요,음식이 맛있어요,양이 많아요,반찬이 잘 나와요,,완뚝을 부르는 맛👍 유일하게 제가 완뚝하는 곳입니다
대동맛지도,소고기구이,예약 없이 이용,대기 시간 바로 입장,데이트,연인・배우자,음식이 맛있어요,양이 많아요,,,,여러가지 먹을 수 있어서 좋네용 두명이서 중 사이즈 먹었는데 배터지게 먹음👍
대동맛지도,일식당,예약 없이 이용,대기 시간 바로 입장,데이트,연인・배우자,음식이 맛있어요,특별한 메뉴가 있어요,,,,스시도 스시지만 돈페야끼나 다른 요리도 맛있네요 굴튀김 먹어보고싶었는데 바로 직전에 품절ㅠㅠ 초밥은 광어나 연어같은 생선초밥이 회가 두꺼워서 맛있어요👍
대동맛지도,"카페,디저트",예약 없이 이용,대기 시간 바로 입장,일상,혼자,커피가 맛있어요,디저트가 맛있어요,,,,디저트가 너무 맛있네요👍 테이블이 두개뿐이라 많이 못들어오지만 혼자 와서 여유 즐기기 너무 좋아요 사장님도 친절하심🫶🏻
대동맛지도,이자카야,예약 없이 이용,대기 시간 바로 입장,데이트,연인・배우자,음식이 맛있어요,기본 안주가 좋아요,가성비가 좋아요,대화하기 좋아요,,기본안주로 주는 크래커랑 크림치즈👍 크림치즈가 진짜 맛있어요 삿포로 맥주도 미쳤고 타코야끼랑 가라아게 테바나카 매운오뎅 시켰는데 역시 테바나카가 짱임
대동맛지도,"육류,고기요리",예약 없이 이용,대기 시간 바로 입장,데이트,연인・배우자,고기 질이 좋아요,특별한 메뉴가 있어요,건강한 맛이에요,,,생각보다 양도 많고 맛있어요👍 신선한게 느껴지는 맛😆😆육회비빔밤 양념장도 감칠맛 미쳐서 계속 들어갑니다
대동맛지도,카페,예약 없이 이용,대기 시간 바로 입장,데이트,연인・배우자,특별한 메뉴가 있어요,메뉴 구성이 알차요,음식이 맛있어요,친절해요,,에그베네딕트랑 삭슈카 진짜 맛있어요👍 에그 베네딕트 수란도 딱 알맞게 익혀져서 재료 조합이 너무 좋음 삭슈카는 매운맛으로 시켰는데 매운거 못드시는 분들한테는 좀 매울거같고 전 매운거 좋아해서 딱 좋았습니당😆 다른 지점도 갔었는데 아라동 너무 좋네요 재방문 각
대동맛지도,"카페,디저트",예약 없이 이용,대기 시간 바로 입장,일상,혼자,차가 맛있어요,특별한 메뉴가 있어요,친절해요,인테리어가 멋져요,,차 향을 맡아볼 수 있고 종류가 여러가지 있어서 좋아요🫶🏻
대동맛지도,"카페,디저트",예약 없이 이용,대기 시간 바로 입장,"데이트, 일상",혼자,디저트가 맛있어요,,,,,제가 먹어봤던 크럼블 중에 제일 맛있어요👍
대동맛지도,포장마차,예약 후 이용,대기 시간 바로 입장,친목,지인・동료,음식이 맛있어요,가성비가 좋아요,메뉴 구성이 알차요,,,👍👍👍👍👍👍👍👍❤️❤️❤️
대동맛지도,"카페,디저트",예약 없이 이용,대기 시간 바로 입장,일상,혼자,매장이 청결해요,인테리어가 멋져요,디저트가 맛있어요,,,개성주악이 진짜 맛있어요 처음 먹어봤는데 겉바속쫀❤️
대동맛지도,"카페,디저트",포장·배달 이용,대기 시간 바로 입장,데이트,연인・배우자,음료가 맛있어요,,,,,지나가다 시음해보고 맛있어서 바로 구매👍 얼음에 넣어서 마시면 너무 좋을거같네염 나중에 다른 맛도 먹어볼 예정
대동맛지도,"카페,디저트",예약 없이 이용,대기 시간 바로 입장,데이트,연인・배우자,특별한 메뉴가 있어요,,,,,상큼하니 디저트로 딱임👍 바쁘셔서 그런가 친절하진 않았지만 네이버 쿠폰으로 복숭아맛도 맛보고 좋았음 😁
대동맛지도,"육류,고기요리",예약 없이 이용,대기 시간 바로 입장,데이트,연인・배우자,음식이 맛있어요,메뉴 구성이 알차요,,,,도민이지만 미국산으로 주문..🤟🏻 다 먹고 볶음밥에 치즈추가 미친맛입니다 술이 술술🍺🍺
대동맛지도,요리주점,예약 없이 이용,대기 시간 바로 입장,데이트,연인・배우자,친절해요,매장이 청결해요,음식이 맛있어요,특별한 메뉴가 있어요,비싼 만큼 가치있어요,드디어 느린마을 막걸리 양조장이😭 느린마을 막걸리 좋아해서 서울에서 양조장 여러번 갔었는데 제주에 생겨서 너무 좋네요👍 사실 안주는 맛있던 적이없었던거같아서 막걸리만 맛있게 마실 생각으로 갔다가 생각보다 안주도 괜찮아서 놀랬슴 하지만 막걸리가 아주🫶🏻일정때문에 무한리필로 못마신게 아쉽 다음엔 무한리필로 가보겠습니다
대동맛지도,케이크전문,예약 없이 이용,대기 시간 바로 입장,데이트,연인・배우자,커피가 맛있어요,디저트가 맛있어요,,,,케이크 진짜 존맛..👍이날따라 다들 바쁘신지 뭐 친절한 느낌은 아니었지만 맛있는 케이크 먹고 커피 즐기고 나오니 행복합니다🫶🏻
대동맛지도,"맥주,호프",예약 없이 이용,대기 시간 바로 입장,친목,친구,음식이 맛있어요,특별한 메뉴가 있어요,가성비가 좋아요,,,후라이드 말모👍존맛에 쌀생맥주🍺아무도 몰랐으면 좋겠으면서도 사람들 많이 와서 오래오래 있었으면 좋겠는 마음..😭
대동맛지도,"다이어트,샐러드",예약 없이 이용,대기 시간 바로 입장,일상,혼자,재료가 신선해요,양이 많아요,특별한 메뉴가 있어요,,,야채도 신선하고 너무 맛있어요👍
대동맛지도,"카페,디저트",예약 없이 이용,대기 시간 바로 입장,일상,혼자,디저트가 맛있어요,특별한 메뉴가 있어요,,,,존맛탱👍 아메리카노나 차랑 케이크 먹으면 딱이에요 힐링🫶🏻 쌀로 만들어서 부담도 적고 소화도 잘됩니당
대동맛지도,"과일,주스전문점",포장·배달 이용,대기 시간 바로 입장,비즈니스,지인・동료,특별한 메뉴가 있어요,,,,,건강한 맛있는 맛👍
대동맛지도,햄버거,예약 없이 이용,대기 시간 바로 입장,친목,지인・동료,음식이 맛있어요,,,,,리틀베이컨치즈버거 올더웨이 딱이에요👍 근데 패티가 육즙이 하나도 없어서 아쉽..
대동맛지도,국수,예약 없이 이용,대기 시간 바로 입장,친목,친구,특별한 메뉴가 있어요,,,,,보말칼국수 아주 맛있어요👍👍
대동맛지도,분식,예약 없이 이용,대기 시간 바로 입장,데이트,연인・배우자,혼밥하기 좋아요,매장이 청결해요,양이 많아요,특별한 메뉴가 있어요,,가래떡 떡볶이 뭔가 케첩 냄새가 많이 나서 별로일거같았는데 먹어보니까 매콤하고 딱 옛날 떡볶이 맛이었어요👍 근데 눈꽃치즈를 녹이지 않고 그냥 올려서 섞으니까 떡볶이가 차가워짐ㅠㅠ아쉽 순대 어묵 튀김 무난무난 닭강정은 맛있어요
대동맛지도,카페,포장·배달 이용,대기 시간 바로 입장,데이트,연인・배우자,커피가 맛있어요,특별한 메뉴가 있어요,,,,샤케라또 존맛👍 단맛과 에소프레소 조화가 딱입니다 다음에는 드립커피로 마셔보고싶네요
대동맛지도,"카페,디저트",포장·배달 이용,대기 시간 바로 입장,데이트,연인・배우자,인테리어가 멋져요,디저트가 맛있어요,특별한 메뉴가 있어요,,,소금빵이랑 복숭아파이 에어프라이어에 데워먹으니까 빠삭하고 맛있네요👍 우유롤케이크도 맛있어요
대동맛지도,일식당,예약 후 이용,대기 시간 바로 입장,데이트,연인・배우자,음식이 맛있어요,특별한 메뉴가 있어요,단체모임 하기 좋아요,,,"예약하고 방문했습니다 vip로 주문했고 막입이라 뭐든 잘먹지만 기름지고 맛난 부위들로 나왔어요 직원분들이 정말 친절하시고 참치회 뿐만 아니라 여러가지 사이드, 밥까지 잘 먹었습니다👍"
대동맛지도,햄버거,예약 없이 이용,대기 시간 10분 이내 ,비즈니스,지인・동료,음식이 맛있어요,특별한 메뉴가 있어요,,,,제주에서만 먹을 수 있는 당근 버거🥕당근 안좋아하는 사람도 먹을 수 있겠어요
대동맛지도,카페,예약 없이 이용,대기 시간 바로 입장,데이트,연인・배우자,디저트가 맛있어요,가성비가 좋아요,,,,녹빙 존맛👍
대동맛지도,한식,예약 없이 이용,대기 시간 바로 입장,데이트,연인・배우자,음식이 맛있어요,,,,,생각보다 자극적이지 않고 후루룩 먹을 수 있는 맛이에요 계란 풀지 않고 다시 먹어보고싶네요
대동맛지도,"맥주,호프",예약 없이 이용,대기 시간 바로 입장,데이트,연인・배우자,음식이 맛있어요,가성비가 좋아요,,,,닭볶음탕 돈까스 김치우동 후라이드 치킨 너무 맛있어요👍👍👍👍 제 ㅊ픽은 돈까스랑 후라이드!!!!다른 메뉴도 궁금하네요 숨겨진 맛집
대동맛지도,케이크전문,예약 없이 이용,대기 시간 바로 입장,일상,혼자,디저트가 맛있어요,특별한 메뉴가 있어요,,,,시즌메뉴는 무조건 먹어야죠👍 케이크 너무 예쁘고 맛있어요
대동맛지도,"족발,보쌈",예약 없이 이용,대기 시간 바로 입장,데이트,연인・배우자,친절해요,음식이 맛있어요,메뉴 구성이 알차요,,,족발이 야들야들 너무 맛있었어요 같이 주신 콩나물 황태국?? 완전 소주안주.. 술이 술술 들어갑니다👍
