﻿nickname,restaurant,reservation,waiting,purpose,withwho,tagging_1,tagging_2,tagging_3,tagging_4,tagging_5,content
Reenfldos,중식당,예약 없이 이용,대기 시간 바로 입장,데이트,연인・배우자,음식이 맛있어요,,,,,겉바속촉 미쳤어요
Reenfldos,베이커리,예약 없이 이용,대기 시간 바로 입장,일상,혼자,빵이 맛있어요,,,,,"찰찰보리식빵 외않사고구마크림치즈 진짜단짠단짠하니 맛있고다음에는 크림치즈, 블루베리, 알밤, 마늘 식빵 사러 오려구요"
Reenfldos,베트남음식,예약 없이 이용,대기 시간 바로 입장,친목,친구,음식이 맛있어요,친절해요,,,,포돈 먹고 포동포동
Reenfldos,카페,예약 없이 이용,대기 시간 바로 입장,,,음료가 맛있어요,,,,,쿠키밀크쉐이크….얼음이 고루 갈려서 더 맛있어요…
Reenfldos,카페,예약 없이 이용,대기 시간 바로 입장,,,음료가 맛있어요,,,,,최애음료
Reenfldos,카페,예약 없이 이용,대기 시간 바로 입장,,,음료가 맛있어요,,,,,커피밀크쉐이크 먹었습니다~ 🐻
Reenfldos,햄버거,예약 없이 이용,대기 시간 바로 입장,친목,친구,음식이 맛있어요,,,,,지못미가되 ˶ᵔ ᵕ ᵔ˶
Reenfldos,돈가스,예약 없이 이용,대기 시간 바로 입장,친목,친구,음식이 맛있어요,가성비가 좋아요,,,,사장님이 친절하고 음식이 맛있어요 ˶ᵔ ᵕ ᵔ˶
Reenfldos,달볶이,예약 없이 이용,대기 시간 바로 입장,,,음식이 맛있어요,,,,,아웅 맛있어음료수 놓고 간 거 알려주셔서 감사합니다.. ˶ᵔ ᵕ ᵔ˶
Reenfldos,분식,예약 없이 이용,대기 시간 바로 입장,일상,혼자,음식이 맛있어요,,,,,참치김밥 중독 돼요
Reenfldos,오락실,,,,,,,,,,할 수 있을 줄 알았어요
Reenfldos,카페,대기 시간 바로 입장,친목,친구,,커피가 맛있어요,,,,,숙대생도 인정하는 커피 맛집 ♡ ……
Reenfldos,일본식라면,예약 없이 이용,대기 시간 바로 입장,친목,친구,친절해요,음식이 맛있어요,재료가 신선해요,특별한 메뉴가 있어요,인테리어가 멋져요,라멘 맛집!!!!!!!!!!!!!!! 오이시쿠나레~
Reenfldos,"카페,디저트",예약 없이 이용,대기 시간 바로 입장,친목,친구,인테리어가 멋져요,대화하기 좋아요,집중하기 좋아요,커피가 맛있어요,디저트가 맛있어요,쥬아요……
Reenfldos,일식당,예약 없이 이용,대기 시간 바로 입장,친목,친구,음식이 맛있어요,,,,,바삭 바삭
Reenfldos,돼지고기구이,예약 없이 이용,대기 시간 바로 입장,데이트,연인・배우자,음식이 맛있어요,,,,,맛나요…..✌️
Reenfldos,쇼핑복합시설,,,,,친절해요,,,,,아몬드크림치즈프레즐~♡
Reenfldos,카페,예약 없이 이용,대기 시간 바로 입장,친목,친구,커피가 맛있어요,,,,,아아 연하게 굿
Reenfldos,편의점,,,,,상품이 다양해요,친절해요,,,,맛있게 먹었어요
Reenfldos,카페,예약 없이 이용,대기 시간 바로 입장,일상,혼자,커피가 맛있어요,,,,,밴티사이즈 그린티라떼 아이스비이엘티 생위치~
Reenfldos,햄버거,예약 없이 이용,대기 시간 바로 입장,일상,혼자,음식이 맛있어요,,,,,맛맛맛
Reenfldos,종합생활용품,,,,,가성비가 좋아요,,,,,수첩구매
Reenfldos,"초밥,롤",예약 후 이용,대기 시간 바로 입장,친목,친구,인테리어가 멋져요,재료가 신선해요,양이 많아요,가성비가 좋아요,코스요리가 알차요,한땀스시 코스A 예약 후 방문했습니다. 직원분들 너어무 친절하시고 초밥에 올려진 스시도 싱싱하니 맛있었어요. 우동이랑 후식 아이스크림도 말하지 않아도 타이밍 좋게 가져다 주셔서 감사합니다. 잘 먹었습니다 🤤그리고 바로 옆에 쿠로상점 있어서 굿즈 구경하기도 좋아요… 1석2조데스
Reenfldos,이자카야,예약 없이 이용,대기 시간 바로 입장,일상,친구,인테리어가 멋져요,음악이 좋아요,대화하기 좋아요,음식이 맛있어요,,“간이 기가 막히게 맞아요.“
Reenfldos,베트남음식,예약 없이 이용,대기 시간 바로 입장,친목,친구,음식이 맛있어요,,,,,숙입맛집 말해뭐해 ♡ 바쁜시간인데도 불구하고 사장님이 너무 친절하게 인사해 주셔서 좋았어요~
Reenfldos,카페,예약 없이 이용,대기 시간 바로 입장,친목,친구,음료가 맛있어요,특별한 메뉴가 있어요,가성비가 좋아요,매장이 청결해요,매장이 넓어요,맛나유…
Reenfldos,바(BAR),예약 후 이용,대기 시간 10분 이내 ,친목,친구,인테리어가 멋져요,음악이 좋아요,혼술하기 좋아요,음식이 맛있어요,특별한 메뉴가 있어요,브레이크타임 끝나는 시간 맞춰서 오후 4:46분에 도착 했는데 벌써 2팀 계셨어요. 매장 안에서 예약 시스템 등록 후 10분 정도 기다려서 오후 5:00시에 바로 입장 했습니다. 🐟 피쉬타코🥩 비프타코🌽 콘립시켰는데……. 피쉬타코 왕왕 추천이요 고양이가 되 ᓚᘏᗢ
Reenfldos,"카페,디저트",예약 없이 이용,대기 시간 바로 입장,친목,친구,커피가 맛있어요,인테리어가 멋져요,사진이 잘 나와요,대화하기 좋아요,집중하기 좋아요,커피가 맛있고 고양이가 귀여워요/\___/\꒰ ˶• ༝ - ˶꒱./づᡕᠵ᠊ᡃ࡚ࠢ࠘ ⸝່ࠡࠣ᠊߯᠆ࠣ࠘ᡁࠣ࠘᠊᠊°.~♡︎
Reenfldos,편의점,,,,,트렌디한 상품이 많아요,친절해요,,,,"∧,,,∧ (• ⩊ •)|￣U U￣￣￣￣￣￣￣￣￣||    (헬로키티 밀키스가 팔아요)|   ￣￣￣￣￣￣￣￣￣￣￣￣￣￣"
Reenfldos,카페,예약 없이 이용,대기 시간 바로 입장,일상,혼자,음료가 맛있어요,,,,,가을에도 팥절미…..ஐ 음료 너무 잘 담아주셔요 ஐ ஐ
Reenfldos,"카페,디저트",예약 없이 이용,대기 시간 바로 입장,일상,혼자,아늑해요,가성비가 좋아요,건강한 맛이에요,메뉴 구성이 알차요,,바질샐러드파스타 먹었어요 너무 푸짐해요 배불러요 ( ˶ˆ⤙ˆ˵ )
Reenfldos,"네일아트,네일샵",,,,,시술이 꼼꼼해요,친절해요,손이 빨라요,손발 케어를 잘해줘요,관리법을 잘 알려줘요,오늘도 관리 잘 받고 갑니다! ( ˶ˆ⤙ˆ˵ )
Reenfldos,"속눈썹증모,연장",,,,,눈이 편안해요,관리 효과가 좋아요,자연스러워요,시술이 꼼꼼해요,친절해요,수연실장님께 항상 잘 받고 있어요 ૮ ྀི_ _ ྀིა · ° ᙆᙆᙆ
Reenfldos,카페,포장·배달 이용,대기 시간 바로 입장,일상,혼자,인테리어가 멋져요,음료가 맛있어요,특별한 메뉴가 있어요,가성비가 좋아요,메뉴 구성이 알차요,팥절미 너무 맛있는 것! •w•
Reenfldos,햄버거,예약 없이 이용,대기 시간 바로 입장,일상,혼자,혼밥하기 좋아요,음식이 맛있어요,,,,상하이치킨버거세트 짱맛 ( ˶ˆ⤙ˆ˵ )매장에서 먹으면 감튀가 바삭해서 좋아요
Reenfldos,"다이어트,샐러드",포장·배달 이용,대기 시간 바로 입장,친목,친구,인테리어가 멋져요,혼밥하기 좋아요,음식이 맛있어요,재료가 신선해요,특별한 메뉴가 있어요,너어어어어어어무 맛있어요 ദ്ദി- ·̫ - ̳^
Reenfldos,일식당,예약 후 이용,대기 시간 10분 이내 ,친목,친구,인테리어가 멋져요,뷰가 좋아요,음식이 맛있어요,양이 많아요,특별한 메뉴가 있어요,멋지고 귀여운 일식집……… 다음에는 생맥주에 곁들여 먹으러 올게요 ദ്ദി- ·̫ - ̳^
Reenfldos,"육류,고기요리",예약 없이 이용,대기 시간 바로 입장,데이트,연인・배우자,매장이 넓어요,음식이 맛있어요,양이 많아요,가성비가 좋아요,친절해요,밤 11시까지 저녁을 안 먹어서 배고팠는데 늦은 시간에도 삼겹살 먹을 수 있는 식당 찾아다니다가 왔어요! 한판 3만원에 푸짐하게 먹고 갑니다 🤤
Reenfldos,"네일아트,네일샵",,,,,시술이 꼼꼼해요,친절해요,상담이 자세해요,손이 빨라요,손발 케어를 잘해줘요,오늘도 깔끔하게 관리 잘 받고 갑니다!
Reenfldos,마라탕,예약 없이 이용,대기 시간 바로 입장,친목,친구,음식이 맛있어요,재료가 신선해요,특별한 메뉴가 있어요,가성비가 좋아요,혼밥하기 좋아요,탕화쿵푸는 눈송이가 인정하는 숙대 마라탕 맛집이다.
Reenfldos,카페,예약 없이 이용,대기 시간 바로 입장,일상,혼자,커피가 맛있어요,음료가 맛있어요,인테리어가 멋져요,사진이 잘 나와요,음악이 좋아요,지나가면서 항상 와 보고 싶었던 카페예요.. 분위기가 너무 좋아요 ஐ 콜드브루라떼 부드럽고 맛있어요!
Reenfldos,"백숙,삼계탕",예약 없이 이용,대기 시간 바로 입장,데이트,연인・배우자,음식이 맛있어요,고기 질이 좋아요,양이 많아요,특별한 메뉴가 있어요,인테리어가 멋져요,"진짜 이런 집은 두번이고 세번이고 백번이고 오고 싶어요 ദ്ദി- ·̫ - ̳^… 저희는 운전해서 갔는데 가기 전 사장님께 주차문의 했더니 너무나도 친절하게 안내해 주셔서 편하고 맛있게 잘 먹다 갑니다. 결제할 때까지도 서비스랑 말 하나하나에서 좋은 사장님, 좋은 분이시라는 걸 느끼고 갑니다. 번창하세요!"
Reenfldos,피자,예약 없이 이용,대기 시간 바로 입장,친목,친구,인테리어가 멋져요,친절해요,매장이 청결해요,특별한 메뉴가 있어요,메뉴 구성이 알차요,포장 주문하러 왔어요!맛있게 먹겠습니다 👁️🫦👁️💦🍕
Reenfldos,"네일아트,네일샵",,,,,시술이 꼼꼼해요,친절해요,상담이 자세해요,손이 빨라요,관리법을 잘 알려줘요,사장님 개업 축하드려요! 관리 받으면서 내내 기분 좋았습니다. 가능하면 젤네일 하러 재방문 할게요 🐬💦
Reenfldos,일본식라면,예약 없이 이용,대기 시간 10분 이내 ,데이트,연인・배우자,친절해요,인테리어가 멋져요,음식이 맛있어요,양이 많아요,특별한 메뉴가 있어요,문래 라멘 맛집이예요~ 든든히 먹었어요 ദ്ദി- ·̫ - ̳^
Reenfldos,미용실,,,,,원하는 스타일로 잘해줘요,스타일 추천을 잘해줘요,손상이 적어요,관리 효과가 좋아요,친절해요,뿌염이랑 단발은 오직 かみ🪮🩶
Reenfldos,베이커리,예약 없이 이용,대기 시간 바로 입장,친목,친구,빵이 맛있어요,특별한 메뉴가 있어요,메뉴 구성이 알차요,인테리어가 멋져요,사진이 잘 나와요,맛나욤
Reenfldos,국수,예약 없이 이용,대기 시간 10분 이내 ,친목,친구,매장이 넓어요,음식이 맛있어요,재료가 신선해요,양이 많아요,특별한 메뉴가 있어요,맛나욤 ㅎㅎ
Reenfldos,"육류,고기요리",예약 없이 이용,대기 시간 바로 입장,데이트,연인・배우자,친절해요,주차하기 편해요,고기 질이 좋아요,특별한 메뉴가 있어요,가성비가 좋아요,옆에 공영주차장이 있어서 주차 👍🏼직원분들 빠르고 친절하고 화합 👍🏼갈비살 전문점인지 고기질 탱글 👍🏼공기밥 시켰더니 계란후라이 + 마지막 무료 라면 👍🏼
Reenfldos,"카페,디저트",예약 없이 이용,대기 시간 바로 입장,친목,친구,사진이 잘 나와요,대화하기 좋아요,집중하기 좋아요,디저트가 맛있어요,음료가 맛있어요,
