﻿nickname,restaurant,reservation,waiting,purpose,withwho,tagging_1,tagging_2,tagging_3,tagging_4,tagging_5,content
김니00,"카페,디저트",예약 없이 이용,대기 시간 바로 입장,친목,친척・형제,인테리어가 멋져요,커피가 맛있어요,디저트가 맛있어요,친절해요,,실타래빙수 넘 달콤하규..맛있규...살살 녹아..!여기는 분위기도 좋은데 직원분들이 너무너무 친절하셔서 더 기분 좋게 지내다 가는거 같아요💗
김니00,한식,예약 없이 이용,대기 시간 바로 입장,데이트,연인・배우자,인테리어가 멋져요,,,,,여기 진짜 맛있어요!!!무채랑 양배추랑 같이 비벼먹는것도 맛있고곁들여 나오는 국물도 맛있다는👍
김니00,"카페,디저트",예약 없이 이용,대기 시간 바로 입장,데이트,연인・배우자,인테리어가 멋져요,사진이 잘 나와요,커피가 맛있어요,디저트가 맛있어요,,영주사과로 만든 디저트들이 많다고해서 왔어요!음료도 첨보는 사과음료들이 있어서 시켜봤는데 맛있더라구요🍎🍎카페도 너무너무 이쁜 감성카페라 잘 다녀갑니당!
김니00,"온천,스파",예약 후 이용,대기 시간 바로 입장,데이트,연인・배우자,조용히 쉬기 좋아요,수질 관리가 잘돼요,시설이 깔끔해요,,,소백산 바로 옆이라 숙소주변 공기가 너무 좋아요!독채는 아니지만 독채처럼 되어있는것도 좋았고방에서 나오는 물이 모두 온천수라 숙소에서 온천을 매일 즐길 수 있었던게 너무너무 좋았어요!💗밤에는 별도 아주 많이 보인답니다✨조금 연식은 있지만 너무 만족스러웠던 숙소예요!
김니00,한복대여,,,,,옷이 다양해요,옷이 예뻐요,친절해요,,,화려하지 않은 소담한 한복을 원했는데 딱 원하던 한복이 있었어요!다른데서도 빌려봤는데 여기만큼 꼼꼼하게 옷매무새를 만져주던 곳이 없었어요! 너무너무 만족했습니다!머리도 이쁘게 잘만져주시고 담에 전주오면 또 여기서 빌릴거 같아요❣️
김니00,"카페,디저트",예약 없이 이용,대기 시간 바로 입장,친목,친척・형제,인테리어가 멋져요,커피가 맛있어요,디저트가 맛있어요,,,비쥬얼도 엄청난데 맛도 있어요💗븐위기도 좋구 완전 만조크
김니00,한식,예약 없이 이용,대기 시간 바로 입장,데이트,연인・배우자,매장이 넓어요,음식이 맛있어요,재료가 신선해요,매장이 청결해요,,반찬도 정갈하고 쭈꾸미도 너무 맛있어요!!밥 비벼먹음 완전 밥도둑💗
김니00,닭갈비,예약 없이 이용,대기 시간 바로 입장,데이트,연인・배우자,친절해요,음식이 맛있어요,,,,딱 맛있는 닭갈비예요! 다 볶아져서 나와서 편했습니당
김니00,돼지고기구이,예약 없이 이용,대기 시간 바로 입장,데이트,연인・배우자,친절해요,매장이 넓어요,음식이 맛있어요,고기 질이 좋아요,,여기 정말 넘넘 맛있어요!!서비스 된장찌개마저 맛있는💗요주변 고깃집 탑3 안에 듭니당!
김니00,"카페,디저트",예약 없이 이용,대기 시간 바로 입장,데이트,연인・배우자,사진이 잘 나와요,뷰가 좋아요,커피가 맛있어요,디저트가 맛있어요,,아이스크림도 맛있고 뷰도 완전 좋아요!
김니00,국수,예약 없이 이용,대기 시간 10분 이내 ,데이트,연인・배우자,매장이 넓어요,음식이 맛있어요,재료가 신선해요,,,공항 가까운 곳에 밥집 찾으시면 추천!고기국수 맛있고 뷰도 좋아용
김니00,중식당,예약 없이 이용,대기 시간 바로 입장,데이트,연인・배우자,음식이 맛있어요,특별한 메뉴가 있어요,인테리어가 멋져요,매장이 넓어요,,되게 새로운 중식인데 새롭게 맛있어요!여기서만 먹어볼 수 있는 음식들이라 추천합니당👍
김니00,이탈리아음식,예약 없이 이용,대기 시간 바로 입장,데이트,연인・배우자,인테리어가 멋져요,매장이 넓어요,음식이 맛있어요,,,몇번째 방문 중인 투파피!데이트하기도 좋구 음식도 넘 맛있어요👍👍
김니00,닭갈비,예약 없이 이용,대기 시간 바로 입장,데이트,연인・배우자,매장이 청결해요,음식이 맛있어요,고기 질이 좋아요,매장이 넓어요,,숯불닭갈비 진짜 맛있어요!소스도 다양해서 먹는 재미가 있습니당사이드까지 알차게 잘 먹구왔어요👍👍
김니00,중식당,예약 없이 이용,대기 시간 바로 입장,데이트,연인・배우자,매장이 넓어요,음식이 맛있어요,재료가 신선해요,,,간짜장이 진짜 대존맛탱이에요..!!!짬뽕도 진짜 맵고 개운해서 둘이 같이 먹으면 찰떡궁합간짜장 먹으러 또 올거같아용 ㅠㅠ
김니00,전통숙소,데이트,연인・배우자,,,침구가 좋아요,깨끗해요,친절해요,조용히 쉬기 좋아요,,고즈넉하고 평화로운 곳이었어요!바람소리 물소리 나무소리만 들려서 행복했다는🫶숙소 깨끗하고 너무 친절하셔서 기분좋게 묵고 왔습니다☺️진솔이랑 보리도 너무너무 귀여워용ㅜㅜ 힐링공간 그잡채..!
김니00,일식당,예약 없이 이용,대기 시간 바로 입장,친목,친척・형제,인테리어가 멋져요,매장이 넓어요,음식이 맛있어요,친절해요,,맛있다는 소문만 듣다가 첨와봤는데 역시 맛있어요!!매운 모츠나베로 먹었더니 느끼하지도 않고 딱 좋더라구요🌝마지막에 죽 다들 잊지 마셔요!!
김니00,한식,예약 없이 이용,대기 시간 바로 입장,데이트,연인・배우자,친절해요,음식이 맛있어요,양이 많아요,,,여기 본점 학교다닐때부터 제 소울푸드인데 후암점이 생겼더라구요!!너무너무 맛있어요 정말 ㅠㅠㅠ이제 여기로 자주 올거같아요!!!
김니00,스포츠시설,,,,,기구가 다양해요,친절해요,수업이 체계적이에요,자세를 꼼꼼히 봐주세요,상담이 자세해요,몸을 어떻게 써야하는지 운동의 기본부터 체계적으로 배울 수 있어요안 움직이던 몸이 마술처럼 움직여져서 너무 신기!다른데서 돈버리지 말고 여기서 배우세요!지영성 팀장님 정말 최고의 피티쌤..👍👍
김니00,아시아음식,예약 없이 이용,대기 시간 바로 입장,데이트,연인・배우자,음식이 맛있어요,현지 맛에 가까워요,인테리어가 멋져요,친절해요,,두번째 오는건데 쌀국수 정말 존맛탱이에요!무쌉 이번에 첨먹어보는데 이것도 넘 맛있더라구요메뉴 전부 한번씩 먹어보고 싶어요!
김니00,중식당,예약 후 이용,대기 시간 바로 입장,데이트,연인・배우자,친절해요,음식이 맛있어요,건강한 맛이에요,,,유니짜장도 너무 맛있고 하얀짬뽕도 칼칼하고 맛있었어요!탕수육은 정말 제가 먹어본 중 탑3 안에 듭니다ㅜㅜ정말 부드럽구 맛있어요!!음식이 다 정갈하고 중식임에도 더부룩하거나 부담스럽지 않은 깔끔한 맛이에요!또 가고싶네요❣️
김니00,공방,,,,,수업 시간이 충분해요,설명이 자세해요,추천을 잘해줘요,원데이 클래스가 알차요,친절해요,조향사님이 너무 잘 도와주셔서 딱 맘에 드는 향수를 만들 수 있었어요!이전에 다른곳에서도 해본적 있는데무드잉이 훨씬 자세한 설명도 들을 수 있고향도 여러가지 추천받아 여러종류 배합할 수 있고처음부터 끝까지 제가 직접 만든 향수여서 넘 좋았어요!❤️결과물도 너무 이쁘게 포장해갈 수 있어서 좋았습니당❤️
김니00,"카페,디저트",예약 없이 이용,대기 시간 바로 입장,"데이트, 여행",연인・배우자,인테리어가 멋져요,뷰가 좋아요,커피가 맛있어요,디저트가 맛있어요,,뷰도 넘 좋구 우유가 진짜 맛있어요카이막도 최고👍 보드랍구 고소해요!빵 진짜 많이 나와서 배터질뻔해써용
김니00,"셀프,대여스튜디오",,,,,다양하게 연출하기 좋아요,가격이 합리적이에요,시설이 깔끔해요,소품이 다양해요,주차하기 편해요,이렇게 합리적인 가격의 셀프스튜디오는 첨이에요!사진도 넘 이쁘게 잘나오구 분위기도 좋아용사장님도 너무너무 친절하시고아주 기분좋게 기념일 사진 잘 찍고 갑니다❤️다음 기념일에 또 올게용
김니00,베이커리,예약 없이 이용,대기 시간 바로 입장,데이트,연인・배우자,친절해요,인테리어가 멋져요,빵이 맛있어요,커피가 맛있어요,,버터크림라떼도 새로워서 맛있었고카야버터바게트 진짜 맛있어용!!분위기도 좋아서 담에 또 올거같아용🥰
김니00,스포츠시설,,,,,친절해요,수업이 체계적이에요,자세를 꼼꼼히 봐주세요,시설이 깔끔해요,기구가 다양해요,두번째 등록인데 그사이에 체력이 많이 좋아졌어요!자세하고 정확하게 알려주셔서 고관절 하나도 아픈곳 없이 좋은 자세로 운동을 배울 수 있슴다이제 곧 데드리프트도 제 몸무게만큼 칠 수 있게 되는데 너무 뿌듯해요💪다들 다른곳에서 돈낭비 마시고 여기서 배우쎄요!지영성 팀장님 최고최고
김니00,"카페,디저트",,,,,인테리어가 멋져요,대화하기 좋아요,커피가 맛있어요,디저트가 맛있어요,,키위레몬 얼그레이티 넘 맛있어용휘낭시에도 짱맛도리! 분위기도 좋아요 :)
김니00,,,,,,음식이 맛있어요,재료가 신선해요,건강한 맛이에요,,,국물 너무 개운하고 맛있어요!닭고기도 야들야들하고 완전 몸보신 느낌추운날 딱이에요><
김니00,"육류,고기요리",,,,,친절해요,음식이 맛있어요,고기 질이 좋아요,,,주변 냉삼집 찾다가 와봤는데 완전 맛있어요!가격도 이전보단 오른거같지만 그래도 저렴하고반찬도 삼겹살이랑 다 찰떡궁합!!삼겹살이 질이 진짜 좋아서 넘 고솝고 맛있었어용🥰사장님도 넘 친절하시고 이쁘게 하트 볶음밥 만들어주셨는데 저희가 눈코입을 그려서 좀..무서워졌습니당.. 고기 넘 맛나서 정신없이 먹엇더니 찍은 사진이 이사진 뿐이네용... 자주 올거같아요><
김니00,한식,,,,,친절해요,음식이 맛있어요,고기 질이 좋아요,가성비가 좋아요,,고기 너무너무 부드럽고 직접 양념하셔서 그런지 너무 달지 않고 담백해서 맛있어요!!서비스로 주는 순두부찌개도 밥 비벼먹음 너무 맛있구 반찬도 다 직접하시는지 넘 맛있어요ㅠㅠ제 동네였음 진짜 자주올거같은 맛집이에요!! 추천추천!!!😋
김니00,"카페,디저트",,,,,커피가 맛있어요,디저트가 맛있어요,대화하기 좋아요,,,휘낭시테 진짜 짱맛도리!!옥수수크림커피도 새로 나와서 먹어봤는데 맛있어용🥰
김니00,"카페,디저트",,,,,인테리어가 멋져요,대화하기 좋아요,커피가 맛있어요,디저트가 맛있어요,,커피도 맛있구 다른 음료도 맛있어요분위기도 좋고 베이커리도 간식으로 딱이라서 자주 오게 되는거 같아용🙌날씨 좋은날은 따뜻한 낮에 테라스 자리도 추천!
김니00,"스파게티,파스타전문",,,,,음식이 맛있어요,양이 많아요,인테리어가 멋져요,,,갈비파스타는 첨인데 적당이 매콤하고 맛있었어요!고기에서 불향도 솔솔나구 파스타도 아주 맛있더라구요! 인테리어도 이뻐서 데이트하기 좋습니당 추천!
김니00,스포츠시설,,,,,친절해요,수업이 체계적이에요,자세를 꼼꼼히 봐주세요,상담이 자세해요,맞춤 케어를 잘해줘요,처음에 제대로 내려가지도 않던 다리가 배운지 하루만에 내려가는게 너무 신기했어요!저 완전 몸치라 걱정했는데 영성쌤 기초부터 차분하게 잘가르쳐주셔서 원리까지 이해가 돼서 넘 좋아요!영성팀장님한테 배우는거 강추입니다아!
김니00,일식당,,,,,음식이 맛있어요,특별한 메뉴가 있어요,친절해요,매장이 청결해요,,온센 넘 맛있어용!!텐동 꼭 드셔보세용
김니00,닭볶음탕,,,,,매장이 넓어요,음식이 맛있어요,양이 많아요,친절해요,,깔끔하게 매콤해서 맛있게 먹었어요!2인세트 양이 진짜 많더라구오ㅜㅜ매운거 잘 못드시는 분들은 1단계로 드시면 딱 매콤하게 먹을 수 있습니당
김니00,"육류,고기요리",,,,,매장이 넓어요,음식이 맛있어요,고기 질이 좋아요,친절해요,매장이 청결해요,육회는 늘 여기서 먹어요!!고기질도 넘 좋구 넘 맛있어요ㅠㅠ몇번째 다시 오는지 모르겠어요 없어지면 안되는곳..
김니00,"곱창,막창,양",,,,,음식이 맛있어요,,,,,여기 낙곱새 맛있어요!대창 새우 낙지 다 통실하고 질좋아서 맘에 드는 곳이에요!
김니00,일식당,,,,,친절해요,매장이 청결해요,음식이 맛있어요,재료가 신선해요,,가츠나베 너무 맛있어요!!두번째 방문인데 새로운 메뉴들도 짱맛음식사진은 못찍고 멜론사이다만 찍었네요..이쪽 주변 일식집 찾으신다면 추천!
김니00,테마파크,,,,,볼거리가 많아요,사진이 잘 나와요,,,,청보리밭 지금 너무 이뻐요!가족단위가 많았지만 커플들도 꽤 있더라구요사람 너무 박실거리지 않구 간식도 많구 데이트로 추천!
김니00,"카페,디저트",,,,,음료가 맛있어요,디저트가 맛있어요,뷰가 좋아요,,,여기 정말 너무 좋아요❤️
김니00,브런치카페,,,,,커피가 맛있어요,디저트가 맛있어요,인테리어가 멋져요,사진이 잘 나와요,친절해요,바닷길 걷다가 들어와본 카페인데 너무 좋았어요!햇살도 창 한가득 들어오고 전체적으로 화이트톤이라 넘모 화사✨사장님도 친절하시고 잉글리쉬 브랙퍼스트 넘 배부르고 맛있게 먹었슴당☺️
김니00,"카페,디저트",,,,,인테리어가 멋져요,친절해요,주차하기 편해요,음료가 맛있어요,디저트가 맛있어요,커피도 맛있구 분위기도 좋아요!두번째 방문인데 올때마다 좋으네요😶
김니00,닭갈비,,,,,친절해요,음식이 맛있어요,,,,숯불 닭갈비가 진짜 맛있었어요!!요것죠것 곁들어먹을 것도 많구(특히 구운 김이 최고!) 판도 너무 신기해요 😊다만 부속부위 고추장양념이 정말 매워서 맵찔이들응 위한 안내가 필요할거같아요유ㅠㅠㅠ글구 냉 메밀국수는 메밀소바이니 참고하세용! (저희는 조금 당황했다는...)
김니00,"카페,디저트",,,,,음료가 맛있어요,디저트가 맛있어요,,,,분위기도 너무 좋고 옆에 천이 흘러서 뷰도 좋구 넘 따뜻한 시간 보내구 갑니다☺️☺️
김니00,"육류,고기요리",,,,,특별한 날 가기 좋아요,가성비가 좋아요,,,,가성비 좋은 오마카세!가격에 딱 맞는 퀄리티와 분위기였어오날이 좀 추워서 그런건지 인원이 많아서 그런건지오마카세인데도 음식이 좀 차서 아쉬웠네용ㅜㅜ그래도 맛있게 잘 먹었습니당
김니00,"육류,고기요리",,,,,음식이 맛있어요,뷰가 좋아요,친절해요,,,공간 자체가 너무너무 이뻤어요정말 정원 속에서 바베큐 해먹는 기분❤️사장님이 정말 친절하시고 피크닉 박스에 담겨진 반찬 하나하나 신경쓰신게 느껴졌습니당!고기도 너어무 맛있구 반찬도 다 맛있었어요!!그리고 너무 귀여운 완두까지 정말 행복한 저녁시간이었습니다😍오랜만에 이런 식당 찾아서 길게 리뷰 남겨요ㅠㅠ 또 방문할게요!
김니00,닭갈비,,,,,음식이 맛있어요,친절해요,,,,숯불닭갈비 정말 맛있었어요!!깻잎 짱아찌도 직접 만드신거 같은데 닭갈비랑 너무 잘어울려요ㅜㅜ막국수도 깔끔하고 맛있었습니다!다음에 춘천쪽 가게되면 또 가고싶어요☺️
김니00,,,,,,,,,,,프로필촬영이 정말 '나'를 객관적으로 바라볼 수 있는 과정이라는 것을 알 수 있었던 정말 좋은 촬영이었습니다.두시간이라는 시간동안 작가님과 계속 소통하면서 미팅도 촬영의 일부라는 걸 배웠어요.미팅과정을 통해 정말 완벽하게 커스터마이징한 프로필 사진을 갖게 되었습니다.특히나 컬러라이팅 촬영은 새로운 경험이었어요.빛의 색감과 밝기에 따라 달라지는 나의 모습을 보는 경험은 앞으로도 오래오래 기억에 남을 것 같아요.촬영하는 동안 계속 화면으로 촬영된 사진을 함께 볼 수 있는 것 또한 무척 좋았습니다.촬영 후 사진보정도 저에게 완전히 맞춰주셔서 말그대로 나만의 프로필 사진을 선물받았어요.인생사진 만들어주신 작가님 정말 감사합니당❤️
