﻿nickname,restaurant,reservation,waiting,purpose,withwho,tagging_1,tagging_2,tagging_3,tagging_4,tagging_5,content
whrhwhdoo,햄버거,예약 없이 이용,대기 시간 10분 이내 ,데이트,연인・배우자,음식이 맛있어요,재료가 신선해요,특별한 메뉴가 있어요,,,"클래식버거, 치즈버거, 어니언링, 감자튀김 주문했어요, 맛있어요! 전 나중에 소스 없이 먹어보고 싶어요 :)"
whrhwhdoo,베이커리,예약 없이 이용,대기 시간 10분 이내 ,데이트,연인・배우자,컨셉이 독특해요,,,,,가게 분위기가 자연도 소금빵이랑 비슷하더라구요물어보니까 자연도 소금빵에서 하는 곳이라고 합니다. 자연도 소금빵 같은 맛을 기대했는데 생각보다 퍽퍽하고 … 많이 아쉬웠어요자리를 이용하려면 음료 주문 필수라고 합니다
whrhwhdoo,아이스크림,예약 없이 이용,대기 시간 바로 입장,데이트,연인・배우자,디저트가 맛있어요,,,,,맛있어요
whrhwhdoo,마라탕,예약 없이 이용,대기 시간 바로 입장,데이트,연인・배우자,음식이 맛있어요,,,,,늦게까지 영업하고 맛있어요사장님께서 친절하십니다
whrhwhdoo,"치킨,닭강정",예약 없이 이용,대기 시간 바로 입장,데이트,연인・배우자,음식이 맛있어요,특별한 메뉴가 있어요,,,,"19시에 방문해서 못먹을까봐 걱정했는데 다행히 맛있게 먹었습니다. 닭이 부드럽고 맛있어요. 육개장 컵라면이랑 같이 먹으면 더 맛있어요닭1마리에 17,000원, 라면 2,000원입니다"
whrhwhdoo,"육류,고기요리",예약 없이 이용,대기 시간 바로 입장,데이트,연인・배우자,음식이 맛있어요,고기 질이 좋아요,,,,
whrhwhdoo,아이스크림,예약 없이 이용,대기 시간 바로 입장,데이트,연인・배우자,디저트가 맛있어요,사진이 잘 나와요,아늑해요,,,앉아서 먹고 갈 수 있어요맛있어요
whrhwhdoo,돈가스,예약 없이 이용,대기 시간 바로 입장,데이트,연인・배우자,음식이 맛있어요,양이 많아요,가성비가 좋아요,,,"2명 방문해서 K돈까스(10,000), 냉소바(7,000) 주문했어요. 양도 많고 친절하시고 깨끗해요"
whrhwhdoo,"요가,명상",,,,,프로그램이 다양해요,선생님이 열정적이에요,수업이 체계적이에요,선생님 실력이 좋아요,,원데이로 하타요가 체험해봤어요 공간도 참 좋은 곳이고 수업도 체계적인 곳이였어요한 수업에 20명 정도 수강하신 것 같습니다
whrhwhdoo,아시아음식,포장·배달 이용,대기 시간 바로 입장,데이트,연인・배우자,음식이 맛있어요,현지 맛에 가까워요,,,,나시고랭(13.0) 해물팟타이(14.0) 포장 주문했어요브레이크타임 없고 좋아요
whrhwhdoo,한식,예약 없이 이용,대기 시간 10분 이내 ,데이트,연인・배우자,음식이 맛있어요,가성비가 좋아요,,,,"왕새우구이 1kg 48,000원입니다4인 방문 2kg 주문했어요"
whrhwhdoo,"족발,보쌈",예약 없이 이용,대기 시간 바로 입장,친목,친척・형제,음식이 맛있어요,,,,,족발 특대 포장(4.3) 맛있어요
whrhwhdoo,보리밥,예약 없이 이용,대기 시간 바로 입장,데이트,연인・배우자,음식이 맛있어요,,,,,"보리비빔밥 (12.0),"
whrhwhdoo,카페,예약 없이 이용,대기 시간 바로 입장,친목,지인・동료,디저트가 맛있어요,음료가 맛있어요,인테리어가 멋져요,,,"햄치즈 샌드위치(6,900) 1L 미숫가루(8,900) 주문했어요.미숫가루가 유명한 카페여서 시켜봤는데 맛있었습니다."
whrhwhdoo,감자탕,예약 없이 이용,대기 시간 바로 입장,데이트,연인・배우자,음식이 맛있어요,재료가 신선해요,,,,"해장국(9,500) 얼큰해장국(10,000) 주문했어요매장도 깨끗하고 뼈는 큰뼈로 두개, 우거지는 추가(1,000)하는게 양이 훨씬 많아요. 저는 매운걸 잘 못먹어서 얼큰해장국도 많이 매웠어요. 다음번에 오면 일반 해장국 먹을 것 같아요"
whrhwhdoo,패밀리레스토랑,예약 없이 이용,대기 시간 바로 입장,데이트,연인・배우자,특별한 메뉴가 있어요,,,,,"성인 주말 디너 27,900으로 먹었어요."
whrhwhdoo,"찌개,전골",예약 없이 이용,대기 시간 바로 입장,데이트,연인・배우자,음식이 맛있어요,양이 많아요,가성비가 좋아요,,,사장님도 친절하시고 항상 맛있게 먹고 있어요
whrhwhdoo,쌈밥,예약 없이 이용,대기 시간 바로 입장,데이트,연인・배우자,음식이 맛있어요,재료가 신선해요,건강한 맛이에요,반찬이 잘 나와요,메뉴 구성이 알차요,"동네사람들 여기 꼭 가세요이미 유명한 집인 것 같은데 전 처음 와봤어요쌈 상태도 너무 좋고 밑반찬도 깔끔한 맛! 참살이 쌈밥 2인(14,000*2)에 우렁이강된장(9,000) 같이 먹었는데 너무 맛있게 잘 먹었습니다. 사장님도 친절하시고, 식당이 엄청 청결해요👍👍"
whrhwhdoo,베트남음식,예약 없이 이용,대기 시간 바로 입장,데이트,연인・배우자,음식이 맛있어요,가성비가 좋아요,현지 맛에 가까워요,,,"소고기쌀국수(9,900), 직화분짜(14,900), 치킨텐더(7,900) 주문했어요. 양도 많고 맛있어요😊"
whrhwhdoo,"꽃집,꽃배달",,,,,친절해요,포장이 정성스러워요,감각적이에요,꽃 조합이 예뻐요,싱싱해요,졸업식 꽃으로 주문했어요💐꽃 조합도 너무 예쁘게 해주시고 너무 친절하게 원하는 꽃다발 디자인도 여쭤봐주셨어요!꽃 컨디션도 좋고 졸업식에서 제 꽃이 제일 예뻤어요🌸
whrhwhdoo,분식,예약 없이 이용,대기 시간 바로 입장,일상,친구,재료가 신선해요,양이 많아요,음식이 맛있어요,,,오랜만에 왔는데 맛있어요! 그린키토 짱
whrhwhdoo,한식,예약 없이 이용,대기 시간 바로 입장,데이트,연인・배우자,음식이 맛있어요,,,,,"2인 김치 + 두루치기 (28,000) 맛있게 먹었습니다. 김치찌개 저의 입맛에 딱이었어요쌈채소도 자유롭게 먹을 수 있어서 좋았어요"
whrhwhdoo,"육류,고기요리",예약 없이 이용,대기 시간 바로 입장,데이트,연인・배우자,음식이 맛있어요,특별한 메뉴가 있어요,,,,"새우탕면(9,500) 돼지갈비 후라이드 소(16,000) 치차론(18,000) 주문했어요. 튀김 2 메뉴라 조금 느끼할 수 있었는데 새우탕면이 느끼함을 다 잡아줬어요. 음식이 맛있고 사장님도 친절하십니다."
whrhwhdoo,양식,예약 없이 이용,대기 시간 바로 입장,데이트,연인・배우자,음식이 맛있어요,재료가 신선해요,건강한 맛이에요,,,"연어소바마끼(22.0) 스테이크덮밥(23.0) 먹었어요, 가격이 조금씩 오른거 같아요. 운동복 할인 10퍼센트로 야무지게 먹었어요. 케이크도 먹고싶었는데 크기가 좀 작아진거 같아서 아쉬움을 갖고 다음에 먹으려구요."
whrhwhdoo,양식,예약 후 이용,대기 시간 2시간 이상,친목,친구,음식이 맛있어요,,,,,"인당 메인메뉴 한개씩 주문 필수, 주말에 방문 3-4시간 웨이팅 한 것 같아요컵, 접시, 소품들이 아기자기하고 너무 귀여워요!"
whrhwhdoo,돈가스,예약 없이 이용,대기 시간 바로 입장,데이트,연인・배우자,음식이 맛있어요,건강한 맛이에요,,,,"진짜돈까스(10,500원), 생선까스(12,000원), 매운소스(2,000원), 치즈 돈까스볼 (5,300원) 주문했어요. 전체적으로 느끼하지 않은 깔끔한 맛이에요. 생선까스 타르타르 소스도 느끼하지 않게 맛있게 먹었어요. 저는 생선까스, 치돈이 베스트 픽이에요. 매운 소스는 고추장 베이스의 많이 매콤한 소스였습니다."
whrhwhdoo,한식,예약 없이 이용,대기 시간 바로 입장,데이트,연인・배우자,음식이 맛있어요,가성비가 좋아요,,,,합리적인 가격에 맛있어요주차 2시간 넣어주세요
whrhwhdoo,"카페,디저트",예약 없이 이용,대기 시간 바로 입장,일상,혼자,디저트가 맛있어요,빵이 맛있어요,,,,"통밀 탕종 소금빵 (3,100) 에그퀸아망(3,900) 주문했어요. 카페 분위기도 따뜻하고 빵 종류도 다양해요"
whrhwhdoo,"카페,디저트",예약 없이 이용,대기 시간 바로 입장,데이트,연인・배우자,디저트가 맛있어요,커피가 맛있어요,인테리어가 멋져요,사진이 잘 나와요,,공간이 되게 독특하고 예뻐요
whrhwhdoo,한식,예약 없이 이용,대기 시간 바로 입장,데이트,,음식이 맛있어요,가성비가 좋아요,,,,워낙 유명해서 찾아가봤는데 너무 맛있게 먹었어요제가 간 날은 매콤한맛은 품절이라 못먹어서 아쉬웠어요그래도 너무 맛있어요
whrhwhdoo,카레,예약 없이 이용,대기 시간 바로 입장,친목,친구,음식이 맛있어요,재료가 신선해요,,,,야채커리 1단계 시켰어요야채 많이 들어가고 맛있어요
whrhwhdoo,한식,예약 없이 이용,대기 시간 바로 입장,일상,혼자,음식이 맛있어요,,,,,"콩국수(14,000) 주문했어요서울 3대 콩국수집이라고 해서 다녀왔어요 고소하고 맛있어요"
whrhwhdoo,정육점,,,,,가성비가 좋아요,신선해요,양이 많아요,,,"생오겹살(200g, 16,000*3), 된장찌개(3,000ㅎ, 공깃밥(1,000*2) 너무 맛있게 먹었어요현금 결제하면 국거리 고기도 주십니다"
whrhwhdoo,중식당,예약 없이 이용,대기 시간 10분 이내 ,데이트,,가성비가 좋아요,음식이 맛있어요,,,,"11,900원에 중식뷔페가 있다니가성비 좋고, 손님들도 많다보니 회전율이 빨라 음식 나오자마자 맛있게 먹었어요주말 2시에 왔는데 재료 소진으로 기다리다가 5시에 먹었습니다."
whrhwhdoo,감자탕,예약 없이 이용,대기 시간 바로 입장,친목,지인・동료,음식이 맛있어요,,,,,맑은 감자탕은 일미집!
whrhwhdoo,인도음식,예약 없이 이용,대기 시간 10분 이내 ,데이트,연인・배우자,음식이 맛있어요,향신료가 강하지 않아요,컨셉이 독특해요,매장이 청결해요,,유명해서 전부터 와보고 싶었어요맛있어요!치킨정식(2.2단계는 저에게 조금 매웠어요 담엔 2단계 먹는걸로!) + 허니버터 난
whrhwhdoo,돼지고기구이,예약 없이 이용,대기 시간 바로 입장,데이트,연인・배우자,음식이 맛있어요,고기 질이 좋아요,,,,"근고기 600g(60,000), 김치찌개(8,000), 공깃밥(1,000*2) 주문했어요오랜만에 먹어도 너무 맛있어요"
whrhwhdoo,마라탕,예약 없이 이용,대기 시간 바로 입장,데이트,연인・배우자,음식이 맛있어요,재료가 신선해요,친절해요,매장이 청결해요,,마라탕이 너무 맛있어요. 사장님도 친절하시고 매장이 깨끗해요
whrhwhdoo,햄버거,예약 없이 이용,대기 시간 바로 입장,데이트,연인・배우자,음식이 맛있어요,,,,,담백하고 맛있어요
whrhwhdoo,한식뷔페,예약 없이 이용,대기 시간 바로 입장,데이트,연인・배우자,음식이 맛있어요,,,,,"주말에 19시쯤 방문하였습니다. 다 먹을 때쯤 음식이 마감되어서 먹는데 문제 없이 잘 먹었습니다. 주말, 공휴일은 29,900원이었습니다"
whrhwhdoo,"카페,디저트",예약 없이 이용,대기 시간 바로 입장,친목,친구,디저트가 맛있어요,건강한 맛이에요,,,,밤치즈 너무 맛있어요. 항상 방문해요
whrhwhdoo,,예약 없이 이용,대기 시간 10분 이내 ,데이트,연인・배우자,음식이 맛있어요,특별한 메뉴가 있어요,,,,"육회한접시(깍둑썰기, 25.0+3.0) 육파게티(17.0) 먹었어요. 육회는 신선한게 느껴지고, 처음엔 육파게티가 비싼 느낌이 들었는데 양도 많고 고기도 많이 들어가고 맛있어요. 서비스로 주시는 무국도 맛있어요. "
whrhwhdoo,케이블카,예약 없이 이용,대기 시간 바로 입장,데이트,연인・배우자,,,,,,카페 방문하고 20프로 할인 받아서 다녀왔어요. 의미있는 곳이라 방문 추천드려요. 
whrhwhdoo,"카페,디저트",예약 없이 이용,대기 시간 바로 입장,데이트,연인・배우자,디저트가 맛있어요,특별한 메뉴가 있어요,인테리어가 멋져요,뷰가 좋아요,,"유명한 카페라 방문했어요. 토마토 카프레제, 쪽파스콘, 소금빵, 트리플 초코케이크, 흑임자 크림커피 디카페인 주문했어요. 식물원 느낌에 통창, 탁 트인 카페예요. 빵들도 맛있어요. "
whrhwhdoo,"육류,고기요리",예약 없이 이용,대기 시간 바로 입장,데이트,연인・배우자,음식이 맛있어요,고기 질이 좋아요,특별한 메뉴가 있어요,가성비가 좋아요,,사장님이 친절하시고 고기 질이 좋아요
whrhwhdoo,"곱창,막창,양",예약 없이 이용,대기 시간 바로 입장,데이트,연인・배우자,음식이 맛있어요,가성비가 좋아요,,,,"2인 방문에 낙곱새(한우대창) 2인-27,800원 대창 추가-8000 주문했어요기본맛 주문했는데 다음번엔 신라면 맵기로 먹어보려구 해요"
whrhwhdoo,양식,예약 후 이용,대기 시간 바로 입장,데이트,연인・배우자,음식이 맛있어요,친절해요,,,,"슈하스코 궁금해서 방문했어요! 타매장보다 가격 부담 덜 되었어요, 방문 30분 전에 전화해서 예약했고 너무 맛있게 먹었습니다. 스페셜 무제한(슈하스코+스테이크) 주문했는데 딱 한바퀴 먹었어요 ㅎㅎ,,, 나중에 가면 단품으로 먹어도 충분히 배부를 것 같아요직원분들 너무 친절하시고 음식 나오는 속도 너무 빠르면 말씀드리면 천천히 주시더라구요과라나 음료 처음 먹었는데 맛있었어요, 마지막 사진은 주방에 붙어있는 멘트인데 쉐프님이 자신의 요리에 자신이 있으니 주방에 들어오지 말라는 내용이라고 하시네요 ㅎㅎ(기억이 정확하지 않네요,,ㅎㅎ)"
whrhwhdoo,바(BAR),예약 없이 이용,대기 시간 바로 입장,친목,친구,인테리어가 멋져요,차분한 분위기에요,,,,군고구마와 바닐라 너무 맛있어요제가 좋아하는 공간입니다
whrhwhdoo,돈가스,예약 없이 이용,대기 시간 30분 이내,데이트,연인・배우자,음식이 맛있어요,,,,,평일 점심 방문후 30분 정도 대기 있었어요. 대기는 가게 앞 명단 적고 호명시 앞에 없으면 순서 넘어간다고 적혀있어요. 맛있어요 2인 방문 후 돈까스 마라소바 냉메밀 먹었어요양이 생각보다 적고 마라소비는 꽤 매워요
whrhwhdoo,이자카야,예약 없이 이용,대기 시간 바로 입장,데이트,연인・배우자,음식이 맛있어요,특별한 메뉴가 있어요,,,,시험 끝난 기념으로 맛있게 먹고 왔습니다!(사실은… 시험 첫째날에 다녀옴 호호)
