﻿nickname,restaurant,reservation,waiting,purpose,withwho,tagging_1,tagging_2,tagging_3,tagging_4,tagging_5,content
황도0809,테이크아웃커피,포장·배달 이용,대기 시간 바로 입장,나들이,혼자,음료가 맛있어요,,,,,추천메뉴에 아이스티 샷 추가가 있길래 호기심에 주문했어요👀✨달달하니 맛이 없을 수 없는 조합🤎 짱맛이예요👍🏻
황도0809,"칼국수,만두",예약 없이 이용,대기 시간 바로 입장,나들이,부모님,음식이 맛있어요,양이 많아요,매장이 넓어요,,,어렸을 때부터 자주 방문했던 곳이예요!별다른 일정이 없었지만 칼국수 하나 먹으려고 왔어요☺️양 많고 면발도 굵고 딱 제 취향💚
황도0809,카페,예약 없이 이용,대기 시간 바로 입장,일상,혼자,커피가 맛있어요,인테리어가 멋져요,집중하기 좋아요,차분한 분위기에요,,바닐라 라떼 맛있어요💛시간이 없어서 오래 있진 못 했는데 다음에 여유롭게 방문할게용꒰✩’ω`ૢ✩꒱
황도0809,돈가스,예약 없이 이용,대기 시간 바로 입장,일상,혼자,매장이 넓어요,음식이 맛있어요,양이 많아요,특별한 메뉴가 있어요,친절해요,근처로 이전하고 처음 방문한 북천🙌🏻대표메뉴인 브라운돈가스 주문했는데 여전히 맛있네요〰️🤎
황도0809,카페,예약 없이 이용,대기 시간 바로 입장,일상,혼자,집중하기 좋아요,음료가 맛있어요,메뉴 구성이 알차요,친절해요,,스타벅스 딸기 라떼 달달하니 맛있어요🍓🥛직원분들 너무 친절하시고 매장 한 쪽에 크리스마스 그림으로 채운거 너무 귀여워용🎅🏻❤️💚
황도0809,햄버거,예약 없이 이용,대기 시간 바로 입장,일상,혼자,음식이 맛있어요,재료가 신선해요,특별한 메뉴가 있어요,인테리어가 멋져요,혼밥하기 좋아요,"더 치즈버거와 감자튀김, 콜라와 함께 주문했어요🍔🍟🥤배고팠는데 너무 맛있게 잘 먹었어용✧(๑❛ڡ❛๑)✧"
황도0809,카페,예약 없이 이용,대기 시간 바로 입장,일상,혼자,인테리어가 멋져요,아늑해요,친절해요,커피가 맛있어요,디저트가 맛있어요,카페 분위기와 감각적인 인테리어가 돋보이는 크눌프!레트로 감성이 물씬 풍겨지고 구석구석 눈으로 인테리어 보는 재미가 있어요👀✨달달한 아이스크림과 쌉싸름한 커피의 조화가 잘 이루어진 커피 플로트와 달달한 푸딩은 환상적인 조합이예용🍨☕️🍮또 방문해서 다른 메뉴 맛보고 싶어요☺️ 완전 추천👍🏻
황도0809,일본식라면,예약 없이 이용,대기 시간 바로 입장,일상,혼자,친절해요,음식이 맛있어요,재료가 신선해요,특별한 메뉴가 있어요,혼밥하기 좋아요,골목 사이에 있는 모코시야🙌🏻토리소바 주문했어요🍜담백하니 너무 맛있어용٩꒰⍢ ꒱۶⁼³₌₃
황도0809,"카페,디저트",예약 없이 이용,대기 시간 바로 입장,일상,혼자,커피가 맛있어요,특별한 메뉴가 있어요,인테리어가 멋져요,차분한 분위기에요,친절해요,오비오 쿠키가 올려진 시그니처 크림라떼 고소하니 맛있어요💛
황도0809,"칼국수,만두",예약 없이 이용,대기 시간 바로 입장,일상,혼자,혼밥하기 좋아요,음식이 맛있어요,특별한 메뉴가 있어요,,,오랜만에 방문한 구복만두!🥟올해 미쉐린에도 선정되었는지는 몰랐네요👀✨갓 나온 구복전통만두 먹었는데 바삭하고 담백하니 맛있어요😋👍🏻
황도0809,"카페,디저트",예약 없이 이용,대기 시간 바로 입장,친목,친구,커피가 맛있어요,디저트가 맛있어요,특별한 메뉴가 있어요,대화하기 좋아요,,"그래라떼, 바닐라라떼, 크로플 주문했어요➿그래라떼는 검은콩 두유 맛! 고소하니 맛있어요🖤"
황도0809,"곱창,막창,양",예약 후 이용,대기 시간 바로 입장,친목,친구,음식이 맛있어요,고기 질이 좋아요,메뉴 구성이 알차요,단체모임 하기 좋아요,,"곱창은 사랑입니다🫶🏻대한모둠곱창, 소막창, 깍두기볶음밥까지 너무 맛있게 잘 먹었어요❤️"
황도0809,"카페,디저트",포장·배달 이용,대기 시간 바로 입장,일상,부모님,친절해요,커피가 맛있어요,인테리어가 멋져요,,,달달한 커피 테이크아웃 했어요!ฅʕ͡•.̫͡•ʔฅ날씨가 쌀쌀해도 무조건 아이스☕️🤎
황도0809,한식,예약 없이 이용,대기 시간 바로 입장,일상,부모님,음식이 맛있어요,재료가 신선해요,가성비가 좋아요,친절해요,,원조 칼국수와 보리비빔밥 짱맛👍🏻손님들도 많은데 직원분들이 매우 친절하세요💚
황도0809,한식,예약 후 이용,대기 시간 바로 입장,가족모임,"부모님, 친척・형제",단체모임 하기 좋아요,음식이 맛있어요,반찬이 잘 나와요,메뉴 구성이 알차요,,아버지 퇴직 및 환갑 기념 가족모임으로 방문했어요!기본으로 제공되는 반찬이 양도 많고 맛있어요~얼큰하니 맛있게 먹었습니다😋❤️
황도0809,케이크전문,예약 후 이용,대기 시간 바로 입장,가족모임,혼자,디저트가 맛있어요,특별한 메뉴가 있어요,주문제작을 잘해줘요,친절해요,특별한 날 가기 좋아요,"아버지 퇴직 기념으로 케이크 주문제작 했어요🎂💙주문제작 하는 곳은 본가 근처에도 많은데 이 곳에서 진행한 이유는 퀄리티가 훨씬 좋고 만족도 높은 리뷰가 많았기 때문이예요🫧친절하게 응대해주시고 중간에 픽업 일정이 바뀌었음에도 빠른 회신주셔서 감사했어요😻🫶🏻떡케이크를 빵케이크로, 맛은 바닐라 + 발로나 초코볼로 선택했는데 이 조합 추천합니당👍🏻이쁘게 제작하신 덕분에 너무 마음에 드는 케이크가 완성되었고, 실제로 가족들 사이에서 많은 관심을 받았답니다⋆⑅˚₊*୧⃛꒰ɞ̴̶̷◟◞ʚ̴̶̷̷꒱୨⃛*₊˚･특별한 기념일을 보내는데 한몫한 것 같아 뿌듯했어요✺◟(∗❛ัᴗ❛ั∗)◞✺"
황도0809,베트남음식,예약 없이 이용,대기 시간 바로 입장,일상,혼자,음식이 맛있어요,양이 많아요,메뉴 구성이 알차요,혼밥하기 좋아요,차분한 분위기에요,📋 얼큰차돌양지쌀국수 + 가라아게 + 고구마롤너무 맛있어용🥹❤️‍🔥 배고파서 순삭했어요( •̀.̫•́)✧
황도0809,"카페,디저트",예약 없이 이용,대기 시간 바로 입장,나들이,부모님,인테리어가 멋져요,아늑해요,커피가 맛있어요,디저트가 맛있어요,빵이 맛있어요,"카페 그라니따, 아메리카노, 딜 버터 바게트☕️🥖달달하고 고소하니 너무 맛있게 먹었어요😋🧡개인적으로 그라니따 매우 추천👍🏻"
황도0809,태국음식,예약 없이 이용,대기 시간 바로 입장,나들이,부모님,음식이 맛있어요,재료가 신선해요,양이 많아요,친절해요,,촉디 쌀국수와 카오팟 주문했어요🍽️매콤하니 완전 제 취향이었고 너무 맛있어요◝·̫◜💘입이 짧은 편이라 다른 메뉴를 더 주문하지 못한게 아쉬워용💦 다음에 또 방문할게요!
황도0809,돼지고기구이,예약 없이 이용,대기 시간 30분 이상,일상,친척・형제,음식이 맛있어요,고기 질이 좋아요,양이 많아요,가성비가 좋아요,반찬이 잘 나와요,생오겹살 4인분 뿌셨어요🥩👊🏻손님 정말 많구 기본적으로 웨이팅 30분 생각해야 할 것 같아요🥹그치만 맛있으니 인정❤️‍🔥
황도0809,"카페,디저트",예약 없이 이용,대기 시간 바로 입장,일상,혼자,인테리어가 멋져요,아늑해요,차분한 분위기에요,커피가 맛있어요,특별한 메뉴가 있어요,너무 궁금해서 방문하고 싶었던 카페*ଘ(੭*◕ฺω◕ฺ)੭*내부 인테리어가 레트로 감성으로 듬뿍 묻어있어요🤎달달한 크림과 함께 고소하고 맛있는 비엔나 커피☕️자꾸 생각나🥹 다음에 또 방문할게요〰️
황도0809,종합분식,예약 없이 이용,대기 시간 바로 입장,일상,혼자,친절해요,혼밥하기 좋아요,음식이 맛있어요,가성비가 좋아요,,3월에 처음 방문하고 이번이 두번째 방문이예요✌🏻스트레스 왕창 받아 매운 음식으로 풀고 싶을 때 무조건 생각나는 뚝배기라면🔥🔥🔥요즘 시간이 안 맞아서 못 가다가 휴일에 방문했어요!맛있게 매운 치즈라면🍜 잘 먹었어용😋❤️‍🔥
황도0809,"카페,디저트",예약 없이 이용,대기 시간 바로 입장,친목,친구,커피가 맛있어요,디저트가 맛있어요,인테리어가 멋져요,대화하기 좋아요,,"커티스 커피, 밀크티, 바스크 치즈케이크 주문했어요!달달하니 짱맛💛 늦게까지 영업해서 친구들과 폭풍 수다 떨었어요💬"
황도0809,피자,예약 후 이용,대기 시간 바로 입장,친목,친구,음식이 맛있어요,특별한 메뉴가 있어요,메뉴 구성이 알차요,컨셉이 독특해요,친절해요,"하프앤하프(슈퍼레이브 + 페퍼로니) 피자🍕, 버터갈릭 프라이즈, 스위트 프라이즈🍟, 시원한 맥주까지!🍻컨셉이 독특하고 멋있는 분위기예요☺️💕메뉴마다 양도 많고 맛도 최고예용☆〜（ゝ。∂）"
황도0809,"카페,디저트",예약 없이 이용,대기 시간 바로 입장,일상,혼자,인테리어가 멋져요,뷰가 좋아요,매장이 넓어요,커피가 맛있어요,특별한 메뉴가 있어요,아인슈페너 달달하니 짱 맛있어용*ଘ(੭*ˊᵕˋ)੭* ੈ✩‧₊˚
황도0809,"칼국수,만두",예약 없이 이용,대기 시간 바로 입장,일상,혼자,음식이 맛있어요,양이 많아요,특별한 메뉴가 있어요,혼밥하기 좋아요,,입장하는 사람들은 많은데 빨리빨리 자리가 나는 편이예요!칼국수 주문했는데 국물이 진하니 매우 맛있게 먹었어용😋🍜💛
황도0809,"카페,디저트",예약 없이 이용,대기 시간 바로 입장,일상,혼자,인테리어가 멋져요,아늑해요,커피가 맛있어요,,,바닐라라떼 고소하니 맛있어요💛인테리어가 멋지고 혼자 시간 보내기 좋아요〰️
황도0809,햄버거,예약 없이 이용,대기 시간 바로 입장,일상,혼자,음식이 맛있어요,재료가 신선해요,특별한 메뉴가 있어요,혼밥하기 좋아요,뷰가 좋아요,"더백버거, 감자튀김과 콜라 주문했어요🍔🍟🥤짱 맛있음👍🏻 가까웠으면 더 자주 방문했을 것 같아요!다음에 또 방문할게용😻"
황도0809,"문구,팬시용품",,,,,종류가 다양해요,신상품이 많아요,친절해요,매장이 넓어요,분위기가 편안해요,NCT WISH의 음반 사러 방문했어요!다양한 음반들이 많아용〰️💿📀
황도0809,카페,예약 없이 이용,대기 시간 바로 입장,여행,부모님,매장이 넓어요,친절해요,커피가 맛있어요,메뉴 구성이 알차요,,스타벅스는 바닐라 크림 콜드브루💛너무 맛있어용😋👍🏻
황도0809,이탈리아음식,예약 없이 이용,대기 시간 바로 입장,여행,부모님,매장이 넓어요,음식이 맛있어요,양이 많아요,가성비가 좋아요,,전설의 팥빙수 양도 많고 맛있어요🖤❤️매장도 넓어서 시간 보내기도 좋아요!🍃
황도0809,베이커리,예약 없이 이용,대기 시간 10분 이내 ,여행,부모님,친절해요,빵이 맛있어요,특별한 메뉴가 있어요,메뉴 구성이 알차요,,이것저것 여러가지 빵 골라서 담았어요!🥐🥯🍞역시 본점이어서 그런지 사람들이 굉장히 많았는데 결제하고 나오기까지 시간이 오래 걸리진 않았어용〰️
황도0809,베이커리,예약 없이 이용,대기 시간 바로 입장,여행,부모님,빵이 맛있어요,특별한 메뉴가 있어요,디저트가 맛있어요,매장이 넓어요,,떠무화과 양에 비해 가격이 비싸지만 맛있어요🥹의외로 전병도 맛있어요! 계산 줄이 길지만 빨리 빠지는 편이예요💨
황도0809,"카페,디저트",예약 없이 이용,대기 시간 바로 입장,여행,부모님,디저트가 맛있어요,인테리어가 멋져요,매장이 넓어요,친절해요,,정품 약과 구입했어요🤎쫄깃쫄깃하고 달달한 약과 쫀맛🫶🏻
황도0809,한식,예약 없이 이용,대기 시간 바로 입장,여행,부모님,친절해요,음식이 맛있어요,양이 많아요,특별한 메뉴가 있어요,,"두부 두루치기에 칼국수, 공깃밥 추가해서 먹기☑️중간 매운맛으로 주문했는데 매콤하니 저에게 딱 적당해요!너무 맛있게 순삭했어요😋🧡"
황도0809,"카페,디저트",예약 없이 이용,대기 시간 바로 입장,나들이,부모님,인테리어가 멋져요,아늑해요,커피가 맛있어요,디저트가 맛있어요,메뉴 구성이 알차요,"바닐라빈 라떼, 아메리카노, 요거트롤 달달하고 고소하니 너무 맛있어요💛💚카페가 아늑하니 분위기 있어용🫶🏻"
황도0809,닭요리,예약 없이 이용,대기 시간 바로 입장,나들이,부모님,인테리어가 멋져요,친절해요,매장이 청결해요,음식이 맛있어요,양이 많아요,닭볶음탕 완전 제 스타일😋👍🏻맵기도 괜찮고 기본으로 제공되는 부침개도 너무 맛있어요(◍•ᴗ•◍)❤️매장도 깔끔하니 멋지고 직원들이 짱 친절해용✨
황도0809,"칼국수,만두",예약 없이 이용,대기 시간 30분 이상,친목,지인・동료,음식이 맛있어요,양이 많아요,,,,주변에 이 곳에만 사람들이 북적여요!30분 이상 대기하고 먹은 손칼국수는 맛없없🍜🤍굴림만두도 꼭 주문하기! 매콤하니 너무 맛있어요🥟
황도0809,"카페,디저트",예약 없이 이용,대기 시간 바로 입장,나들이,"부모님, 친척・형제",커피가 맛있어요,디저트가 맛있어요,빵이 맛있어요,매장이 넓어요,,사람 짱 많고 짱 크고 짱 넓은 카페🫨커피와 빵 다 맛있어용〰️🤎
황도0809,중식당,예약 없이 이용,대기 시간 바로 입장,나들이,"부모님, 친척・형제",음식이 맛있어요,양이 많아요,매장이 넓어요,단체모임 하기 좋아요,,"해물짬뽕, 손짜장, 탕수육 다 맛있어요😝👍🏻개인적으로 짜장이 제 입맛에 더 맞았네용🖤"
황도0809,와플,예약 없이 이용,대기 시간 바로 입장,일상,부모님,아늑해요,디저트가 맛있어요,가성비가 좋아요,메뉴 구성이 알차요,,"시나몬, 피칸 와플 달달하니 맛있어요🧇🤎"
황도0809,퓨전음식,예약 없이 이용,대기 시간 30분 이내,일상,부모님,차분한 분위기에요,친절해요,음식이 맛있어요,재료가 신선해요,메뉴 구성이 알차요,갑자기 날씨가 쌀쌀해진 이런 날에는 뜨끈한 국물있는 요리가 생각나죵🌬️백미소와 스끼야끼 보글로 주문했어요!얼큰하니 입맛에 잘 맞았어요🍲❤️‍🔥
황도0809,카페,예약 없이 이용,대기 시간 30분 이상,기념일,혼자,음료가 맛있어요,친절해요,인테리어가 멋져요,,,개운하게 입가심 하려고 쿨 라임 피지오 주문했어요☑️ 공연 일정이 있어서 사람들이 매우 많았는데 직원분들이 너무 친절하게 응대하시고 고생하시는게 눈에 보였어요🥺💦스파클링해서 더욱 맛있는 라임 피지오🍋‍🟩💚
황도0809,카페,예약 없이 이용,대기 시간 바로 입장,나들이,혼자,집중하기 좋아요,커피가 맛있어요,,,,바닐라라떼 맛있어용💛
황도0809,한정식,예약 없이 이용,대기 시간 바로 입장,나들이,혼자,음식이 맛있어요,양이 많아요,혼밥하기 좋아요,,,"비가 많이 오는 날에 생각나는 뜨끈한 설렁탕,,맛있게 잘 먹었어욥😋"
황도0809,카페,포장·배달 이용,대기 시간 바로 입장,가족모임,부모님,커피가 맛있어요,특별한 메뉴가 있어요,,,,근처에 카페가 많아도 오직 이디야만 갑니다🫶🏻토피넛 라떼 JMT💛
황도0809,"일식,초밥뷔페",예약 후 이용,대기 시간 바로 입장,가족모임,"부모님, 친척・형제",매장이 넓어요,단체모임 하기 좋아요,음식이 맛있어요,재료가 신선해요,메뉴 구성이 알차요,음식 메뉴도 다양하고 정말 맛있어요😋👍🏻디저트까지 허겁지겁 먹었네요💦덕분에 즐거운 가족 모임을 가졌습니다💟
황도0809,카페,예약 없이 이용,대기 시간 바로 입장,일상,혼자,인테리어가 멋져요,아늑해요,차분한 분위기에요,커피가 맛있어요,디저트가 맛있어요,스미스 크림라떼와 크렘 브륄레 고소하고 달달하니 너무 맛있어요☺️🤎
황도0809,분식,예약 없이 이용,대기 시간 바로 입장,일상,혼자,혼밥하기 좋아요,음식이 맛있어요,가성비가 좋아요,메뉴 구성이 알차요,,참치김치덮밥 맛있어요! 추천❤️‍🔥❤️‍🔥❤️‍🔥
황도0809,일식당,예약 후 이용,대기 시간 1시간 이상,일상,혼자,친절해요,음식이 맛있어요,재료가 신선해요,특별한 메뉴가 있어요,혼밥하기 좋아요,"유명한 안심 돈가츠 주문했어요!양은 제 기준 적당한 것 같았고, 오래 기다리는데 이유가 있는 맛이긴 하네요🥹"
