﻿nickname,restaurant,reservation,waiting,purpose,withwho,tagging_1,tagging_2,tagging_3,tagging_4,tagging_5,content
iamimmm,"족발,보쌈",예약 후 이용,대기 시간 바로 입장,데이트,연인・배우자,음식이 맛있어요,,,,,2900원짜리 족발이 어딨냐구요ㅠㅠ 진짜 가성비 미쳤고 맛도 미쳤음 돌판이라 오랫동안 따뜻하게 먹을 수 있어서 더 좋았고 순살 족발후라이드는 또 뭔가여.. 너무 맛있잖아….. 비빔막국수랑 주먹밥도 양이 어마무시함👍🏻 기본서비스로 칼칼한 순두부찌개 나오는것도 너무 좋고 특히 무말랭이가 미친놈임🤦🏻‍♀️
iamimmm,"맥주,호프",예약 후 이용,대기 시간 바로 입장,데이트,연인・배우자,음식이 맛있어요,특별한 메뉴가 있어요,단체모임 하기 좋아요,매장이 넓어요,친절해요,바다 그 자체🩵 모든 안주가 다 싱싱하고 맛있음 특히 백합전골 칼국수 육수 미쳤고 떡볶이도 미쳤음.. 강남 한복판인데 소주가격이 4900원 실화냐구요 소주파들 여기 진짜 헤쳐모여야합니다 얼음생맥주도 근본 그자체🍺 단체모임 회식하기도 좋고 100명 대관도 가능!
iamimmm,요리주점,예약 후 이용,대기 시간 바로 입장,친목,친구,대화하기 좋아요,음식이 맛있어요,기본 안주가 좋아요,술이 다양해요,특별한 메뉴가 있어요,냉수육 처음 먹어봤는데 ㅘ.. 진짜 맛있음… 새콤상콤.. 이제 온수육보다 냉수육 먹을래ㅠㅠㅠ 들기름막국수도 너무 고소하고 맛있고 상콤한 냉수육을 고소한 들기름막국수에 싸먹으면 진짜 맛있더라구요 꿀팁입니다!
iamimmm,미용실,,,,,원하는 스타일로 잘해줘요,스타일 추천을 잘해줘요,시술이 꼼꼼해요,친절해요,관리법을 잘 알려줘요,외국애기머리색으로 염색은 하고싶은데 머리결 너무 상하니까 탈색은 싫고 어차피 직장때문에 너무 밝은건 안되어서 적당히 밝은 외국애기머리색 느낌 내고싶다며 또 까다로운 요구사항을 늘어놓았는데 찰떡같이 알아들어주시고 너무 맘에들게 염색해주신 소연원장님..🫶🏻 앞머리랑 옆머리도 잘라주셨는데 옆머리도 머리 묶었을때 완전 자연스럽게 머리 빠질 수 있게 기술적으로 층을 잘 내주셨고 앞머리도 딱! 내가 원하는 너무 짧지도 너무 길지도 않은 딱 그정도👍🏻 묭실 유목민분들 제발 소연원장님한테 한번 가보세요 구세주이십니다🙈
iamimmm,정육식당,예약 후 이용,대기 시간 바로 입장,가족모임,부모님,매장이 넓어요,단체모임 하기 좋아요,음식이 맛있어요,고기 질이 좋아요,가성비가 좋아요,두동이 벚꽃명소 단풍명소이기도해서 드라이브 갔다가 가성비 좋고 맛있는 고기먹기 너무 좋은곳! 실내가 엄청 넓어서 단체 가족모임하기도 좋고 고기는 물론이고 찌개 육회비빔밥도 다 맛있음👍🏻
iamimmm,닭갈비,예약 후 이용,대기 시간 바로 입장,데이트,연인・배우자,음식이 맛있어요,재료가 신선해요,반려동물과 가기 좋아요,단체모임 하기 좋아요,야외공간이 멋져요,신림 야장으로 미쳤어요!!!!! 게다가 야외테라스에는 반려동물 동반도 가능함👍🏻 닭갈비가 냉동이 아니라 국내산 생닭고기라서 그런지 너무 야들야들하고 잡내도 1도 안남 온국수도 순두부찌개도 다 맛있네요ㅠㅠㅠ
iamimmm,양식,예약 후 이용,대기 시간 바로 입장,친목,친구,매장이 넓어요,단체모임 하기 좋아요,야외공간이 멋져요,음식이 맛있어요,특별한 날 가기 좋아요,요즘같이 선선한 날씨에 야외테라스에 앉아서 먹으면 너무 좋음👍🏻 실내가 진짜 넓어서 모임하기 최고! 역시 남포동 돈까스 맛집답게 돈까스는 말해뭐해..ㅠㅠ 함박 스테이크도 진짜 맛있어서 추천합니다!
iamimmm,바(BAR),예약 후 이용,대기 시간 바로 입장,친목,친구,특별한 날 가기 좋아요,술이 다양해요,인테리어가 멋져요,음악이 좋아요,매장이 넓어요,"진심 분위기 미챠쓰요…… 카페같기도 레스토랑같이도한 와인바 ㅠㅠㅠ 음식도 맛있고 분위기가 좋아서 음식맛도 더 있는듯ㅋㅋㅋ 특별한날 데이트하기도 좋고 금,토는 디제잉도 볼 수 있어서 친구들이랑 가기도 너무 좋음!"
iamimmm,"일식튀김,꼬치",예약 없이 이용,대기 시간 바로 입장,친목,친구,특별한 날 가기 좋아요,인테리어가 멋져요,아늑해요,대화하기 좋아요,혼술하기 좋아요,걍 내 최애 말모🫶🏻
iamimmm,요리주점,예약 후 이용,대기 시간 바로 입장,친목,친구,음악이 좋아요,친절해요,룸이 잘 되어있어요,음식이 맛있어요,라이브공연이 훌륭해요,"분위기가 너무 좋고 프라이빗 룸도 있어서 모임이나 회식하기도 좋을듯! 보통 금,토에 라이브 공연을 하는데 담번엔 꼭 공연보면서 술마셔야지ㅠㅠㅠ 안주도 다 너무 맛있었던 지트👍🏻"
iamimmm,생선회,예약 후 이용,대기 시간 바로 입장,친목,친구,음식이 맛있어요,재료가 신선해요,가성비가 좋아요,메뉴 구성이 알차요,친절해요,회도 저렴한데 기본서비스로 나오는 퀄리티 보십셔…. 진짜 미친집임 나오는 모든 음식이 다 맛있고 회도 신선하고 걍 가성비 오지는 횟집!!!
iamimmm,양식,예약 후 이용,대기 시간 바로 입장,가족모임,부모님,인테리어가 멋져요,뷰가 좋아요,야외공간이 멋져요,주차하기 편해요,음식이 맛있어요,야외마당이 너무좋고 작천정 벚꽃길 시작점에 위치해있어서 위치 미쳤음 봄되면 여기 완전 벚꽃명소ㅠㅠㅠ 그리고 무엇보다 음식이.. 진짜 하나같이 다ㅏㅏㅏ 맛있음 부모님도 너무 맛있게 잘드셨고 우리 모두의 원픽은 통오징어먹물리조또!!! 오일파스타도 미쳤고ㅠㅠㅠ 걍 다 맛있음..👍🏻
iamimmm,감자탕,예약 후 이용,대기 시간 바로 입장,친목,친구,매장이 넓어요,단체모임 하기 좋아요,음식이 맛있어요,특별한 메뉴가 있어요,매장이 청결해요,간장뼈찜은 처음인데 너ㅓㅓㅓㅓ무 맛있음!!! 기본으로 당면사리가 들어있지만 사리귀신이라 우동도 추가해서 사리 대환장파티 ㅋㅋㅋ 소자 기준으로 큼지막한 등뼈가 4개 들어있고 살이 진짜 많이 붙어있고 밥으로도 좋지만 안주로도 최고👍🏻
iamimmm,중식당,예약 없이 이용,대기 시간 바로 입장,친목,친구,매장이 넓어요,혼밥하기 좋아요,단체모임 하기 좋아요,주차하기 편해요,음식이 맛있어요,2차로 술마시러 가기도 좋아요! 짬뽕 국물 개칼칼
iamimmm,"족발,보쌈",예약 후 이용,대기 시간 바로 입장,친목,친구,매장이 넓어요,단체모임 하기 좋아요,음식이 맛있어요,특별한 메뉴가 있어요,잡내가 적어요,마늘족발 미친놈임……. 진짜 맛있어요!!!!! 평일인데 그 넓은 매장이 만석인 이유가 있었음 ㅠㅠㅠ 촉촉 야들 난리났고 마늘소스 너무 맛있..👍🏻👍🏻👍🏻 그리고 메인을 주문하면 우거지감자탕이랑 막국수가 서비스로 나오다뇨.. 진짜 심각함…….. 서비스인데 양도 많고 무엇보다 걍 맛있음! 매장이 넓어서 단체모임 단체회식하는 분들이 많았고 가족외식하기도 너무 좋을듯!
iamimmm,요리주점,예약 후 이용,대기 시간 바로 입장,데이트,연인・배우자,음식이 맛있어요,기본 안주가 좋아요,술이 다양해요,뷰가 좋아요,매장이 넓어요,어마무시한 뷰맛집.. 심지어 저게 벚나무라니!!! 봄 벚꽃시즌에 무조건 재방문 각!!! 벚꽃명소가 바로 여기였음 ㅠㅠㅠ 게다가 음식도 하나같이 다 맛있어서 기절입니다 점심도 가능한 술집이라 낮술도 쌉가능👍🏻
iamimmm,요리주점,예약 후 이용,대기 시간 바로 입장,데이트,연인・배우자,음식이 맛있어요,기본 안주가 좋아요,인테리어가 멋져요,대화하기 좋아요,친절해요,대패칼비빔면에 육회 조합 굿👍🏻 비빔면에 육회 올려먹으니 훨씬 맛있네욤 인테리어 너무 깔끔하고 깨끗해서 너무 좋았고 직원분이 엄청 친절하셔서 더 좋았어요🫶🏻
iamimmm,닭볶음탕,예약 없이 이용,대기 시간 바로 입장,데이트,연인・배우자,아늑해요,음식이 맛있어요,특별한 메뉴가 있어요,,,인스타에서 오징어덮채 영상에 꽂혀서 당장 달려갔는데 와.. 진짜 맛있었음…………👍🏻👍🏻👍🏻
iamimmm,일식당,예약 없이 이용,대기 시간 바로 입장,데이트,연인・배우자,음식이 맛있어요,가성비가 좋아요,메뉴 구성이 알차요,아늑해요,,신림에 이런 가성비 오지는 횟집이 있었다니!! 나만 이제 알았네.. 회 중자에 소주에 매운탕에 사리까지 넣어도 5만원대 실화?
iamimmm,이자카야,예약 후 이용,대기 시간 바로 입장,친목,친구,인테리어가 멋져요,대화하기 좋아요,혼술하기 좋아요,음식이 맛있어요,매장이 청결해요,이미 들어가고싶게 생긴 입구💚 분위기 너무 좋고 아늑한 바 자리도 있어서 두명 오거나 혼술할때 바 자리 추천! 안주도 하나같이 다 맛있는데 친구랑 둘다 원픽은 삿포로 스프커리!!! 존맛.. 먹자마자 바로 공기밥 추가..ㅋㅋㅋ 다른 안주도 다 무조건 맛있을듯!
iamimmm,미용실,,,,,시술이 꼼꼼해요,친절해요,원하는 스타일로 잘해줘요,맞춤 케어를 잘해줘요,클리닉 효과가 좋아요,복구클리닉 내돈내산인데 너무 맘에 들어서 후기 남겨요! 드라이기 뜨거운 바람으로 매일 바짝 말리다보니 최근 머리카락이 많이 상한 느낌이 확실히 들어서 소연원장님이랑 상담 후 복구클리닉을 받았는데 진짜 찐개촉촉 그자체로 변신함..🫢👍🏻 처음부터 끝까지 꼼꼼하게 해주셨고 두피마사지 받을때 누워서 잠들뻔 했잖아요.. 샴푸실 의자도 너무 푹신한데 마사지 손맛 미치셨음….👍🏻 두피마사지만 따로 받을 수 있나요..?ㅋㅋㅋ 마무리로 촉촉함 더 스며들게 고데기로 꼼꼼하게 당겨주셔서 진심 저세상 촉촉해졌어요💦 소연원장님께 첫방문 했을때 커트랑 펌 너무 맘에 쏙 들게 해주시고 쏘친절하셔서 재방문했는데 역시나 이번에도ㅠㅠ 이젠 소연원장님께 정착해봅니다🫶🏻 담엔 사진보여드렸던 염색하러 갈게요^^
iamimmm,"육류,고기요리",예약 후 이용,대기 시간 바로 입장,친목,친구,음식이 맛있어요,재료가 신선해요,반찬이 잘 나와요,친절해요,주차하기 편해요,전복해물버터찜 이 메뉴 처음 먹어보는데 진짜 너ㅓㅓㅓㅓㅓㅓ무 맛있음…….. 버터향 미쳤고 간도 어케 이렇게 딱맞는지 반찬들도 다 맛있고 된찌도 맛있고 걍 다 존맛 ㅠㅠ 그리고 전복해물버터찜 먹고나서 남은 소스에 무조건 밥 비벼야합니다!!!!! 무. 조. 건.
iamimmm,"일식튀김,꼬치",예약 없이 이용,대기 시간 바로 입장,데이트,연인・배우자,친절해요,대화하기 좋아요,혼술하기 좋아요,음식이 맛있어요,반찬이 잘 나와요,최애라고 말하기도 이젠 입아플지경🫶🏻👍🏻
iamimmm,중식당,예약 없이 이용,대기 시간 바로 입장,데이트,연인・배우자,음식이 맛있어요,혼밥하기 좋아요,아늑해요,,,진짜 존맛…… 사천간짜장 존맛이고 잡채밥 미친놈이고 탕수육도 맛있었음 할머니 혼자하셔서 음식나오기까지는 시간 조금 걸리니 여유있게 방문하세요 그리고 위생에 민감하신 분들께는 추천하지 않을게요 아무래도 할머니 혼자 하시다보니..ㅋㅋㅋ 눈감아.. 흐린눈 장착ㅋㅋㅋ 저는 민감하지 않아서 괜찮았고 음식 먹자마자 걍 다 잊음 그정도로 맛있ㅋㅋㅋ
iamimmm,"육류,고기요리",예약 없이 이용,대기 시간 10분 이내 ,데이트,연인・배우자,매장이 넓어요,단체모임 하기 좋아요,음식이 맛있어요,반찬이 잘 나와요,,늦은밤시간에도 사람이 많았다 고기도 계란찜도 김치말이국수도 볶음밥도 다 맛있었는데 바쁘셔서 그런지 빈자리들이 있음에도 빨리 치워지지 않아서 계속 대기를 했고 요청사항도 주방에 전달하시는건 들었는데 결국 반영되지 않은채로 나왔다 ㅋㅋ 뭐 많이 바쁘셔서 그랬던듯..ㅋㅋ 그래도 고기랑 사이드 다 맛있었음!
iamimmm,일식당,예약 후 이용,대기 시간 바로 입장,친목,친구,음식이 맛있어요,메뉴 구성이 알차요,룸이 잘 되어있어요,매장이 넓어요,뷰가 좋아요,24층 뷰 미쳤어요ㅠㅠ 울산 랜드마크 관람차뷰 진짜 최고.. 코스요리 하나하나 다 깔끔하고 맛있고 설명도 잘해주셨어요! 홀도 있고 룸도 있어서 기념일 특별한날이나 접대하기도 좋고 특히 상견례하기 너무 좋아보였음!!👍🏻
iamimmm,한식,예약 후 이용,대기 시간 바로 입장,친목,친구,매장이 넓어요,음식이 맛있어요,고기 질이 좋아요,친절해요,직접 잘 구워줘요,동네맛집찾다가 갔는데 대박! 자갈에 고기구워주는곳이더라구요^.^ 가게도 넓고 일단 직원분들이 너무 친절하심ㅋㅋ여기에 고기 구워지겠나 싶었는데 넘 뜨거버가 빨리익어서 잘 뒤집어주셔야할듯여 ㅋㅋ 목살은 별로 안좋아해서 삼겹이랑 항정을 먹었는데 너무 맛있더라구요…껍데기도 굿! 된장도 맛있는데 저 계란찜 진짜 대에에에에에박이에요! 치즈도 한가득에 완전 맛있움요! 담에 또갈꺼에요~~~🫶🏻
iamimmm,이자카야,예약 후 이용,대기 시간 바로 입장,친목,친구,음식이 맛있어요,술이 다양해요,인테리어가 멋져요,대화하기 좋아요,혼술하기 좋아요,울산에 잘 없는 철판요리 이자카야! 바에 앉아서 철판요리 주문하면 직관 쌉가능👍🏻 입구부터 일본느낌 낭낭하고 실내도 분위기 좋아요 한우대창전골 얼큰~~~~~~~하니 넘 맛있고 특히 겐키하이볼!!! 이렇게 양많은 하이볼은 첨인듯 게다가 상큼하고 존맛..👍🏻
iamimmm,요리주점,예약 후 이용,대기 시간 바로 입장,친목,친구,음식이 맛있어요,특별한 메뉴가 있어요,인테리어가 멋져요,대화하기 좋아요,뷰가 좋아요,일단 분위기에서 끝남 더 말할 필요가 없음 창가자리에 앉으면 비오는날은 더더더더더 대박 인테리어도 예쁘고 무엇보다 안주도 다 맛있음!!! 라갈비도 단짠단짠 최고이고 루꼴라 로제볼카츠도 무슨 레스토랑 비주얼인데 소주안주로 너무 좋음👍🏻
iamimmm,종합분식,예약 없이 이용,대기 시간 바로 입장,친목,친구,음식이 맛있어요,,,,,정말 오랜만에 방문했는데도 여전히 맛있는 고햇참김 ㅠㅠㅠㅠㅠㅠㅠㅠ
iamimmm,"육류,고기요리",예약 후 이용,대기 시간 바로 입장,친목,친구,뷰가 좋아요,친절해요,주차하기 편해요,음식이 맛있어요,고기 질이 좋아요,흑우 너ㅓㅓㅓㅓㅓ무 맛있음 고기질이 너무 좋고 부드럽고 걍 존맛 ㅠㅠㅠ 쌈장찌개 무조건 리뷰이벤트 하시고 서비스 받으세요!!! 냉면으로 마무리하면 그저 갓벽👍🏻 주말에 드라이브삼아 간절곶 갔다가 먹기 좋고 아이들도 먹기좋은 고기라서 가족외식하기 너무 좋음!
iamimmm,"일식튀김,꼬치",예약 없이 이용,대기 시간 바로 입장,친목,친구,인테리어가 멋져요,아늑해요,대화하기 좋아요,혼술하기 좋아요,음식이 맛있어요,걍 내 인생 최애 단골 술집🫶🏻
iamimmm,포장마차,예약 후 이용,대기 시간 바로 입장,친목,친구,음식이 맛있어요,기본 안주가 좋아요,특별한 메뉴가 있어요,대화하기 좋아요,친절해요,이런 이모카세 노포 술집 너무 좋음 ㅠㅠ 사장님 혼자 하시는데 너무 친절하시고 오징어순대 존맛탱👍🏻 기본으로 나오는 반찬들도 진짜 다 존맛 그자체 특히 나물들이 미쳐서 밥에 다때려넣고 비빔밥 해먹을뻔
iamimmm,요리주점,예약 후 이용,대기 시간 바로 입장,친목,친구,친절해요,매장이 청결해요,주차하기 편해요,음식이 맛있어요,단체모임 하기 좋아요,명촌에 숨은 안주맛집임 ㅠㅠㅠ 백골뱅이나 꼬막 오징어도 유명하지만 묵은지닭도리탕 진짜 맛있어요👍🏻👍🏻👍🏻 칼국수사리까지 갓벽코스 더운날 시원하게 사이드로 묵사발도 굿! 개별룸도 있어서 회식이나 모임하기도 최고
iamimmm,중식당,예약 후 이용,대기 시간 바로 입장,데이트,연인・배우자,음식이 맛있어요,특별한 메뉴가 있어요,아늑해요,친절해요,매장이 청결해요,다른 메뉴도 다 맛있었지만 특히 깐풍족발 미친놈임…👍🏻👍🏻👍🏻 족발튀김은 먹어봤지만 깐풍족발은 처음인데 너무너무 맛있고 맥주안주로 미쳤음 ㅠㅠㅠ 꼭 드셔봐주세요!
iamimmm,한식,예약 없이 이용,대기 시간 바로 입장,데이트,연인・배우자,음식이 맛있어요,특별한 메뉴가 있어요,가성비가 좋아요,아늑해요,,미친 떡볶이 개존맛집 ㅠㅠㅠㅠㅠ 떡볶이에 김밥전 진짜 기절 ㅠㅠㅠㅠㅠ
iamimmm,요리주점,예약 후 이용,대기 시간 바로 입장,데이트,연인・배우자,음식이 맛있어요,술이 다양해요,대화하기 좋아요,아늑해요,친절해요,치즈감자전이 거의 빈대떡 수준으로 두툼하고 너무 맛있고 닭고기 나베도 닭고기가 거의 절반을 차지할 정도로 재료를 아끼지 않으심 ㅠㅠㅠ 분위기도 좋고 오픈하자마자 핫플이라 웨이팅도 있으니 꼭 네이버로 예약하고 서비스도 받으세요!
iamimmm,"아귀찜,해물찜",예약 후 이용,대기 시간 바로 입장,가족모임,부모님,친절해요,주차하기 편해요,음식이 맛있어요,매장이 넓어요,단체모임 하기 좋아요,아구찜은 많이 먹어봤는데 돌판 아구찜은 처음 먹어봐요! 지글지글해서 오랫동안 따뜻하게 먹을 수 있고 밑반찬도 잘나오고 소스가 맛있어서 사리추가해서 싹싹 긁어먹었네요 ㅋㅋ 개별룸도 많고 주차장도 넓어서 회식이나 모임하기 너무 좋고 놀이방도 있어서 아이있는집 외식하기도 최고👍🏻
iamimmm,술집,예약 없이 이용,대기 시간 바로 입장,친목,친구,매장이 청결해요,음식이 맛있어요,가성비가 좋아요,단체모임 하기 좋아요,매장이 넓어요,울산 삼산 술집 새로 오픈한 한식주점인데 가성비도 좋고 안주도 맛있고 매장이 넓어서 단체모임하기도 좋고 대형 스크린까지 있어서 축구나 스포츠 경기할때 너무 좋을듯!
iamimmm,이자카야,예약 없이 이용,대기 시간 바로 입장,친목,친구,인테리어가 멋져요,대화하기 좋아요,단체모임 하기 좋아요,음식이 맛있어요,기본 안주가 좋아요,신상술집 스몰리 분위기 너무 좋아요🫶🏻 기본안주로 나오는 감자샐러드부터 존맛이고 모든 안주가 다 맛있었던 안주맛집! 특히 나고랭은.. 꼭 드셔주세여 진짜 개맛있음👍🏻 
iamimmm,미용실,,,,,원하는 스타일로 잘해줘요,맞춤 케어를 잘해줘요,친절해요,시술이 꼼꼼해요,관리법을 잘 알려줘요,[내돈내산] 진짜 모든 요구사항 완벽하게 적용해주신 소연원장님...♡ 딱붙는건 싫어서 볼륨매직을 할건데 정수리는 볼륨 넣고싶다고하니 뿌리파마도 같이 진행해주셨고 층도 많이 내고싶다해서 예쁘게 내주셨고 볼륨매직이지만 끝은 아주 살짝 뻗치는 느낌이고 싶다고 했는데(까탈 그자체) 진짜 완벽하게 완성됨ㅠㅠㅠ 머리 진짜 개맘에들구여 이런느낌나게 하고싶다는 머리 사진 몇개 보여드리면 찰떡같이 알아보시고 그 느낌 내주십니다! 너무 친절하시고 매장도 깔끔 그자체에 무엇보다도 위치가 미친놈이던데요 남포역 7번출구로 올라오자마자 5초컷.....ㅋㅋㅋㅋㅋ 날씨가 더웠는데도 땀날 틈 없이 바로 묭실 도착 쌉가능 담달에 클리닉 받으러 또갈게여ㅠㅠㅠ
iamimmm,한식,예약 없이 이용,대기 시간 바로 입장,친목,친구,인테리어가 멋져요,야외공간이 멋져요,음식이 맛있어요,가성비가 좋아요,친절해요,일단 분위기에서 끝남 안주 가성비 오지고 다 맛있음 술이술술
iamimmm,"네일아트,네일샵",,,,,유지력이 좋아요,매장이 청결해요,친절해요,손이 빨라요,대화가 즐거워요,늘 유지력이 좋고 이번에도 넘나 맘에드는 색상🩷 늘 친절하셔서 너무 좋아요 추천추천👍🏻
iamimmm,한식,예약 없이 이용,대기 시간 바로 입장,친목,친구,음식이 맛있어요,특별한 메뉴가 있어요,가성비가 좋아요,아늑해요,혼술하기 좋아요,24시간 영업해서 좋고 가성비도 오지고 맛있음👍🏻
iamimmm,보리밥,예약 후 이용,대기 시간 바로 입장,친목,친구,매장이 넓어요,단체모임 하기 좋아요,아늑해요,야외공간이 멋져요,음식이 맛있어요,삼산 한복판에 이런곳이 있다는거 자체가 놀랄노자 야외 정자에서 먹으면 개꿀맛 ㅠㅠ 가을에 또가야지 오리불고기 간 쎄지않고 딱 너무 맛있고 반찬이 진짜진짜 잘나옴👍🏻 마무리는 역시 볶음밥이쥬! 볶음밥도 존맛 ㅠㅠㅠ 
iamimmm,"일식튀김,꼬치",예약 없이 이용,대기 시간 바로 입장,데이트,연인・배우자,음식이 맛있어요,기본 안주가 좋아요,아늑해요,대화하기 좋아요,혼술하기 좋아요,말 필요없는 내 최애🫶🏻 
iamimmm,,예약 없이 이용,대기 시간 바로 입장,데이트,연인・배우자,대화하기 좋아요,친절해요,음식이 맛있어요,특별한 메뉴가 있어요,가성비가 좋아요,우연히 방문했는데 안주가 다 맛있고 가성비 굿! 특히 닭죽👍🏻👍🏻👍🏻
iamimmm,"육류,고기요리",예약 없이 이용,대기 시간 바로 입장,데이트,연인・배우자,음식이 맛있어요,가성비가 좋아요,잡내가 적어요,매장이 넓어요,친절해요,가성비 좋고 여전히 맛있음 특히 된장찌개👍🏻
iamimmm,햄버거,예약 없이 이용,대기 시간 바로 입장,,,매장이 청결해요,주차하기 편해요,매장이 넓어요,혼밥하기 좋아요,뷰가 좋아요,다 좋은데 맥스파이시상하이버거인데 스파이시가 0.1도 안느껴졌어요..ㅋㅋ
iamimmm,"육류,고기요리",예약 후 이용,대기 시간 바로 입장,가족모임,"부모님, 친척・형제",매장이 넓어요,단체모임 하기 좋아요,음식이 맛있어요,고기 질이 좋아요,친절해요,언양불고기 진짜 맛있음 살짝 달달한데 불향 싹 나고 너무너무 부드럽고 존맛 그자체👍🏻 막찍기도 고기 너무 신선하고 가성비 오지고 밑반찬도 잘나오고 된찌가 진짜 찐임…… 2천원인데 퀄리티 미쳤음 마무리 비냉에 불고기 조합도 극락🫶🏻
