﻿nickname,restaurant,reservation,waiting,purpose,withwho,tagging_1,tagging_2,tagging_3,tagging_4,tagging_5,content
밍닝몽,베이커리,포장·배달 이용,,,,빵이 맛있어요,,,,,식빵이랑 소금빵 사먹고 오랜만에 들러서 못 먹어본 메뉴들 사왔눈데 정말 맛있네요ㅠㅠㅠㅠㅠㅠ
밍닝몽,보드카페,,,,,시설이 깔끔해요,단체모임 하기 좋아요,게임 종류가 다양해요,가성비가 좋아요,친절해요,단체로 왔는데 룸이 있어 너무 편하게 잘 이용할 수 있었고 음료수 가격대도 저렴한데 엄청 맛있어요 퀄리티도 좋네요!! 스무디 추천합니당~!~! 게임도 넘 재밌어여…🥺🥺
밍닝몽,한식,예약 후 이용,대기 시간 바로 입장,친목,친구,음식이 맛있어요,재료가 신선해요,양이 많아요,특별한 메뉴가 있어요,매장이 넓어요,"샤브샤브는 말해뭐해 최고, 꼭 마무리 식사세트! 면+죽 시켜드세요ㅜㅠ 최고,,,!!! 야채도 으으엄청 많고 신선하고 너무 만족합니다 미나리전, 쌀국수 주문했는데 사이드까지도 만족합니다ㅠㅠㅠ!!!"
밍닝몽,카페,포장·배달 이용,,,,커피가 맛있어요,음료가 맛있어요,매장이 넓어요,,,매장이 엄청 넓고 손님들도 많네요 음료는 빨리 나와요!
밍닝몽,카페,예약 없이 이용,대기 시간 바로 입장,데이트,연인・배우자,인테리어가 멋져요,커피가 맛있어요,디저트가 맛있어요,음료가 맛있어요,특별한 메뉴가 있어요,팀홀튼 생겼대서 다녀와봤는데 가을가을 느낌이 너무 좋더라구요 디저트도 맛있고 커피도 맛있네용
밍닝몽,양식,예약 없이 이용,대기 시간 바로 입장,데이트,연인・배우자,음식이 맛있어요,양이 많아요,특별한 메뉴가 있어요,매장이 넓어요,단체모임 하기 좋아요,둘이서… 왕창 시켰네요양이 이렇게 많은 줄 몰랐어요ㅋㅋㅋㅋㅋ가성비 최고먹다 보니 또 다 들어가더라구요이것저것 다 먹고 싶었는데 먹는대로 다 맛있었어요!!!
밍닝몽,한식,예약 없이 이용,대기 시간 바로 입장,데이트,연인・배우자,음식이 맛있어요,,,,,열무비빔밥이 먹고 싶었어요…ㅠㅠ 매우만족고메이 들어서자마자 나는 청국장 냄새에 주문을 안 할 수가 없었네요 떡갈비는 고냥 떡갈비라 쪼꼼 아쉬웠어용 ㅜ 그 외 다 맛있네요!
밍닝몽,베트남음식,예약 없이 이용,대기 시간 바로 입장,데이트,연인・배우자,매장이 넓어요,혼밥하기 좋아요,음식이 맛있어요,재료가 신선해요,양이 많아요,그렇게 유명한 땀땀!!!!!매운우삼겹으로 주문해봤는데 진짜 양 많고 진하고 맛있고 최고네요 가성비 짱….!!!!! 너무 잘 먹었습니다
밍닝몽,샤브샤브,예약 없이 이용,대기 시간 바로 입장,친목,친구,매장이 넓어요,음식이 맛있어요,재료가 신선해요,양이 많아요,특별한 메뉴가 있어요,"가성비가 미친 곳,,, 넘 배부르게 잘 먹었습니다셀프바도 자유롭게 이용가능해서 정말 좋아요! 1호점 꽉 차서 2호점 왔는데 여기 매장도 꽤 넓고 쾌적하네요!!"
밍닝몽,와인,포장·배달 이용,,,,인테리어가 멋져요,단체모임 하기 좋아요,매장이 넓어요,음식이 맛있어요,,아침에 커피 사러 다녀왔는데 커피 너무 맛있네요 왕왕합격!!! 천원 할인도 들어가서 엄청 저렴해요!!!매장 구경하면서 와인이랑 저녁 메뉴들 구경하는데 꽤 가성비 있고 궁금하더라구요 와인 먹으러도 들려볼게요 ㅎㅎㅎ
밍닝몽,베이커리,포장·배달 이용,,,,빵이 맛있어요,특별한 메뉴가 있어요,가성비가 좋아요,건강한 맛이에요,디저트가 맛있어요,너무 맛있게 잘 먹었네요!!!!
밍닝몽,"치킨,닭강정",예약 없이 이용,대기 시간 바로 입장,데이트,연인・배우자,음식이 맛있어요,재료가 신선해요,양이 많아요,,,오랜만에 방문했네요실패없는 맛 잘 먹었습니당
밍닝몽,와인,예약 후 이용,대기 시간 바로 입장,친목,친구,음식이 맛있어요,기본 안주가 좋아요,술이 다양해요,인테리어가 멋져요,대화하기 좋아요,차분하고 예쁜 분위기에 맛있는 음식들과 함께 생일파티 했네요! 가격대도 엄청 착하고 와인도 느어어어무 맛있었어요ㅜㅜㅜ 좋은 시간 보내고 갑니당
밍닝몽,"카페,디저트",예약 없이 이용,대기 시간 바로 입장,친목,친구,커피가 맛있어요,디저트가 맛있어요,음료가 맛있어요,,,디저트가 넘 맛있더라구요 다른 디저트들도 궁금했어요 음료랑도 잘 어울리고 직원분들두 친절하시네옹!
밍닝몽,"카페,디저트",예약 없이 이용,대기 시간 바로 입장,친목,친구,커피가 맛있어요,디저트가 맛있어요,음료가 맛있어요,,,"고구마 케이크 넘 맛있어요,,,가격대가 있지만 맛있어요ㅜㅜ 홀케이크도 궁금하네용"
밍닝몽,돼지고기구이,예약 없이 이용,대기 시간 바로 입장,데이트,연인・배우자,음식이 맛있어요,고기 질이 좋아요,양이 많아요,특별한 메뉴가 있어요,가성비가 좋아요,최근 매장 크게 열었대서 다시 방문해봤네요! 고기 양도 질도 만족합니다 같이 나오는 대파김치가 너무 맛있어요ㅠㅠ 볶음밥 마무리까지 완벽합니당항상 잘 먹고 가네요~~
밍닝몽,한식,예약 없이 이용,대기 시간 바로 입장,데이트,연인・배우자,매장이 넓어요,단체모임 하기 좋아요,음식이 맛있어요,양이 많아요,특별한 메뉴가 있어요,고추장찌개+치킨세트 먹고 왔네요! 치킨은 양이 어마무시해욬ㅋㅋㅋㅋㅋㅋㅋ담에 친구들 데려와서 다른 메뉴들도 먹어보고 싶네요고추장찌개는 끓여도끓여도 안 짜고 간이 유지 되던게 너무 신기 먹다가 입천장 다 까졌지만 싹싹 긁어먹었습니다리조또를 못 먹고 온 게 아쉽네요ㅜㅜ
밍닝몽,"카페,디저트",포장·배달 이용,,,,커피가 맛있어요,디저트가 맛있어요,음료가 맛있어요,,,양도 많고 맛있어요!특히 미숫가루 항상 사먹는데 진하고 넘 맛있어용
밍닝몽,중식당,예약 없이 이용,대기 시간 바로 입장,데이트,연인・배우자,매장이 넓어요,음식이 맛있어요,양이 많아요,,,"중식 생각 날 때 항산 들러요~매번 만족스러운 식사입니다배달로 쟁반짜장 먹고 맛있어서 이번엔 매장에서! 야채 해산물 고기가 많아서 넘 맛있게 잘 먹었어용탕수육은 말해모해 맛있어요,,,ㅠㅠㅠ"
밍닝몽,편의점,,,,,상품이 다양해요,,,,,야구 보러 오면서 잘 들려요~~
밍닝몽,양식,포장·배달 이용,,,,음식이 맛있어요,양이 많아요,,,,맛있어요~ 요즘엔 항상 하나씩 사서 야구장 들어가네요
밍닝몽,"멕시코,남미음식",예약 없이 이용,대기 시간 바로 입장,친목,친구,음식이 맛있어요,양이 많아요,가성비가 좋아요,단체모임 하기 좋아요,,세트를 시키면 소스든 또띠아든 리필을 자유롭게 할 수 있는 시스템이 넘 좋아요!! 그리고 너어어어무 맛있게 잘 먹었습니다갓잇 세 군데 정도 가봤는데 제일 맛있었던 매장 같네요! 넘 만족스러워요 집 앞이니 자주 들리도록 하겠습니다 ㅎㅎ
밍닝몽,베이커리,예약 없이 이용,대기 시간 바로 입장,친목,친구,인테리어가 멋져요,대화하기 좋아요,빵이 맛있어요,커피가 맛있어요,음료가 맛있어요,오후 늦게 방문해서 그런지 빵들이 다 매진 ㅜㅜ 담엔 낮에 가보려구요 베이커리가 넘 맛있더라구요
밍닝몽,만두,포장·배달 이용,,,,음식이 맛있어요,양이 많아요,,,,"배가 좀 찬 상태에서 좀만 먹어야지 하고 먹기 시작한 걸 끝까지 다 먹었네요,,, 넘 아쉬워요ㅜㅜ 놀러갔다 온 김에 먹고 싶었던 만두 픽업해서 집에 돌아왔는데 더 사올 걸 그랬어요ㅜㅠㅠ 최고"
밍닝몽,"카페,디저트",예약 없이 이용,대기 시간 바로 입장,데이트,연인・배우자,커피가 맛있어요,디저트가 맛있어요,음료가 맛있어요,,,"매장도 넓고 분위기도 넘 좋네요앞에 보이는 경치 보며 음료를 즐겼더니 최고,,팥라떼 구웃! 부드럽더라구요!날이 좋아 밖에서 너무 잘 놀다 가네요"
밍닝몽,"해물,생선요리",예약 없이 이용,대기 시간 바로 입장,데이트,연인・배우자,음식이 맛있어요,매장이 넓어요,,,,새우철~ 바닷가 와서 필수죠!넘 맛있게 잘 먹고 갑니다 새우 머리부터 발끝까지 다 뿌셨네용 ㅎㅎ
밍닝몽,베이커리,예약 없이 이용,대기 시간 바로 입장,친목,친구,빵이 맛있어요,커피가 맛있어요,,,,올 때마다 친절함에 반하고 맛있어용~~
밍닝몽,"카페,디저트",포장·배달 이용,,,,디저트가 맛있어요,,,,,요거트 짱!!넘 맛있네용 ㅜㅜ 가격듀 꽤 괜찮은 듯
밍닝몽,"칼국수,만두",예약 없이 이용,대기 시간 바로 입장,친목,친구,음식이 맛있어요,재료가 신선해요,,,,가끔 만두가 생각날 때 찾는 곳항상 맛있어요~
밍닝몽,카페,포장·배달 이용,,,,커피가 맛있어요,,,,,커피!!는 더벤티 넘 맛있어용용
밍닝몽,"맥주,호프",예약 없이 이용,대기 시간 바로 입장,친목,친구,단체모임 하기 좋아요,,,,,"첫 주문 2만원 이상 필수/매장 이용 2시간 이내 제한설명 듣고 올라갔네요시키고 보니 2만원 무조건 넘어요가격이 좀 싼듯 안 싼듯하나 아이스크림 양은 넘 적네요ㅠ 치즈스틱이란 것도 떡이랑 치즈 같은 느낌이라 넘 아쉽 3개 나와서 더 놀랐네야,,,"
밍닝몽,감자탕,예약 없이 이용,대기 시간 바로 입장,친목,친구,인테리어가 멋져요,매장이 넓어요,음식이 맛있어요,양이 많아요,특별한 메뉴가 있어요,들깨가루를 계속해서 추가할 수 있어서 넘 좋아요! 덕분에 국물도 어엄청 진하고 구수해졌어용 라면사리에 볶음밥까지••• 푸파하고 갑니당
밍닝몽,"카페,디저트",예약 없이 이용,대기 시간 바로 입장,친목,친구,커피가 맛있어요,디저트가 맛있어요,,,,매장이 꽤 넓더라구요 사람도 엄청 많구 운 좋게 한 바퀴 돌다 자리 발견 ㅎㅎㅎㅎ 잘 쉬다 갑니다
밍닝몽,공방,,,,,시설이 깔끔해요,수업 시간이 충분해요,초보자에게도 적합해요,맞춤 수업을 잘해줘요,,첨 해보는 베이킹 수업인데 재밌네용예약할 때 꼭 추가할 거 있음 미리 하는 게 훨씬 좋네요!
밍닝몽,한식,예약 없이 이용,대기 시간 바로 입장,데이트,연인・배우자,음식이 맛있어요,재료가 신선해요,양이 많아요,,,갈 때마다 너무 잘 차려진 한 상을 먹는 거 같아 기분이 좋아요 반찬 리필도 자유로워서 배불리 먹고 갑니당
밍닝몽,카페,포장·배달 이용,,,,커피가 맛있어요,,,,,추석 때도 오픈해주시다니ㅜ 출근 전 커피수혈 하고 가네용
밍닝몽,일본식라면,,,,,음식이 맛있어요,,,,,돈가스가 진짜 바삭하고 맛있고 깍두기 왕맛탱 넘 잘 어울려요! 돈코츠 라멘 맛있네요! 담엔 탄탄멘도 맵기 조절해서 먹어보려구요
밍닝몽,돼지고기구이,예약 없이 이용,대기 시간 바로 입장,데이트,연인・배우자,음식이 맛있어요,고기 질이 좋아요,양이 많아요,가성비가 좋아요,재료가 신선해요,"가격도, 맛도 믿기지가 않아요!셀프바로 반찬 무한대 리필 가능하구 고기 질도 꽤 좋아요!!! 마무리 볶음밥은 필수 이것저것 넣어 된장찌개 주문해서 같이 먹었네요 ㅎㅎㅎ 담에 또 갈게요!!"
밍닝몽,카페,포장·배달 이용,,,,커피가 맛있어요,,,,,지하철 타러가는 길에 들러 커피 사갔습니당넘넘 맛있어요 커피ㅜㅜ
밍닝몽,찜닭,포장·배달 이용,,,,음식이 맛있어요,양이 많아요,,,,"배달로 주문해봤는데 어우,,, 오랜만에 먹었는데 양이 많아여 배가 넘 부르네요 엄청 맛있어욥…!!"
밍닝몽,카페,예약 없이 이용,대기 시간 바로 입장,데이트,연인・배우자,커피가 맛있어요,음료가 맛있어요,,,,점심 시간에 방문하니 거의 만석이더라구요아샷추 콜드브루 맛있어용
밍닝몽,햄버거,예약 없이 이용,대기 시간 바로 입장,데이트,연인・배우자,음식이 맛있어요,매장이 넓어요,,,,지금까지 롯데리아 먹으면서 젤 따뜻하고 맛있게 먹은 감튀였어욥🤤
밍닝몽,"슈퍼,마트",,,,,상품이 다양해요,,,,,귀엽고 예쁜 거 다양하네요많은 가게들이 있지만 항상 여기서 기념품 사가는 거 같아용
밍닝몽,생선회,포장·배달 이용,,,,매장이 넓어요,음식이 맛있어요,양이 많아요,,,올레시장 갈 때마다 들리는 횟집이네요비리지도 않고 신선해요 갈치 많이 달라고 했는데 바빠서 그랬나 한 줄뿐이었지만 ㅜ 전반적으로 넘 맛있습니당
밍닝몽,"관람,체험",예약 없이 이용,대기 시간 바로 입장,나들이,부모님,가격이 합리적이에요,볼거리가 많아요,산책로가 잘 되어있어요,규모가 커요,반려동물과 가기 좋아요,부모님과 청귤체험 하러 갔는데 하하호호 하면서 잘 즐기다 왔네요 더 올라가니 넘 예쁜 포토존도 있고 옆으로 가면 작은 동물원도 되어 있네요 재밌게 잘 즐기다 갑니당!!
밍닝몽,"해물,생선요리",예약 없이 이용,대기 시간 바로 입장,나들이,부모님,매장이 넓어요,음식이 맛있어요,재료가 신선해요,양이 많아요,특별한 메뉴가 있어요,"순살갈치스페셜로 주문 해봤어요!뼈가 하나도 없이 살로만 있으니 먹기도 편하더라구요!!같이 나오는 통갈치구이 어떻게 먹지,,, 했는데 뼈하나 없이 싹 깔끔하게 갈라주셔서 맛있게 먹었습니당"
밍닝몽,돼지고기구이,예약 후 이용,대기 시간 바로 입장,나들이,부모님,매장이 넓어요,음식이 맛있어요,고기 질이 좋아요,양이 많아요,특별한 메뉴가 있어요,고기가 진짜 양이 많아요!!!가장 좋았던 점은 셀프바를 이용해서 반찬을 리필해 먹을 수 있던 거예요!!! 전반적으로 너무 맘에 들었고 저희 부모님도 너무 잘 드셔주고 만족했다구 합니다센스있는 프렌치 커피에 한 번 더 감동받구 갑니댱
밍닝몽,"관리,안내",예약 없이 이용,대기 시간 바로 입장,나들이,부모님,,,,,,오르내리는 길이 등산로 같이 잘 되어 있더라구요체력 챙기고 방문해주시고 힘듦을 견뎌내시면 예쁜 폭포를 감상할 수 있습니당
밍닝몽,"카페,디저트",예약 없이 이용,대기 시간 바로 입장,나들이,부모님,커피가 맛있어요,디저트가 맛있어요,음료가 맛있어요,인테리어가 멋져요,뷰가 좋아요,부모님 모시고 아침미소목장 다녀왔어요넓은 밭에 소들이 자유롭게 다니는 모습이 너무 보기 좋았고 경치도 넘 좋았습니다카페 내부도 넓고 음료 또한 맛있었네요! 같이 주셨던 스낵 넘 맛있어서 애기들 주려고 더 구매해서 갔습니당부모님 모시고 온 첫 제주도 카페라 걱정 많이 했는데 두 분 모두 만족해하셨어요!! 가족단위로 많이 오시더라구요 추천합니다앙
밍닝몽,한식,예약 없이 이용,대기 시간 바로 입장,나들이,부모님,인테리어가 멋져요,매장이 넓어요,음식이 맛있어요,재료가 신선해요,양이 많아요,실패없는 고사리육개장에~ 고등어구이 고민하다 시켰는데 넘 맛있더라구요!!! 반찬도 다양하구 잘 먹었습니다!! 부모님도 만족해하시네요!!
