﻿nickname,restaurant,reservation,waiting,purpose,withwho,tagging_1,tagging_2,tagging_3,tagging_4,tagging_5,content
샐연,이탈리아음식,예약 없이 이용,대기 시간 바로 입장,친목,친구,음식이 맛있어요,친절해요,매장이 청결해요,,,메뉴 다 맛있음 ㅠㅠㅠ
샐연,한식,예약 없이 이용,대기 시간 바로 입장,친목,지인・동료,음식이 맛있어요,,,,,맛있어용 💚
샐연,일식당,,,,,음식이 맛있어요,양이 많아요,혼밥하기 좋아요,,,토마토 오코노미야키 💕
샐연,"곱창,막창,양",,,,,음식이 맛있어요,양이 많아요,,,,곱창전골 짱 맛있음 ㅠㅠ
샐연,"카페,디저트",예약 없이 이용,대기 시간 바로 입장,친목,친구,음식이 맛있어요,매장이 넓어요,친절해요,,,카페지만 음식이 맛있어요!!! ㅋㅋㅋㅋ 떡볶이 맛집 :)
샐연,"카페,디저트",,,,,디저트가 맛있어요,뷰가 좋아요,매장이 넓어요,친절해요,,디저트가 맛있어요!!!
샐연,"카페,디저트",예약 없이 이용,,,,디저트가 맛있어요,,,,,푸딩 짱맛있음 !!
샐연,구제의류,,,,,가성비가 좋아요,종류가 다양해요,독특한 디자인이 많아요,,,오늘 두번째 방문 💛 역시나 오늘도 왕창 구매함 !!!
샐연,일식당,예약 후 이용,대기 시간 바로 입장,친목,친구,음식이 맛있어요,양이 많아요,혼밥하기 좋아요,친절해요,,뜨끈하니 비오는날 먹기 딱 좋음! 양도 많아서 친구들이랑 쉐어하기 좋음 💛
샐연,핫도그,예약 없이 이용,대기 시간 바로 입장,일상,혼자,음식이 맛있어요,가성비가 좋아요,매장이 청결해요,,,간단하게 먹을걸 찾아 왔습니다 !! 혼자서도 먹기 좋고 친구들이랑 와도 좋을 것 같아요!! 고수도 빼달라고 하니 원하는대로 조리해서 주셨어요!
샐연,양식,예약 없이 이용,대기 시간 바로 입장,가족모임,부모님,음식이 맛있어요,양이 많아요,특별한 메뉴가 있어요,,,양식이 땡기는 오후 점심으로 먹으러온 피쟈 💕 생각보다 양이 너무 많아서 다먹고 야무지게 포장까지함! 옥수수 맛남 ❣️
샐연,요리주점,예약 없이 이용,대기 시간 바로 입장,혼자,,가성비가 좋아요,음식이 맛있어요,친절해요,매장이 청결해요,,점심에 와서 먹기 좋습니다 💕
샐연,공방,,,,,초보자에게도 적합해요,맞춤 수업을 잘해줘요,설명이 자세해요,프라이빗해요,디자인이 멋져요,친구가 추천해서 다녀왔는데 만족도 1000% 비누 만들기 클래스였습니다 💛 쌤 너무너무 친절하시구 처음부터 끝까지 설명도 엄청 잘해주심!! 스스로 디자인한 모양이 딱! 나오니까 신기하고 재밌었습니다!!다음에는 조카랑 같이 만들어도 좋을 것 같아요~~❣️
샐연,햄버거,예약 없이 이용,대기 시간 바로 입장,친목,지인・동료,음식이 맛있어요,양이 많아요,특별한 메뉴가 있어요,인테리어가 멋져요,친절해요,토요일 오픈 직후에 가서 웨이팅 없이 딱 먹었습니다!! 고기도 많고 트러플 소스 맛있어요💛
샐연,양식,예약 없이 이용,대기 시간 바로 입장,친목,친구,재료가 신선해요,건강한 맛이에요,,,,건강한 맛!
샐연,"속눈썹증모,연장",,,,,자연스러워요,친절해요,,,,내 집처럼 편안하게 시술 받았습니다 💕
샐연,"카페,디저트",,,,,커피가 맛있어요,건강한 맛이에요,인테리어가 멋져요,뷰가 좋아요,,커피 맛나요~ 다음에는 단호박 음료 꼭 먹어보고 싶어요!!
샐연,구제의류,,,,,품질이 좋아요,가성비가 좋아요,종류가 다양해요,독특한 디자인이 많아요,친절해요,지나가다 홀린듯이 들어와서 돈쓰고 가는 곳 💰 너무 이쁨 ㅠㅠ 빈티지 최고❤️‍🔥❤️‍🔥
샐연,한식,예약 후 이용,대기 시간 바로 입장,"친목, 여행",친구,음식이 맛있어요,음악이 좋아요,친절해요,,,깔끔하니 맛있음 !! 감태 주먹밥이 별미임 :)
샐연,양식,예약 후 이용,대기 시간 바로 입장,여행,친구,음식이 맛있어요,특별한 메뉴가 있어요,인테리어가 멋져요,친절해요,좌석이 편해요,양도 적당하고 너무너무 맛남 💕 특히 감태 파스타 처음 먹어보는 맛인데 진짜 맛있었음 !!! 
샐연,"온천,스파",예약 후 이용,대기 시간 바로 입장,여행,부모님,규모가 커요,시설이 깔끔해요,탕 종류가 다양해요,노천탕이 잘 되어있어요,주차하기 편해요,드라이기 사용이 살짝 아쉬운거 빼고는 좋았어요 
샐연,,예약 없이 이용,대기 시간 바로 입장,친목,친구,음식이 맛있어요,메뉴 구성이 알차요,인테리어가 멋져요,대화하기 좋아요,친절해요,시그니쳐 메뉴만 딱 시켜서 먹었는데 둘이 먹기 양이 딱 적당하고 일단 맛남 💕 직원분이 친절하시고 인테리어가 이쁨 💛
샐연,아이스크림,예약 없이 이용,대기 시간 바로 입장,친목,친구,특별한 메뉴가 있어요,,,,,가성비가 낮아진 퐁듀....... 옛날에 먹었어야 했는데....... 이제 먹어봤으니 앞으로 먹을 일 없음 비추 
샐연,라면,,,,,혼밥하기 좋아요,주차하기 편해요,친절해요,음식이 맛있어요,가성비가 좋아요,이 가격에 이런 퀄리티음식 최고입니다 👍🏻  해물도 직접 발라주시고 엄청 친절하세요 💕
샐연,"카페,디저트",,,,,특별한 메뉴가 있어요,커피가 맛있어요,음료가 맛있어요,좌석이 편해요,뷰가 좋아요,카이막도 맛있고 탁트인 뷰로 바다가 잘 보여서 좋아요 💕
샐연,양식,예약 후 이용,대기 시간 바로 입장,여행,친구,음식이 맛있어요,재료가 신선해요,특별한 메뉴가 있어요,매장이 넓어요,주차하기 편해요,진짜 너무너무너무 맛있음 다음에 또 예약해서 방문할 예정!!!
샐연,"관람,체험",예약 후 이용,,,,,,,,,시간이 비어서 방문했는데 생각보다 볼거리가 많아서 너무 재밌게 돌아봤어요!
샐연,"카페,디저트",,,,,인테리어가 멋져요,차분한 분위기에요,컨셉이 독특해요,특별한 메뉴가 있어요,친절해요,신기한 메뉴가 있고 진짜 맛있어요 💕
샐연,"다이어트,샐러드",,,,,친절해요,음식이 맛있어요,재료가 신선해요,혼밥하기 좋아요,,맛있어요 🥰
샐연,이탈리아음식,,,,,가성비가 좋아요,친절해요,인테리어가 멋져요,,,쏘쏘
샐연,일식당,,,,,음식이 맛있어요,양이 많아요,특별한 메뉴가 있어요,,,규카츠 최고 💕
샐연,"카페,디저트",,,,,좌석이 편해요,디저트가 맛있어요,,,,케이크가 맛있음 
샐연,일본식라면,,,,,음식이 맛있어요,,,,,조금 느끼함 ㅠ 
샐연,"카페,디저트",,,,,친절해요,디저트가 맛있어요,,,,최근에 먹은 케이크 중 제일 맛있음 👍🏻 
샐연,떡볶이,,,,,매장이 넓어요,가성비가 좋아요,양이 많아요,음식이 맛있어요,,만두가 진짜 너무너무 맛있다 💕
샐연,종합분식,예약 없이 이용,대기 시간 바로 입장,여행,친구,음식이 맛있어요,양이 많아요,가성비가 좋아요,,,음식이 맛있었어요~~~
샐연,중식당,예약 없이 이용,대기 시간 바로 입장,여행,친구,음식이 맛있어요,양이 많아요,가성비가 좋아요,,,탕수육 짱 맛남 💕
샐연,"카페,디저트",,,,,커피가 맛있어요,디저트가 맛있어요,,,,커피도 케이크도 맛있음 💕
샐연,"멕시코,남미음식",,,,,양이 많아요,음식이 맛있어요,가성비가 좋아요,,,맛있음 근데 오픈할 때 맞춰서 가야함 
샐연,"카페,디저트",,,,,친절해요,,,,,쏘쏘
샐연,방탈출카페,,,,,친절해요,스토리가 탄탄해요,,,,탈출 완료 ❣️
샐연,한식,,,,,양이 많아요,,,,,쏘쏘
샐연,,,,,,,,,,,한번쯤 먹을만 하다 :)
샐연,"카페,디저트",,,,,디저트가 맛있어요,,,,,가격이 너무 극악임 ㅠ
샐연,카페,,,,,아늑해요,디저트가 맛있어요,특별한 메뉴가 있어요,친절해요,좌석이 편해요,기름떡 !!! 달달하니 완전 맛있고 사장님 최고 친절하심 💕
샐연,"카페,디저트",,,,,뷰가 좋아요,집중하기 좋아요,좌석이 편해요,친절해요,커피가 맛있어요,커피 맛집 뷰 맛집
샐연,곡물재배,,,,,,,,,,수국 피기 시작했는데 진짜 너무너무 이쁨!! 입장비 안아까움 
샐연,일식당,,,,,매장이 넓어요,매장이 청결해요,화장실이 깨끗해요,,,살짝 비렸음 
샐연,카페,,,,,뷰가 좋아요,대화하기 좋아요,친절해요,커피가 맛있어요,,커피 맛남 ☕️ 💕
샐연,베이커리,,,,,빵이 맛있어요,,,,,줄서서 살만함 💕
