﻿nickname,restaurant,reservation,waiting,purpose,withwho,tagging_1,tagging_2,tagging_3,tagging_4,tagging_5,content
A8뜨뚜,중식당,예약 없이 이용,대기 시간 바로 입장,일상,연인・배우자,친절해요,음식이 맛있어요,,,,주하객잔 깐풍기가 맛잇다길래 먹어봣는데 진짜 맛잇엇어요!튀김옷이 다먹을때까지 눅눅하지않고 파삭파삭⭐️짜장면에 계란후라이 올려주는것마저 아주 맘에 들엇습니다ㅎㅎ메뉴가 엄청 많아서 고르기 힘들엇어요. 여럿이서가서 다양하게 시켜먹어도 좋을거같아요.5시오픈시간에 가서그런지 음식 나오기까지 좀 기다렷어요.여자직원분이 되게 우렁차시고 친절하셔서 보기좋앗습니다ㅎ구의역 중식맛집 추천!
A8뜨뚜,카페,예약 없이 이용,대기 시간 바로 입장,데이트,연인・배우자,디저트가 맛있어요,,,,,"청담역점 주차가능하구, 점심시간쯤가서 그런지 여기 케이크종류 거의 다 잇는거같앗어요ㅎㅎ 굳"
A8뜨뚜,중식당,예약 후 이용,대기 시간 바로 입장,데이트,연인・배우자,음식이 맛있어요,,,,,흑백요리사때문에 동파육 먹고싶어서 방문~~양대비 6만5천원이라는 비싼가격이지만 고기가 진짜 부들부들하니 너무 맛잇엇어요.짜장면이랑 딤섬도 다 맛잇!가족끼리가서 다양하게 시켜먹으면 좋아요ㅎ 갠적으로 코스보다 단품 여러개가 훨 나은거같아요.가면 항상 대접받는 느낌이라 비싼값하는느낌!주차가능하나 발렛비가 비싸요.예약은 필수입니다! 캐치테이블 예약가능
A8뜨뚜,"찌개,전골",예약 없이 이용,대기 시간 바로 입장,가족모임,부모님,친절해요,음식이 맛있어요,,,,"경아식당 아현역점 항상 맛잇어요ㅎㅎ사장님, 직원분들 항상 웃으시면서 친절하셔서 가면 기분 좋아요! 매장이 작아서 피크타임에는 웨이팅잇슴당"
A8뜨뚜,요리주점,예약 없이 이용,대기 시간 바로 입장,나들이,연인・배우자,음식이 맛있어요,특별한 메뉴가 있어요,인테리어가 멋져요,,,"용용선생 마라전골, 고추바삭유린기 넘 맛잇어요!마라전골은 마라초보자도 충분히 드실수잇슴니다ㅎㅎ 유린기 가장 강추이지만 이외에 안주 다 맛잇어요!직원분들도 친절하셔서 좋앗어요."
A8뜨뚜,"순대,순댓국",예약 없이 이용,대기 시간 바로 입장,데이트,연인・배우자,음식이 맛있어요,고기 질이 좋아요,양이 많아요,,,너무나 애정하는 식당 중 하나인 정담옥!!방문할때마다 나날이 더 맛잇어지는거같아요..이번엔 고기살의 양이 더 어마어마 햇습니다! 고기 부드러운건 말해뭐해~~~매콤달달한 양념 좋아하시는 분들이라면 매우 강추임니다/+김가루참기름밥 필쓔
A8뜨뚜,한식,예약 후 이용,대기 시간 바로 입장,가족모임,부모님,특별한 날 가기 좋아요,음식이 맛있어요,인테리어가 멋져요,,,엄마환갑파티해드리려고 룸예약해서 이용햇어요!룸 분위기 조용하고 통창으로 보이는 풍경이 너무 좋앗어요.어복쟁반 먹으러간건데 품절이라 아쉬웟어요ㅠㅠ다른 메뉴들로 잔뜩 시켜먹엇는데 전체적으로 깔끔하고 다 맛잇엇습니다! 부모님모시고가기에 너무 좋은곳같아요! 추천!
A8뜨뚜,중식당,예약 없이 이용,대기 시간 바로 입장,데이트,연인・배우자,혼밥하기 좋아요,음식이 맛있어요,재료가 신선해요,가성비가 좋아요,,가성비 진짜 최고..!!!! 훠궈 배터지게 먹고싶을때마다 찾아갑니다!재료들 완젼 신선하구 매장이 깔끔해요. 좋아하는 재료들로만 왕창 먹을수잇어서 좋아요ㅎㅎ
A8뜨뚜,베이커리,예약 없이 이용,대기 시간 바로 입장,데이트,연인・배우자,빵이 맛있어요,친절해요,,,,빵들 다 맛잇어요ㅎ 소금빵 곧 나온다해서 뻘쭘함안고 기다리는데 직원분들 너무 친절하셧어요ㅎㅎ
A8뜨뚜,일식당,예약 없이 이용,대기 시간 바로 입장,데이트,연인・배우자,음식이 맛있어요,양이 많아요,친절해요,인테리어가 멋져요,,토요일 점심이엇는데 웨이팅 없이 입장 가능햇어요!분위기 넘나 좋고 .. 입장하고부터 여직원분들 진짜 친절하셔서 기분 좋앗어요ㅎㅎ오꼬노미야끼 좀 비싼가?햇는데 엄청 크게 나와서 깜짝놀랏어요ㅋㅋㅋ 고추야끼소바는 좀만 더 매콤햇으면 좋앗을거같아요ㅎㅎ소스충인데 테이블마다 소스가 구비되어잇는게 넘 맘에 들엇어요.둘이서 오꼬노미야끼랑 야끼소바 시키시면 배터지시게 드실거같아요~! 일본느끼고싶으시면 추천!
A8뜨뚜,"장어,먹장어요리",예약 후 이용,대기 시간 바로 입장,가족모임,부모님,음식이 맛있어요,반찬이 잘 나와요,,,,"금요일 저녘이라 혹시몰라 예약하고 갓는데 자리 충분히 잇엇어요ㅎㅎ 장어가 살 통통함이 좀 적고 얇은 편이엇지만 가격대비 괜찮앗어요! 반찬들이 장어랑 먹기 딱 좋은 구성들이 나오고, 장어소스가 한약맛이 많이 나는 독특한 소스엿어요.사장님이 처음부터 끝까지 잘 구워주시는 점이 너무 좋앗어요ㅎㅎ 합정주변 장어집으로 추천!"
A8뜨뚜,갈비탕,예약 없이 이용,대기 시간 바로 입장,일상,연인・배우자,음식이 맛있어요,양이 많아요,,,,"갈비탕으로 오래전부터 유명한곳이길래 방문!국물은 깔끔한 고깃국물에 숙주향이 입혀져 시원한 느낌인데, 제입맛에는 살짝 심심한 느낌이엇습니다! 하지만 여기 갈비에 고기살이 실하게 붙어잇고 엄청 부드럽더라구요. 이 불편한 어르신들도 잘 드실수잇겟다 싶을정도!갈비탕 맛집으로 인정 추천!"
A8뜨뚜,돈가스,예약 없이 이용,대기 시간 바로 입장,일상,혼자,음식이 맛있어요,,,,,강남에 가성비 경양식 돈까스집!딱 고기얇고 기본 경양식 소스맛인 딱 오리지널 경양식돈까스집이엇습니다.매운소스 따로 시켯는데 전혀 맵지않아 아쉬웟어요ㅎ
A8뜨뚜,한식,예약 후 이용,대기 시간 바로 입장,친목,친구,음식이 맛있어요,특별한 메뉴가 있어요,인테리어가 멋져요,대화하기 좋아요,매장이 청결해요,"오랜만에 친구들만나는데 리파인 유명하길래 궁금해서 예약해서 방문햇어요! 일단 매장 들어가자마자 분위기 넘나 좋음! 어둑한데 대화가 술술나오는ㅋㅋㅋㅋ안주들 다 너무 맛잇더라구요. 보쌈, 비빔국수, 명란감태비빔 전부 다 강추! 술이 정말 다양한데 3가지 시음해보고 고를수 잇어서도 좋앗어요ㅎㅎ 청첩장모임, 소개팅으로 좋을거같아요! 추천!"
A8뜨뚜,"카페,디저트",예약 없이 이용,대기 시간 바로 입장,데이트,연인・배우자,디저트가 맛있어요,,,,,"건대에서 핫한 디저트카페!늦은저녘에가면 디저트들은 거의 없을거같더라구요.티그레, 케이크, 소금빵 전부 다 맛잇엇습니다.크림좋아하시는 분들이라면 케이크 추천!티그레도 버터풍미 가득햇어요 ㅎ"
A8뜨뚜,한식,예약 없이 이용,대기 시간 바로 입장,일상,친구,음식이 맛있어요,,,,,코다리비빔막국수 먹엇는데 코다리가 간이 아주 강하드라구요! 고춧가루 맛이 많이 느껴지면서 간이 쎈 막국수엿어요.만두는 그냥저냥햇습니다ㅎ
A8뜨뚜,일본식라면,예약 없이 이용,대기 시간 30분 이내,데이트,연인・배우자,음식이 맛있어요,양이 많아요,,,,"인스타에서 새우츠캐맨 맛집이라해서 궁금해서 방문!소스는 눅진한 질감에 건새우를 갈아넣은듯한 향이 낫고,면은 탱글쫄깃햇고, 차슈는 베이컨맛이 많이 낫어요.조금 매콤햇더라면 더 맛잇게 먹엇을거같앗지만,전체적으로 양도 많고 새로운 츠케멘 드시고싶으신 분들에겐 추천!"
A8뜨뚜,카페,예약 없이 이용,대기 시간 바로 입장,친목,친구,디저트가 맛있어요,,,,,디저트들이 많아보이길래 몇가지 사먹어봣어요.휘낭시에가 주력인거같앗는데 생각보다 파운드케잌?머핀? 같아서 아쉬웟습니다. 퍽퍽하드라구요.버터바는 정말 맛잇엇습니다! 레몬코코넛맛 강추휘낭시에보다 버터바를 추천함니다.
A8뜨뚜,일본식라면,예약 없이 이용,대기 시간 바로 입장,나들이,연인・배우자,친절해요,음식이 맛있어요,인테리어가 멋져요,,,"부산여행 후 일본라멘에 관심이 생겨서 검색후 방문!*류센소 카라 3단계로 먹엇는데 전혀 안맵고 맛잇엇어요.국물 먼저 먹어봣는데 먹자마자 ’돼지육수‘라는게 딱 느껴졋어요ㅎ 일반 류센소 라멘은 좀 많이 느끼할거같다는 생각이 들엇어요. 류센소 카라를 추천! 차슈가 불향가득하고 부들부들하니 넘 맛잇어요. 기본으로 한장들어잇는데 추가하시는걸 추천해요-! *가라아게는 소스충이라 그런지 타르타르소스?랑 간장소스 둘다 주는게 넘 좋앗어요ㅎ *안에 인테리어가 우드우드한게 맘에들엇고, 매장도 은근 자리많고 커요. 사장님께서 친절하셔서 좋앗습니다. 화장실은 외부에 잇슴다. 매장앞에 주차도 가능해요."
A8뜨뚜,양식,예약 없이 이용,대기 시간 바로 입장,일상,혼자,음식이 맛있어요,,,,,"부천에 함박 검색후 방문!함박고기에 잡내없고 부드러워서 좋앗고, 데미소스가 진한게 맛잇엇습니다.파스타면도 들어잇고, 단호박,새우튀김,감자튀김 토핑도 맘에 들엇습니다.혼밥하시는분들이 많으시더라구요!"
A8뜨뚜,햄버거,예약 없이 이용,대기 시간 바로 입장,나들이,연인・배우자,음식이 맛있어요,특별한 메뉴가 있어요,,,,"버거위에 소스를 부어준다는 독특한 버거집이길래 방문!비주얼은 마치 파스타나 리조또 느낌인데,소스안에는 버거가잇고 토핑으로 마늘, 양파 후레이크가 잇어 씹는맛도 좋앗고 로제소스도 넘 맛잇엇습니다! 패티에 육즙도 가득하구, 무엇보다 소스가 맛잇어서 괜찮앗던거같아요ㅎ유니크한 버거집으로 추천!"
A8뜨뚜,한식,예약 없이 이용,대기 시간 바로 입장,일상,혼자,음식이 맛있어요,,,,,구의역 주변에 생긴 감자탕집뼈고기는 잡내없고 나름 살이 많이 붙어잇고 부드러웟습니다.국물맛은 생각보다 고추장찌개?의 느낌이 살짝나서 좀 아쉬웟지만 맛은 진햇어요.흰밥이랑 강황밥중에 고를수잇다는 점이 좋앗습니다.
A8뜨뚜,국수,예약 없이 이용,대기 시간 바로 입장,여행,연인・배우자,친절해요,음식이 맛있어요,양이 많아요,가성비가 좋아요,,부산 밀면 맛집 중 여러곳 고민 엄청 하다가.. 느낌이 제일 제 스타일같아서 예약해서 방문! 일단 사장님께서 너무 친절하셔서 기분좋앗어요ㅎ 비빔밀면 먹엇는데 양념맛도 면도 냉면+쫄면 느낌! 단맛은 크게 안느껴지고 새콤하니 맛잇엇어요ㅎㅎ 안에 가자미 들어잇어서 더 맛잇엇슴당
A8뜨뚜,일본식라면,예약 없이 이용,대기 시간 2시간 이상,여행,연인・배우자,친절해요,인테리어가 멋져요,음식이 맛있어요,양이 많아요,,토요일 주말 12시쯤 캐치테이블 걸어놓고 5시쯤 먹엇어요!오래 기다렷지만 다른대서 놀다가 입장시간 맞춰들어가면되서 괜찮앗어요ㅎ 들어가서 앉으면 라멘 바로 나오고! 직원들끼리 합이 딱딱 맞는게 느껴지고 친절함이 느껴졋어요ㅎㅎ클래식한게 젤 어려운건데 딱 너무 맛잇는 라멘이엇어요.앞에 마늘이랑 빨간소스 꼭 넣어드시길 추천! 앞에 볶은갓김치??인지 반찬도 라멘이랑 너무 잘어울렷어요 마지막 후식 크림치즈도 존맛!전체적으로 다 만족스러웟슴니닷!!
A8뜨뚜,"카페,디저트",예약 없이 이용,대기 시간 30분 이내,여행,연인・배우자,친절해요,디저트가 맛있어요,뷰가 좋아요,,,토요일 주말 완젼 핫한 시간+ 광안리 뷰카페로 역시나 자리는 손님들로 꽈악 차 잇더라구요.그래도 한 20분 기다리고 운좋게 뷰자리 득탬해서 앉앗는데 지인짜 광안바다뷰 쩔...👍🏻손님들이 너무 많아서 정신없으실텐데도 직원분들이 친절하셔서 좋앗어요.디저트도 글루텐프리에 좋은 재료로만 만드신다는데 가격도 괜찮고! 맛도 맛잇엇습니다!뷰멍으로 힐링 제대로 할수잇는 광안리카페 맛집🩵
A8뜨뚜,종합분식,예약 없이 이용,대기 시간 바로 입장,여행,연인・배우자,친절해요,음식이 맛있어요,,,,오픈시간전이라 잇던 튀김만 조금 먹긴햇는데 아쉬울정도엿어요ㅎ 너무 맛잇엇고.. 조금 시켯는데도 떡볶이 소스도 주시고 사장님? 직원분들이 다들 너무 친절하셔서 감사햇어요!
A8뜨뚜,일식당,예약 없이 이용,대기 시간 바로 입장,일상,친구,음식이 맛있어요,혼밥하기 좋아요,,,,경양식돈까스 느낌인데도 고기가 어느정도 두께가잇어 씹는맛이 좋앗어요!소스도 맛잇엇고 매장도 깔끔햇습니다!
A8뜨뚜,"곰탕,설렁탕",예약 없이 이용,대기 시간 바로 입장,친목,친구,음식이 맛있어요,,,,,빕구르망에 수년간 소개된 맛집이라해서 방문.오후 4시까지만 영업하다보니 방문하기 어려웟어요.입장하자마자 주문하고 선불계산 후 착석하자마자 거의 바로 곰탕이 나와요ㅋㅋ 아주 뜨겁게 나오는점이 좋앗고 맑은 국물이엇지만 적당히 감칠맛 잇엇습니다.한우가 잡내없이 부드러웟고 김치반찬도 괜찮앗어요.원산지가 모두 국내산! 임을 강조하시는게 느껴졋어요ㅎ국내산이 모두 맛잇다는건 아니지만 뭔가 믿고 먹을수잇는? 느낌이라 좋앗슴니다. 가격은 비싸지만 건강한 한끼 든든히 먹은 느낌!
A8뜨뚜,한식,예약 없이 이용,대기 시간 바로 입장,일상,혼자,음식이 맛있어요,양이 많아요,,,,"학동역 낙지비빔밥, 제육볶음 등 파는 백반집.주변 회사원들이 많이들 방문하는 백반집인거같아요.새빨간 제육볶음 색에 비에 살짝 간이 약해서 제 입맛에는 살짝 아쉬웟어요. 그래도 반찬 구성들이 다 좋앗슴니다. 그냥 딱 평범한 점심백반집 느낌.아쉬웟던 점은 식기류가 좀 끈적이더라구요. 청결부분이 눈에 보여 아쉬웟습니다"
A8뜨뚜,"카페,디저트",예약 없이 이용,대기 시간 바로 입장,데이트,연인・배우자,디저트가 맛있어요,인테리어가 멋져요,,,,수플레 먹고싶어서 방문~!수플레 주문하면 15~20분정도 걸리고 자리로 가쟈다주시더라구요.다행히 계란향 비릿하지않고 향긋하게낫고 아주 퐁신+부드러웟어요ㅎ 크림은 많이 달지않앗는데 시럽도 뿌려져잇어서 충분햇슴다!내부 인테리어가 우드우드한게 아주 차분하니 좋앗어요.
A8뜨뚜,"아귀찜,해물찜",예약 없이 이용,대기 시간 바로 입장,일상,연인・배우자,친절해요,매장이 청결해요,음식이 맛있어요,양이 많아요,,"진심 여기 코다리찜 핵핵강추!! 약간 매콤달달한 떡볶이소스 같은 맛의 너무 맛잇는 양념맛에, 코다리도 너무 매마르지않고 적당한 식감의 코다리찜이엇어요.반찬 구성도 코다리찜이랑 너무 잘 어울리는 반찬들로 나오고, 무엇보다 여기 볶음밥 지인짜 맛잇으니 꼭 드셔야합니나!!! 철판에 아주 맛잇게 눌러붙은 볶음밥을 만들어주십니다ㅎ 직원분들 다들 친절하시고, 매장 테이블마다 크고 간격도 넓어서 쾌적햇어요. 아구찜도 백프로 맛잇을거같아서 바로 또 방문하려구요!구의역 맛집으로 강강추!!"
A8뜨뚜,한식,예약 없이 이용,대기 시간 바로 입장,일상,혼자,,,,,,성시경의 먹을텐데 에 나오고 웨이팅 생긴곳.그 전에도 몇번 먹어봣던 곳인데 이번에 먹을텐데 나오고 손님이 많아져서 인건지.. 감자뼈에 살도없고 ..무엇보다 사장님께서 자리때문인지 혼자손님을 안받아주시는 모습에 많이 실망스러웟습니다.
A8뜨뚜,빙수,예약 없이 이용,대기 시간 바로 입장,일상,연인・배우자,특별한 메뉴가 있어요,디저트가 맛있어요,,,,잠실에서 생망고빙수를 먹을수잇는 곳.생망고가 얇게 썰어져 올라가잇고 망고퓨레를 넣어 먹으니 망고맛이 확 올라가는게 맛잇엇어요.녹아없어지는 설빙같은 식감은 아니엇고 살짝 얼음도 씹히는?  우유베이스의 빙수엿어요.가격은 비쌋으나 망고가 가득 올라간거 생각하면 많이 비싼거같진않더라구요! 빙수가 다양하게 잇엇고 1인빙수도 대부분 가능해서 좋은거같아요.
A8뜨뚜,"카페,디저트",예약 없이 이용,대기 시간 바로 입장,일상,친구,인테리어가 멋져요,,,,,군고구마브릴레랑 다쿠아즈 먹엇는데 가격이....잠실이라그런지 가격이 너무 심햇..
A8뜨뚜,베이커리,예약 없이 이용,대기 시간 바로 입장,일상,혼자,빵이 맛있어요,,,,,다양한 맛의 메론빵이 잇더라구요 일본식빵들이 많이 보엿어요 맛잇엇슴다!
A8뜨뚜,국밥,예약 없이 이용,대기 시간 30분 이상,일상,혼자,,,,,,"뉴욕타임즈 2023 뉴욕올해의 음식에 뽑혓다해서 궁금해서 방문.투명하고 맑은 돼지국물에 밥과 돼지고기 5,6점이 들어잇어요. 기대하고 먹어봣는데 엥..? 감칠맛은 전혀 모르겟고 그냥 소금푼맛..? 이엇어요. 고기는 부드럽고 맛잇엇는데 국물이 많이 아쉬웟습니다.자극적인 입맛과 별게로 그냥 맛이 별로엿던..."
A8뜨뚜,,예약 없이 이용,대기 시간 바로 입장,일상,혼자,음식이 맛있어요,양이 많아요,,,,‘홍콩식’쌀국수집이라길래 궁금해서 방문!산미가 잇다는 후기들을 봐서 걱정하면서 먹엇는데 맛을 좌우할만큼 크게 느껴지지않아서 다행(?)이엇어요.약간 매콤한 고추기름+간장베이스 국물같앗어요.무엇보다 위에 고기양이... 엄청 나게 주시더라구요ㅎㅎ고기토핑만 먹어도 배부를정도로 가득 주시는데 고기도 잡내안나고 맛잇엇어요! 가성비 좋은 맛집! 아쉬웟던점은 사장님께서 쏘시크...?하셧..
A8뜨뚜,일식당,예약 없이 이용,대기 시간 바로 입장,일상,혼자,음식이 맛있어요,,,,,스프카레 검색해서 방문~다른 스프카레집에서 먹어봣을때보다 여긴 카레가 훨씬 진해서 맛잇게 먹엇어요.여기 스프카레는 위에 재료들이 튀기는 방식이아닌 삶는 방식인거같더라구요. 어쨋든 닭다리가 아주 크고 부드럽고 야채들도 달달하니 맛잇엇어요!아쉬웟던 점은 카레가 나오기전에 주신 샐러드를 너어무 조금 주셔서 이게맞나? 싶엇다는거ㅋㅋㅋㅎㅎ 좀 넉넉히 주심 좋으실거같아요!
A8뜨뚜,"곰탕,설렁탕",예약 없이 이용,대기 시간 바로 입장,일상,연인・배우자,음식이 맛있어요,재료가 신선해요,,,,등갈비가 들어간 맑은 돼지곰탕이 깔끔하고 시원하니 맛잇엇던 곳!향긋한 미나리향과 깔끔하지만 감칠맛은 잇는 국물이 잘어울렷어요. 고기도 많이 들어잇고 고기 찍어먹는 소스도 따로 잇어서 좋앗어요. 반찬 김치류도 다양하고 맛잇엇슴닷
A8뜨뚜,막국수,예약 없이 이용,대기 시간 바로 입장,일상,혼자,음식이 맛있어요,매장이 넓어요,,,,"가평 막국수 맛집 찾아 방문!물,비빔,들기름 뭐 고를거없이 비빔막국수 단일메뉴!!메밀면의 상태가 너무 퍼지거나 미끌거림없이 딱 식감잇는 적당한 면의 상태여서 맘에 들엇어요.살짝 단맛이잇는 비빔소스가 맛잇엇고, 고기 두점이 올라져 나오는데 부드럽고 맛잇어서 수육도 맛잇을거같은 집이엇슴다ㅎㅎ2시넘어가서 바로 먹을수잇엇지만 점심시간에는 웨이팅 잇을집!"
A8뜨뚜,일본식라면,예약 없이 이용,대기 시간 바로 입장,일상,친구,음식이 맛있어요,,,,,"여기 라멘집은 국물이 맑은데 맛은 깊더라구요!짜지않고 아주 살짝 달달한 스유소스에 식감이 딱 좋은 면의 상태까지! 차슈는 토치질해서 불향이 잇고 식감이 좀 잇는 차슈엿어요ㅎㅎ 오리고기, 닭가슴살도 다 부드러웟슴니다.앞에 여러가지 첨가소스들이 잇어서 다양하게 내입맛대로 첨가해서 먹을수잇는점 너무 좋앗어요!"
A8뜨뚜,돈가스,예약 없이 이용,대기 시간 바로 입장,일상,혼자,음식이 맛있어요,,,,,구의에 새로생긴 돈카츠집~!특등심이 지방부분이 조금 적어서 아쉬웟지만 전체적으로 맛잇엇던 돈카츠집이엇슴다.트러플오일 좋아하는데 잇어서 좋앗어요!
A8뜨뚜,일식당,예약 없이 이용,대기 시간 바로 입장,일상,친구,음식이 맛있어요,,,,,"닭육수베이스의 깔끔한 시오라멘!간간한 국물과 얇고 식감잇는 면,무엇보다 차슈가 너무 부드럽고 맛잇엇는데 제주산 흙돼지를 사용하신다고 하네요 ㅎ전체적으로 깔끔하고 맛잇엇던 라멘집"
A8뜨뚜,"육류,고기요리",예약 없이 이용,대기 시간 바로 입장,일상,부모님,음식이 맛있어요,고기 질이 좋아요,친절해요,,,"아현주변에 맛집이 많이 없는데 고기맛집으로 추천!일단 다른 가게들의 고기 그람수대비 가격이 저렴한 편이구요! 소고기도 하나도 안질기고 특히 항정살이 식감이 너무 좋고 맛잇엇어요. 반찬들도 딱 고기랑 어울리는 구성으로 맘에들엇구요!가게가 작아서 안에 테이블이 6,7개?정도밖에 없어서 핫한 저녘시간대엔 웨이팅잇다구해요ㅎ사장님 친절하세요ㅎ"
A8뜨뚜,국수,예약 없이 이용,대기 시간 바로 입장,일상,혼자,음식이 맛있어요,,,,,"땡초소바라는 메뉴가 잇길래 먹어봣어요.기본적인 소바국물에 땡초와 매운고춧가루가 들어가잇는데,매운맛이 더해져서 감칠맛을 더 업시키는거같아요!면이 냉면+메밀면 느낌?! 쫄깃하니 씹는맛이잇는 메밀면이엇어요. 매장은 작고 직원분들 친절하셧슴니다"
A8뜨뚜,돈가스,예약 없이 이용,대기 시간 바로 입장,일상,연인・배우자,음식이 맛있어요,,,,,일식말고 요런 돈까스가 먹고싶어서 검색해서 방문햇어요!소스가 달달한 데미소스로 넘 맛잇더라구요!고기도 일식돈카츠마냥 두툼햇는데 부드러웟어요ㅎㅎ두툼한 경양식느낌의 돈까스를 좋아하신다면 완젼 강추!
A8뜨뚜,일본식라면,예약 없이 이용,대기 시간 30분 이내,일상,연인・배우자,음식이 맛있어요,양이 많아요,,,,"멘쇼 매운츠케맨 넘 맛!!!두번째 방문인데 항상 웨이팅잇어요~~ 제일 작은 사이즈먹어도 면 양이...어마어마 합니다ㅎ 차슈 나 스페셜토핑 추가 무족건이구요! 앞에 놓여잇는 후추 꼭 넣어드시길 강츄~! ⭐️주문을 하고 번호표를 받고 대기하는 방식인데, 키오스크가 매장 안쪽에잇어서 처음오시는 분들은 그냥 무작정 기다리시는분들도 잇으실거같아요!! 키오스크쪽에 앉아서 식사하시는 분들도 불편해보이고... 키오스크 위치가 바뀌거나 문앞에 크게 주문방식&웨이팅 에대한 걸 크게 써두셔야할거같아요. 개선됫으면하는! ⭐️"
A8뜨뚜,닭요리,예약 없이 이용,대기 시간 바로 입장,일상,친구,음식이 맛있어요,,,,,"청결때문에 시장분위기의 매장을 선호하지않는데 일단 여긴 매장이 깨끗해서 좋앗어요.국물 색깔만 봐도 알수잇듯이 엄청 깔끔한 스타일의 닭곰탕이엇어요. 닭고기가 부드러웟고 김치들도 괜찮앗어요.닭을 삶아서 둿다가 곰탕이면 같이 끓여주시고,백반이면 국물이랑 고기랑 따로 주십니다."
A8뜨뚜,주꾸미요리,예약 없이 이용,대기 시간 바로 입장,일상,친구,음식이 맛있어요,양이 많아요,,,,"불맛나는 쭈꾸미를 1인분 먹을수잇는곳!쭈꾸미도 2인부터 먹을수잇는 곳이 대부분인데 혼자먹을수잇어서 좋앗어요.쭈꾸미가 질기지않고 탱글하니 적당히 씹는맛잇고 괜찮앗어요. 밥은 기본으로 껴잇지않고 추가해야하지만, 보리밥이랑 쌀밥 중에 선택할수잇어서 좋앗어요ㅎ"
A8뜨뚜,"순대,순댓국",예약 없이 이용,대기 시간 10분 이내 ,일상,연인・배우자,음식이 맛있어요,고기 질이 좋아요,양이 많아요,메뉴 구성이 알차요,친절해요,"정담옥 뼈숯불구이 진짜 주기적으로 생각나욥..⭐️저녘시간때에는 처음 가봣는데 인기맛집이라 그런지 웨이팅 한 10분?! 정도 하고 들어갓어요ㅎㅎ사장님?!이신지 직원분이신지 알아봐주셔서 더 기분 좋게 먹은거같아요ㅎㅎ 갈때마다 느낀건데, 모든 직원분들이 웃으면서 일하시구 다들 엄청 친절하세요! 김치도 콘샐러드도 김+참기름밥도 .. 하나도 빠짐없이 다 맛잇고... 진짜 뼈에 붙은 살이 으마으마... 매번 극찬해서 민망하쥐만🤣 인생 뼈꾸이집 입니당 (솔직히 인기많아지는거 싫을정도ㅋ.ㅋ)24시 영업이라 아무때나 갈수잇어서도 매우 굳!!"
