﻿nickname,restaurant,reservation,waiting,purpose,withwho,tagging_1,tagging_2,tagging_3,tagging_4,tagging_5,content
사랑스런백괘,한식,예약 없이 이용,대기 시간 바로 입장,친목,친구,친절해요,음식이 맛있어요,가성비가 좋아요,,,그릴링 서비스의 친절함과 깔끔힌 음식들 다 너무너무 좋습니다!!!
사랑스런백괘,"육류,고기요리",예약 후 이용,대기 시간 바로 입장,친목,친구,고기 질이 좋아요,,,,,프라이빗하게 룸으로 이용할수있는 고기집이라 더 좋았던곳! 그릴링서비스를 첨부터 끝까지 해주기에 편하게 먹기만하니 좋았고 깔끔한 차림구성이 너무 좋았습니다 갠적으로 소소한 인원으로 모임하기에 너무 좋은 장소예요
사랑스런백괘,요리주점,예약 없이 이용,대기 시간 바로 입장,친목,친구,음식이 맛있어요,양이 많아요,,,,소쥬를 부르는 메뉴예요…!!! 아쥬 술이 술술술*_*
사랑스런백괘,한식,예약 없이 이용,대기 시간 바로 입장,일상,혼자,음식이 맛있어요,,,,,"평소 한식을 좋아하는편,기대한것과 다른 반찬에 솔직히 실망스러움도 잇었지만 그래도 서울에서 만원에 이렇게 나오는데…싶었다는! 간이 잘 맞고 맛있었음"
사랑스런백괘,"칼국수,만두",예약 없이 이용,대기 시간 바로 입장,친목,친구,친절해요,음식이 맛있어요,재료가 신선해요,,,기본으로 샤브샤브가 맛있고 볶음밥은 더더더더 너무 맛있던 그런곳이였습니다
사랑스런백괘,"카페,디저트",예약 없이 이용,대기 시간 바로 입장,친목,친구,인테리어가 멋져요,아늑해요,차분한 분위기에요,가성비가 좋아요,,오랜만에 개인카페 분위기가 너무 좋아서 오래 머물고 싶어지는 그런곳이였습니다
사랑스런백괘,종합분식,예약 없이 이용,대기 시간 바로 입장,친목,친구,가성비가 좋아요,,,,,먹을텐데 보고 기대함 한껏 높아져 방문했던곳!여긴 가성비 좋아서 다양하게 여러개 시켜먹음 괜찮을 그런 곳이네요
사랑스런백괘,한식,예약 없이 이용,대기 시간 바로 입장,친목,친구,친절해요,양이 많아요,가성비가 좋아요,기본 안주가 좋아요,,가을 전어철엔 전어회를 먹어줘야하는데 너무 맛있게 잘 먹고나왔습니다
사랑스런백괘,국수,예약 없이 이용,대기 시간 바로 입장,일상,혼자,음식이 맛있어요,재료가 신선해요,양이 많아요,가성비가 좋아요,친절해요,이번엔 다른 메뉴를 먹어볼까 했지만 그래도 역시나 밥파라 비빔밥으로..!! 야채한가득 완전 너무 맛있음👍👍
사랑스런백괘,돼지고기구이,예약 없이 이용,대기 시간 바로 입장,친목,친구,음식이 맛있어요,재료가 신선해요,메뉴 구성이 알차요,반찬이 잘 나와요,,기본 상차림 구성부터 한식러버라면 너무 좋아할 그런곳!! 집밥먹는 그런 기분이 드는 곳이였습니다
사랑스런백괘,"치킨,닭강정",예약 없이 이용,대기 시간 바로 입장,친목,친구,음식이 맛있어요,,,,,평소 배달로 많이 시켜먹는 지점인데 가서먹으니 바삭함은 이루 말할수없을정도로 너뮤 좋음
사랑스런백괘,,,,,,,,,,,이런 공연 자주자주 생기면 좋을꺼같아여 진짜 최고였습니다
사랑스런백괘,"치킨,닭강정",예약 없이 이용,대기 시간 바로 입장,친목,친구,음식이 맛있어요,인테리어가 멋져요,친절해요,,,그냥 치킨을 먹고싶었는뎅 우연히 들어간곳!근데 숯불구이가 너무 맛있어요~~ 양념이 완전 맛있던곳
사랑스런백괘,보리밥,예약 없이 이용,대기 시간 바로 입장,일상,혼자,양이 많아요,가성비가 좋아요,,,,가성비 구성이 알차고 좋습니다
사랑스런백괘,생선회,예약 없이 이용,대기 시간 바로 입장,친목,친구,가성비가 좋아요,대화하기 좋아요,,,,새우철엔 새우를 양껏 먹어줘야하는뎅 싱싱탱글 너무 너무 맛있었어여
사랑스런백괘,한식,예약 없이 이용,대기 시간 바로 입장,친목,친구,특별한 메뉴가 있어요,,,,,수육은 접하기 쉬운메뉴가 아닌데 야들야들 너무 좋았음
사랑스런백괘,"일식,초밥뷔페",예약 없이 이용,대기 시간 바로 입장,나들이,친척・형제,음식이 맛있어요,메뉴 구성이 알차요,가성비가 좋아요,,,"오랜만에 방문하던 쿠우쿠우였는데 종류도 더 다양해지고 더 맛있어진 기분이 들었던, 그래서 인지 더 맛있게 먹고 나왔습니다"
사랑스런백괘,"칼국수,만두",예약 없이 이용,대기 시간 1시간 이상,친목,친구,음식이 맛있어요,양이 많아요,가성비가 좋아요,,,오픈런에도 웨이팅은 한시간 이상 걸렸으나 그래도 기다려서 먹을만큼 만족한 식사특히나 물총조개는 국물의 칼칼한 시원함이 미쳤더라눈
사랑스런백괘,국밥,예약 없이 이용,대기 시간 바로 입장,나들이,혼자,양이 많아요,가성비가 좋아요,,,,예전부터 가보고싶던 시장국밥집이였는데 드디어 방문해서 가봄!! 양도 완전 많고 토렴식이라서 따뜻한 온도로 너무 맛있게 먹고 나왔네요
사랑스런백괘,"육류,고기요리",예약 없이 이용,대기 시간 바로 입장,친목,친구,친절해요,음식이 맛있어요,고기 질이 좋아요,양이 많아요,가성비가 좋아요,삼겹살이 생각날때면 항상 먼저 생각나는곳! 친절한 그릴링 서비스오ㅏ 신선한 미나리는 언제나 옳댜
사랑스런백괘,요리주점,예약 없이 이용,대기 시간 바로 입장,친목,친구,음식이 맛있어요,인테리어가 멋져요,아늑해요,,,동네(?)라고 하긴 쫌 멀지만 그래도 이런곳이 있다는거에 진짜 너무 좋은…!아늑한 공간에 인테리어도 너무 좋고 음식도 맛있고!! 좋았어여
사랑스런백괘,닭발,예약 없이 이용,대기 시간 바로 입장,친목,친구,친절해요,음식이 맛있어요,가성비가 좋아요,,,수완지구하면 당연 요기!닭발하면 여기져!!!짱맛
사랑스런백괘,"치킨,닭강정",예약 없이 이용,대기 시간 바로 입장,친목,친구,음식이 맛있어요,,,,,치킨뱅이는 튀김옷 두껍지 않은거 좋아핰다면 모두가 다 좋아하는 그런 치킨집
사랑스런백괘,요리주점,예약 없이 이용,대기 시간 바로 입장,친목,친구,사진이 잘 나와요,음식이 맛있어요,특별한 메뉴가 있어요,친절해요,,대구까지 안가도 서울에서 질좋은 뭉티기를 먹을수있는곳!! 하지만 늦게가면 품절되서 못먹으니 서둘러야하는곳이다사이드도 너무 완벽해서 여기서 1차 2차 다 즐기기 너무 좋음
사랑스런백괘,한식,예약 없이 이용,대기 시간 바로 입장,친목,친구,친절해요,매장이 청결해요,음식이 맛있어요,가성비가 좋아요,,매운 쭈꾸미가 먹고싶어 찾아간곳!맵지않아서 아쉽긴했지만 너무나 친절하고 모든게 좋았던곳! 담에는 더 맵게해달라고 해야겠어영또가야징
사랑스런백괘,요리주점,예약 없이 이용,대기 시간 바로 입장,친목,친구,음식이 맛있어요,가성비가 좋아요,친절해요,매장이 청결해요,,기본 안주만으로도 소쥬 한병은 뿌실수있지만 거기에 손이가는 가성비 안쥬들도 너무 좋은곳
사랑스런백괘,감자탕,예약 없이 이용,대기 시간 바로 입장,친목,친구,음식이 맛있어요,양이 많아요,친절해요,,,근래 먹은 감자탕중 진짜 가장 맛있었어요비록 우거지추가는 필수이긴 하지만양도 많고 진짜 너무너무 맛있게 먹음
사랑스런백괘,"육류,고기요리",예약 없이 이용,대기 시간 바로 입장,친목,친구,양이 많아요,가성비가 좋아요,,,,주류 이벤트 중이라서 더 맛있게 먹었습니다
사랑스런백괘,"맥주,호프",예약 없이 이용,대기 시간 바로 입장,친목,친구,친절해요,,,,,이차로 가볍게 먹기 너무 좋습니다다만 로제 떡볶이인데 고수…?! 맛이 났…!!
사랑스런백괘,돼지고기구이,예약 없이 이용,대기 시간 10분 이내 ,친목,친구,친절해요,직접 잘 구워줘요,음식이 맛있어요,고기 질이 좋아요,,도톰한 제쥬고기가 먹고싶다면 여기를 가보길보글보글 호로록 넘어가던 계란찜 대존맛더운날에도 왜 여기만 만석에 웨이팅이 있는지 충분히 이해가되던곳
사랑스런백괘,닭볶음탕,예약 없이 이용,대기 시간 바로 입장,친목,친구,친절해요,음식이 맛있어요,양이 많아요,가성비가 좋아요,,노포갬성 좋아하는 사람은 꼭 가보길!특별할것없지만 너무 맛있던 음식! 맛있게 잘 먹구나왔음
사랑스런백괘,"족발,보쌈",예약 없이 이용,대기 시간 바로 입장,친목,친구,단체모임 하기 좋아요,,,,,보쌈 완전완전 맛잇어여!!! 낙지보쌈 완전 짱장
사랑스런백괘,"아귀찜,해물찜",예약 없이 이용,대기 시간 바로 입장,친목,친척・형제,친절해요,음식이 맛있어요,양이 많아요,특별한 메뉴가 있어요,반찬이 잘 나와요,기본으로 나오는 생태탕부터 통통한 생태가 한마리 통으로 들어가고 해물갈비찜은 처음 먹어보는 메뉴였는데 찜 양념이 너무 내스퇄...!!! 꼬기와 해물을 같이 먹어서 더 좋았고 술을 안시킬수없는 그런 조합이라 더 맛있음 기본 반찬구성도 너무 깔끔하고 무엇보다 너무 친절함!
사랑스런백괘,한식,예약 없이 이용,대기 시간 바로 입장,친목,친구,음식이 맛있어요,재료가 신선해요,,,,정희는 전메뉴 모두다 뿌셔보고싶은 그런곳!아기자기해서 먹기도 너무 좋아요
사랑스런백괘,국수,예약 없이 이용,대기 시간 바로 입장,일상,혼자,음식이 맛있어요,재료가 신선해요,양이 많아요,가성비가 좋아요,,이게 어떻게 육천원의 퀄리티란말인가...가성비 장난아닌곳... 모든메뉴 다 먹으러 계속 가야지
사랑스런백괘,닭발,예약 없이 이용,대기 시간 바로 입장,친목,친구,음식이 맛있어요,양이 많아요,가성비가 좋아요,,,숯불닭발이 생각날땐 항상 여기예요 더구나 인당 주류 마실시엔 뚝배기 칼국수도 공짜!!!
사랑스런백괘,"치킨,닭강정",예약 없이 이용,대기 시간 바로 입장,친목,친구,친절해요,양이 많아요,,,,치킨이 너무 땡기던날 친절하던 사장님 덕에 더 맛있게 먹구나왔어요
사랑스런백괘,낙지요리,예약 없이 이용,대기 시간 바로 입장,친목,친구,음식이 맛있어요,양이 많아요,가성비가 좋아요,,,매콤한게 생각날땐 이만한게 없어요우동사리는 필수필수 아무리 배가 불러도 볶음밥도 필수필수
사랑스런백괘,한식,예약 후 이용,대기 시간 바로 입장,친목,친구,친절해요,매장이 청결해요,음식이 맛있어요,양이 많아요,가성비가 좋아요,인생 숙성회를 만나고왔습니다이래도 되나 싶게 진짜 숙성회 퀄리티가 장난아닌.... 근데 가성비도 완전 미쳤던누구를 데리고 가도 절대로 칭찬받아 마땅한 그런곳!!! 어려운자리 누군가에게 대접하고싶을때 혹은 데이트 맛집으로도 너무 강추하는 그런곳이예요
사랑스런백괘,덮밥,예약 없이 이용,대기 시간 바로 입장,친목,지인・동료,친절해요,음식이 맛있어요,양이 많아요,비싼 만큼 가치있어요,,"이세상 모든 장어덮밥은 먹어본건 아니지만 가히 인생덮밥이라 말할수있을꺼같습니다...!!! 부드러움과 장어의맛 모든게 최고인곳여긴 귀한분께 식사대접하고싶을때, 부모님 맛있는거 사드리고싶을때 가기 딱인거같아요"
사랑스런백괘,"치킨,닭강정",예약 없이 이용,대기 시간 10분 이내 ,친목,지인・동료,음식이 맛있어요,친절해요,,,,항상 배달로 많이 시켜먹는 지점인데 가서먹으니더 꿀맛!
사랑스런백괘,,예약 없이 이용,대기 시간 바로 입장,친목,지인・동료,친절해요,음식이 맛있어요,,,,칼칼하게 매운맛 너무 맛잇었어요!!!
사랑스런백괘,"곱창,막창,양",예약 없이 이용,대기 시간 바로 입장,친목,지인・동료,음식이 맛있어요,가성비가 좋아요,잡내가 적어요,친절해요,매장이 청결해요,일단 다른덴 간이나 천엽을 서비스러 주시는데 나는 그부위를 평소 안먹는편이였는데 요기는 육회가....기본 서비스로 나옴 일단 이거부터 너무ㅜ갬동 장착으로 시작하고. 곱창도 곱 가득 대창도 고소하니ㅜ너무 맛있었음 그리고 무엇보다 직원분들 넘나 친절
사랑스런백괘,,,,,,,,,,,너무 맛있고 재밌던 팝업행사였습니다
사랑스런백괘,카페,예약 없이 이용,대기 시간 바로 입장,가족모임,친척・형제,커피가 맛있어요,디저트가 맛있어요,음료가 맛있어요,가성비가 좋아요,,매장도크고 사장님도 엄청 친절하고 음식은 완전 짱짱이예요
사랑스런백괘,게요리,예약 없이 이용,대기 시간 바로 입장,친목,친척・형제,음식이 맛있어요,양이 많아요,가성비가 좋아요,,,가성비 완전 짱짱인 게장백반집입니다. 게장은 돈을 내야 추가를 해야하지만 다른 반찬들은 리필가능해서 너무 좋아요
사랑스런백괘,생선회,예약 없이 이용,대기 시간 바로 입장,친목,친구,음식이 맛있어요,친절해요,,,,회를 못찍었는데 회에 매운탕에 아주그냥 꿀맛이였어여
사랑스런백괘,요리주점,예약 없이 이용,대기 시간 바로 입장,친목,지인・동료,음식이 맛있어요,술이 다양해요,,,,새로살구의 출시를 여기서 맛보았네요.....분위기 좋은곳에서 콸콸콸...!!!
사랑스런백괘,"해물,생선요리",예약 없이 이용,대기 시간 바로 입장,친목,지인・동료,친절해요,음식이 맛있어요,가성비가 좋아요,,,구성이 딱 주메뉴에 집중할수 있는 그런 음식이라서 한끼 식사로 매우 만족한 그런곳! 명태조림 양념이 특히 완전 짱짱맛입니다
사랑스런백괘,"맥주,호프",예약 없이 이용,대기 시간 바로 입장,친목,지인・동료,친절해요,오래 머무르기 좋아요,음식이 맛있어요,,,간단히 맥주마시기 너무 좋았습니다.반마리 메뉴도 너무 취져!
