﻿nickname,restaurant,reservation,waiting,purpose,withwho,tagging_1,tagging_2,tagging_3,tagging_4,tagging_5,content
리뷰꾸르잼,이자카야,예약 없이 이용,대기 시간 바로 입장,데이트,연인・배우자,대화하기 좋아요,,,,,간단하게 먹을 생각이었는데 메뉴판에 궁금한게 많아서 결국 세트로 주문했어요! 꼬치도 시간들여 구워주시고 나베도 내용물이 실하더라구요! 기본안주도 특이하니 입맛이 돌고 대화하기에도 좋아서 다음에 다른거 먹으러 또 가보려구요😋😋
리뷰꾸르잼,이자카야,예약 없이 이용,대기 시간 바로 입장,친목,지인・동료,대화하기 좋아요,매장이 넓어요,가성비가 좋아요,메뉴 구성이 알차요,,여긴 모찌리도후가 킥이거덩요😋😋 배부를때 2차로 가벼운 안주먹기에 딱입니다!
리뷰꾸르잼,"카페,디저트",예약 없이 이용,대기 시간 바로 입장,데이트,연인・배우자,커피가 맛있어요,특별한 메뉴가 있어요,대화하기 좋아요,,,키오스크가 생겨서 디테일하게 주문하기 편해졌더라구요! 을지로커피 덜달게 마시니까 딱 좋았고 더 추워지기 전에 야외석에서 앉아마시기 좋았어요
리뷰꾸르잼,"멕시코,남미음식",예약 없이 이용,대기 시간 10분 이내 ,데이트,연인・배우자,특별한 메뉴가 있어요,메뉴 구성이 알차요,인테리어가 멋져요,야외공간이 멋져요,컨셉이 독특해요,현장 웨이팅했는데 오래 기다리진 않고 들어갔어요! 1호점이랑 메뉴가 조금 다르다고하던데 먹고가기엔 2호점이 나아보여서 이쪽으로 왔습니다. 웨이팅이며 인기가 많은 곳이여서 온김에 메뉴를 전부 다 주문했는데 대체적으로 소스맛이랑 시즈닝이 강해서 자극적인 스타일의 타코로 느껴졌어요! 맛있지만 어딘가 K패치가 된거 같기도 하고? 힙한 분위기 느끼며 맛 본거에 만족합니다
리뷰꾸르잼,요리주점,예약 없이 이용,대기 시간 10분 이내 ,데이트,연인・배우자,대화하기 좋아요,단체모임 하기 좋아요,음식이 맛있어요,술이 다양해요,특별한 메뉴가 있어요,처음엔 예약이 다차있어서 못 갔다가 2차로 재시도했는데 운좋게 자리가 남아서 이용했어요! 주류도 종류가 다양했고 한식베이스 안주들이라서 잘 어울리더라구요😚😚 다만 이미 배가 불러서 다먹기가 어려워서 포장 부탁드렸는데 포장 용기가 준비되지않았다고 하시면서도 흔쾌히 해주셔서 너무 감사했어요! 다음날 먹어도 너무 맛있게 잘 먹었습니다🫶🏻🫶🏻
리뷰꾸르잼,포장마차,예약 없이 이용,대기 시간 바로 입장,데이트,연인・배우자,음식이 맛있어요,특별한 메뉴가 있어요,메뉴 구성이 알차요,인테리어가 멋져요,대화하기 좋아요,해물이 먹고싶어서 간 곳인데 기대이상으로 좋았어요! 내부자리와 야외 노포느낌의 자리가 컨셉이 달라서 특이했고 셀프서비스라 개인적으로 이용하기엔 더 편했습니다! 사샤모구이도 담백하니 맛있었고 기대했던 해물크림파스탕은 가리비가 좀 비렸고 많이 짜서 아쉬웠어요🥹🥹 그래도 전반적으로 만족해서 재방문의사는 있습니다!
리뷰꾸르잼,"카페,디저트",예약 없이 이용,대기 시간 바로 입장,데이트,연인・배우자,인테리어가 멋져요,대화하기 좋아요,뷰가 좋아요,매장이 넓어요,,동네손님이 많은 카페같았어요! 우연히 들리게 되었는데 개인적으로 커피맛이 특색이 있단 생각은 안들었지만 좋은 계절에 테라스에서 여유롭게 있다와서 좋았어요
리뷰꾸르잼,베이커리,예약 없이 이용,대기 시간 바로 입장,데이트,연인・배우자,빵이 맛있어요,건강한 맛이에요,메뉴 구성이 알차요,,,토요일 오후 1시 넘어서 왔더니 대부분 빵이 품절이라 아쉬웠지만 사워도우 하나 사봤는데 식사빵이 유명한 곳답게 묵직하니 좋았습니다! 다음엔 더 일찍가서 치아바타나 다른 빵류도 사서 먹어보고싶어요
리뷰꾸르잼,일식당,예약 후 이용,대기 시간 바로 입장,데이트,연인・배우자,음식이 맛있어요,재료가 신선해요,건강한 맛이에요,인테리어가 멋져요,차분한 분위기에요,낫또를 전문적으로 하는 식당이 있는지 몰랐는데 캐치테이블 구경하다가 발견해서 예약하고 런치로 다녀왔어요😋😋 오랜만에 이런 건강한 음식먹으니까 배부른데도 속이 편하고 좋았어요! 슴슴한 스타일인데 시즌마다 메뉴를 달리하시고 저녁엔 바로도 운영해서 낫또의 다른 매력을 느껴보러 또 가고싶어요
리뷰꾸르잼,양꼬치,예약 없이 이용,대기 시간 바로 입장,친목,지인・동료,매장이 넓어요,고기 질이 좋아요,양이 많아요,특별한 메뉴가 있어요,잡내가 적어요,"여기 진짜 서현 찐맛집입니다❤️‍🔥❤️‍🔥 양갈비 너무 부드럽고 맛있는데다가 토달볶이랑 가지튀김, 볶음밥까지 그냥 다 맛있어요😭😭 배불러도 계속 들어가는 그런 곳입니다"
리뷰꾸르잼,베이커리,예약 없이 이용,대기 시간 바로 입장,데이트,연인・배우자,대화하기 좋아요,빵이 맛있어요,커피가 맛있어요,특별한 메뉴가 있어요,건강한 맛이에요,주말에 브런치 먹기에 이만한 곳이 또 없는 것 같아요!! 오랜만에 갔는데 묽은 저 스프가 어찌나 매력적인지🩵🩵 더 파머로 시작하는 저 메뉴는 고급진 맥모닝같은 맛이랄까요? 매력적이었어요! 커피도 양도 많고 무난해서 오전에 햇살받으면서 아침 잘 보내고 왔습니다🤍🤍🌞
리뷰꾸르잼,"카페,디저트",예약 없이 이용,대기 시간 10분 이내 ,친목,친구,대화하기 좋아요,집중하기 좋아요,커피가 맛있어요,디저트가 맛있어요,특별한 메뉴가 있어요,시즌 디저트 나오면 꼭 가야하는 곳💚💚 무화과 멜바 비주얼부터 무슨 맛인지 가늠도 안가는데 먹어보면 차가운 디저트가 어찌나 매력적인지 몰라요😘😘 매장이 커서 주말이여도 웨이팅 별로 안하고 들어갔어요! 차분한 공간에 소란스럽지않아 대화하기에도 좋았습니다
리뷰꾸르잼,식료품,,,,,친절해요,매장이 넓어요,분위기가 편안해요,특색 있는 제품이 많아요,트렌디해요,항상 궁금했던 공간인데 드디어 맘먹고 다녀왔어요! 사러가마트 안에 같이 있는 구조더라구요ㅎㅎ 루바브가 올라간 저 파스타가 제일 궁금했는데 금귤크림치즈랑도 잘 어울리고 상큼하니 입맛을 돋궈주는 맛입니다🩷🩷 무화과토스트도 넥타가 달달하니 잘 어울려서 너무 달지않고 딱 좋았습니다🩷🩷 식료품도 구매해서 왔는데 다른 것도 궁금해서 매장에 또 놀러갈게요😘😘
리뷰꾸르잼,"카페,디저트",예약 없이 이용,대기 시간 바로 입장,데이트,연인・배우자,인테리어가 멋져요,사진이 잘 나와요,매장이 넓어요,,,옛날 다방이나 킷샤텐같은 분위기는 너무 좋았는데 커피 맛이나 푸딩은 개인적으로 특색도 없고 아무 맛도 안나서 실망이 더 컸습니다....🥹🥹 가오픈할 때부터 기대했던 곳인데 저는 재방문은 안할것 같아요...🥹🥹
리뷰꾸르잼,"카페,디저트",예약 없이 이용,대기 시간 바로 입장,일상,혼자,대화하기 좋아요,뷰가 좋아요,매장이 넓어요,야외공간이 멋져요,메뉴 구성이 알차요,지나가다 신상 타르트보고 발길이 멈춰서 급 들렸어요💛💚 커피는 마시고 온터라 화이트 와인 한잔과 같이 타르트 먹었는데 상큼하니 잘 어울렸습니다! 테라스 즐기기에도 아직은 괜찮아서 조용하고 만족스러운 시간 보내고 왔어요
리뷰꾸르잼,"카페,디저트",예약 없이 이용,대기 시간 바로 입장,일상,혼자,대화하기 좋아요,집중하기 좋아요,아늑해요,커피가 맛있어요,디저트가 맛있어요,효창동 숨은 골목에 위치한 카페에 아늑한 공간이지만 남산타워가 보이는게 매력적이에요🥹🥹 핀란드 커피를 만날 수 있는 곳이더라구요! 핀란드 원두는 처음인데 가벼운 산미가 취향에 딱 맞았습니다🩷🩷 사과와 브리치즈가 올라간 토스트도 달달하니 맛있고 조용한 공간에서 잘 쉬다가 왔습니다
리뷰꾸르잼,"카페,디저트",예약 없이 이용,대기 시간 바로 입장,데이트,연인・배우자,인테리어가 멋져요,사진이 잘 나와요,커피가 맛있어요,디저트가 맛있어요,특별한 메뉴가 있어요,다녀온지 얼마 안지나고 너무 좋았아서 재방문했어요💛💛 이번엔 손님이 몰리는 시간이 아니었는지 조용하게 잘 보내다왔어요! 제가 생각하는 마타사는 이런 여유로운 느낌인데 넘 좋았어요☺️☺️ 은근 밀푀유 돌체도 또 생각나더라구요? 먹기는 불편하지만 당충전은 확실합니다🤎🤎 커피며 디저트 모두 완벽한 곳이니까 얼른 다녀오세요😚😚
리뷰꾸르잼,양식,예약 없이 이용,대기 시간 바로 입장,데이트,연인・배우자,음식이 맛있어요,재료가 신선해요,가성비가 좋아요,현지 맛에 가까워요,건강한 맛이에요,여기 진짜 맛있는데 뭐라 더 설명할 말도 필요도 없네요❤️💚 스낵느낌의 허접한 타코아니고 진짜 맛있게 잘 만들어주시고 소스뿌려서 먹으면 훨씬 더 맛있으니까 범벅으로 드세요🙏🏻🙏🏻
리뷰꾸르잼,이자카야,예약 없이 이용,대기 시간 30분 이내,데이트,연인・배우자,음식이 맛있어요,특별한 메뉴가 있어요,메뉴 구성이 알차요,대화하기 좋아요,,주말이라 웨이팅은 했지만 기다린 시간이 전혀 아깝지않았어요🥹🥹 메뉴도 다양해서 먹고싶은게 너무 많았는데 소고기 타다키랑 해물크림짬뽕 진짜 맛있어서 다른 메뉴에 기대가 더 커져요🥹🥹 연어회도 맛있다고해서 조만간 또 방문해야겠어요🩵🩵
리뷰꾸르잼,"카페,디저트",예약 없이 이용,대기 시간 바로 입장,"데이트, 일상",혼자,커피가 맛있어요,디저트가 맛있어요,특별한 메뉴가 있어요,인테리어가 멋져요,집중하기 좋아요,디저트가 먹고싶어서 디카페인 커피와 함께 했어요☕️ 원두 종류도 다양해서 다른 커피도 궁금하더라구요! 디저트는 주문되는게 저 두가지라서 욕심내서 몽땅 먹었는데 이태리가 여기입니다🇮🇹🥹🥹 차분한 공간에서 맛난 디저트와 티타임하면서 포근한 시간 보내다가 왔어요
리뷰꾸르잼,한식,예약 없이 이용,대기 시간 바로 입장,데이트,연인・배우자,매장이 넓어요,혼밥하기 좋아요,음식이 맛있어요,양이 많아요,가성비가 좋아요,가볍고 맛있게 먹있는데 실패없이 먹기 좋은 돈까스와 냉면조합! 매운 돈까스는 생각보다 소스가 자극적인 맛이더라구요🥹🥹 먹고 속이 조금 쓰렸습니다ㅎㅎ 냉면은 열무김치맛이 나는듯해서 특이했어요
리뷰꾸르잼,"카페,디저트",예약 없이 이용,대기 시간 바로 입장,데이트,연인・배우자,커피가 맛있어요,디저트가 맛있어요,특별한 메뉴가 있어요,인테리어가 멋져요,사진이 잘 나와요,마타사 공덕점 너무 좋아하는데 효창점에 생겨서 당장 다녀왔어요💛💛 공덕점보다 매장이 커서 좌석이 더 편하고 디저트도 살짝 다르더라구요! 새로 나온 디저트 중에서 저는 가나슈 토르테가 제일 매력적이었어요🍒 오픈초라 사람이 많이 와서 조금 정신은 없었지만 좋아하는 곳에서 잘 머물다가 왔어요😘😘
리뷰꾸르잼,"멕시코,남미음식",예약 없이 이용,대기 시간 바로 입장,데이트,연인・배우자,음식이 맛있어요,특별한 메뉴가 있어요,가성비가 좋아요,인테리어가 멋져요,,경희대 앞에 왔다가 타코가 땡겨서 먹었는데 맛있었어요!🌮🌮 비리아 타코랑 빅맥타코 둘다 다른 매력으로 맛있어요😚😚 다만 좌석은 테라스석 두개밖에 없는게 좀 아쉬웠어요
리뷰꾸르잼,"카페,디저트",예약 없이 이용,대기 시간 바로 입장,데이트,연인・배우자,대화하기 좋아요,집중하기 좋아요,매장이 넓어요,커피가 맛있어요,디저트가 맛있어요,매장이 넓고 혼자 오기에도 좋은 공간이더라구요! 창도 커서 개방감도 있고 커피도 무난했어요☕️ 수르기와 콜라보한 디저트가 있어서 먹었는데 이거 너무 맛있더라구요! 대화하기에도 좋았던 카페지만 다음엔 혼자도 가보고싶어요
리뷰꾸르잼,이자카야,예약 없이 이용,대기 시간 30분 이상,데이트,연인・배우자,음식이 맛있어요,특별한 메뉴가 있어요,메뉴 구성이 알차요,비싼 만큼 가치있어요,대화하기 좋아요,"오픈런했지만 흑백요리사 인기답게 웨이팅이 길고 대기마감도 빨랐어요! 요즘엔 오픈런이 필수같아요🥹🥹 메뉴 고민하다 유린기, 고등어 볶음밥, 마파두부 주문했는데 약간 자극적인듯하면서 너무 맛있더라구요🖤🤍 못 먹어본 다른 메뉴도 궁금해서 또 가고싶어요"
리뷰꾸르잼,"카페,디저트",예약 없이 이용,대기 시간 바로 입장,친목,친구,커피가 맛있어요,디저트가 맛있어요,특별한 메뉴가 있어요,사진이 잘 나와요,대화하기 좋아요,디저트 종류도 너무 많고 다 맛있어서 배부른데도 다 먹고왔어요😋😋 크림도 많이 안달고 부드러워서 커피랑도 잘 어울렸어요! 매장도 넓은 편이고 편히 잘 있다 왔어요
리뷰꾸르잼,"카페,디저트",예약 없이 이용,대기 시간 바로 입장,나들이,부모님,인테리어가 멋져요,대화하기 좋아요,뷰가 좋아요,매장이 넓어요,커피가 맛있어요,가족끼리가서 바다도 보고 앞에 뷰에서 사진도 찍고 즐거운 시간보내다 왔어요! 오랜만에 가도 여전히 핫한 곳이네요😋😋
리뷰꾸르잼,보드카페,,,,,친절해요,시설이 깔끔해요,게임 종류가 다양해요,설명이 자세해요,단체모임 하기 좋아요,종로만 오면 무조건 생각나는 곳입니다❤️❤️ 점점 더 핫해지긴 하지만 사장님도 너무 친절하시고 추천해주시는 게임마다 너무 재밌어요🥹🥹 늘 새로운 게임 잘 배우고와요! 사장님 번창하세요ㅎㅎ
리뷰꾸르잼,"전,빈대떡",예약 없이 이용,대기 시간 바로 입장,데이트,연인・배우자,음식이 맛있어요,양이 많아요,가성비가 좋아요,메뉴 구성이 알차요,대화하기 좋아요,"마약김밥도 같이 파는 빈대떡 집이 은근 없어서 순희네만 찾게되더라구요😊😊 바삭한 빈대떡이랑 고기완자, 마약김밥 번갈아 가며 먹으면 막걸리 금새 순삭합니다"
리뷰꾸르잼,소고기구이,예약 없이 이용,대기 시간 10분 이내 ,데이트,연인・배우자,음식이 맛있어요,고기 질이 좋아요,특별한 메뉴가 있어요,재료가 신선해요,메뉴 구성이 알차요,오랜만에 갔더니 외국인 관광객이며 손님이 엄청 많더라구요! 잠깐 대기했지만 회전율이 빨라서 자리가 금방 나요! 육회 신선하고 고소하니 달달하구 육회비빔면은 처음인데 이게 또 별미더라구요💛🧡 맥주한잔하면서 즐거운 시간보내고 왔어요
리뷰꾸르잼,보드카페,,,,,시설이 깔끔해요,단체모임 하기 좋아요,게임 종류가 다양해요,좌석 간격이 넓어요,룸이 잘 되어있어요,매장도 크고 좌석도 많아서 편하게 게임하기 좋았어요! 포켓볼이나 플스 등 이용할 것도 많고 근처에 갔다가 들러서 잘 놀고왔어요☺️☺️
리뷰꾸르잼,"카페,디저트",예약 없이 이용,대기 시간 바로 입장,데이트,연인・배우자,커피가 맛있어요,인테리어가 멋져요,대화하기 좋아요,뷰가 좋아요,,오랜만에 왔는데 한적한 분위기가 좋았어요! 예전만큼 붐비지않아서 편하게 쉬다가 왔습니다🩵🤍 커피맛은 특별한지 모르겠어요
리뷰꾸르잼,중식당,예약 없이 이용,대기 시간 바로 입장,데이트,연인・배우자,음식이 맛있어요,재료가 신선해요,양이 많아요,특별한 메뉴가 있어요,단체모임 하기 좋아요,차이나타운의 수많은 중국집 중에서 골라온 보람이 있었어요!! 사천짜장도 너무 맛있고 옛날 탕수육도 튀김이 얇고 고기가 두툼해서 좋았어요💛💚 음식도 양이 많고 다른 메뉴도 도장깨기 하고 싶을만큼 만족스러웠어요😋😋
리뷰꾸르잼,"카페,디저트",예약 없이 이용,대기 시간 바로 입장,데이트,연인・배우자,사진이 잘 나와요,대화하기 좋아요,커피가 맛있어요,디저트가 맛있어요,특별한 메뉴가 있어요,멀지만 너무 가고싶어서 방문했어요! 소문대로 바나나브레드가 너무 맛있고 저 에스프레소 버터랑도 찰떡궁합입니다🤎🤎 커피도 잘 어울렸고 샌드위치도 당근라페가 상큼해서 더 맛있게 먹었어요🥕👩🏼‍🌾
리뷰꾸르잼,닭갈비,예약 없이 이용,대기 시간 바로 입장,데이트,연인・배우자,음식이 맛있어요,특별한 메뉴가 있어요,가성비가 좋아요,건강한 맛이에요,메뉴 구성이 알차요,레트로한 분위기에 매장도 넓고 쾌적해요! 한방닭갈비는 처음 먹어봤는데 좀 짜긴한데 맛있어서 이것 저것 사리 추가해먹기도 좋고 쌈이랑도 너무 잘 어울리더라구요!! 사이드 옛날 냉칼국수도 면빨이 쫄깃하고 국물도 자꾸 손이 가는 맛이에요ㅎㅎ 운좋게 웨이팅도 없이 먹어서 더 좋았습니다☺️☺️
리뷰꾸르잼,"카페,디저트",예약 없이 이용,대기 시간 바로 입장,데이트,연인・배우자,디저트가 맛있어요,특별한 메뉴가 있어요,메뉴 구성이 알차요,,,촉촉 꾸덕한 쿠키는 유주얼 따라 올 곳이 없어요🤎🤍 처음 오픈때부터 꾸준히 찾는 곳인데 오리지널도 신메뉴도 모두 포기 못하게 다 맛있습니다🍪🍪
리뷰꾸르잼,"카페,디저트",예약 없이 이용,대기 시간 바로 입장,나들이,부모님,인테리어가 멋져요,대화하기 좋아요,뷰가 좋아요,매장이 넓어요,메뉴 구성이 알차요,전면 통창에 가덕도 바다뷰가 한눈에 들어오는 곳입니다! 대형카페라서 자리가 넉넉한데 다만 비탈길로 와야하는 곳이라 주차장 만석일시에는 주차가 굉장히 불편합니다🥹🥹 주차만 아니면 좌석 간격도 넓고 단체석 위주라서 가족끼리 방문하기도 좋고 편하게 잘 쉬었다 왔습니다
리뷰꾸르잼,"장어,먹장어요리",예약 없이 이용,대기 시간 바로 입장,가족모임,부모님,음식이 맛있어요,재료가 신선해요,특별한 메뉴가 있어요,가성비가 좋아요,건강한 맛이에요,"가족 온식구가 좋아하는 찐 맛집입니다💛💙금방 붐비기 때문에 오픈 전에 일찍 가시길 추천드려요! 장어도 실하고 셀프바에서 마늘, 생강, 겉절이, 쌈등을 편하게 가져다 먹어서 다 먹을때까지 느끼함없이 진짜 맛있게 먹고오는 곳이에요🥹🥹 요청하면 장어엑기스도 한그릇씩 주시니까 꼭 드시고 오세요"
리뷰꾸르잼,"카페,디저트",예약 없이 이용,대기 시간 바로 입장,나들이,부모님,대화하기 좋아요,집중하기 좋아요,매장이 넓어요,커피가 맛있어요,디저트가 맛있어요,이 동네에 이런 대형카페가 있는지 몰랐는데 엄마 추천으로 다녀왔어요! 디저트나 커피도 맛있고 매장도 널널하고 쾌적해서 대화하기 좋았습니다🤎🤍 홍법사 바로 옆에 있는 카페라 뷰도 나름 이색적입니다☺️☺️
리뷰꾸르잼,"매운탕,해물탕",예약 없이 이용,대기 시간 바로 입장,나들이,부모님,음식이 맛있어요,재료가 신선해요,양이 많아요,특별한 메뉴가 있어요,가성비가 좋아요,아빠가 엄청 좋아하시는 곳입니다❤️❤️ 매운탕 대자에 수제비 사리추가는 무조건이구요!! 배부르고 맛있고 넉넉하게 잘 먹고왔습니다😚😚 무조건 웨이팅하는 곳인데 애매한 시간에 가서 대기없이 바로 먹었습니다!
리뷰꾸르잼,돈가스,예약 없이 이용,대기 시간 바로 입장,친목,지인・동료,음식이 맛있어요,양이 많아요,가성비가 좋아요,매장이 넓어요,혼밥하기 좋아요,오래된 맛집! 여전히 맛있어요😚😚 돈냉면이랑 돈까스 하나씩 주문해서 둘다 맛봐야해요 무조건!!!
리뷰꾸르잼,패밀리레스토랑,예약 없이 이용,대기 시간 바로 입장,데이트,연인・배우자,메뉴 구성이 알차요,인테리어가 멋져요,매장이 넓어요,단체모임 하기 좋아요,,매장은 넓고 직원분들도 친절한 편이지만 개인적인 경험으론 재방문은 없을것 같습니다
리뷰꾸르잼,한식,예약 없이 이용,대기 시간 2시간 이상,데이트,연인・배우자,음식이 맛있어요,재료가 신선해요,특별한 메뉴가 있어요,매장이 넓어요,단체모임 하기 좋아요,오픈시간 전에 갔는데 성시경 먹을텐데 이슈로 더 빨리 오픈했나봐요🥹🥹 웨이팅 4번째 차례였는데 2시간 기다렸습니다.... 동네술집이 이렇게 변해서 너무 속성합니다😭😭 그치만 감자전은 겉은 바삭하고 속은 부드러워서 너무 맛있구요... K-해쉬브라운이라고 생각해요🥔 도토리묵을 좋아해서 주문했는데 양념도 간이 세지않고 막걸리랑도 잘 어울렸어요! 포장보단 확실히 먹고가는게 훨씬 더 맛있긴합니다
리뷰꾸르잼,카페,예약 없이 이용,대기 시간 바로 입장,데이트,연인・배우자,커피가 맛있어요,디저트가 맛있어요,인테리어가 멋져요,사진이 잘 나와요,대화하기 좋아요,원두 종류도 많고 디저트류도 커피랑 잘 어울리는 맛이더라구요🖤🖤 내부 분위기도 힙하고 붐비지않아서 대화하기도 좋고 혼자 오기도 좋은 공간같아요😚😚
리뷰꾸르잼,샤브샤브,예약 없이 이용,대기 시간 바로 입장,데이트,연인・배우자,음식이 맛있어요,재료가 신선해요,특별한 메뉴가 있어요,건강한 맛이에요,,개인적으로 쌈을 좋아하는데 쌈채소가 없는게 아쉬웠어요! 고기나 미나리도 신선하고 직원분들도 친절하셔서 맛있게 먹고왔어요😚 물냉면은 면이 금방 불고 떡져서 먹기 불편했어요🥹
리뷰꾸르잼,"카페,디저트",예약 없이 이용,대기 시간 10분 이내 ,친목,친구,인테리어가 멋져요,사진이 잘 나와요,커피가 맛있어요,디저트가 맛있어요,특별한 메뉴가 있어요,MBTI 빵있는게 넘 귀여운데다 미국 산장느낌도 나고 금방 핫플될 것 같아요🇺🇸🇺🇸 직원분들도 너무 친절하시고 매장도 캐릭터도 넘 귀여워요🤎🤎
리뷰꾸르잼,"족발,보쌈",예약 없이 이용,대기 시간 바로 입장,친목,친구,음식이 맛있어요,고기 질이 좋아요,건강한 맛이에요,재료가 신선해요,반찬이 잘 나와요,서울 3대족발 인정합니다🥹🥹 족발 그렇게 즐기지도 않고 그저 유명한데 지금 웨이팅없으니까 가볼까? 해서 갔다가 한 입 먹고 진짜 너무 맛있어서 놀랐어요🤎🤎 포장도 엄청 해가시던데 껍질이 진짜 촉촉하고 부드럽고 질기거나 냄새도 안나요.... 대박ㅠㅠ 쌈싸먹으면 또 그렇게 잘 어울리고 맛있더라구요🥹🤎🥹🤎
리뷰꾸르잼,"카페,디저트",예약 없이 이용,대기 시간 바로 입장,친목,친구,디저트가 맛있어요,특별한 메뉴가 있어요,비싼 만큼 가치있어요,메뉴 구성이 알차요,,디저트 후기가 너무 좋길래 들렸다가 두바이 초콜릿 푸딩 사왔는데 이거 진짜 많이 안달고 고급진 맛이에요💚🤎 비싸긴한데 먹어보니까 납득이 가고 생각보다 양도 많더라구요!! 은은하게 자꾸 생각나는 맛입니다🥹🥹
리뷰꾸르잼,브런치카페,예약 없이 이용,대기 시간 바로 입장,친목,친구,사진이 잘 나와요,대화하기 좋아요,집중하기 좋아요,매장이 넓어요,디저트가 맛있어요,근처 카페찾다가 두바이 초콜릿 뺑스위스가 너무 맛있어 보여서 왔는데 생각보다 매장도 넓고 분위기가 좋았어요!! 뺑스위스는 카다이프랑 피스타치오 식감도 좋고 너무 맛있었어요🤎🤎 커피도 무난했고 브런치 먹으며 수다떨기에도 괜찮은 공간같아요
리뷰꾸르잼,바(BAR),예약 없이 이용,대기 시간 바로 입장,데이트,친구,단체모임 하기 좋아요,음식이 맛있어요,특별한 메뉴가 있어요,술이 다양해요,,외국인 손님이 굉장히 많더라구요! 그래서 진짜 어디 해외나온 기분이었습니다😚😚 나쵸에 고수가 들었고 소스도 너무 맛있더라구요💛💛 칵테일 메뉴도 다양해서 다음엔 타코랑도 먹어보고싶어요
